solid OpenSCAD_Model
  facet normal -1 0 0
    outer loop
      vertex 0 24.7 5.8
      vertex 0 34.8 0
      vertex 0 24.7 2.5
    endloop
  endfacet
  facet normal -1 0 0
    outer loop
      vertex 0 34.8 0
      vertex 0 10.4 2.5
      vertex 0 24.7 2.5
    endloop
  endfacet
  facet normal -1 -0 0
    outer loop
      vertex 0 10.4 2.5
      vertex 0 0 0
      vertex 0 10.4 5.8
    endloop
  endfacet
  facet normal -1 0 0
    outer loop
      vertex 0 0 0
      vertex 0 10.4 2.5
      vertex 0 34.8 0
    endloop
  endfacet
  facet normal -1 0 0
    outer loop
      vertex 0 34.8 0
      vertex 0 24.7 5.8
      vertex 0 34.8 16
    endloop
  endfacet
  facet normal -1 0 0
    outer loop
      vertex 0 10.4 5.8
      vertex 0 34.8 16
      vertex 0 24.7 5.8
    endloop
  endfacet
  facet normal -1 0 0
    outer loop
      vertex 0 10.4 5.8
      vertex 0 0 16
      vertex 0 34.8 16
    endloop
  endfacet
  facet normal -1 0 0
    outer loop
      vertex 0 0 16
      vertex 0 10.4 5.8
      vertex 0 0 0
    endloop
  endfacet
  facet normal 0 0 1
    outer loop
      vertex 79.8 34.8 16
      vertex 67.8 32.8 16
      vertex 79.8 0 16
    endloop
  endfacet
  facet normal -0 0 1
    outer loop
      vertex 0 34.8 16
      vertex 67.8 32.8 16
      vertex 79.8 34.8 16
    endloop
  endfacet
  facet normal 0 0 1
    outer loop
      vertex 2 32.8 16
      vertex 0 34.8 16
      vertex 2 2 16
    endloop
  endfacet
  facet normal 0 0 1
    outer loop
      vertex 67.8 32.8 16
      vertex 0 34.8 16
      vertex 2 32.8 16
    endloop
  endfacet
  facet normal -0 0 1
    outer loop
      vertex 67.8 2 16
      vertex 79.8 0 16
      vertex 67.8 32.8 16
    endloop
  endfacet
  facet normal 0 0 1
    outer loop
      vertex 0 0 16
      vertex 67.8 2 16
      vertex 2 2 16
    endloop
  endfacet
  facet normal 0 0 1
    outer loop
      vertex 67.8 2 16
      vertex 0 0 16
      vertex 79.8 0 16
    endloop
  endfacet
  facet normal 0 0 1
    outer loop
      vertex 0 0 16
      vertex 2 2 16
      vertex 0 34.8 16
    endloop
  endfacet
  facet normal 1 -0 0
    outer loop
      vertex 79.8 0 16
      vertex 79.8 34.8 0
      vertex 79.8 34.8 16
    endloop
  endfacet
  facet normal 1 0 0
    outer loop
      vertex 79.8 34.8 0
      vertex 79.8 0 16
      vertex 79.8 0 0
    endloop
  endfacet
  facet normal 0 1 0
    outer loop
      vertex 55.9 34.8 8.3
      vertex 79.8 34.8 16
      vertex 66.2 34.8 8.3
    endloop
  endfacet
  facet normal 0 1 -0
    outer loop
      vertex 79.8 34.8 0
      vertex 66.2 34.8 8.3
      vertex 79.8 34.8 16
    endloop
  endfacet
  facet normal 0 1 0
    outer loop
      vertex 66.2 34.8 3
      vertex 79.8 34.8 0
      vertex 55.9 34.8 3
    endloop
  endfacet
  facet normal 0 1 0
    outer loop
      vertex 66.2 34.8 8.3
      vertex 79.8 34.8 0
      vertex 66.2 34.8 3
    endloop
  endfacet
  facet normal 0 1 0
    outer loop
      vertex 79.8 34.8 16
      vertex 55.9 34.8 8.3
      vertex 0 34.8 16
    endloop
  endfacet
  facet normal 0 1 0
    outer loop
      vertex 0 34.8 0
      vertex 55.9 34.8 8.3
      vertex 55.9 34.8 3
    endloop
  endfacet
  facet normal 0 1 0
    outer loop
      vertex 55.9 34.8 8.3
      vertex 0 34.8 0
      vertex 0 34.8 16
    endloop
  endfacet
  facet normal 0 1 0
    outer loop
      vertex 0 34.8 0
      vertex 55.9 34.8 3
      vertex 79.8 34.8 0
    endloop
  endfacet
  facet normal 0 0 -1
    outer loop
      vertex 7.28582 6.47402 0
      vertex 62.5142 6.47402 0
      vertex 7.34889 6.28823 0
    endloop
  endfacet
  facet normal 0 0 -1
    outer loop
      vertex 62.5142 28.326 0
      vertex 7.38717 28.7042 0
      vertex 7.4 28.9 0
    endloop
  endfacet
  facet normal 0 0 -1
    outer loop
      vertex 62.5142 6.47402 0
      vertex 7.28582 6.47402 0
      vertex 62.5142 28.326 0
    endloop
  endfacet
  facet normal 0 0 -1
    outer loop
      vertex 62.5142 28.326 0
      vertex 7.34889 28.5118 0
      vertex 7.38717 28.7042 0
    endloop
  endfacet
  facet normal 0 0 -1
    outer loop
      vertex 7.28582 28.326 0
      vertex 62.5142 28.326 0
      vertex 7.28582 6.47402 0
    endloop
  endfacet
  facet normal 0 0 -1
    outer loop
      vertex 62.5142 28.326 0
      vertex 7.28582 28.326 0
      vertex 7.34889 28.5118 0
    endloop
  endfacet
  facet normal 0 0 -1
    outer loop
      vertex 7.19904 6.65 0
      vertex 7.28582 28.326 0
      vertex 7.28582 6.47402 0
    endloop
  endfacet
  facet normal 0 0 -1
    outer loop
      vertex 7.19904 6.65 0
      vertex 7.19904 28.15 0
      vertex 7.28582 28.326 0
    endloop
  endfacet
  facet normal 0 0 -1
    outer loop
      vertex 7.09003 6.81314 0
      vertex 7.19904 28.15 0
      vertex 7.19904 6.65 0
    endloop
  endfacet
  facet normal 0 0 -1
    outer loop
      vertex 7.09003 6.81314 0
      vertex 7.09003 27.9869 0
      vertex 7.19904 28.15 0
    endloop
  endfacet
  facet normal 0 0 -1
    outer loop
      vertex 6.96066 6.96066 0
      vertex 7.09003 27.9869 0
      vertex 7.09003 6.81314 0
    endloop
  endfacet
  facet normal 0 0 -1
    outer loop
      vertex 6.96066 6.96066 0
      vertex 6.96066 27.8393 0
      vertex 7.09003 27.9869 0
    endloop
  endfacet
  facet normal 0 0 -1
    outer loop
      vertex 6.81314 7.09003 0
      vertex 6.96066 27.8393 0
      vertex 6.96066 6.96066 0
    endloop
  endfacet
  facet normal 0 0 -1
    outer loop
      vertex 6.81314 7.09003 0
      vertex 6.81314 27.71 0
      vertex 6.96066 27.8393 0
    endloop
  endfacet
  facet normal 0 0 -1
    outer loop
      vertex 6.65 7.19904 0
      vertex 6.81314 27.71 0
      vertex 6.81314 7.09003 0
    endloop
  endfacet
  facet normal 0 0 -1
    outer loop
      vertex 6.65 7.19904 0
      vertex 6.65 27.601 0
      vertex 6.81314 27.71 0
    endloop
  endfacet
  facet normal 0 0 -1
    outer loop
      vertex 6.47402 7.28582 0
      vertex 6.65 27.601 0
      vertex 6.65 7.19904 0
    endloop
  endfacet
  facet normal 0 0 -1
    outer loop
      vertex 6.47402 7.28582 0
      vertex 6.47402 27.5142 0
      vertex 6.65 27.601 0
    endloop
  endfacet
  facet normal 0 0 -1
    outer loop
      vertex 6.28823 7.34889 0
      vertex 6.47402 27.5142 0
      vertex 6.47402 7.28582 0
    endloop
  endfacet
  facet normal 0 0 -1
    outer loop
      vertex 6.28823 7.34889 0
      vertex 6.28823 27.4511 0
      vertex 6.47402 27.5142 0
    endloop
  endfacet
  facet normal 0 0 -1
    outer loop
      vertex 6.09579 7.38717 0
      vertex 6.28823 27.4511 0
      vertex 6.28823 7.34889 0
    endloop
  endfacet
  facet normal 0 0 -1
    outer loop
      vertex 6.09579 7.38717 0
      vertex 6.09579 27.4128 0
      vertex 6.28823 27.4511 0
    endloop
  endfacet
  facet normal 0 0 -1
    outer loop
      vertex 5.9 7.4 0
      vertex 6.09579 27.4128 0
      vertex 6.09579 7.38717 0
    endloop
  endfacet
  facet normal 0 0 -1
    outer loop
      vertex 5.9 7.4 0
      vertex 5.9 27.4 0
      vertex 6.09579 27.4128 0
    endloop
  endfacet
  facet normal 0 0 -1
    outer loop
      vertex 5.70421 7.38717 0
      vertex 5.9 27.4 0
      vertex 5.9 7.4 0
    endloop
  endfacet
  facet normal 0 0 -1
    outer loop
      vertex 5.70421 7.38717 0
      vertex 5.70421 27.4128 0
      vertex 5.9 27.4 0
    endloop
  endfacet
  facet normal 0 0 -1
    outer loop
      vertex 5.51177 7.34889 0
      vertex 5.70421 27.4128 0
      vertex 5.70421 7.38717 0
    endloop
  endfacet
  facet normal 0 0 -1
    outer loop
      vertex 5.51177 7.34889 0
      vertex 5.51177 27.4511 0
      vertex 5.70421 27.4128 0
    endloop
  endfacet
  facet normal 0 0 -1
    outer loop
      vertex 5.32597 7.28582 0
      vertex 5.51177 27.4511 0
      vertex 5.51177 7.34889 0
    endloop
  endfacet
  facet normal 0 0 -1
    outer loop
      vertex 5.32597 7.28582 0
      vertex 5.32597 27.5142 0
      vertex 5.51177 27.4511 0
    endloop
  endfacet
  facet normal 0 0 -1
    outer loop
      vertex 5.15 7.19904 0
      vertex 5.32597 27.5142 0
      vertex 5.32597 7.28582 0
    endloop
  endfacet
  facet normal 0 0 -1
    outer loop
      vertex 5.15 7.19904 0
      vertex 5.15 27.601 0
      vertex 5.32597 27.5142 0
    endloop
  endfacet
  facet normal 0 0 -1
    outer loop
      vertex 4.98686 7.09003 0
      vertex 5.15 27.601 0
      vertex 5.15 7.19904 0
    endloop
  endfacet
  facet normal 0 0 -1
    outer loop
      vertex 4.98686 7.09003 0
      vertex 4.98686 27.71 0
      vertex 5.15 27.601 0
    endloop
  endfacet
  facet normal 0 0 -1
    outer loop
      vertex 4.83934 6.96066 0
      vertex 4.98686 27.71 0
      vertex 4.98686 7.09003 0
    endloop
  endfacet
  facet normal 0 0 -1
    outer loop
      vertex 4.83934 6.96066 0
      vertex 4.83934 27.8393 0
      vertex 4.98686 27.71 0
    endloop
  endfacet
  facet normal 0 0 -1
    outer loop
      vertex 4.70997 6.81314 0
      vertex 4.83934 27.8393 0
      vertex 4.83934 6.96066 0
    endloop
  endfacet
  facet normal 0 0 -1
    outer loop
      vertex 4.70997 6.81314 0
      vertex 4.70997 27.9869 0
      vertex 4.83934 27.8393 0
    endloop
  endfacet
  facet normal 0 0 -1
    outer loop
      vertex 4.60096 6.65 0
      vertex 4.70997 27.9869 0
      vertex 4.70997 6.81314 0
    endloop
  endfacet
  facet normal 0 0 -1
    outer loop
      vertex 4.60096 6.65 0
      vertex 4.60096 28.15 0
      vertex 4.70997 27.9869 0
    endloop
  endfacet
  facet normal 0 0 -1
    outer loop
      vertex 4.51418 6.47402 0
      vertex 4.60096 28.15 0
      vertex 4.60096 6.65 0
    endloop
  endfacet
  facet normal 0 0 -1
    outer loop
      vertex 4.51418 6.47402 0
      vertex 4.51418 28.326 0
      vertex 4.60096 28.15 0
    endloop
  endfacet
  facet normal 0 0 -1
    outer loop
      vertex 0 0 0
      vertex 4.51418 6.47402 0
      vertex 4.45111 6.28823 0
    endloop
  endfacet
  facet normal -0 0 -1
    outer loop
      vertex 4.51418 6.47402 0
      vertex 0 0 0
      vertex 4.51418 28.326 0
    endloop
  endfacet
  facet normal 0 0 -1
    outer loop
      vertex 0 0 0
      vertex 4.45111 6.28823 0
      vertex 4.41283 6.09579 0
    endloop
  endfacet
  facet normal 0 0 -1
    outer loop
      vertex 0 34.8 0
      vertex 4.51418 28.326 0
      vertex 0 0 0
    endloop
  endfacet
  facet normal 0 0 -1
    outer loop
      vertex 0 0 0
      vertex 4.41283 6.09579 0
      vertex 4.4 5.9 0
    endloop
  endfacet
  facet normal 0 0 -1
    outer loop
      vertex 4.51418 28.326 0
      vertex 0 34.8 0
      vertex 4.45111 28.5118 0
    endloop
  endfacet
  facet normal 0 0 -1
    outer loop
      vertex 65.2858 6.47402 0
      vertex 79.8 0 0
      vertex 65.3489 6.28823 0
    endloop
  endfacet
  facet normal 0 0 -1
    outer loop
      vertex 79.8 34.8 0
      vertex 65.3872 28.7042 0
      vertex 65.4 28.9 0
    endloop
  endfacet
  facet normal 0 0 -1
    outer loop
      vertex 65.199 6.65 0
      vertex 79.8 0 0
      vertex 65.2858 6.47402 0
    endloop
  endfacet
  facet normal 0 0 -1
    outer loop
      vertex 79.8 34.8 0
      vertex 65.3489 28.5118 0
      vertex 65.3872 28.7042 0
    endloop
  endfacet
  facet normal 0 0 -1
    outer loop
      vertex 65.09 6.81314 0
      vertex 79.8 0 0
      vertex 65.199 6.65 0
    endloop
  endfacet
  facet normal 0 0 -1
    outer loop
      vertex 79.8 34.8 0
      vertex 65.2858 28.326 0
      vertex 65.3489 28.5118 0
    endloop
  endfacet
  facet normal 0 0 -1
    outer loop
      vertex 79.8 0 0
      vertex 65.09 6.81314 0
      vertex 79.8 34.8 0
    endloop
  endfacet
  facet normal 0 0 -1
    outer loop
      vertex 79.8 34.8 0
      vertex 65.199 28.15 0
      vertex 65.2858 28.326 0
    endloop
  endfacet
  facet normal 0 0 -1
    outer loop
      vertex 65.09 27.9869 0
      vertex 79.8 34.8 0
      vertex 65.09 6.81314 0
    endloop
  endfacet
  facet normal 0 0 -1
    outer loop
      vertex 79.8 34.8 0
      vertex 65.09 27.9869 0
      vertex 65.199 28.15 0
    endloop
  endfacet
  facet normal 0 0 -1
    outer loop
      vertex 64.9607 6.96066 0
      vertex 65.09 27.9869 0
      vertex 65.09 6.81314 0
    endloop
  endfacet
  facet normal 0 0 -1
    outer loop
      vertex 64.9607 6.96066 0
      vertex 64.9607 27.8393 0
      vertex 65.09 27.9869 0
    endloop
  endfacet
  facet normal 0 0 -1
    outer loop
      vertex 64.8131 7.09003 0
      vertex 64.9607 27.8393 0
      vertex 64.9607 6.96066 0
    endloop
  endfacet
  facet normal 0 0 -1
    outer loop
      vertex 64.8131 7.09003 0
      vertex 64.8131 27.71 0
      vertex 64.9607 27.8393 0
    endloop
  endfacet
  facet normal 0 0 -1
    outer loop
      vertex 64.65 7.19904 0
      vertex 64.8131 27.71 0
      vertex 64.8131 7.09003 0
    endloop
  endfacet
  facet normal 0 0 -1
    outer loop
      vertex 64.65 7.19904 0
      vertex 64.65 27.601 0
      vertex 64.8131 27.71 0
    endloop
  endfacet
  facet normal 0 0 -1
    outer loop
      vertex 64.474 7.28582 0
      vertex 64.65 27.601 0
      vertex 64.65 7.19904 0
    endloop
  endfacet
  facet normal 0 0 -1
    outer loop
      vertex 64.474 7.28582 0
      vertex 64.474 27.5142 0
      vertex 64.65 27.601 0
    endloop
  endfacet
  facet normal 0 0 -1
    outer loop
      vertex 64.2882 7.34889 0
      vertex 64.474 27.5142 0
      vertex 64.474 7.28582 0
    endloop
  endfacet
  facet normal 0 0 -1
    outer loop
      vertex 64.2882 7.34889 0
      vertex 64.2882 27.4511 0
      vertex 64.474 27.5142 0
    endloop
  endfacet
  facet normal 0 0 -1
    outer loop
      vertex 64.0958 7.38717 0
      vertex 64.2882 27.4511 0
      vertex 64.2882 7.34889 0
    endloop
  endfacet
  facet normal 0 0 -1
    outer loop
      vertex 64.0958 7.38717 0
      vertex 64.0958 27.4128 0
      vertex 64.2882 27.4511 0
    endloop
  endfacet
  facet normal 0 0 -1
    outer loop
      vertex 63.9 7.4 0
      vertex 64.0958 27.4128 0
      vertex 64.0958 7.38717 0
    endloop
  endfacet
  facet normal 0 0 -1
    outer loop
      vertex 63.9 7.4 0
      vertex 63.9 27.4 0
      vertex 64.0958 27.4128 0
    endloop
  endfacet
  facet normal 0 0 -1
    outer loop
      vertex 63.7042 7.38717 0
      vertex 63.9 27.4 0
      vertex 63.9 7.4 0
    endloop
  endfacet
  facet normal 0 0 -1
    outer loop
      vertex 63.7042 7.38717 0
      vertex 63.7042 27.4128 0
      vertex 63.9 27.4 0
    endloop
  endfacet
  facet normal 0 0 -1
    outer loop
      vertex 63.5118 7.34889 0
      vertex 63.7042 27.4128 0
      vertex 63.7042 7.38717 0
    endloop
  endfacet
  facet normal 0 0 -1
    outer loop
      vertex 63.5118 7.34889 0
      vertex 63.5118 27.4511 0
      vertex 63.7042 27.4128 0
    endloop
  endfacet
  facet normal 0 0 -1
    outer loop
      vertex 63.326 7.28582 0
      vertex 63.5118 27.4511 0
      vertex 63.5118 7.34889 0
    endloop
  endfacet
  facet normal 0 0 -1
    outer loop
      vertex 63.326 7.28582 0
      vertex 63.326 27.5142 0
      vertex 63.5118 27.4511 0
    endloop
  endfacet
  facet normal 0 0 -1
    outer loop
      vertex 63.15 7.19904 0
      vertex 63.326 27.5142 0
      vertex 63.326 7.28582 0
    endloop
  endfacet
  facet normal 0 0 -1
    outer loop
      vertex 63.15 7.19904 0
      vertex 63.15 27.601 0
      vertex 63.326 27.5142 0
    endloop
  endfacet
  facet normal 0 0 -1
    outer loop
      vertex 62.9869 7.09003 0
      vertex 63.15 27.601 0
      vertex 63.15 7.19904 0
    endloop
  endfacet
  facet normal 0 0 -1
    outer loop
      vertex 62.9869 7.09003 0
      vertex 62.9869 27.71 0
      vertex 63.15 27.601 0
    endloop
  endfacet
  facet normal 0 0 -1
    outer loop
      vertex 62.8393 6.96066 0
      vertex 62.9869 27.71 0
      vertex 62.9869 7.09003 0
    endloop
  endfacet
  facet normal 0 0 -1
    outer loop
      vertex 62.8393 6.96066 0
      vertex 62.8393 27.8393 0
      vertex 62.9869 27.71 0
    endloop
  endfacet
  facet normal 0 0 -1
    outer loop
      vertex 62.71 6.81314 0
      vertex 62.8393 27.8393 0
      vertex 62.8393 6.96066 0
    endloop
  endfacet
  facet normal 0 0 -1
    outer loop
      vertex 62.71 6.81314 0
      vertex 62.71 27.9869 0
      vertex 62.8393 27.8393 0
    endloop
  endfacet
  facet normal 0 0 -1
    outer loop
      vertex 62.601 6.65 0
      vertex 62.71 27.9869 0
      vertex 62.71 6.81314 0
    endloop
  endfacet
  facet normal 0 0 -1
    outer loop
      vertex 62.601 6.65 0
      vertex 62.601 28.15 0
      vertex 62.71 27.9869 0
    endloop
  endfacet
  facet normal 0 0 -1
    outer loop
      vertex 62.5142 6.47402 0
      vertex 62.601 28.15 0
      vertex 62.601 6.65 0
    endloop
  endfacet
  facet normal 0 0 -1
    outer loop
      vertex 62.5142 6.47402 0
      vertex 62.5142 28.326 0
      vertex 62.601 28.15 0
    endloop
  endfacet
  facet normal 0 0 -1
    outer loop
      vertex 62.4128 6.09579 0
      vertex 7.38717 6.09579 0
      vertex 62.4511 6.28823 0
    endloop
  endfacet
  facet normal 0 0 -1
    outer loop
      vertex 7.34889 6.28823 0
      vertex 62.4511 6.28823 0
      vertex 7.38717 6.09579 0
    endloop
  endfacet
  facet normal 0 0 -1
    outer loop
      vertex 7.38717 6.09579 0
      vertex 62.4128 6.09579 0
      vertex 7.4 5.9 0
    endloop
  endfacet
  facet normal 0 0 -1
    outer loop
      vertex 62.4511 6.28823 0
      vertex 7.34889 6.28823 0
      vertex 62.5142 6.47402 0
    endloop
  endfacet
  facet normal 0 0 -1
    outer loop
      vertex 7.4 5.9 0
      vertex 62.4128 6.09579 0
      vertex 62.4 5.9 0
    endloop
  endfacet
  facet normal 0 0 -1
    outer loop
      vertex 62.5142 28.326 0
      vertex 7.4 28.9 0
      vertex 62.4511 28.5118 0
    endloop
  endfacet
  facet normal 0 0 -1
    outer loop
      vertex 65.3872 6.09579 0
      vertex 79.8 0 0
      vertex 65.4 5.9 0
    endloop
  endfacet
  facet normal 0 0 -1
    outer loop
      vertex 79.8 0 0
      vertex 65.3872 5.70421 0
      vertex 65.4 5.9 0
    endloop
  endfacet
  facet normal 0 0 -1
    outer loop
      vertex 79.8 0 0
      vertex 65.3489 5.51177 0
      vertex 65.3872 5.70421 0
    endloop
  endfacet
  facet normal 0 0 -1
    outer loop
      vertex 79.8 0 0
      vertex 65.2858 5.32597 0
      vertex 65.3489 5.51177 0
    endloop
  endfacet
  facet normal 0 0 -1
    outer loop
      vertex 79.8 0 0
      vertex 65.199 5.15 0
      vertex 65.2858 5.32597 0
    endloop
  endfacet
  facet normal 0 0 -1
    outer loop
      vertex 79.8 0 0
      vertex 65.09 4.98686 0
      vertex 65.199 5.15 0
    endloop
  endfacet
  facet normal 0 0 -1
    outer loop
      vertex 79.8 0 0
      vertex 64.9607 4.83934 0
      vertex 65.09 4.98686 0
    endloop
  endfacet
  facet normal 0 0 -1
    outer loop
      vertex 79.8 0 0
      vertex 64.8131 4.70997 0
      vertex 64.9607 4.83934 0
    endloop
  endfacet
  facet normal 0 0 -1
    outer loop
      vertex 79.8 0 0
      vertex 64.65 4.60096 0
      vertex 64.8131 4.70997 0
    endloop
  endfacet
  facet normal 0 0 -1
    outer loop
      vertex 79.8 0 0
      vertex 64.474 4.51418 0
      vertex 64.65 4.60096 0
    endloop
  endfacet
  facet normal 0 0 -1
    outer loop
      vertex 79.8 0 0
      vertex 64.2882 4.45111 0
      vertex 64.474 4.51418 0
    endloop
  endfacet
  facet normal 0 0 -1
    outer loop
      vertex 79.8 0 0
      vertex 64.0958 4.41283 0
      vertex 64.2882 4.45111 0
    endloop
  endfacet
  facet normal 0 0 -1
    outer loop
      vertex 79.8 0 0
      vertex 63.9 4.4 0
      vertex 64.0958 4.41283 0
    endloop
  endfacet
  facet normal 0 0 -1
    outer loop
      vertex 79.8 0 0
      vertex 63.7042 4.41283 0
      vertex 63.9 4.4 0
    endloop
  endfacet
  facet normal 0 0 -1
    outer loop
      vertex 79.8 0 0
      vertex 63.5118 4.45111 0
      vertex 63.7042 4.41283 0
    endloop
  endfacet
  facet normal 0 0 -1
    outer loop
      vertex 62.4511 28.5118 0
      vertex 7.4 28.9 0
      vertex 62.4128 28.7042 0
    endloop
  endfacet
  facet normal 0 0 -1
    outer loop
      vertex 62.4128 5.70421 0
      vertex 7.4 5.9 0
      vertex 62.4 5.9 0
    endloop
  endfacet
  facet normal 0 0 -1
    outer loop
      vertex 7.38717 5.70421 0
      vertex 62.4128 5.70421 0
      vertex 62.4511 5.51177 0
    endloop
  endfacet
  facet normal 0 0 -1
    outer loop
      vertex 7.34889 5.51177 0
      vertex 62.4511 5.51177 0
      vertex 62.5142 5.32597 0
    endloop
  endfacet
  facet normal 0 0 -1
    outer loop
      vertex 7.28582 5.32597 0
      vertex 62.5142 5.32597 0
      vertex 62.601 5.15 0
    endloop
  endfacet
  facet normal 0 0 -1
    outer loop
      vertex 7.19904 5.15 0
      vertex 62.601 5.15 0
      vertex 62.71 4.98686 0
    endloop
  endfacet
  facet normal 0 0 -1
    outer loop
      vertex 7.09003 4.98686 0
      vertex 62.71 4.98686 0
      vertex 62.8393 4.83934 0
    endloop
  endfacet
  facet normal 0 0 -1
    outer loop
      vertex 6.96066 4.83934 0
      vertex 62.8393 4.83934 0
      vertex 62.9869 4.70997 0
    endloop
  endfacet
  facet normal 0 0 -1
    outer loop
      vertex 6.81314 4.70997 0
      vertex 62.9869 4.70997 0
      vertex 63.15 4.60096 0
    endloop
  endfacet
  facet normal 0 0 -1
    outer loop
      vertex 0 0 0
      vertex 63.15 4.60096 0
      vertex 63.326 4.51418 0
    endloop
  endfacet
  facet normal 0 0 -1
    outer loop
      vertex 0 0 0
      vertex 63.326 4.51418 0
      vertex 63.5118 4.45111 0
    endloop
  endfacet
  facet normal 0 0 -1
    outer loop
      vertex 0 0 0
      vertex 63.5118 4.45111 0
      vertex 79.8 0 0
    endloop
  endfacet
  facet normal 0 0 -1
    outer loop
      vertex 62.4128 5.70421 0
      vertex 7.38717 5.70421 0
      vertex 7.4 5.9 0
    endloop
  endfacet
  facet normal 0 0 -1
    outer loop
      vertex 62.4511 5.51177 0
      vertex 7.34889 5.51177 0
      vertex 7.38717 5.70421 0
    endloop
  endfacet
  facet normal 0 0 -1
    outer loop
      vertex 62.5142 5.32597 0
      vertex 7.28582 5.32597 0
      vertex 7.34889 5.51177 0
    endloop
  endfacet
  facet normal 0 0 -1
    outer loop
      vertex 62.601 5.15 0
      vertex 7.19904 5.15 0
      vertex 7.28582 5.32597 0
    endloop
  endfacet
  facet normal 0 0 -1
    outer loop
      vertex 62.71 4.98686 0
      vertex 7.09003 4.98686 0
      vertex 7.19904 5.15 0
    endloop
  endfacet
  facet normal 0 0 -1
    outer loop
      vertex 62.8393 4.83934 0
      vertex 6.96066 4.83934 0
      vertex 7.09003 4.98686 0
    endloop
  endfacet
  facet normal 0 0 -1
    outer loop
      vertex 62.9869 4.70997 0
      vertex 6.81314 4.70997 0
      vertex 6.96066 4.83934 0
    endloop
  endfacet
  facet normal 0 0 -1
    outer loop
      vertex 63.15 4.60096 0
      vertex 6.65 4.60096 0
      vertex 6.81314 4.70997 0
    endloop
  endfacet
  facet normal -0 0 -1
    outer loop
      vertex 63.15 4.60096 0
      vertex 0 0 0
      vertex 6.65 4.60096 0
    endloop
  endfacet
  facet normal 0 0 -1
    outer loop
      vertex 6.65 4.60096 0
      vertex 0 0 0
      vertex 6.47402 4.51418 0
    endloop
  endfacet
  facet normal 0 0 -1
    outer loop
      vertex 6.47402 4.51418 0
      vertex 0 0 0
      vertex 6.28823 4.45111 0
    endloop
  endfacet
  facet normal 0 0 -1
    outer loop
      vertex 6.28823 4.45111 0
      vertex 0 0 0
      vertex 6.09579 4.41283 0
    endloop
  endfacet
  facet normal 0 0 -1
    outer loop
      vertex 4.45111 28.5118 0
      vertex 0 34.8 0
      vertex 4.41283 28.7042 0
    endloop
  endfacet
  facet normal -0 0 -1
    outer loop
      vertex 4.41283 5.70421 0
      vertex 0 0 0
      vertex 4.4 5.9 0
    endloop
  endfacet
  facet normal -0 0 -1
    outer loop
      vertex 4.45111 5.51177 0
      vertex 0 0 0
      vertex 4.41283 5.70421 0
    endloop
  endfacet
  facet normal -0 0 -1
    outer loop
      vertex 4.51418 5.32597 0
      vertex 0 0 0
      vertex 4.45111 5.51177 0
    endloop
  endfacet
  facet normal -0 0 -1
    outer loop
      vertex 4.60096 5.15 0
      vertex 0 0 0
      vertex 4.51418 5.32597 0
    endloop
  endfacet
  facet normal -0 0 -1
    outer loop
      vertex 4.70997 4.98686 0
      vertex 0 0 0
      vertex 4.60096 5.15 0
    endloop
  endfacet
  facet normal -0 0 -1
    outer loop
      vertex 4.83934 4.83934 0
      vertex 0 0 0
      vertex 4.70997 4.98686 0
    endloop
  endfacet
  facet normal -0 0 -1
    outer loop
      vertex 4.98686 4.70997 0
      vertex 0 0 0
      vertex 4.83934 4.83934 0
    endloop
  endfacet
  facet normal -0 0 -1
    outer loop
      vertex 5.15 4.60096 0
      vertex 0 0 0
      vertex 4.98686 4.70997 0
    endloop
  endfacet
  facet normal -0 0 -1
    outer loop
      vertex 5.32597 4.51418 0
      vertex 0 0 0
      vertex 5.15 4.60096 0
    endloop
  endfacet
  facet normal -0 0 -1
    outer loop
      vertex 5.51177 4.45111 0
      vertex 0 0 0
      vertex 5.32597 4.51418 0
    endloop
  endfacet
  facet normal -0 0 -1
    outer loop
      vertex 5.70421 4.41283 0
      vertex 0 0 0
      vertex 5.51177 4.45111 0
    endloop
  endfacet
  facet normal -0 0 -1
    outer loop
      vertex 5.9 4.4 0
      vertex 0 0 0
      vertex 5.70421 4.41283 0
    endloop
  endfacet
  facet normal 0 0 -1
    outer loop
      vertex 6.09579 4.41283 0
      vertex 0 0 0
      vertex 5.9 4.4 0
    endloop
  endfacet
  facet normal 0 0 -1
    outer loop
      vertex 65.3489 6.28823 0
      vertex 79.8 0 0
      vertex 65.3872 6.09579 0
    endloop
  endfacet
  facet normal 0 0 -1
    outer loop
      vertex 65.3872 29.0958 0
      vertex 79.8 34.8 0
      vertex 65.4 28.9 0
    endloop
  endfacet
  facet normal 0 0 -1
    outer loop
      vertex 65.3489 29.2882 0
      vertex 79.8 34.8 0
      vertex 65.3872 29.0958 0
    endloop
  endfacet
  facet normal 0 0 -1
    outer loop
      vertex 65.2858 29.474 0
      vertex 79.8 34.8 0
      vertex 65.3489 29.2882 0
    endloop
  endfacet
  facet normal 0 0 -1
    outer loop
      vertex 65.199 29.65 0
      vertex 79.8 34.8 0
      vertex 65.2858 29.474 0
    endloop
  endfacet
  facet normal 0 0 -1
    outer loop
      vertex 65.09 29.8131 0
      vertex 79.8 34.8 0
      vertex 65.199 29.65 0
    endloop
  endfacet
  facet normal 0 0 -1
    outer loop
      vertex 64.9607 29.9607 0
      vertex 79.8 34.8 0
      vertex 65.09 29.8131 0
    endloop
  endfacet
  facet normal 0 0 -1
    outer loop
      vertex 64.8131 30.09 0
      vertex 79.8 34.8 0
      vertex 64.9607 29.9607 0
    endloop
  endfacet
  facet normal 0 0 -1
    outer loop
      vertex 64.65 30.199 0
      vertex 79.8 34.8 0
      vertex 64.8131 30.09 0
    endloop
  endfacet
  facet normal 0 0 -1
    outer loop
      vertex 64.474 30.2858 0
      vertex 79.8 34.8 0
      vertex 64.65 30.199 0
    endloop
  endfacet
  facet normal 0 0 -1
    outer loop
      vertex 64.2882 30.3489 0
      vertex 79.8 34.8 0
      vertex 64.474 30.2858 0
    endloop
  endfacet
  facet normal 0 0 -1
    outer loop
      vertex 64.0958 30.3872 0
      vertex 79.8 34.8 0
      vertex 64.2882 30.3489 0
    endloop
  endfacet
  facet normal 0 0 -1
    outer loop
      vertex 63.9 30.4 0
      vertex 79.8 34.8 0
      vertex 64.0958 30.3872 0
    endloop
  endfacet
  facet normal 0 0 -1
    outer loop
      vertex 63.7042 30.3872 0
      vertex 79.8 34.8 0
      vertex 63.9 30.4 0
    endloop
  endfacet
  facet normal 0 0 -1
    outer loop
      vertex 63.5118 30.3489 0
      vertex 79.8 34.8 0
      vertex 63.7042 30.3872 0
    endloop
  endfacet
  facet normal 0 0 -1
    outer loop
      vertex 62.4128 28.7042 0
      vertex 7.4 28.9 0
      vertex 62.4 28.9 0
    endloop
  endfacet
  facet normal 0 0 -1
    outer loop
      vertex 62.4 28.9 0
      vertex 7.4 28.9 0
      vertex 62.4128 29.0958 0
    endloop
  endfacet
  facet normal 0 0 -1
    outer loop
      vertex 7.38717 29.0958 0
      vertex 62.4128 29.0958 0
      vertex 7.4 28.9 0
    endloop
  endfacet
  facet normal 0 0 -1
    outer loop
      vertex 62.4128 29.0958 0
      vertex 7.38717 29.0958 0
      vertex 62.4511 29.2882 0
    endloop
  endfacet
  facet normal 0 0 -1
    outer loop
      vertex 7.34889 29.2882 0
      vertex 62.4511 29.2882 0
      vertex 7.38717 29.0958 0
    endloop
  endfacet
  facet normal 0 0 -1
    outer loop
      vertex 62.4511 29.2882 0
      vertex 7.34889 29.2882 0
      vertex 62.5142 29.474 0
    endloop
  endfacet
  facet normal 0 0 -1
    outer loop
      vertex 7.28582 29.474 0
      vertex 62.5142 29.474 0
      vertex 7.34889 29.2882 0
    endloop
  endfacet
  facet normal 0 0 -1
    outer loop
      vertex 62.5142 29.474 0
      vertex 7.28582 29.474 0
      vertex 62.601 29.65 0
    endloop
  endfacet
  facet normal 0 0 -1
    outer loop
      vertex 7.19904 29.65 0
      vertex 62.601 29.65 0
      vertex 7.28582 29.474 0
    endloop
  endfacet
  facet normal 0 0 -1
    outer loop
      vertex 62.601 29.65 0
      vertex 7.19904 29.65 0
      vertex 62.71 29.8131 0
    endloop
  endfacet
  facet normal 0 0 -1
    outer loop
      vertex 7.09003 29.8131 0
      vertex 62.71 29.8131 0
      vertex 7.19904 29.65 0
    endloop
  endfacet
  facet normal 0 0 -1
    outer loop
      vertex 62.71 29.8131 0
      vertex 7.09003 29.8131 0
      vertex 62.8393 29.9607 0
    endloop
  endfacet
  facet normal 0 0 -1
    outer loop
      vertex 6.96066 29.9607 0
      vertex 62.8393 29.9607 0
      vertex 7.09003 29.8131 0
    endloop
  endfacet
  facet normal 0 0 -1
    outer loop
      vertex 62.8393 29.9607 0
      vertex 6.96066 29.9607 0
      vertex 62.9869 30.09 0
    endloop
  endfacet
  facet normal 0 0 -1
    outer loop
      vertex 6.81314 30.09 0
      vertex 62.9869 30.09 0
      vertex 6.96066 29.9607 0
    endloop
  endfacet
  facet normal 0 0 -1
    outer loop
      vertex 62.9869 30.09 0
      vertex 6.81314 30.09 0
      vertex 63.15 30.199 0
    endloop
  endfacet
  facet normal 0 0 -1
    outer loop
      vertex 6.65 30.199 0
      vertex 63.15 30.199 0
      vertex 6.81314 30.09 0
    endloop
  endfacet
  facet normal 0 0 -1
    outer loop
      vertex 0 34.8 0
      vertex 63.15 30.199 0
      vertex 6.65 30.199 0
    endloop
  endfacet
  facet normal 0 0 -1
    outer loop
      vertex 63.15 30.199 0
      vertex 0 34.8 0
      vertex 63.326 30.2858 0
    endloop
  endfacet
  facet normal 0 0 -1
    outer loop
      vertex 63.326 30.2858 0
      vertex 0 34.8 0
      vertex 63.5118 30.3489 0
    endloop
  endfacet
  facet normal 0 0 -1
    outer loop
      vertex 0 34.8 0
      vertex 6.65 30.199 0
      vertex 6.47402 30.2858 0
    endloop
  endfacet
  facet normal 0 0 -1
    outer loop
      vertex 0 34.8 0
      vertex 6.47402 30.2858 0
      vertex 6.28823 30.3489 0
    endloop
  endfacet
  facet normal 0 0 -1
    outer loop
      vertex 0 34.8 0
      vertex 6.28823 30.3489 0
      vertex 6.09579 30.3872 0
    endloop
  endfacet
  facet normal 0 0 -1
    outer loop
      vertex 0 34.8 0
      vertex 6.09579 30.3872 0
      vertex 5.9 30.4 0
    endloop
  endfacet
  facet normal 0 0 -1
    outer loop
      vertex 4.41283 28.7042 0
      vertex 0 34.8 0
      vertex 4.4 28.9 0
    endloop
  endfacet
  facet normal 0 0 -1
    outer loop
      vertex 63.5118 30.3489 0
      vertex 0 34.8 0
      vertex 79.8 34.8 0
    endloop
  endfacet
  facet normal 0 0 -1
    outer loop
      vertex 5.70421 30.3872 0
      vertex 0 34.8 0
      vertex 5.9 30.4 0
    endloop
  endfacet
  facet normal 0 0 -1
    outer loop
      vertex 5.51177 30.3489 0
      vertex 0 34.8 0
      vertex 5.70421 30.3872 0
    endloop
  endfacet
  facet normal 0 0 -1
    outer loop
      vertex 5.32597 30.2858 0
      vertex 0 34.8 0
      vertex 5.51177 30.3489 0
    endloop
  endfacet
  facet normal 0 0 -1
    outer loop
      vertex 5.15 30.199 0
      vertex 0 34.8 0
      vertex 5.32597 30.2858 0
    endloop
  endfacet
  facet normal 0 0 -1
    outer loop
      vertex 4.98686 30.09 0
      vertex 0 34.8 0
      vertex 5.15 30.199 0
    endloop
  endfacet
  facet normal 0 0 -1
    outer loop
      vertex 4.83934 29.9607 0
      vertex 0 34.8 0
      vertex 4.98686 30.09 0
    endloop
  endfacet
  facet normal 0 0 -1
    outer loop
      vertex 4.70997 29.8131 0
      vertex 0 34.8 0
      vertex 4.83934 29.9607 0
    endloop
  endfacet
  facet normal 0 0 -1
    outer loop
      vertex 4.60096 29.65 0
      vertex 0 34.8 0
      vertex 4.70997 29.8131 0
    endloop
  endfacet
  facet normal 0 0 -1
    outer loop
      vertex 4.51418 29.474 0
      vertex 0 34.8 0
      vertex 4.60096 29.65 0
    endloop
  endfacet
  facet normal 0 0 -1
    outer loop
      vertex 4.45111 29.2882 0
      vertex 0 34.8 0
      vertex 4.51418 29.474 0
    endloop
  endfacet
  facet normal 0 0 -1
    outer loop
      vertex 4.41283 29.0958 0
      vertex 0 34.8 0
      vertex 4.45111 29.2882 0
    endloop
  endfacet
  facet normal 0 0 -1
    outer loop
      vertex 4.4 28.9 0
      vertex 0 34.8 0
      vertex 4.41283 29.0958 0
    endloop
  endfacet
  facet normal 0 -1 0
    outer loop
      vertex 0 0 0
      vertex 79.8 0 16
      vertex 0 0 16
    endloop
  endfacet
  facet normal 0 -1 -0
    outer loop
      vertex 79.8 0 16
      vertex 0 0 0
      vertex 79.8 0 0
    endloop
  endfacet
  facet normal 1 0 0
    outer loop
      vertex 2 32.8 16
      vertex 2 24.7 5.8
      vertex 2 32.8 2
    endloop
  endfacet
  facet normal 1 0 0
    outer loop
      vertex 2 32.8 16
      vertex 2 10.4 5.8
      vertex 2 24.7 5.8
    endloop
  endfacet
  facet normal 1 0 0
    outer loop
      vertex 2 2 2
      vertex 2 10.4 5.8
      vertex 2 2 16
    endloop
  endfacet
  facet normal 1 -0 0
    outer loop
      vertex 2 2 16
      vertex 2 10.4 5.8
      vertex 2 32.8 16
    endloop
  endfacet
  facet normal 1 -0 0
    outer loop
      vertex 2 24.7 2.5
      vertex 2 32.8 2
      vertex 2 24.7 5.8
    endloop
  endfacet
  facet normal 1 -0 0
    outer loop
      vertex 2 10.4 2.5
      vertex 2 32.8 2
      vertex 2 24.7 2.5
    endloop
  endfacet
  facet normal 1 0 0
    outer loop
      vertex 2 10.4 2.5
      vertex 2 2 2
      vertex 2 32.8 2
    endloop
  endfacet
  facet normal 1 0 0
    outer loop
      vertex 2 10.4 5.8
      vertex 2 2 2
      vertex 2 10.4 2.5
    endloop
  endfacet
  facet normal -1 0 0
    outer loop
      vertex 67.8 2 2
      vertex 67.8 32.8 16
      vertex 67.8 32.8 2
    endloop
  endfacet
  facet normal -1 -0 0
    outer loop
      vertex 67.8 32.8 16
      vertex 67.8 2 2
      vertex 67.8 2 16
    endloop
  endfacet
  facet normal 0 0 1
    outer loop
      vertex 8.67164 27.7519 2
      vertex 61.1284 27.7519 2
      vertex 8.79778 28.1235 2
    endloop
  endfacet
  facet normal 0 0 1
    outer loop
      vertex 61.1284 7.04805 2
      vertex 8.87433 6.29158 2
      vertex 8.9 5.9 2
    endloop
  endfacet
  facet normal 0 0 1
    outer loop
      vertex 61.1284 27.7519 2
      vertex 8.67164 27.7519 2
      vertex 61.1284 7.04805 2
    endloop
  endfacet
  facet normal 0 0 1
    outer loop
      vertex 61.1284 7.04805 2
      vertex 8.79778 6.67646 2
      vertex 8.87433 6.29158 2
    endloop
  endfacet
  facet normal 0 0 1
    outer loop
      vertex 8.67164 7.04805 2
      vertex 61.1284 7.04805 2
      vertex 8.67164 27.7519 2
    endloop
  endfacet
  facet normal 0 0 1
    outer loop
      vertex 61.1284 7.04805 2
      vertex 8.67164 7.04805 2
      vertex 8.79778 6.67646 2
    endloop
  endfacet
  facet normal -0 0 1
    outer loop
      vertex 8.49808 27.4 2
      vertex 8.67164 7.04805 2
      vertex 8.67164 27.7519 2
    endloop
  endfacet
  facet normal 0 0 1
    outer loop
      vertex 8.49808 27.4 2
      vertex 8.49808 7.4 2
      vertex 8.67164 7.04805 2
    endloop
  endfacet
  facet normal -0 0 1
    outer loop
      vertex 8.28006 27.0737 2
      vertex 8.49808 7.4 2
      vertex 8.49808 27.4 2
    endloop
  endfacet
  facet normal 0 0 1
    outer loop
      vertex 8.28006 27.0737 2
      vertex 8.28006 7.72628 2
      vertex 8.49808 7.4 2
    endloop
  endfacet
  facet normal -0 0 1
    outer loop
      vertex 8.02132 26.7787 2
      vertex 8.28006 7.72628 2
      vertex 8.28006 27.0737 2
    endloop
  endfacet
  facet normal 0 0 1
    outer loop
      vertex 8.02132 26.7787 2
      vertex 8.02132 8.02132 2
      vertex 8.28006 7.72628 2
    endloop
  endfacet
  facet normal -0 0 1
    outer loop
      vertex 7.72628 26.5199 2
      vertex 8.02132 8.02132 2
      vertex 8.02132 26.7787 2
    endloop
  endfacet
  facet normal 0 0 1
    outer loop
      vertex 7.72628 26.5199 2
      vertex 7.72628 8.28006 2
      vertex 8.02132 8.02132 2
    endloop
  endfacet
  facet normal -0 0 1
    outer loop
      vertex 7.4 26.3019 2
      vertex 7.72628 8.28006 2
      vertex 7.72628 26.5199 2
    endloop
  endfacet
  facet normal 0 0 1
    outer loop
      vertex 7.4 26.3019 2
      vertex 7.4 8.49808 2
      vertex 7.72628 8.28006 2
    endloop
  endfacet
  facet normal -0 0 1
    outer loop
      vertex 7.04805 26.1284 2
      vertex 7.4 8.49808 2
      vertex 7.4 26.3019 2
    endloop
  endfacet
  facet normal 0 0 1
    outer loop
      vertex 7.04805 26.1284 2
      vertex 7.04805 8.67164 2
      vertex 7.4 8.49808 2
    endloop
  endfacet
  facet normal -0 0 1
    outer loop
      vertex 6.67646 26.0022 2
      vertex 7.04805 8.67164 2
      vertex 7.04805 26.1284 2
    endloop
  endfacet
  facet normal 0 0 1
    outer loop
      vertex 6.67646 26.0022 2
      vertex 6.67646 8.79778 2
      vertex 7.04805 8.67164 2
    endloop
  endfacet
  facet normal -0 0 1
    outer loop
      vertex 6.29158 25.9257 2
      vertex 6.67646 8.79778 2
      vertex 6.67646 26.0022 2
    endloop
  endfacet
  facet normal 0 0 1
    outer loop
      vertex 6.29158 25.9257 2
      vertex 6.29158 8.87433 2
      vertex 6.67646 8.79778 2
    endloop
  endfacet
  facet normal -0 0 1
    outer loop
      vertex 5.9 25.9 2
      vertex 6.29158 8.87433 2
      vertex 6.29158 25.9257 2
    endloop
  endfacet
  facet normal 0 0 1
    outer loop
      vertex 5.9 25.9 2
      vertex 5.9 8.9 2
      vertex 6.29158 8.87433 2
    endloop
  endfacet
  facet normal 0 0 1
    outer loop
      vertex 5.50842 25.9257 2
      vertex 5.9 8.9 2
      vertex 5.9 25.9 2
    endloop
  endfacet
  facet normal 0 0 1
    outer loop
      vertex 5.50842 25.9257 2
      vertex 5.50842 8.87433 2
      vertex 5.9 8.9 2
    endloop
  endfacet
  facet normal 0 0 1
    outer loop
      vertex 5.12354 26.0022 2
      vertex 5.50842 8.87433 2
      vertex 5.50842 25.9257 2
    endloop
  endfacet
  facet normal 0 0 1
    outer loop
      vertex 5.12354 26.0022 2
      vertex 5.12354 8.79778 2
      vertex 5.50842 8.87433 2
    endloop
  endfacet
  facet normal 0 0 1
    outer loop
      vertex 4.75195 26.1284 2
      vertex 5.12354 8.79778 2
      vertex 5.12354 26.0022 2
    endloop
  endfacet
  facet normal 0 0 1
    outer loop
      vertex 4.75195 26.1284 2
      vertex 4.75195 8.67164 2
      vertex 5.12354 8.79778 2
    endloop
  endfacet
  facet normal 0 0 1
    outer loop
      vertex 4.4 26.3019 2
      vertex 4.75195 8.67164 2
      vertex 4.75195 26.1284 2
    endloop
  endfacet
  facet normal 0 0 1
    outer loop
      vertex 4.4 26.3019 2
      vertex 4.4 8.49808 2
      vertex 4.75195 8.67164 2
    endloop
  endfacet
  facet normal 0 0 1
    outer loop
      vertex 4.07372 26.5199 2
      vertex 4.4 8.49808 2
      vertex 4.4 26.3019 2
    endloop
  endfacet
  facet normal 0 0 1
    outer loop
      vertex 4.07372 26.5199 2
      vertex 4.07372 8.28006 2
      vertex 4.4 8.49808 2
    endloop
  endfacet
  facet normal 0 0 1
    outer loop
      vertex 3.77868 26.7787 2
      vertex 4.07372 8.28006 2
      vertex 4.07372 26.5199 2
    endloop
  endfacet
  facet normal 0 0 1
    outer loop
      vertex 3.77868 26.7787 2
      vertex 3.77868 8.02132 2
      vertex 4.07372 8.28006 2
    endloop
  endfacet
  facet normal 0 0 1
    outer loop
      vertex 3.51994 27.0737 2
      vertex 3.77868 8.02132 2
      vertex 3.77868 26.7787 2
    endloop
  endfacet
  facet normal 0 0 1
    outer loop
      vertex 3.51994 27.0737 2
      vertex 3.51994 7.72628 2
      vertex 3.77868 8.02132 2
    endloop
  endfacet
  facet normal 0 0 1
    outer loop
      vertex 3.30192 27.4 2
      vertex 3.51994 7.72628 2
      vertex 3.51994 27.0737 2
    endloop
  endfacet
  facet normal 0 0 1
    outer loop
      vertex 3.30192 27.4 2
      vertex 3.30192 7.4 2
      vertex 3.51994 7.72628 2
    endloop
  endfacet
  facet normal 0 0 1
    outer loop
      vertex 3.12836 27.7519 2
      vertex 3.30192 7.4 2
      vertex 3.30192 27.4 2
    endloop
  endfacet
  facet normal 0 0 1
    outer loop
      vertex 3.12836 27.7519 2
      vertex 3.12836 7.04805 2
      vertex 3.30192 7.4 2
    endloop
  endfacet
  facet normal 0 0 1
    outer loop
      vertex 3.00222 28.1235 2
      vertex 3.12836 7.04805 2
      vertex 3.12836 27.7519 2
    endloop
  endfacet
  facet normal 0 0 1
    outer loop
      vertex 3.00222 28.1235 2
      vertex 3.00222 6.67646 2
      vertex 3.12836 7.04805 2
    endloop
  endfacet
  facet normal 0 0 1
    outer loop
      vertex 2.92567 28.5084 2
      vertex 3.00222 6.67646 2
      vertex 3.00222 28.1235 2
    endloop
  endfacet
  facet normal 0 0 1
    outer loop
      vertex 2.92567 28.5084 2
      vertex 2.92567 6.29158 2
      vertex 3.00222 6.67646 2
    endloop
  endfacet
  facet normal 0 0 1
    outer loop
      vertex 2 32.8 2
      vertex 2.92567 28.5084 2
      vertex 2.9 28.9 2
    endloop
  endfacet
  facet normal 0 0 1
    outer loop
      vertex 2.92567 28.5084 2
      vertex 2 32.8 2
      vertex 2.92567 6.29158 2
    endloop
  endfacet
  facet normal -0 0 1
    outer loop
      vertex 66.8743 6.29158 2
      vertex 67.8 2 2
      vertex 66.8743 28.5084 2
    endloop
  endfacet
  facet normal 0 0 1
    outer loop
      vertex 67.8 2 2
      vertex 66.8743 6.29158 2
      vertex 66.9 5.9 2
    endloop
  endfacet
  facet normal -0 0 1
    outer loop
      vertex 66.7978 28.1235 2
      vertex 66.8743 6.29158 2
      vertex 66.8743 28.5084 2
    endloop
  endfacet
  facet normal 0 0 1
    outer loop
      vertex 66.7978 28.1235 2
      vertex 66.7978 6.67646 2
      vertex 66.8743 6.29158 2
    endloop
  endfacet
  facet normal -0 0 1
    outer loop
      vertex 66.6716 27.7519 2
      vertex 66.7978 6.67646 2
      vertex 66.7978 28.1235 2
    endloop
  endfacet
  facet normal 0 0 1
    outer loop
      vertex 66.6716 27.7519 2
      vertex 66.6716 7.04805 2
      vertex 66.7978 6.67646 2
    endloop
  endfacet
  facet normal -0 0 1
    outer loop
      vertex 66.4981 27.4 2
      vertex 66.6716 7.04805 2
      vertex 66.6716 27.7519 2
    endloop
  endfacet
  facet normal 0 0 1
    outer loop
      vertex 66.4981 27.4 2
      vertex 66.4981 7.4 2
      vertex 66.6716 7.04805 2
    endloop
  endfacet
  facet normal -0 0 1
    outer loop
      vertex 66.2801 27.0737 2
      vertex 66.4981 7.4 2
      vertex 66.4981 27.4 2
    endloop
  endfacet
  facet normal 0 0 1
    outer loop
      vertex 66.2801 27.0737 2
      vertex 66.2801 7.72628 2
      vertex 66.4981 7.4 2
    endloop
  endfacet
  facet normal -0 0 1
    outer loop
      vertex 66.0213 26.7787 2
      vertex 66.2801 7.72628 2
      vertex 66.2801 27.0737 2
    endloop
  endfacet
  facet normal 0 0 1
    outer loop
      vertex 66.0213 26.7787 2
      vertex 66.0213 8.02132 2
      vertex 66.2801 7.72628 2
    endloop
  endfacet
  facet normal -0 0 1
    outer loop
      vertex 65.7263 26.5199 2
      vertex 66.0213 8.02132 2
      vertex 66.0213 26.7787 2
    endloop
  endfacet
  facet normal 0 0 1
    outer loop
      vertex 65.7263 26.5199 2
      vertex 65.7263 8.28006 2
      vertex 66.0213 8.02132 2
    endloop
  endfacet
  facet normal -0 0 1
    outer loop
      vertex 65.4 26.3019 2
      vertex 65.7263 8.28006 2
      vertex 65.7263 26.5199 2
    endloop
  endfacet
  facet normal 0 0 1
    outer loop
      vertex 65.4 26.3019 2
      vertex 65.4 8.49808 2
      vertex 65.7263 8.28006 2
    endloop
  endfacet
  facet normal -0 0 1
    outer loop
      vertex 65.048 26.1284 2
      vertex 65.4 8.49808 2
      vertex 65.4 26.3019 2
    endloop
  endfacet
  facet normal 0 0 1
    outer loop
      vertex 65.048 26.1284 2
      vertex 65.048 8.67164 2
      vertex 65.4 8.49808 2
    endloop
  endfacet
  facet normal -0 0 1
    outer loop
      vertex 64.6765 26.0022 2
      vertex 65.048 8.67164 2
      vertex 65.048 26.1284 2
    endloop
  endfacet
  facet normal 0 0 1
    outer loop
      vertex 64.6765 26.0022 2
      vertex 64.6765 8.79778 2
      vertex 65.048 8.67164 2
    endloop
  endfacet
  facet normal -0 0 1
    outer loop
      vertex 64.2916 25.9257 2
      vertex 64.6765 8.79778 2
      vertex 64.6765 26.0022 2
    endloop
  endfacet
  facet normal 0 0 1
    outer loop
      vertex 64.2916 25.9257 2
      vertex 64.2916 8.87433 2
      vertex 64.6765 8.79778 2
    endloop
  endfacet
  facet normal -0 0 1
    outer loop
      vertex 63.9 25.9 2
      vertex 64.2916 8.87433 2
      vertex 64.2916 25.9257 2
    endloop
  endfacet
  facet normal 0 0 1
    outer loop
      vertex 63.9 25.9 2
      vertex 63.9 8.9 2
      vertex 64.2916 8.87433 2
    endloop
  endfacet
  facet normal 0 0 1
    outer loop
      vertex 63.5084 25.9257 2
      vertex 63.9 8.9 2
      vertex 63.9 25.9 2
    endloop
  endfacet
  facet normal 0 0 1
    outer loop
      vertex 63.5084 25.9257 2
      vertex 63.5084 8.87433 2
      vertex 63.9 8.9 2
    endloop
  endfacet
  facet normal 0 0 1
    outer loop
      vertex 63.1235 26.0022 2
      vertex 63.5084 8.87433 2
      vertex 63.5084 25.9257 2
    endloop
  endfacet
  facet normal 0 0 1
    outer loop
      vertex 63.1235 26.0022 2
      vertex 63.1235 8.79778 2
      vertex 63.5084 8.87433 2
    endloop
  endfacet
  facet normal 0 0 1
    outer loop
      vertex 62.7519 26.1284 2
      vertex 63.1235 8.79778 2
      vertex 63.1235 26.0022 2
    endloop
  endfacet
  facet normal 0 0 1
    outer loop
      vertex 62.7519 26.1284 2
      vertex 62.7519 8.67164 2
      vertex 63.1235 8.79778 2
    endloop
  endfacet
  facet normal 0 0 1
    outer loop
      vertex 62.4 26.3019 2
      vertex 62.7519 8.67164 2
      vertex 62.7519 26.1284 2
    endloop
  endfacet
  facet normal 0 0 1
    outer loop
      vertex 62.4 26.3019 2
      vertex 62.4 8.49808 2
      vertex 62.7519 8.67164 2
    endloop
  endfacet
  facet normal 0 0 1
    outer loop
      vertex 62.0737 26.5199 2
      vertex 62.4 8.49808 2
      vertex 62.4 26.3019 2
    endloop
  endfacet
  facet normal 0 0 1
    outer loop
      vertex 62.0737 26.5199 2
      vertex 62.0737 8.28006 2
      vertex 62.4 8.49808 2
    endloop
  endfacet
  facet normal 0 0 1
    outer loop
      vertex 61.7787 26.7787 2
      vertex 62.0737 8.28006 2
      vertex 62.0737 26.5199 2
    endloop
  endfacet
  facet normal 0 0 1
    outer loop
      vertex 61.7787 26.7787 2
      vertex 61.7787 8.02132 2
      vertex 62.0737 8.28006 2
    endloop
  endfacet
  facet normal 0 0 1
    outer loop
      vertex 61.5199 27.0737 2
      vertex 61.7787 8.02132 2
      vertex 61.7787 26.7787 2
    endloop
  endfacet
  facet normal 0 0 1
    outer loop
      vertex 61.5199 27.0737 2
      vertex 61.5199 7.72628 2
      vertex 61.7787 8.02132 2
    endloop
  endfacet
  facet normal 0 0 1
    outer loop
      vertex 61.3019 27.4 2
      vertex 61.5199 7.72628 2
      vertex 61.5199 27.0737 2
    endloop
  endfacet
  facet normal 0 0 1
    outer loop
      vertex 61.3019 27.4 2
      vertex 61.3019 7.4 2
      vertex 61.5199 7.72628 2
    endloop
  endfacet
  facet normal 0 0 1
    outer loop
      vertex 61.1284 27.7519 2
      vertex 61.3019 7.4 2
      vertex 61.3019 27.4 2
    endloop
  endfacet
  facet normal 0 0 1
    outer loop
      vertex 61.1284 27.7519 2
      vertex 61.1284 7.04805 2
      vertex 61.3019 7.4 2
    endloop
  endfacet
  facet normal 0 0 1
    outer loop
      vertex 60.9257 28.5084 2
      vertex 8.87433 28.5084 2
      vertex 61.0022 28.1235 2
    endloop
  endfacet
  facet normal 0 0 1
    outer loop
      vertex 8.79778 28.1235 2
      vertex 61.0022 28.1235 2
      vertex 8.87433 28.5084 2
    endloop
  endfacet
  facet normal 0 0 1
    outer loop
      vertex 8.87433 28.5084 2
      vertex 60.9257 28.5084 2
      vertex 8.9 28.9 2
    endloop
  endfacet
  facet normal 0 0 1
    outer loop
      vertex 61.0022 28.1235 2
      vertex 8.79778 28.1235 2
      vertex 61.1284 27.7519 2
    endloop
  endfacet
  facet normal -0 0 1
    outer loop
      vertex 8.9 28.9 2
      vertex 60.9257 28.5084 2
      vertex 60.9 28.9 2
    endloop
  endfacet
  facet normal 0 0 1
    outer loop
      vertex 61.1284 7.04805 2
      vertex 8.9 5.9 2
      vertex 61.0022 6.67646 2
    endloop
  endfacet
  facet normal 0 0 1
    outer loop
      vertex 66.8743 28.5084 2
      vertex 67.8 32.8 2
      vertex 66.9 28.9 2
    endloop
  endfacet
  facet normal 0 0 1
    outer loop
      vertex 67.8 32.8 2
      vertex 66.8743 29.2916 2
      vertex 66.9 28.9 2
    endloop
  endfacet
  facet normal 0 0 1
    outer loop
      vertex 67.8 32.8 2
      vertex 66.7978 29.6765 2
      vertex 66.8743 29.2916 2
    endloop
  endfacet
  facet normal 0 0 1
    outer loop
      vertex 67.8 32.8 2
      vertex 66.6716 30.048 2
      vertex 66.7978 29.6765 2
    endloop
  endfacet
  facet normal 0 0 1
    outer loop
      vertex 67.8 32.8 2
      vertex 66.4981 30.4 2
      vertex 66.6716 30.048 2
    endloop
  endfacet
  facet normal 0 0 1
    outer loop
      vertex 67.8 32.8 2
      vertex 66.2801 30.7263 2
      vertex 66.4981 30.4 2
    endloop
  endfacet
  facet normal 0 0 1
    outer loop
      vertex 67.8 32.8 2
      vertex 66.0213 31.0213 2
      vertex 66.2801 30.7263 2
    endloop
  endfacet
  facet normal 0 0 1
    outer loop
      vertex 67.8 32.8 2
      vertex 65.7263 31.2801 2
      vertex 66.0213 31.0213 2
    endloop
  endfacet
  facet normal 0 0 1
    outer loop
      vertex 67.8 32.8 2
      vertex 65.4 31.4981 2
      vertex 65.7263 31.2801 2
    endloop
  endfacet
  facet normal 0 0 1
    outer loop
      vertex 67.8 32.8 2
      vertex 65.048 31.6716 2
      vertex 65.4 31.4981 2
    endloop
  endfacet
  facet normal 0 0 1
    outer loop
      vertex 67.8 32.8 2
      vertex 64.6765 31.7978 2
      vertex 65.048 31.6716 2
    endloop
  endfacet
  facet normal 0 0 1
    outer loop
      vertex 67.8 32.8 2
      vertex 64.2916 31.8743 2
      vertex 64.6765 31.7978 2
    endloop
  endfacet
  facet normal 0 0 1
    outer loop
      vertex 67.8 32.8 2
      vertex 63.9 31.9 2
      vertex 64.2916 31.8743 2
    endloop
  endfacet
  facet normal 0 0 1
    outer loop
      vertex 67.8 32.8 2
      vertex 63.5084 31.8743 2
      vertex 63.9 31.9 2
    endloop
  endfacet
  facet normal 0 0 1
    outer loop
      vertex 67.8 32.8 2
      vertex 63.1235 31.7978 2
      vertex 63.5084 31.8743 2
    endloop
  endfacet
  facet normal 0 0 1
    outer loop
      vertex 61.0022 6.67646 2
      vertex 8.9 5.9 2
      vertex 60.9257 6.29158 2
    endloop
  endfacet
  facet normal 0 0 1
    outer loop
      vertex 60.9257 29.2916 2
      vertex 8.9 28.9 2
      vertex 60.9 28.9 2
    endloop
  endfacet
  facet normal 0 0 1
    outer loop
      vertex 8.87433 29.2916 2
      vertex 60.9257 29.2916 2
      vertex 61.0022 29.6765 2
    endloop
  endfacet
  facet normal 0 0 1
    outer loop
      vertex 8.79778 29.6765 2
      vertex 61.0022 29.6765 2
      vertex 61.1284 30.048 2
    endloop
  endfacet
  facet normal 0 0 1
    outer loop
      vertex 8.67164 30.048 2
      vertex 61.1284 30.048 2
      vertex 61.3019 30.4 2
    endloop
  endfacet
  facet normal 0 0 1
    outer loop
      vertex 8.49808 30.4 2
      vertex 61.3019 30.4 2
      vertex 61.5199 30.7263 2
    endloop
  endfacet
  facet normal 0 0 1
    outer loop
      vertex 8.28006 30.7263 2
      vertex 61.5199 30.7263 2
      vertex 61.7787 31.0213 2
    endloop
  endfacet
  facet normal 0 0 1
    outer loop
      vertex 8.02132 31.0213 2
      vertex 61.7787 31.0213 2
      vertex 62.0737 31.2801 2
    endloop
  endfacet
  facet normal 0 0 1
    outer loop
      vertex 7.72628 31.2801 2
      vertex 62.0737 31.2801 2
      vertex 62.4 31.4981 2
    endloop
  endfacet
  facet normal 0 0 1
    outer loop
      vertex 7.4 31.4981 2
      vertex 62.4 31.4981 2
      vertex 62.7519 31.6716 2
    endloop
  endfacet
  facet normal 0 0 1
    outer loop
      vertex 7.04805 31.6716 2
      vertex 62.7519 31.6716 2
      vertex 63.1235 31.7978 2
    endloop
  endfacet
  facet normal 0 0 1
    outer loop
      vertex 6.67646 31.7978 2
      vertex 63.1235 31.7978 2
      vertex 67.8 32.8 2
    endloop
  endfacet
  facet normal 0 0 1
    outer loop
      vertex 60.9257 29.2916 2
      vertex 8.87433 29.2916 2
      vertex 8.9 28.9 2
    endloop
  endfacet
  facet normal 0 0 1
    outer loop
      vertex 61.0022 29.6765 2
      vertex 8.79778 29.6765 2
      vertex 8.87433 29.2916 2
    endloop
  endfacet
  facet normal 0 0 1
    outer loop
      vertex 61.1284 30.048 2
      vertex 8.67164 30.048 2
      vertex 8.79778 29.6765 2
    endloop
  endfacet
  facet normal 0 0 1
    outer loop
      vertex 61.3019 30.4 2
      vertex 8.49808 30.4 2
      vertex 8.67164 30.048 2
    endloop
  endfacet
  facet normal 0 0 1
    outer loop
      vertex 61.5199 30.7263 2
      vertex 8.28006 30.7263 2
      vertex 8.49808 30.4 2
    endloop
  endfacet
  facet normal 0 0 1
    outer loop
      vertex 61.7787 31.0213 2
      vertex 8.02132 31.0213 2
      vertex 8.28006 30.7263 2
    endloop
  endfacet
  facet normal 0 0 1
    outer loop
      vertex 62.0737 31.2801 2
      vertex 7.72628 31.2801 2
      vertex 8.02132 31.0213 2
    endloop
  endfacet
  facet normal 0 0 1
    outer loop
      vertex 62.4 31.4981 2
      vertex 7.4 31.4981 2
      vertex 7.72628 31.2801 2
    endloop
  endfacet
  facet normal 0 0 1
    outer loop
      vertex 62.7519 31.6716 2
      vertex 7.04805 31.6716 2
      vertex 7.4 31.4981 2
    endloop
  endfacet
  facet normal 0 0 1
    outer loop
      vertex 63.1235 31.7978 2
      vertex 6.67646 31.7978 2
      vertex 7.04805 31.6716 2
    endloop
  endfacet
  facet normal 0 0 1
    outer loop
      vertex 67.8 32.8 2
      vertex 6.29158 31.8743 2
      vertex 6.67646 31.7978 2
    endloop
  endfacet
  facet normal -0 0 1
    outer loop
      vertex 2 32.8 2
      vertex 6.29158 31.8743 2
      vertex 67.8 32.8 2
    endloop
  endfacet
  facet normal 0 0 1
    outer loop
      vertex 2 2 2
      vertex 2.92567 6.29158 2
      vertex 2 32.8 2
    endloop
  endfacet
  facet normal 0 0 1
    outer loop
      vertex 2.92567 29.2916 2
      vertex 2 32.8 2
      vertex 2.9 28.9 2
    endloop
  endfacet
  facet normal 0 0 1
    outer loop
      vertex 3.00222 29.6765 2
      vertex 2 32.8 2
      vertex 2.92567 29.2916 2
    endloop
  endfacet
  facet normal 0 0 1
    outer loop
      vertex 3.12836 30.048 2
      vertex 2 32.8 2
      vertex 3.00222 29.6765 2
    endloop
  endfacet
  facet normal 0 0 1
    outer loop
      vertex 3.30192 30.4 2
      vertex 2 32.8 2
      vertex 3.12836 30.048 2
    endloop
  endfacet
  facet normal 0 0 1
    outer loop
      vertex 3.51994 30.7263 2
      vertex 2 32.8 2
      vertex 3.30192 30.4 2
    endloop
  endfacet
  facet normal 0 0 1
    outer loop
      vertex 3.77868 31.0213 2
      vertex 2 32.8 2
      vertex 3.51994 30.7263 2
    endloop
  endfacet
  facet normal 0 0 1
    outer loop
      vertex 4.07372 31.2801 2
      vertex 2 32.8 2
      vertex 3.77868 31.0213 2
    endloop
  endfacet
  facet normal 0 0 1
    outer loop
      vertex 4.4 31.4981 2
      vertex 2 32.8 2
      vertex 4.07372 31.2801 2
    endloop
  endfacet
  facet normal 0 0 1
    outer loop
      vertex 4.75195 31.6716 2
      vertex 2 32.8 2
      vertex 4.4 31.4981 2
    endloop
  endfacet
  facet normal 0 0 1
    outer loop
      vertex 5.12354 31.7978 2
      vertex 2 32.8 2
      vertex 4.75195 31.6716 2
    endloop
  endfacet
  facet normal 0 0 1
    outer loop
      vertex 5.50842 31.8743 2
      vertex 2 32.8 2
      vertex 5.12354 31.7978 2
    endloop
  endfacet
  facet normal 0 0 1
    outer loop
      vertex 5.9 31.9 2
      vertex 2 32.8 2
      vertex 5.50842 31.8743 2
    endloop
  endfacet
  facet normal 0 0 1
    outer loop
      vertex 6.29158 31.8743 2
      vertex 2 32.8 2
      vertex 5.9 31.9 2
    endloop
  endfacet
  facet normal 0 0 1
    outer loop
      vertex 67.8 32.8 2
      vertex 66.8743 28.5084 2
      vertex 67.8 2 2
    endloop
  endfacet
  facet normal -0 0 1
    outer loop
      vertex 66.8743 5.50842 2
      vertex 67.8 2 2
      vertex 66.9 5.9 2
    endloop
  endfacet
  facet normal -0 0 1
    outer loop
      vertex 66.7978 5.12354 2
      vertex 67.8 2 2
      vertex 66.8743 5.50842 2
    endloop
  endfacet
  facet normal -0 0 1
    outer loop
      vertex 66.6716 4.75195 2
      vertex 67.8 2 2
      vertex 66.7978 5.12354 2
    endloop
  endfacet
  facet normal -0 0 1
    outer loop
      vertex 66.4981 4.4 2
      vertex 67.8 2 2
      vertex 66.6716 4.75195 2
    endloop
  endfacet
  facet normal -0 0 1
    outer loop
      vertex 66.2801 4.07372 2
      vertex 67.8 2 2
      vertex 66.4981 4.4 2
    endloop
  endfacet
  facet normal -0 0 1
    outer loop
      vertex 66.0213 3.77868 2
      vertex 67.8 2 2
      vertex 66.2801 4.07372 2
    endloop
  endfacet
  facet normal -0 0 1
    outer loop
      vertex 65.7263 3.51994 2
      vertex 67.8 2 2
      vertex 66.0213 3.77868 2
    endloop
  endfacet
  facet normal -0 0 1
    outer loop
      vertex 65.4 3.30192 2
      vertex 67.8 2 2
      vertex 65.7263 3.51994 2
    endloop
  endfacet
  facet normal -0 0 1
    outer loop
      vertex 65.048 3.12836 2
      vertex 67.8 2 2
      vertex 65.4 3.30192 2
    endloop
  endfacet
  facet normal -0 0 1
    outer loop
      vertex 64.6765 3.00222 2
      vertex 67.8 2 2
      vertex 65.048 3.12836 2
    endloop
  endfacet
  facet normal -0 0 1
    outer loop
      vertex 64.2916 2.92567 2
      vertex 67.8 2 2
      vertex 64.6765 3.00222 2
    endloop
  endfacet
  facet normal -0 0 1
    outer loop
      vertex 63.9 2.9 2
      vertex 67.8 2 2
      vertex 64.2916 2.92567 2
    endloop
  endfacet
  facet normal 0 0 1
    outer loop
      vertex 63.5084 2.92567 2
      vertex 67.8 2 2
      vertex 63.9 2.9 2
    endloop
  endfacet
  facet normal 0 0 1
    outer loop
      vertex 63.1235 3.00222 2
      vertex 67.8 2 2
      vertex 63.5084 2.92567 2
    endloop
  endfacet
  facet normal 0 0 1
    outer loop
      vertex 60.9257 6.29158 2
      vertex 8.9 5.9 2
      vertex 60.9 5.9 2
    endloop
  endfacet
  facet normal 0 0 1
    outer loop
      vertex 60.9 5.9 2
      vertex 8.9 5.9 2
      vertex 60.9257 5.50842 2
    endloop
  endfacet
  facet normal 0 0 1
    outer loop
      vertex 8.87433 5.50842 2
      vertex 60.9257 5.50842 2
      vertex 8.9 5.9 2
    endloop
  endfacet
  facet normal 0 0 1
    outer loop
      vertex 60.9257 5.50842 2
      vertex 8.87433 5.50842 2
      vertex 61.0022 5.12354 2
    endloop
  endfacet
  facet normal 0 0 1
    outer loop
      vertex 8.79778 5.12354 2
      vertex 61.0022 5.12354 2
      vertex 8.87433 5.50842 2
    endloop
  endfacet
  facet normal 0 0 1
    outer loop
      vertex 61.0022 5.12354 2
      vertex 8.79778 5.12354 2
      vertex 61.1284 4.75195 2
    endloop
  endfacet
  facet normal 0 0 1
    outer loop
      vertex 8.67164 4.75195 2
      vertex 61.1284 4.75195 2
      vertex 8.79778 5.12354 2
    endloop
  endfacet
  facet normal 0 0 1
    outer loop
      vertex 61.1284 4.75195 2
      vertex 8.67164 4.75195 2
      vertex 61.3019 4.4 2
    endloop
  endfacet
  facet normal 0 0 1
    outer loop
      vertex 8.49808 4.4 2
      vertex 61.3019 4.4 2
      vertex 8.67164 4.75195 2
    endloop
  endfacet
  facet normal 0 0 1
    outer loop
      vertex 61.3019 4.4 2
      vertex 8.49808 4.4 2
      vertex 61.5199 4.07372 2
    endloop
  endfacet
  facet normal 0 0 1
    outer loop
      vertex 8.28006 4.07372 2
      vertex 61.5199 4.07372 2
      vertex 8.49808 4.4 2
    endloop
  endfacet
  facet normal 0 0 1
    outer loop
      vertex 61.5199 4.07372 2
      vertex 8.28006 4.07372 2
      vertex 61.7787 3.77868 2
    endloop
  endfacet
  facet normal 0 0 1
    outer loop
      vertex 8.02132 3.77868 2
      vertex 61.7787 3.77868 2
      vertex 8.28006 4.07372 2
    endloop
  endfacet
  facet normal 0 0 1
    outer loop
      vertex 61.7787 3.77868 2
      vertex 8.02132 3.77868 2
      vertex 62.0737 3.51994 2
    endloop
  endfacet
  facet normal 0 0 1
    outer loop
      vertex 7.72628 3.51994 2
      vertex 62.0737 3.51994 2
      vertex 8.02132 3.77868 2
    endloop
  endfacet
  facet normal 0 0 1
    outer loop
      vertex 62.0737 3.51994 2
      vertex 7.72628 3.51994 2
      vertex 62.4 3.30192 2
    endloop
  endfacet
  facet normal 0 0 1
    outer loop
      vertex 7.4 3.30192 2
      vertex 62.4 3.30192 2
      vertex 7.72628 3.51994 2
    endloop
  endfacet
  facet normal 0 0 1
    outer loop
      vertex 62.4 3.30192 2
      vertex 7.4 3.30192 2
      vertex 62.7519 3.12836 2
    endloop
  endfacet
  facet normal 0 0 1
    outer loop
      vertex 7.04805 3.12836 2
      vertex 62.7519 3.12836 2
      vertex 7.4 3.30192 2
    endloop
  endfacet
  facet normal 0 0 1
    outer loop
      vertex 62.7519 3.12836 2
      vertex 7.04805 3.12836 2
      vertex 63.1235 3.00222 2
    endloop
  endfacet
  facet normal 0 0 1
    outer loop
      vertex 6.67646 3.00222 2
      vertex 63.1235 3.00222 2
      vertex 7.04805 3.12836 2
    endloop
  endfacet
  facet normal 0 0 1
    outer loop
      vertex 63.1235 3.00222 2
      vertex 6.67646 3.00222 2
      vertex 67.8 2 2
    endloop
  endfacet
  facet normal -0 0 1
    outer loop
      vertex 6.29158 2.92567 2
      vertex 67.8 2 2
      vertex 6.67646 3.00222 2
    endloop
  endfacet
  facet normal 0 0 1
    outer loop
      vertex 2 2 2
      vertex 6.29158 2.92567 2
      vertex 5.9 2.9 2
    endloop
  endfacet
  facet normal 0 0 1
    outer loop
      vertex 6.29158 2.92567 2
      vertex 2 2 2
      vertex 67.8 2 2
    endloop
  endfacet
  facet normal 0 0 1
    outer loop
      vertex 5.50842 2.92567 2
      vertex 2 2 2
      vertex 5.9 2.9 2
    endloop
  endfacet
  facet normal 0 0 1
    outer loop
      vertex 5.12354 3.00222 2
      vertex 2 2 2
      vertex 5.50842 2.92567 2
    endloop
  endfacet
  facet normal 0 0 1
    outer loop
      vertex 4.75195 3.12836 2
      vertex 2 2 2
      vertex 5.12354 3.00222 2
    endloop
  endfacet
  facet normal 0 0 1
    outer loop
      vertex 4.4 3.30192 2
      vertex 2 2 2
      vertex 4.75195 3.12836 2
    endloop
  endfacet
  facet normal 0 0 1
    outer loop
      vertex 4.07372 3.51994 2
      vertex 2 2 2
      vertex 4.4 3.30192 2
    endloop
  endfacet
  facet normal 0 0 1
    outer loop
      vertex 3.77868 3.77868 2
      vertex 2 2 2
      vertex 4.07372 3.51994 2
    endloop
  endfacet
  facet normal 0 0 1
    outer loop
      vertex 3.51994 4.07372 2
      vertex 2 2 2
      vertex 3.77868 3.77868 2
    endloop
  endfacet
  facet normal 0 0 1
    outer loop
      vertex 3.30192 4.4 2
      vertex 2 2 2
      vertex 3.51994 4.07372 2
    endloop
  endfacet
  facet normal 0 0 1
    outer loop
      vertex 3.12836 4.75195 2
      vertex 2 2 2
      vertex 3.30192 4.4 2
    endloop
  endfacet
  facet normal 0 0 1
    outer loop
      vertex 3.00222 5.12354 2
      vertex 2 2 2
      vertex 3.12836 4.75195 2
    endloop
  endfacet
  facet normal 0 0 1
    outer loop
      vertex 2.92567 5.50842 2
      vertex 2 2 2
      vertex 3.00222 5.12354 2
    endloop
  endfacet
  facet normal 0 0 1
    outer loop
      vertex 2.9 5.9 2
      vertex 2 2 2
      vertex 2.92567 5.50842 2
    endloop
  endfacet
  facet normal 0 0 1
    outer loop
      vertex 2.92567 6.29158 2
      vertex 2 2 2
      vertex 2.9 5.9 2
    endloop
  endfacet
  facet normal 0 1 -0
    outer loop
      vertex 67.8 2 2
      vertex 2 2 16
      vertex 67.8 2 16
    endloop
  endfacet
  facet normal 0 1 0
    outer loop
      vertex 2 2 16
      vertex 67.8 2 2
      vertex 2 2 2
    endloop
  endfacet
  facet normal 0 -1 0
    outer loop
      vertex 2 32.8 16
      vertex 55.9 32.8 8.3
      vertex 67.8 32.8 16
    endloop
  endfacet
  facet normal 0 -1 0
    outer loop
      vertex 2 32.8 2
      vertex 55.9 32.8 8.3
      vertex 2 32.8 16
    endloop
  endfacet
  facet normal 0 -1 0
    outer loop
      vertex 67.8 32.8 2
      vertex 55.9 32.8 3
      vertex 2 32.8 2
    endloop
  endfacet
  facet normal 0 -1 -0
    outer loop
      vertex 55.9 32.8 8.3
      vertex 2 32.8 2
      vertex 55.9 32.8 3
    endloop
  endfacet
  facet normal 0 -1 0
    outer loop
      vertex 66.2 32.8 8.3
      vertex 67.8 32.8 16
      vertex 55.9 32.8 8.3
    endloop
  endfacet
  facet normal 0 -1 0
    outer loop
      vertex 67.8 32.8 2
      vertex 66.2 32.8 8.3
      vertex 66.2 32.8 3
    endloop
  endfacet
  facet normal 0 -1 0
    outer loop
      vertex 66.2 32.8 8.3
      vertex 67.8 32.8 2
      vertex 67.8 32.8 16
    endloop
  endfacet
  facet normal 0 -1 0
    outer loop
      vertex 55.9 32.8 3
      vertex 67.8 32.8 2
      vertex 66.2 32.8 3
    endloop
  endfacet
  facet normal 1 -0 0
    outer loop
      vertex 55.9 32.8 8.3
      vertex 55.9 34.8 3
      vertex 55.9 34.8 8.3
    endloop
  endfacet
  facet normal 1 0 0
    outer loop
      vertex 55.9 34.8 3
      vertex 55.9 32.8 8.3
      vertex 55.9 32.8 3
    endloop
  endfacet
  facet normal 0 0 -1
    outer loop
      vertex 55.9 32.8 8.3
      vertex 66.2 34.8 8.3
      vertex 66.2 32.8 8.3
    endloop
  endfacet
  facet normal -0 0 -1
    outer loop
      vertex 66.2 34.8 8.3
      vertex 55.9 32.8 8.3
      vertex 55.9 34.8 8.3
    endloop
  endfacet
  facet normal -1 0 0
    outer loop
      vertex 66.2 32.8 3
      vertex 66.2 34.8 8.3
      vertex 66.2 34.8 3
    endloop
  endfacet
  facet normal -1 -0 0
    outer loop
      vertex 66.2 34.8 8.3
      vertex 66.2 32.8 3
      vertex 66.2 32.8 8.3
    endloop
  endfacet
  facet normal -0 0 1
    outer loop
      vertex 55.9 34.8 3
      vertex 66.2 32.8 3
      vertex 66.2 34.8 3
    endloop
  endfacet
  facet normal 0 0 1
    outer loop
      vertex 66.2 32.8 3
      vertex 55.9 34.8 3
      vertex 55.9 32.8 3
    endloop
  endfacet
  facet normal 0 0 -1
    outer loop
      vertex 0 10.4 5.8
      vertex 2 24.7 5.8
      vertex 2 10.4 5.8
    endloop
  endfacet
  facet normal -0 0 -1
    outer loop
      vertex 2 24.7 5.8
      vertex 0 10.4 5.8
      vertex 0 24.7 5.8
    endloop
  endfacet
  facet normal -0 0 1
    outer loop
      vertex 0 24.7 2.5
      vertex 2 10.4 2.5
      vertex 2 24.7 2.5
    endloop
  endfacet
  facet normal 0 0 1
    outer loop
      vertex 2 10.4 2.5
      vertex 0 24.7 2.5
      vertex 0 10.4 2.5
    endloop
  endfacet
  facet normal 0 1 -0
    outer loop
      vertex 2 10.4 2.5
      vertex 0 10.4 5.8
      vertex 2 10.4 5.8
    endloop
  endfacet
  facet normal 0 1 0
    outer loop
      vertex 0 10.4 5.8
      vertex 2 10.4 2.5
      vertex 0 10.4 2.5
    endloop
  endfacet
  facet normal 0 -1 0
    outer loop
      vertex 0 24.7 2.5
      vertex 2 24.7 5.8
      vertex 0 24.7 5.8
    endloop
  endfacet
  facet normal 0 -1 -0
    outer loop
      vertex 2 24.7 5.8
      vertex 0 24.7 2.5
      vertex 2 24.7 2.5
    endloop
  endfacet
  facet normal 0.997858 0.0654145 0
    outer loop
      vertex 8.9 5.9 5
      vertex 8.87433 6.29158 2
      vertex 8.87433 6.29158 5
    endloop
  endfacet
  facet normal 0.997858 0.0654145 0
    outer loop
      vertex 8.87433 6.29158 2
      vertex 8.9 5.9 5
      vertex 8.9 5.9 2
    endloop
  endfacet
  facet normal -0.997858 -0.0654145 0
    outer loop
      vertex 2.92567 5.50842 2
      vertex 2.9 5.9 5
      vertex 2.9 5.9 2
    endloop
  endfacet
  facet normal -0.997858 -0.0654145 0
    outer loop
      vertex 2.9 5.9 5
      vertex 2.92567 5.50842 2
      vertex 2.92567 5.50842 5
    endloop
  endfacet
  facet normal -0.0654145 0.997858 0
    outer loop
      vertex 5.9 8.9 2
      vertex 5.50842 8.87433 5
      vertex 5.9 8.9 5
    endloop
  endfacet
  facet normal -0.0654145 0.997858 0
    outer loop
      vertex 5.50842 8.87433 5
      vertex 5.9 8.9 2
      vertex 5.50842 8.87433 2
    endloop
  endfacet
  facet normal 0.0654145 -0.997858 0
    outer loop
      vertex 5.9 2.9 2
      vertex 6.29158 2.92567 5
      vertex 5.9 2.9 5
    endloop
  endfacet
  facet normal 0.0654145 -0.997858 0
    outer loop
      vertex 6.29158 2.92567 5
      vertex 5.9 2.9 2
      vertex 6.29158 2.92567 2
    endloop
  endfacet
  facet normal 0.659341 0.751844 -0
    outer loop
      vertex 8.02132 8.02132 2
      vertex 7.72628 8.28006 5
      vertex 8.02132 8.02132 5
    endloop
  endfacet
  facet normal 0.659341 0.751844 0
    outer loop
      vertex 7.72628 8.28006 5
      vertex 8.02132 8.02132 2
      vertex 7.72628 8.28006 2
    endloop
  endfacet
  facet normal -0.751844 0.659341 0
    outer loop
      vertex 3.51994 7.72628 2
      vertex 3.77868 8.02132 5
      vertex 3.77868 8.02132 2
    endloop
  endfacet
  facet normal -0.751844 0.659341 0
    outer loop
      vertex 3.77868 8.02132 5
      vertex 3.51994 7.72628 2
      vertex 3.51994 7.72628 5
    endloop
  endfacet
  facet normal -0.442283 0.896875 0
    outer loop
      vertex 4.75195 8.67164 2
      vertex 4.4 8.49808 5
      vertex 4.75195 8.67164 5
    endloop
  endfacet
  facet normal -0.442283 0.896875 0
    outer loop
      vertex 4.4 8.49808 5
      vertex 4.75195 8.67164 2
      vertex 4.4 8.49808 2
    endloop
  endfacet
  facet normal 0.831462 -0.555582 0
    outer loop
      vertex 8.28006 4.07372 5
      vertex 8.49808 4.4 2
      vertex 8.49808 4.4 5
    endloop
  endfacet
  facet normal 0.831462 -0.555582 0
    outer loop
      vertex 8.49808 4.4 2
      vertex 8.28006 4.07372 5
      vertex 8.28006 4.07372 2
    endloop
  endfacet
  facet normal -0.946928 -0.321444 0
    outer loop
      vertex 3.12836 4.75195 2
      vertex 3.00222 5.12354 5
      vertex 3.00222 5.12354 2
    endloop
  endfacet
  facet normal -0.946928 -0.321444 0
    outer loop
      vertex 3.00222 5.12354 5
      vertex 3.12836 4.75195 2
      vertex 3.12836 4.75195 5
    endloop
  endfacet
  facet normal 0.896875 0.442283 0
    outer loop
      vertex 8.67164 7.04805 5
      vertex 8.49808 7.4 2
      vertex 8.49808 7.4 5
    endloop
  endfacet
  facet normal 0.896875 0.442283 0
    outer loop
      vertex 8.49808 7.4 2
      vertex 8.67164 7.04805 5
      vertex 8.67164 7.04805 2
    endloop
  endfacet
  facet normal 0.980789 0.195072 0
    outer loop
      vertex 8.87433 6.29158 5
      vertex 8.79778 6.67646 2
      vertex 8.79778 6.67646 5
    endloop
  endfacet
  facet normal 0.980789 0.195072 0
    outer loop
      vertex 8.79778 6.67646 2
      vertex 8.87433 6.29158 5
      vertex 8.87433 6.29158 2
    endloop
  endfacet
  facet normal 0.321444 0.946928 -0
    outer loop
      vertex 7.04805 8.67164 2
      vertex 6.67646 8.79778 5
      vertex 7.04805 8.67164 5
    endloop
  endfacet
  facet normal 0.321444 0.946928 0
    outer loop
      vertex 6.67646 8.79778 5
      vertex 7.04805 8.67164 2
      vertex 6.67646 8.79778 2
    endloop
  endfacet
  facet normal 0.555582 0.831462 -0
    outer loop
      vertex 7.72628 8.28006 2
      vertex 7.4 8.49808 5
      vertex 7.72628 8.28006 5
    endloop
  endfacet
  facet normal 0.555582 0.831462 0
    outer loop
      vertex 7.4 8.49808 5
      vertex 7.72628 8.28006 2
      vertex 7.4 8.49808 2
    endloop
  endfacet
  facet normal -0.896875 0.442283 0
    outer loop
      vertex 3.12836 7.04805 2
      vertex 3.30192 7.4 5
      vertex 3.30192 7.4 2
    endloop
  endfacet
  facet normal -0.896875 0.442283 0
    outer loop
      vertex 3.30192 7.4 5
      vertex 3.12836 7.04805 2
      vertex 3.12836 7.04805 5
    endloop
  endfacet
  facet normal -0.831462 0.555582 0
    outer loop
      vertex 3.30192 7.4 2
      vertex 3.51994 7.72628 5
      vertex 3.51994 7.72628 2
    endloop
  endfacet
  facet normal -0.831462 0.555582 0
    outer loop
      vertex 3.51994 7.72628 5
      vertex 3.30192 7.4 2
      vertex 3.30192 7.4 5
    endloop
  endfacet
  facet normal -0.980789 0.195072 0
    outer loop
      vertex 2.92567 6.29158 2
      vertex 3.00222 6.67646 5
      vertex 3.00222 6.67646 2
    endloop
  endfacet
  facet normal -0.980789 0.195072 0
    outer loop
      vertex 3.00222 6.67646 5
      vertex 2.92567 6.29158 2
      vertex 2.92567 6.29158 5
    endloop
  endfacet
  facet normal -0.659341 0.751844 0
    outer loop
      vertex 4.07372 8.28006 2
      vertex 3.77868 8.02132 5
      vertex 4.07372 8.28006 5
    endloop
  endfacet
  facet normal -0.659341 0.751844 0
    outer loop
      vertex 3.77868 8.02132 5
      vertex 4.07372 8.28006 2
      vertex 3.77868 8.02132 2
    endloop
  endfacet
  facet normal -0.195072 0.980789 0
    outer loop
      vertex 5.50842 8.87433 2
      vertex 5.12354 8.79778 5
      vertex 5.50842 8.87433 5
    endloop
  endfacet
  facet normal -0.195072 0.980789 0
    outer loop
      vertex 5.12354 8.79778 5
      vertex 5.50842 8.87433 2
      vertex 5.12354 8.79778 2
    endloop
  endfacet
  facet normal 0.946928 -0.321444 0
    outer loop
      vertex 8.67164 4.75195 5
      vertex 8.79778 5.12354 2
      vertex 8.79778 5.12354 5
    endloop
  endfacet
  facet normal 0.946928 -0.321444 0
    outer loop
      vertex 8.79778 5.12354 2
      vertex 8.67164 4.75195 5
      vertex 8.67164 4.75195 2
    endloop
  endfacet
  facet normal 0.321444 -0.946928 0
    outer loop
      vertex 6.67646 3.00222 2
      vertex 7.04805 3.12836 5
      vertex 6.67646 3.00222 5
    endloop
  endfacet
  facet normal 0.321444 -0.946928 0
    outer loop
      vertex 7.04805 3.12836 5
      vertex 6.67646 3.00222 2
      vertex 7.04805 3.12836 2
    endloop
  endfacet
  facet normal 0.195072 -0.980789 0
    outer loop
      vertex 6.29158 2.92567 2
      vertex 6.67646 3.00222 5
      vertex 6.29158 2.92567 5
    endloop
  endfacet
  facet normal 0.195072 -0.980789 0
    outer loop
      vertex 6.67646 3.00222 5
      vertex 6.29158 2.92567 2
      vertex 6.67646 3.00222 2
    endloop
  endfacet
  facet normal -0.555582 -0.831462 0
    outer loop
      vertex 4.07372 3.51994 2
      vertex 4.4 3.30192 5
      vertex 4.07372 3.51994 5
    endloop
  endfacet
  facet normal -0.555582 -0.831462 -0
    outer loop
      vertex 4.4 3.30192 5
      vertex 4.07372 3.51994 2
      vertex 4.4 3.30192 2
    endloop
  endfacet
  facet normal -0.195072 -0.980789 0
    outer loop
      vertex 5.12354 3.00222 2
      vertex 5.50842 2.92567 5
      vertex 5.12354 3.00222 5
    endloop
  endfacet
  facet normal -0.195072 -0.980789 -0
    outer loop
      vertex 5.50842 2.92567 5
      vertex 5.12354 3.00222 2
      vertex 5.50842 2.92567 2
    endloop
  endfacet
  facet normal -0.659341 -0.751844 0
    outer loop
      vertex 3.77868 3.77868 2
      vertex 4.07372 3.51994 5
      vertex 3.77868 3.77868 5
    endloop
  endfacet
  facet normal -0.659341 -0.751844 -0
    outer loop
      vertex 4.07372 3.51994 5
      vertex 3.77868 3.77868 2
      vertex 4.07372 3.51994 2
    endloop
  endfacet
  facet normal -0.980789 -0.195072 0
    outer loop
      vertex 3.00222 5.12354 2
      vertex 2.92567 5.50842 5
      vertex 2.92567 5.50842 2
    endloop
  endfacet
  facet normal -0.980789 -0.195072 0
    outer loop
      vertex 2.92567 5.50842 5
      vertex 3.00222 5.12354 2
      vertex 3.00222 5.12354 5
    endloop
  endfacet
  facet normal 0.946928 0.321444 0
    outer loop
      vertex 8.79778 6.67646 5
      vertex 8.67164 7.04805 2
      vertex 8.67164 7.04805 5
    endloop
  endfacet
  facet normal 0.946928 0.321444 0
    outer loop
      vertex 8.67164 7.04805 2
      vertex 8.79778 6.67646 5
      vertex 8.79778 6.67646 2
    endloop
  endfacet
  facet normal 0.751844 0.659341 0
    outer loop
      vertex 8.28006 7.72628 5
      vertex 8.02132 8.02132 2
      vertex 8.02132 8.02132 5
    endloop
  endfacet
  facet normal 0.751844 0.659341 0
    outer loop
      vertex 8.02132 8.02132 2
      vertex 8.28006 7.72628 5
      vertex 8.28006 7.72628 2
    endloop
  endfacet
  facet normal 0.831462 0.555582 0
    outer loop
      vertex 8.49808 7.4 5
      vertex 8.28006 7.72628 2
      vertex 8.28006 7.72628 5
    endloop
  endfacet
  facet normal 0.831462 0.555582 0
    outer loop
      vertex 8.28006 7.72628 2
      vertex 8.49808 7.4 5
      vertex 8.49808 7.4 2
    endloop
  endfacet
  facet normal 0.195072 0.980789 -0
    outer loop
      vertex 6.67646 8.79778 2
      vertex 6.29158 8.87433 5
      vertex 6.67646 8.79778 5
    endloop
  endfacet
  facet normal 0.195072 0.980789 0
    outer loop
      vertex 6.29158 8.87433 5
      vertex 6.67646 8.79778 2
      vertex 6.29158 8.87433 2
    endloop
  endfacet
  facet normal 0.0654145 0.997858 -0
    outer loop
      vertex 6.29158 8.87433 2
      vertex 5.9 8.9 5
      vertex 6.29158 8.87433 5
    endloop
  endfacet
  facet normal 0.0654145 0.997858 0
    outer loop
      vertex 5.9 8.9 5
      vertex 6.29158 8.87433 2
      vertex 5.9 8.9 2
    endloop
  endfacet
  facet normal 0.442283 0.896875 -0
    outer loop
      vertex 7.4 8.49808 2
      vertex 7.04805 8.67164 5
      vertex 7.4 8.49808 5
    endloop
  endfacet
  facet normal 0.442283 0.896875 0
    outer loop
      vertex 7.04805 8.67164 5
      vertex 7.4 8.49808 2
      vertex 7.04805 8.67164 2
    endloop
  endfacet
  facet normal -0.946928 0.321444 0
    outer loop
      vertex 3.00222 6.67646 2
      vertex 3.12836 7.04805 5
      vertex 3.12836 7.04805 2
    endloop
  endfacet
  facet normal -0.946928 0.321444 0
    outer loop
      vertex 3.12836 7.04805 5
      vertex 3.00222 6.67646 2
      vertex 3.00222 6.67646 5
    endloop
  endfacet
  facet normal -0.997858 0.0654145 0
    outer loop
      vertex 2.9 5.9 2
      vertex 2.92567 6.29158 5
      vertex 2.92567 6.29158 2
    endloop
  endfacet
  facet normal -0.997858 0.0654145 0
    outer loop
      vertex 2.92567 6.29158 5
      vertex 2.9 5.9 2
      vertex 2.9 5.9 5
    endloop
  endfacet
  facet normal 0 0 1
    outer loop
      vertex 7 5.9 5
      vertex 8.9 5.9 5
      vertex 8.87433 6.29158 5
    endloop
  endfacet
  facet normal 0 0 1
    outer loop
      vertex 6.99059 6.04358 5
      vertex 8.87433 6.29158 5
      vertex 8.79778 6.67646 5
    endloop
  endfacet
  facet normal 0 0 1
    outer loop
      vertex 8.9 5.9 5
      vertex 7 5.9 5
      vertex 8.87433 5.50842 5
    endloop
  endfacet
  facet normal 0 0 1
    outer loop
      vertex 6.96252 6.1847 5
      vertex 8.79778 6.67646 5
      vertex 8.67164 7.04805 5
    endloop
  endfacet
  facet normal -0 0 1
    outer loop
      vertex 6.99059 5.75642 5
      vertex 8.87433 5.50842 5
      vertex 7 5.9 5
    endloop
  endfacet
  facet normal 0 0 1
    outer loop
      vertex 6.91627 6.32095 5
      vertex 8.67164 7.04805 5
      vertex 8.49808 7.4 5
    endloop
  endfacet
  facet normal 0 0 1
    outer loop
      vertex 8.87433 5.50842 5
      vertex 6.99059 5.75642 5
      vertex 8.79778 5.12354 5
    endloop
  endfacet
  facet normal 0 0 1
    outer loop
      vertex 6.85263 6.45 5
      vertex 8.49808 7.4 5
      vertex 8.28006 7.72628 5
    endloop
  endfacet
  facet normal -0 0 1
    outer loop
      vertex 6.96252 5.6153 5
      vertex 8.79778 5.12354 5
      vertex 6.99059 5.75642 5
    endloop
  endfacet
  facet normal 0 0 1
    outer loop
      vertex 6.77269 6.56964 5
      vertex 8.28006 7.72628 5
      vertex 8.02132 8.02132 5
    endloop
  endfacet
  facet normal 0 0 1
    outer loop
      vertex 8.79778 5.12354 5
      vertex 6.96252 5.6153 5
      vertex 8.67164 4.75195 5
    endloop
  endfacet
  facet normal 0 0 1
    outer loop
      vertex 6.67782 6.67782 5
      vertex 8.02132 8.02132 5
      vertex 7.72628 8.28006 5
    endloop
  endfacet
  facet normal -0 0 1
    outer loop
      vertex 6.91627 5.47905 5
      vertex 8.67164 4.75195 5
      vertex 6.96252 5.6153 5
    endloop
  endfacet
  facet normal 0 0 1
    outer loop
      vertex 6.56964 6.77269 5
      vertex 7.72628 8.28006 5
      vertex 7.4 8.49808 5
    endloop
  endfacet
  facet normal 0 0 1
    outer loop
      vertex 8.67164 4.75195 5
      vertex 6.91627 5.47905 5
      vertex 8.49808 4.4 5
    endloop
  endfacet
  facet normal 0 0 1
    outer loop
      vertex 6.45 6.85263 5
      vertex 7.4 8.49808 5
      vertex 7.04805 8.67164 5
    endloop
  endfacet
  facet normal -0 0 1
    outer loop
      vertex 6.85263 5.35 5
      vertex 8.49808 4.4 5
      vertex 6.91627 5.47905 5
    endloop
  endfacet
  facet normal 0 0 1
    outer loop
      vertex 8.49808 4.4 5
      vertex 6.85263 5.35 5
      vertex 8.28006 4.07372 5
    endloop
  endfacet
  facet normal 0 0 1
    outer loop
      vertex 8.87433 6.29158 5
      vertex 6.99059 6.04358 5
      vertex 7 5.9 5
    endloop
  endfacet
  facet normal 0 0 1
    outer loop
      vertex 8.79778 6.67646 5
      vertex 6.96252 6.1847 5
      vertex 6.99059 6.04358 5
    endloop
  endfacet
  facet normal 0 0 1
    outer loop
      vertex 8.67164 7.04805 5
      vertex 6.91627 6.32095 5
      vertex 6.96252 6.1847 5
    endloop
  endfacet
  facet normal 0 0 1
    outer loop
      vertex 8.49808 7.4 5
      vertex 6.85263 6.45 5
      vertex 6.91627 6.32095 5
    endloop
  endfacet
  facet normal 0 0 1
    outer loop
      vertex 8.28006 7.72628 5
      vertex 6.77269 6.56964 5
      vertex 6.85263 6.45 5
    endloop
  endfacet
  facet normal 0 0 1
    outer loop
      vertex 8.02132 8.02132 5
      vertex 6.67782 6.67782 5
      vertex 6.77269 6.56964 5
    endloop
  endfacet
  facet normal 0 0 1
    outer loop
      vertex 6.32095 6.91627 5
      vertex 7.04805 8.67164 5
      vertex 6.67646 8.79778 5
    endloop
  endfacet
  facet normal 0 0 1
    outer loop
      vertex 7.72628 8.28006 5
      vertex 6.56964 6.77269 5
      vertex 6.67782 6.67782 5
    endloop
  endfacet
  facet normal 0 0 1
    outer loop
      vertex 7.4 8.49808 5
      vertex 6.45 6.85263 5
      vertex 6.56964 6.77269 5
    endloop
  endfacet
  facet normal 0 0 1
    outer loop
      vertex 7.04805 8.67164 5
      vertex 6.32095 6.91627 5
      vertex 6.45 6.85263 5
    endloop
  endfacet
  facet normal 0 0 1
    outer loop
      vertex 6.1847 6.96252 5
      vertex 6.67646 8.79778 5
      vertex 6.29158 8.87433 5
    endloop
  endfacet
  facet normal 0 0 1
    outer loop
      vertex 6.67646 8.79778 5
      vertex 6.1847 6.96252 5
      vertex 6.32095 6.91627 5
    endloop
  endfacet
  facet normal 0 0 1
    outer loop
      vertex 6.29158 8.87433 5
      vertex 6.04358 6.99059 5
      vertex 6.1847 6.96252 5
    endloop
  endfacet
  facet normal 0 0 1
    outer loop
      vertex 5.9 8.9 5
      vertex 6.04358 6.99059 5
      vertex 6.29158 8.87433 5
    endloop
  endfacet
  facet normal 0 0 1
    outer loop
      vertex 5.9 8.9 5
      vertex 5.9 7 5
      vertex 6.04358 6.99059 5
    endloop
  endfacet
  facet normal 0 0 1
    outer loop
      vertex 5.9 8.9 5
      vertex 5.75642 6.99059 5
      vertex 5.9 7 5
    endloop
  endfacet
  facet normal -0 0 1
    outer loop
      vertex 5.50842 8.87433 5
      vertex 5.75642 6.99059 5
      vertex 5.9 8.9 5
    endloop
  endfacet
  facet normal 0 0 1
    outer loop
      vertex 5.75642 6.99059 5
      vertex 5.50842 8.87433 5
      vertex 5.6153 6.96252 5
    endloop
  endfacet
  facet normal -0 0 1
    outer loop
      vertex 5.12354 8.79778 5
      vertex 5.6153 6.96252 5
      vertex 5.50842 8.87433 5
    endloop
  endfacet
  facet normal 0 0 1
    outer loop
      vertex 5.6153 6.96252 5
      vertex 5.12354 8.79778 5
      vertex 5.47905 6.91627 5
    endloop
  endfacet
  facet normal -0 0 1
    outer loop
      vertex 4.75195 8.67164 5
      vertex 5.47905 6.91627 5
      vertex 5.12354 8.79778 5
    endloop
  endfacet
  facet normal 0 0 1
    outer loop
      vertex 5.47905 6.91627 5
      vertex 4.75195 8.67164 5
      vertex 5.35 6.85263 5
    endloop
  endfacet
  facet normal -0 0 1
    outer loop
      vertex 4.4 8.49808 5
      vertex 5.35 6.85263 5
      vertex 4.75195 8.67164 5
    endloop
  endfacet
  facet normal 0 0 1
    outer loop
      vertex 5.35 6.85263 5
      vertex 4.4 8.49808 5
      vertex 5.23036 6.77269 5
    endloop
  endfacet
  facet normal -0 0 1
    outer loop
      vertex 4.07372 8.28006 5
      vertex 5.23036 6.77269 5
      vertex 4.4 8.49808 5
    endloop
  endfacet
  facet normal 0 0 1
    outer loop
      vertex 5.23036 6.77269 5
      vertex 4.07372 8.28006 5
      vertex 5.12218 6.67782 5
    endloop
  endfacet
  facet normal -0 0 1
    outer loop
      vertex 3.77868 8.02132 5
      vertex 5.12218 6.67782 5
      vertex 4.07372 8.28006 5
    endloop
  endfacet
  facet normal 0 0 1
    outer loop
      vertex 5.12218 6.67782 5
      vertex 3.77868 8.02132 5
      vertex 5.02731 6.56964 5
    endloop
  endfacet
  facet normal 0 0 1
    outer loop
      vertex 5.02731 6.56964 5
      vertex 3.51994 7.72628 5
      vertex 4.94737 6.45 5
    endloop
  endfacet
  facet normal -0 0 1
    outer loop
      vertex 3.51994 7.72628 5
      vertex 5.02731 6.56964 5
      vertex 3.77868 8.02132 5
    endloop
  endfacet
  facet normal -0 0 1
    outer loop
      vertex 6.77269 5.23036 5
      vertex 8.28006 4.07372 5
      vertex 6.85263 5.35 5
    endloop
  endfacet
  facet normal 0 0 1
    outer loop
      vertex 8.28006 4.07372 5
      vertex 6.77269 5.23036 5
      vertex 8.02132 3.77868 5
    endloop
  endfacet
  facet normal -0 0 1
    outer loop
      vertex 6.67782 5.12218 5
      vertex 8.02132 3.77868 5
      vertex 6.77269 5.23036 5
    endloop
  endfacet
  facet normal 0 0 1
    outer loop
      vertex 8.02132 3.77868 5
      vertex 6.67782 5.12218 5
      vertex 7.72628 3.51994 5
    endloop
  endfacet
  facet normal -0 0 1
    outer loop
      vertex 6.56964 5.02731 5
      vertex 7.72628 3.51994 5
      vertex 6.67782 5.12218 5
    endloop
  endfacet
  facet normal 0 0 1
    outer loop
      vertex 7.72628 3.51994 5
      vertex 6.56964 5.02731 5
      vertex 7.4 3.30192 5
    endloop
  endfacet
  facet normal -0 0 1
    outer loop
      vertex 6.45 4.94737 5
      vertex 7.4 3.30192 5
      vertex 6.56964 5.02731 5
    endloop
  endfacet
  facet normal 0 0 1
    outer loop
      vertex 7.4 3.30192 5
      vertex 6.45 4.94737 5
      vertex 7.04805 3.12836 5
    endloop
  endfacet
  facet normal -0 0 1
    outer loop
      vertex 6.32095 4.88373 5
      vertex 7.04805 3.12836 5
      vertex 6.45 4.94737 5
    endloop
  endfacet
  facet normal 0 0 1
    outer loop
      vertex 7.04805 3.12836 5
      vertex 6.32095 4.88373 5
      vertex 6.67646 3.00222 5
    endloop
  endfacet
  facet normal -0 0 1
    outer loop
      vertex 6.1847 4.83748 5
      vertex 6.67646 3.00222 5
      vertex 6.32095 4.88373 5
    endloop
  endfacet
  facet normal 0 0 1
    outer loop
      vertex 6.67646 3.00222 5
      vertex 6.1847 4.83748 5
      vertex 6.29158 2.92567 5
    endloop
  endfacet
  facet normal -0 0 1
    outer loop
      vertex 6.04358 4.80941 5
      vertex 6.29158 2.92567 5
      vertex 6.1847 4.83748 5
    endloop
  endfacet
  facet normal -0 0 1
    outer loop
      vertex 5.9 4.8 5
      vertex 6.29158 2.92567 5
      vertex 6.04358 4.80941 5
    endloop
  endfacet
  facet normal 0 0 1
    outer loop
      vertex 5.9 4.8 5
      vertex 5.9 2.9 5
      vertex 6.29158 2.92567 5
    endloop
  endfacet
  facet normal 0 0 1
    outer loop
      vertex 5.75642 4.80941 5
      vertex 5.9 2.9 5
      vertex 5.9 4.8 5
    endloop
  endfacet
  facet normal 0 0 1
    outer loop
      vertex 5.50842 2.92567 5
      vertex 5.75642 4.80941 5
      vertex 5.6153 4.83748 5
    endloop
  endfacet
  facet normal 0 0 1
    outer loop
      vertex 5.75642 4.80941 5
      vertex 5.50842 2.92567 5
      vertex 5.9 2.9 5
    endloop
  endfacet
  facet normal 0 0 1
    outer loop
      vertex 5.12354 3.00222 5
      vertex 5.6153 4.83748 5
      vertex 5.47905 4.88373 5
    endloop
  endfacet
  facet normal 0 0 1
    outer loop
      vertex 4.75195 3.12836 5
      vertex 5.47905 4.88373 5
      vertex 5.35 4.94737 5
    endloop
  endfacet
  facet normal 0 0 1
    outer loop
      vertex 4.4 3.30192 5
      vertex 5.35 4.94737 5
      vertex 5.23036 5.02731 5
    endloop
  endfacet
  facet normal 0 0 1
    outer loop
      vertex 5.6153 4.83748 5
      vertex 5.12354 3.00222 5
      vertex 5.50842 2.92567 5
    endloop
  endfacet
  facet normal 0 0 1
    outer loop
      vertex 4.07372 3.51994 5
      vertex 5.23036 5.02731 5
      vertex 5.12218 5.12218 5
    endloop
  endfacet
  facet normal 0 0 1
    outer loop
      vertex 3.77868 3.77868 5
      vertex 5.12218 5.12218 5
      vertex 5.02731 5.23036 5
    endloop
  endfacet
  facet normal 0 0 1
    outer loop
      vertex 3.51994 4.07372 5
      vertex 5.02731 5.23036 5
      vertex 4.94737 5.35 5
    endloop
  endfacet
  facet normal 0 0 1
    outer loop
      vertex 3.30192 4.4 5
      vertex 4.94737 5.35 5
      vertex 4.88373 5.47905 5
    endloop
  endfacet
  facet normal 0 0 1
    outer loop
      vertex 3.12836 4.75195 5
      vertex 4.88373 5.47905 5
      vertex 4.83748 5.6153 5
    endloop
  endfacet
  facet normal 0 0 1
    outer loop
      vertex 3.00222 5.12354 5
      vertex 4.83748 5.6153 5
      vertex 4.80941 5.75642 5
    endloop
  endfacet
  facet normal 0 0 1
    outer loop
      vertex 5.47905 4.88373 5
      vertex 4.75195 3.12836 5
      vertex 5.12354 3.00222 5
    endloop
  endfacet
  facet normal 0 0 1
    outer loop
      vertex 2.92567 5.50842 5
      vertex 4.80941 5.75642 5
      vertex 4.8 5.9 5
    endloop
  endfacet
  facet normal -0 0 1
    outer loop
      vertex 3.30192 7.4 5
      vertex 4.94737 6.45 5
      vertex 3.51994 7.72628 5
    endloop
  endfacet
  facet normal 0 0 1
    outer loop
      vertex 4.94737 6.45 5
      vertex 3.30192 7.4 5
      vertex 4.88373 6.32095 5
    endloop
  endfacet
  facet normal 0 0 1
    outer loop
      vertex 5.35 4.94737 5
      vertex 4.4 3.30192 5
      vertex 4.75195 3.12836 5
    endloop
  endfacet
  facet normal -0 0 1
    outer loop
      vertex 3.12836 7.04805 5
      vertex 4.88373 6.32095 5
      vertex 3.30192 7.4 5
    endloop
  endfacet
  facet normal 0 0 1
    outer loop
      vertex 5.23036 5.02731 5
      vertex 4.07372 3.51994 5
      vertex 4.4 3.30192 5
    endloop
  endfacet
  facet normal 0 0 1
    outer loop
      vertex 4.88373 6.32095 5
      vertex 3.12836 7.04805 5
      vertex 4.83748 6.1847 5
    endloop
  endfacet
  facet normal 0 0 1
    outer loop
      vertex 5.12218 5.12218 5
      vertex 3.77868 3.77868 5
      vertex 4.07372 3.51994 5
    endloop
  endfacet
  facet normal -0 0 1
    outer loop
      vertex 3.00222 6.67646 5
      vertex 4.83748 6.1847 5
      vertex 3.12836 7.04805 5
    endloop
  endfacet
  facet normal 0 0 1
    outer loop
      vertex 5.02731 5.23036 5
      vertex 3.51994 4.07372 5
      vertex 3.77868 3.77868 5
    endloop
  endfacet
  facet normal 0 0 1
    outer loop
      vertex 4.83748 6.1847 5
      vertex 3.00222 6.67646 5
      vertex 4.80941 6.04358 5
    endloop
  endfacet
  facet normal 0 0 1
    outer loop
      vertex 4.94737 5.35 5
      vertex 3.30192 4.4 5
      vertex 3.51994 4.07372 5
    endloop
  endfacet
  facet normal -0 0 1
    outer loop
      vertex 2.92567 6.29158 5
      vertex 4.80941 6.04358 5
      vertex 3.00222 6.67646 5
    endloop
  endfacet
  facet normal 0 0 1
    outer loop
      vertex 4.88373 5.47905 5
      vertex 3.12836 4.75195 5
      vertex 3.30192 4.4 5
    endloop
  endfacet
  facet normal 0 0 1
    outer loop
      vertex 4.80941 6.04358 5
      vertex 2.92567 6.29158 5
      vertex 4.8 5.9 5
    endloop
  endfacet
  facet normal 0 0 1
    outer loop
      vertex 4.83748 5.6153 5
      vertex 3.00222 5.12354 5
      vertex 3.12836 4.75195 5
    endloop
  endfacet
  facet normal 0 0 1
    outer loop
      vertex 2.9 5.9 5
      vertex 4.8 5.9 5
      vertex 2.92567 6.29158 5
    endloop
  endfacet
  facet normal 0 0 1
    outer loop
      vertex 4.80941 5.75642 5
      vertex 2.92567 5.50842 5
      vertex 3.00222 5.12354 5
    endloop
  endfacet
  facet normal 0 0 1
    outer loop
      vertex 4.8 5.9 5
      vertex 2.9 5.9 5
      vertex 2.92567 5.50842 5
    endloop
  endfacet
  facet normal -0.321444 0.946928 0
    outer loop
      vertex 5.12354 8.79778 2
      vertex 4.75195 8.67164 5
      vertex 5.12354 8.79778 5
    endloop
  endfacet
  facet normal -0.321444 0.946928 0
    outer loop
      vertex 4.75195 8.67164 5
      vertex 5.12354 8.79778 2
      vertex 4.75195 8.67164 2
    endloop
  endfacet
  facet normal 0.997858 -0.0654145 0
    outer loop
      vertex 8.87433 5.50842 5
      vertex 8.9 5.9 2
      vertex 8.9 5.9 5
    endloop
  endfacet
  facet normal 0.997858 -0.0654145 0
    outer loop
      vertex 8.9 5.9 2
      vertex 8.87433 5.50842 5
      vertex 8.87433 5.50842 2
    endloop
  endfacet
  facet normal 0.555582 -0.831462 0
    outer loop
      vertex 7.4 3.30192 2
      vertex 7.72628 3.51994 5
      vertex 7.4 3.30192 5
    endloop
  endfacet
  facet normal 0.555582 -0.831462 0
    outer loop
      vertex 7.72628 3.51994 5
      vertex 7.4 3.30192 2
      vertex 7.72628 3.51994 2
    endloop
  endfacet
  facet normal 0.751844 -0.659341 0
    outer loop
      vertex 8.02132 3.77868 5
      vertex 8.28006 4.07372 2
      vertex 8.28006 4.07372 5
    endloop
  endfacet
  facet normal 0.751844 -0.659341 0
    outer loop
      vertex 8.28006 4.07372 2
      vertex 8.02132 3.77868 5
      vertex 8.02132 3.77868 2
    endloop
  endfacet
  facet normal 0.980789 -0.195072 0
    outer loop
      vertex 8.79778 5.12354 5
      vertex 8.87433 5.50842 2
      vertex 8.87433 5.50842 5
    endloop
  endfacet
  facet normal 0.980789 -0.195072 0
    outer loop
      vertex 8.87433 5.50842 2
      vertex 8.79778 5.12354 5
      vertex 8.79778 5.12354 2
    endloop
  endfacet
  facet normal -0.442283 -0.896875 0
    outer loop
      vertex 4.4 3.30192 2
      vertex 4.75195 3.12836 5
      vertex 4.4 3.30192 5
    endloop
  endfacet
  facet normal -0.442283 -0.896875 -0
    outer loop
      vertex 4.75195 3.12836 5
      vertex 4.4 3.30192 2
      vertex 4.75195 3.12836 2
    endloop
  endfacet
  facet normal -0.0654145 -0.997858 0
    outer loop
      vertex 5.50842 2.92567 2
      vertex 5.9 2.9 5
      vertex 5.50842 2.92567 5
    endloop
  endfacet
  facet normal -0.0654145 -0.997858 -0
    outer loop
      vertex 5.9 2.9 5
      vertex 5.50842 2.92567 2
      vertex 5.9 2.9 2
    endloop
  endfacet
  facet normal -0.831462 -0.555582 0
    outer loop
      vertex 3.51994 4.07372 2
      vertex 3.30192 4.4 5
      vertex 3.30192 4.4 2
    endloop
  endfacet
  facet normal -0.831462 -0.555582 0
    outer loop
      vertex 3.30192 4.4 5
      vertex 3.51994 4.07372 2
      vertex 3.51994 4.07372 5
    endloop
  endfacet
  facet normal -0.555582 0.831462 0
    outer loop
      vertex 4.4 8.49808 2
      vertex 4.07372 8.28006 5
      vertex 4.4 8.49808 5
    endloop
  endfacet
  facet normal -0.555582 0.831462 0
    outer loop
      vertex 4.07372 8.28006 5
      vertex 4.4 8.49808 2
      vertex 4.07372 8.28006 2
    endloop
  endfacet
  facet normal 0.442283 -0.896875 0
    outer loop
      vertex 7.04805 3.12836 2
      vertex 7.4 3.30192 5
      vertex 7.04805 3.12836 5
    endloop
  endfacet
  facet normal 0.442283 -0.896875 0
    outer loop
      vertex 7.4 3.30192 5
      vertex 7.04805 3.12836 2
      vertex 7.4 3.30192 2
    endloop
  endfacet
  facet normal 0.659341 -0.751844 0
    outer loop
      vertex 7.72628 3.51994 2
      vertex 8.02132 3.77868 5
      vertex 7.72628 3.51994 5
    endloop
  endfacet
  facet normal 0.659341 -0.751844 0
    outer loop
      vertex 8.02132 3.77868 5
      vertex 7.72628 3.51994 2
      vertex 8.02132 3.77868 2
    endloop
  endfacet
  facet normal 0.896875 -0.442283 0
    outer loop
      vertex 8.49808 4.4 5
      vertex 8.67164 4.75195 2
      vertex 8.67164 4.75195 5
    endloop
  endfacet
  facet normal 0.896875 -0.442283 0
    outer loop
      vertex 8.67164 4.75195 2
      vertex 8.49808 4.4 5
      vertex 8.49808 4.4 2
    endloop
  endfacet
  facet normal -0.321444 -0.946928 0
    outer loop
      vertex 4.75195 3.12836 2
      vertex 5.12354 3.00222 5
      vertex 4.75195 3.12836 5
    endloop
  endfacet
  facet normal -0.321444 -0.946928 -0
    outer loop
      vertex 5.12354 3.00222 5
      vertex 4.75195 3.12836 2
      vertex 5.12354 3.00222 2
    endloop
  endfacet
  facet normal -0.751844 -0.659341 0
    outer loop
      vertex 3.77868 3.77868 2
      vertex 3.51994 4.07372 5
      vertex 3.51994 4.07372 2
    endloop
  endfacet
  facet normal -0.751844 -0.659341 0
    outer loop
      vertex 3.51994 4.07372 5
      vertex 3.77868 3.77868 2
      vertex 3.77868 3.77868 5
    endloop
  endfacet
  facet normal -0.896875 -0.442283 0
    outer loop
      vertex 3.30192 4.4 2
      vertex 3.12836 4.75195 5
      vertex 3.12836 4.75195 2
    endloop
  endfacet
  facet normal -0.896875 -0.442283 0
    outer loop
      vertex 3.12836 4.75195 5
      vertex 3.30192 4.4 2
      vertex 3.30192 4.4 5
    endloop
  endfacet
  facet normal 0.555547 0.831485 -0
    outer loop
      vertex 7.72628 31.2801 2
      vertex 7.4 31.4981 5
      vertex 7.72628 31.2801 5
    endloop
  endfacet
  facet normal 0.555547 0.831485 0
    outer loop
      vertex 7.4 31.4981 5
      vertex 7.72628 31.2801 2
      vertex 7.4 31.4981 2
    endloop
  endfacet
  facet normal 0.980791 -0.195062 0
    outer loop
      vertex 8.79778 28.1235 5
      vertex 8.87433 28.5084 2
      vertex 8.87433 28.5084 5
    endloop
  endfacet
  facet normal 0.980791 -0.195062 0
    outer loop
      vertex 8.87433 28.5084 2
      vertex 8.79778 28.1235 5
      vertex 8.79778 28.1235 2
    endloop
  endfacet
  facet normal -0.19495 -0.980813 0
    outer loop
      vertex 5.12354 26.0022 2
      vertex 5.50842 25.9257 5
      vertex 5.12354 26.0022 5
    endloop
  endfacet
  facet normal -0.19495 -0.980813 -0
    outer loop
      vertex 5.50842 25.9257 5
      vertex 5.12354 26.0022 2
      vertex 5.50842 25.9257 2
    endloop
  endfacet
  facet normal -0.44216 0.896936 0
    outer loop
      vertex 4.75195 31.6716 2
      vertex 4.4 31.4981 5
      vertex 4.75195 31.6716 5
    endloop
  endfacet
  facet normal -0.44216 0.896936 0
    outer loop
      vertex 4.4 31.4981 5
      vertex 4.75195 31.6716 2
      vertex 4.4 31.4981 2
    endloop
  endfacet
  facet normal -0.946905 0.321514 0
    outer loop
      vertex 3.00222 29.6765 2
      vertex 3.12836 30.048 5
      vertex 3.12836 30.048 2
    endloop
  endfacet
  facet normal -0.946905 0.321514 0
    outer loop
      vertex 3.12836 30.048 5
      vertex 3.00222 29.6765 2
      vertex 3.00222 29.6765 5
    endloop
  endfacet
  facet normal 0.751799 -0.659392 0
    outer loop
      vertex 8.02132 26.7787 5
      vertex 8.28006 27.0737 2
      vertex 8.28006 27.0737 5
    endloop
  endfacet
  facet normal 0.751799 -0.659392 0
    outer loop
      vertex 8.28006 27.0737 2
      vertex 8.02132 26.7787 5
      vertex 8.02132 26.7787 2
    endloop
  endfacet
  facet normal -0.321582 -0.946882 0
    outer loop
      vertex 4.75195 26.1284 2
      vertex 5.12354 26.0022 5
      vertex 4.75195 26.1284 5
    endloop
  endfacet
  facet normal -0.321582 -0.946882 -0
    outer loop
      vertex 5.12354 26.0022 5
      vertex 4.75195 26.1284 2
      vertex 5.12354 26.0022 2
    endloop
  endfacet
  facet normal 0.8969 0.442233 0
    outer loop
      vertex 8.67164 30.048 5
      vertex 8.49808 30.4 2
      vertex 8.49808 30.4 5
    endloop
  endfacet
  facet normal 0.8969 0.442233 0
    outer loop
      vertex 8.49808 30.4 2
      vertex 8.67164 30.048 5
      vertex 8.67164 30.048 2
    endloop
  endfacet
  facet normal 0.980791 0.195062 0
    outer loop
      vertex 8.87433 29.2916 5
      vertex 8.79778 29.6765 2
      vertex 8.79778 29.6765 5
    endloop
  endfacet
  facet normal 0.980791 0.195062 0
    outer loop
      vertex 8.79778 29.6765 2
      vertex 8.87433 29.2916 5
      vertex 8.87433 29.2916 2
    endloop
  endfacet
  facet normal 0.831477 0.555558 0
    outer loop
      vertex 8.49808 30.4 5
      vertex 8.28006 30.7263 2
      vertex 8.28006 30.7263 5
    endloop
  endfacet
  facet normal 0.831477 0.555558 0
    outer loop
      vertex 8.28006 30.7263 2
      vertex 8.49808 30.4 5
      vertex 8.49808 30.4 2
    endloop
  endfacet
  facet normal 0.659428 0.751768 -0
    outer loop
      vertex 8.02132 31.0213 2
      vertex 7.72628 31.2801 5
      vertex 8.02132 31.0213 5
    endloop
  endfacet
  facet normal 0.659428 0.751768 0
    outer loop
      vertex 7.72628 31.2801 5
      vertex 8.02132 31.0213 2
      vertex 7.72628 31.2801 2
    endloop
  endfacet
  facet normal 0.321582 0.946882 -0
    outer loop
      vertex 7.04805 31.6716 2
      vertex 6.67646 31.7978 5
      vertex 7.04805 31.6716 5
    endloop
  endfacet
  facet normal 0.321582 0.946882 0
    outer loop
      vertex 6.67646 31.7978 5
      vertex 7.04805 31.6716 2
      vertex 6.67646 31.7978 2
    endloop
  endfacet
  facet normal -0.0654906 0.997853 0
    outer loop
      vertex 5.9 31.9 2
      vertex 5.50842 31.8743 5
      vertex 5.9 31.9 5
    endloop
  endfacet
  facet normal -0.0654906 0.997853 0
    outer loop
      vertex 5.50842 31.8743 5
      vertex 5.9 31.9 2
      vertex 5.50842 31.8743 2
    endloop
  endfacet
  facet normal -0.831477 0.555558 0
    outer loop
      vertex 3.30192 30.4 2
      vertex 3.51994 30.7263 5
      vertex 3.51994 30.7263 2
    endloop
  endfacet
  facet normal -0.831477 0.555558 0
    outer loop
      vertex 3.51994 30.7263 5
      vertex 3.30192 30.4 2
      vertex 3.30192 30.4 5
    endloop
  endfacet
  facet normal -0.19495 0.980813 0
    outer loop
      vertex 5.50842 31.8743 2
      vertex 5.12354 31.7978 5
      vertex 5.50842 31.8743 5
    endloop
  endfacet
  facet normal -0.19495 0.980813 0
    outer loop
      vertex 5.12354 31.7978 5
      vertex 5.50842 31.8743 2
      vertex 5.12354 31.7978 2
    endloop
  endfacet
  facet normal -0.751799 0.659392 0
    outer loop
      vertex 3.51994 30.7263 2
      vertex 3.77868 31.0213 5
      vertex 3.77868 31.0213 2
    endloop
  endfacet
  facet normal -0.751799 0.659392 0
    outer loop
      vertex 3.77868 31.0213 5
      vertex 3.51994 30.7263 2
      vertex 3.51994 30.7263 5
    endloop
  endfacet
  facet normal 0.997858 0.0654112 0
    outer loop
      vertex 8.9 28.9 5
      vertex 8.87433 29.2916 2
      vertex 8.87433 29.2916 5
    endloop
  endfacet
  facet normal 0.997858 0.0654112 0
    outer loop
      vertex 8.87433 29.2916 2
      vertex 8.9 28.9 5
      vertex 8.9 28.9 2
    endloop
  endfacet
  facet normal 0.19495 -0.980813 0
    outer loop
      vertex 6.29158 25.9257 2
      vertex 6.67646 26.0022 5
      vertex 6.29158 25.9257 5
    endloop
  endfacet
  facet normal 0.19495 -0.980813 0
    outer loop
      vertex 6.67646 26.0022 5
      vertex 6.29158 25.9257 2
      vertex 6.67646 26.0022 2
    endloop
  endfacet
  facet normal 0.946931 -0.321437 0
    outer loop
      vertex 8.67164 27.7519 5
      vertex 8.79778 28.1235 2
      vertex 8.79778 28.1235 5
    endloop
  endfacet
  facet normal 0.946931 -0.321437 0
    outer loop
      vertex 8.79778 28.1235 2
      vertex 8.67164 27.7519 5
      vertex 8.67164 27.7519 2
    endloop
  endfacet
  facet normal -0.0654906 -0.997853 0
    outer loop
      vertex 5.50842 25.9257 2
      vertex 5.9 25.9 5
      vertex 5.50842 25.9257 5
    endloop
  endfacet
  facet normal -0.0654906 -0.997853 -0
    outer loop
      vertex 5.9 25.9 5
      vertex 5.50842 25.9257 2
      vertex 5.9 25.9 2
    endloop
  endfacet
  facet normal -0.555547 -0.831485 0
    outer loop
      vertex 4.07372 26.5199 2
      vertex 4.4 26.3019 5
      vertex 4.07372 26.5199 5
    endloop
  endfacet
  facet normal -0.555547 -0.831485 -0
    outer loop
      vertex 4.4 26.3019 5
      vertex 4.07372 26.5199 2
      vertex 4.4 26.3019 2
    endloop
  endfacet
  facet normal -0.980791 -0.195062 0
    outer loop
      vertex 3.00222 28.1235 2
      vertex 2.92567 28.5084 5
      vertex 2.92567 28.5084 2
    endloop
  endfacet
  facet normal -0.980791 -0.195062 0
    outer loop
      vertex 2.92567 28.5084 5
      vertex 3.00222 28.1235 2
      vertex 3.00222 28.1235 5
    endloop
  endfacet
  facet normal 0.946905 0.321514 0
    outer loop
      vertex 8.79778 29.6765 5
      vertex 8.67164 30.048 2
      vertex 8.67164 30.048 5
    endloop
  endfacet
  facet normal 0.946905 0.321514 0
    outer loop
      vertex 8.67164 30.048 2
      vertex 8.79778 29.6765 5
      vertex 8.79778 29.6765 2
    endloop
  endfacet
  facet normal 0.751799 0.659392 0
    outer loop
      vertex 8.28006 30.7263 5
      vertex 8.02132 31.0213 2
      vertex 8.02132 31.0213 5
    endloop
  endfacet
  facet normal 0.751799 0.659392 0
    outer loop
      vertex 8.02132 31.0213 2
      vertex 8.28006 30.7263 5
      vertex 8.28006 30.7263 2
    endloop
  endfacet
  facet normal 0.44216 0.896936 -0
    outer loop
      vertex 7.4 31.4981 2
      vertex 7.04805 31.6716 5
      vertex 7.4 31.4981 5
    endloop
  endfacet
  facet normal 0.44216 0.896936 0
    outer loop
      vertex 7.04805 31.6716 5
      vertex 7.4 31.4981 2
      vertex 7.04805 31.6716 2
    endloop
  endfacet
  facet normal 0.19495 0.980813 -0
    outer loop
      vertex 6.67646 31.7978 2
      vertex 6.29158 31.8743 5
      vertex 6.67646 31.7978 5
    endloop
  endfacet
  facet normal 0.19495 0.980813 0
    outer loop
      vertex 6.29158 31.8743 5
      vertex 6.67646 31.7978 2
      vertex 6.29158 31.8743 2
    endloop
  endfacet
  facet normal 0.0654906 0.997853 -0
    outer loop
      vertex 6.29158 31.8743 2
      vertex 5.9 31.9 5
      vertex 6.29158 31.8743 5
    endloop
  endfacet
  facet normal 0.0654906 0.997853 0
    outer loop
      vertex 5.9 31.9 5
      vertex 6.29158 31.8743 2
      vertex 5.9 31.9 2
    endloop
  endfacet
  facet normal -0.997858 -0.0654112 0
    outer loop
      vertex 2.92567 28.5084 2
      vertex 2.9 28.9 5
      vertex 2.9 28.9 2
    endloop
  endfacet
  facet normal -0.997858 -0.0654112 0
    outer loop
      vertex 2.9 28.9 5
      vertex 2.92567 28.5084 2
      vertex 2.92567 28.5084 5
    endloop
  endfacet
  facet normal -0.980791 0.195062 0
    outer loop
      vertex 2.92567 29.2916 2
      vertex 3.00222 29.6765 5
      vertex 3.00222 29.6765 2
    endloop
  endfacet
  facet normal -0.980791 0.195062 0
    outer loop
      vertex 3.00222 29.6765 5
      vertex 2.92567 29.2916 2
      vertex 2.92567 29.2916 5
    endloop
  endfacet
  facet normal -0.8969 0.442233 0
    outer loop
      vertex 3.12836 30.048 2
      vertex 3.30192 30.4 5
      vertex 3.30192 30.4 2
    endloop
  endfacet
  facet normal -0.8969 0.442233 0
    outer loop
      vertex 3.30192 30.4 5
      vertex 3.12836 30.048 2
      vertex 3.12836 30.048 5
    endloop
  endfacet
  facet normal -0.321582 0.946882 0
    outer loop
      vertex 5.12354 31.7978 2
      vertex 4.75195 31.6716 5
      vertex 5.12354 31.7978 5
    endloop
  endfacet
  facet normal -0.321582 0.946882 0
    outer loop
      vertex 4.75195 31.6716 5
      vertex 5.12354 31.7978 2
      vertex 4.75195 31.6716 2
    endloop
  endfacet
  facet normal -0.659428 0.751768 0
    outer loop
      vertex 4.07372 31.2801 2
      vertex 3.77868 31.0213 5
      vertex 4.07372 31.2801 5
    endloop
  endfacet
  facet normal -0.659428 0.751768 0
    outer loop
      vertex 3.77868 31.0213 5
      vertex 4.07372 31.2801 2
      vertex 3.77868 31.0213 2
    endloop
  endfacet
  facet normal -0.555547 0.831485 0
    outer loop
      vertex 4.4 31.4981 2
      vertex 4.07372 31.2801 5
      vertex 4.4 31.4981 5
    endloop
  endfacet
  facet normal -0.555547 0.831485 0
    outer loop
      vertex 4.07372 31.2801 5
      vertex 4.4 31.4981 2
      vertex 4.07372 31.2801 2
    endloop
  endfacet
  facet normal 0.997858 -0.0654112 0
    outer loop
      vertex 8.87433 28.5084 5
      vertex 8.9 28.9 2
      vertex 8.9 28.9 5
    endloop
  endfacet
  facet normal 0.997858 -0.0654112 0
    outer loop
      vertex 8.9 28.9 2
      vertex 8.87433 28.5084 5
      vertex 8.87433 28.5084 2
    endloop
  endfacet
  facet normal 0.831477 -0.555558 0
    outer loop
      vertex 8.28006 27.0737 5
      vertex 8.49808 27.4 2
      vertex 8.49808 27.4 5
    endloop
  endfacet
  facet normal 0.831477 -0.555558 0
    outer loop
      vertex 8.49808 27.4 2
      vertex 8.28006 27.0737 5
      vertex 8.28006 27.0737 2
    endloop
  endfacet
  facet normal 0.89685 -0.442334 0
    outer loop
      vertex 8.49808 27.4 5
      vertex 8.67164 27.7519 2
      vertex 8.67164 27.7519 5
    endloop
  endfacet
  facet normal 0.89685 -0.442334 0
    outer loop
      vertex 8.67164 27.7519 2
      vertex 8.49808 27.4 5
      vertex 8.49808 27.4 2
    endloop
  endfacet
  facet normal 0.321582 -0.946882 0
    outer loop
      vertex 6.67646 26.0022 2
      vertex 7.04805 26.1284 5
      vertex 6.67646 26.0022 5
    endloop
  endfacet
  facet normal 0.321582 -0.946882 0
    outer loop
      vertex 7.04805 26.1284 5
      vertex 6.67646 26.0022 2
      vertex 7.04805 26.1284 2
    endloop
  endfacet
  facet normal 0.555547 -0.831485 0
    outer loop
      vertex 7.4 26.3019 2
      vertex 7.72628 26.5199 5
      vertex 7.4 26.3019 5
    endloop
  endfacet
  facet normal 0.555547 -0.831485 0
    outer loop
      vertex 7.72628 26.5199 5
      vertex 7.4 26.3019 2
      vertex 7.72628 26.5199 2
    endloop
  endfacet
  facet normal 0.0654906 -0.997853 0
    outer loop
      vertex 5.9 25.9 2
      vertex 6.29158 25.9257 5
      vertex 5.9 25.9 5
    endloop
  endfacet
  facet normal 0.0654906 -0.997853 0
    outer loop
      vertex 6.29158 25.9257 5
      vertex 5.9 25.9 2
      vertex 6.29158 25.9257 2
    endloop
  endfacet
  facet normal -0.44216 -0.896936 0
    outer loop
      vertex 4.4 26.3019 2
      vertex 4.75195 26.1284 5
      vertex 4.4 26.3019 5
    endloop
  endfacet
  facet normal -0.44216 -0.896936 -0
    outer loop
      vertex 4.75195 26.1284 5
      vertex 4.4 26.3019 2
      vertex 4.75195 26.1284 2
    endloop
  endfacet
  facet normal -0.946931 -0.321437 0
    outer loop
      vertex 3.12836 27.7519 2
      vertex 3.00222 28.1235 5
      vertex 3.00222 28.1235 2
    endloop
  endfacet
  facet normal -0.946931 -0.321437 0
    outer loop
      vertex 3.00222 28.1235 5
      vertex 3.12836 27.7519 2
      vertex 3.12836 27.7519 5
    endloop
  endfacet
  facet normal -0.659428 -0.751768 0
    outer loop
      vertex 3.77868 26.7787 2
      vertex 4.07372 26.5199 5
      vertex 3.77868 26.7787 5
    endloop
  endfacet
  facet normal -0.659428 -0.751768 -0
    outer loop
      vertex 4.07372 26.5199 5
      vertex 3.77868 26.7787 2
      vertex 4.07372 26.5199 2
    endloop
  endfacet
  facet normal -0.831477 -0.555558 0
    outer loop
      vertex 3.51994 27.0737 2
      vertex 3.30192 27.4 5
      vertex 3.30192 27.4 2
    endloop
  endfacet
  facet normal -0.831477 -0.555558 0
    outer loop
      vertex 3.30192 27.4 5
      vertex 3.51994 27.0737 2
      vertex 3.51994 27.0737 5
    endloop
  endfacet
  facet normal 0 0 1
    outer loop
      vertex 7 28.9 5
      vertex 8.9 28.9 5
      vertex 8.87433 29.2916 5
    endloop
  endfacet
  facet normal 0 0 1
    outer loop
      vertex 6.99059 29.0436 5
      vertex 8.87433 29.2916 5
      vertex 8.79778 29.6765 5
    endloop
  endfacet
  facet normal 0 0 1
    outer loop
      vertex 8.9 28.9 5
      vertex 7 28.9 5
      vertex 8.87433 28.5084 5
    endloop
  endfacet
  facet normal 0 0 1
    outer loop
      vertex 6.96252 29.1847 5
      vertex 8.79778 29.6765 5
      vertex 8.67164 30.048 5
    endloop
  endfacet
  facet normal -0 0 1
    outer loop
      vertex 6.99059 28.7564 5
      vertex 8.87433 28.5084 5
      vertex 7 28.9 5
    endloop
  endfacet
  facet normal 0 0 1
    outer loop
      vertex 6.91627 29.321 5
      vertex 8.67164 30.048 5
      vertex 8.49808 30.4 5
    endloop
  endfacet
  facet normal 0 0 1
    outer loop
      vertex 8.87433 28.5084 5
      vertex 6.99059 28.7564 5
      vertex 8.79778 28.1235 5
    endloop
  endfacet
  facet normal 0 0 1
    outer loop
      vertex 6.85263 29.45 5
      vertex 8.49808 30.4 5
      vertex 8.28006 30.7263 5
    endloop
  endfacet
  facet normal -0 0 1
    outer loop
      vertex 6.96252 28.6153 5
      vertex 8.79778 28.1235 5
      vertex 6.99059 28.7564 5
    endloop
  endfacet
  facet normal 0 0 1
    outer loop
      vertex 6.77269 29.5696 5
      vertex 8.28006 30.7263 5
      vertex 8.02132 31.0213 5
    endloop
  endfacet
  facet normal 0 0 1
    outer loop
      vertex 8.79778 28.1235 5
      vertex 6.96252 28.6153 5
      vertex 8.67164 27.7519 5
    endloop
  endfacet
  facet normal 0 0 1
    outer loop
      vertex 6.67782 29.6778 5
      vertex 8.02132 31.0213 5
      vertex 7.72628 31.2801 5
    endloop
  endfacet
  facet normal -0 0 1
    outer loop
      vertex 6.91627 28.479 5
      vertex 8.67164 27.7519 5
      vertex 6.96252 28.6153 5
    endloop
  endfacet
  facet normal 0 0 1
    outer loop
      vertex 6.56964 29.7727 5
      vertex 7.72628 31.2801 5
      vertex 7.4 31.4981 5
    endloop
  endfacet
  facet normal 0 0 1
    outer loop
      vertex 8.67164 27.7519 5
      vertex 6.91627 28.479 5
      vertex 8.49808 27.4 5
    endloop
  endfacet
  facet normal 0 0 1
    outer loop
      vertex 6.45 29.8526 5
      vertex 7.4 31.4981 5
      vertex 7.04805 31.6716 5
    endloop
  endfacet
  facet normal -0 0 1
    outer loop
      vertex 6.85263 28.35 5
      vertex 8.49808 27.4 5
      vertex 6.91627 28.479 5
    endloop
  endfacet
  facet normal 0 0 1
    outer loop
      vertex 8.49808 27.4 5
      vertex 6.85263 28.35 5
      vertex 8.28006 27.0737 5
    endloop
  endfacet
  facet normal 0 0 1
    outer loop
      vertex 8.87433 29.2916 5
      vertex 6.99059 29.0436 5
      vertex 7 28.9 5
    endloop
  endfacet
  facet normal 0 0 1
    outer loop
      vertex 8.79778 29.6765 5
      vertex 6.96252 29.1847 5
      vertex 6.99059 29.0436 5
    endloop
  endfacet
  facet normal 0 0 1
    outer loop
      vertex 8.67164 30.048 5
      vertex 6.91627 29.321 5
      vertex 6.96252 29.1847 5
    endloop
  endfacet
  facet normal 0 0 1
    outer loop
      vertex 8.49808 30.4 5
      vertex 6.85263 29.45 5
      vertex 6.91627 29.321 5
    endloop
  endfacet
  facet normal 0 0 1
    outer loop
      vertex 8.28006 30.7263 5
      vertex 6.77269 29.5696 5
      vertex 6.85263 29.45 5
    endloop
  endfacet
  facet normal 0 0 1
    outer loop
      vertex 8.02132 31.0213 5
      vertex 6.67782 29.6778 5
      vertex 6.77269 29.5696 5
    endloop
  endfacet
  facet normal 0 0 1
    outer loop
      vertex 6.32095 29.9163 5
      vertex 7.04805 31.6716 5
      vertex 6.67646 31.7978 5
    endloop
  endfacet
  facet normal 0 0 1
    outer loop
      vertex 7.72628 31.2801 5
      vertex 6.56964 29.7727 5
      vertex 6.67782 29.6778 5
    endloop
  endfacet
  facet normal 0 0 1
    outer loop
      vertex 7.4 31.4981 5
      vertex 6.45 29.8526 5
      vertex 6.56964 29.7727 5
    endloop
  endfacet
  facet normal 0 0 1
    outer loop
      vertex 7.04805 31.6716 5
      vertex 6.32095 29.9163 5
      vertex 6.45 29.8526 5
    endloop
  endfacet
  facet normal 0 0 1
    outer loop
      vertex 6.1847 29.9625 5
      vertex 6.67646 31.7978 5
      vertex 6.29158 31.8743 5
    endloop
  endfacet
  facet normal 0 0 1
    outer loop
      vertex 6.67646 31.7978 5
      vertex 6.1847 29.9625 5
      vertex 6.32095 29.9163 5
    endloop
  endfacet
  facet normal 0 0 1
    outer loop
      vertex 6.29158 31.8743 5
      vertex 6.04358 29.9906 5
      vertex 6.1847 29.9625 5
    endloop
  endfacet
  facet normal 0 0 1
    outer loop
      vertex 5.9 31.9 5
      vertex 6.04358 29.9906 5
      vertex 6.29158 31.8743 5
    endloop
  endfacet
  facet normal 0 0 1
    outer loop
      vertex 5.9 31.9 5
      vertex 5.9 30 5
      vertex 6.04358 29.9906 5
    endloop
  endfacet
  facet normal 0 0 1
    outer loop
      vertex 5.9 31.9 5
      vertex 5.75642 29.9906 5
      vertex 5.9 30 5
    endloop
  endfacet
  facet normal -0 0 1
    outer loop
      vertex 5.50842 31.8743 5
      vertex 5.75642 29.9906 5
      vertex 5.9 31.9 5
    endloop
  endfacet
  facet normal 0 0 1
    outer loop
      vertex 5.75642 29.9906 5
      vertex 5.50842 31.8743 5
      vertex 5.6153 29.9625 5
    endloop
  endfacet
  facet normal -0 0 1
    outer loop
      vertex 5.12354 31.7978 5
      vertex 5.6153 29.9625 5
      vertex 5.50842 31.8743 5
    endloop
  endfacet
  facet normal 0 0 1
    outer loop
      vertex 5.6153 29.9625 5
      vertex 5.12354 31.7978 5
      vertex 5.47905 29.9163 5
    endloop
  endfacet
  facet normal -0 0 1
    outer loop
      vertex 4.75195 31.6716 5
      vertex 5.47905 29.9163 5
      vertex 5.12354 31.7978 5
    endloop
  endfacet
  facet normal 0 0 1
    outer loop
      vertex 5.47905 29.9163 5
      vertex 4.75195 31.6716 5
      vertex 5.35 29.8526 5
    endloop
  endfacet
  facet normal -0 0 1
    outer loop
      vertex 4.4 31.4981 5
      vertex 5.35 29.8526 5
      vertex 4.75195 31.6716 5
    endloop
  endfacet
  facet normal 0 0 1
    outer loop
      vertex 5.35 29.8526 5
      vertex 4.4 31.4981 5
      vertex 5.23036 29.7727 5
    endloop
  endfacet
  facet normal -0 0 1
    outer loop
      vertex 4.07372 31.2801 5
      vertex 5.23036 29.7727 5
      vertex 4.4 31.4981 5
    endloop
  endfacet
  facet normal 0 0 1
    outer loop
      vertex 5.23036 29.7727 5
      vertex 4.07372 31.2801 5
      vertex 5.12218 29.6778 5
    endloop
  endfacet
  facet normal -0 0 1
    outer loop
      vertex 3.77868 31.0213 5
      vertex 5.12218 29.6778 5
      vertex 4.07372 31.2801 5
    endloop
  endfacet
  facet normal 0 0 1
    outer loop
      vertex 5.12218 29.6778 5
      vertex 3.77868 31.0213 5
      vertex 5.02731 29.5696 5
    endloop
  endfacet
  facet normal 0 0 1
    outer loop
      vertex 5.02731 29.5696 5
      vertex 3.51994 30.7263 5
      vertex 4.94737 29.45 5
    endloop
  endfacet
  facet normal -0 0 1
    outer loop
      vertex 3.51994 30.7263 5
      vertex 5.02731 29.5696 5
      vertex 3.77868 31.0213 5
    endloop
  endfacet
  facet normal -0 0 1
    outer loop
      vertex 6.77269 28.2304 5
      vertex 8.28006 27.0737 5
      vertex 6.85263 28.35 5
    endloop
  endfacet
  facet normal 0 0 1
    outer loop
      vertex 8.28006 27.0737 5
      vertex 6.77269 28.2304 5
      vertex 8.02132 26.7787 5
    endloop
  endfacet
  facet normal -0 0 1
    outer loop
      vertex 6.67782 28.1222 5
      vertex 8.02132 26.7787 5
      vertex 6.77269 28.2304 5
    endloop
  endfacet
  facet normal 0 0 1
    outer loop
      vertex 8.02132 26.7787 5
      vertex 6.67782 28.1222 5
      vertex 7.72628 26.5199 5
    endloop
  endfacet
  facet normal -0 0 1
    outer loop
      vertex 6.56964 28.0273 5
      vertex 7.72628 26.5199 5
      vertex 6.67782 28.1222 5
    endloop
  endfacet
  facet normal 0 0 1
    outer loop
      vertex 7.72628 26.5199 5
      vertex 6.56964 28.0273 5
      vertex 7.4 26.3019 5
    endloop
  endfacet
  facet normal -0 0 1
    outer loop
      vertex 6.45 27.9474 5
      vertex 7.4 26.3019 5
      vertex 6.56964 28.0273 5
    endloop
  endfacet
  facet normal 0 0 1
    outer loop
      vertex 7.4 26.3019 5
      vertex 6.45 27.9474 5
      vertex 7.04805 26.1284 5
    endloop
  endfacet
  facet normal -0 0 1
    outer loop
      vertex 6.32095 27.8837 5
      vertex 7.04805 26.1284 5
      vertex 6.45 27.9474 5
    endloop
  endfacet
  facet normal 0 0 1
    outer loop
      vertex 7.04805 26.1284 5
      vertex 6.32095 27.8837 5
      vertex 6.67646 26.0022 5
    endloop
  endfacet
  facet normal -0 0 1
    outer loop
      vertex 6.1847 27.8375 5
      vertex 6.67646 26.0022 5
      vertex 6.32095 27.8837 5
    endloop
  endfacet
  facet normal 0 0 1
    outer loop
      vertex 6.67646 26.0022 5
      vertex 6.1847 27.8375 5
      vertex 6.29158 25.9257 5
    endloop
  endfacet
  facet normal -0 0 1
    outer loop
      vertex 6.04358 27.8094 5
      vertex 6.29158 25.9257 5
      vertex 6.1847 27.8375 5
    endloop
  endfacet
  facet normal -0 0 1
    outer loop
      vertex 5.9 27.8 5
      vertex 6.29158 25.9257 5
      vertex 6.04358 27.8094 5
    endloop
  endfacet
  facet normal 0 0 1
    outer loop
      vertex 5.9 27.8 5
      vertex 5.9 25.9 5
      vertex 6.29158 25.9257 5
    endloop
  endfacet
  facet normal 0 0 1
    outer loop
      vertex 5.75642 27.8094 5
      vertex 5.9 25.9 5
      vertex 5.9 27.8 5
    endloop
  endfacet
  facet normal 0 0 1
    outer loop
      vertex 5.50842 25.9257 5
      vertex 5.75642 27.8094 5
      vertex 5.6153 27.8375 5
    endloop
  endfacet
  facet normal 0 0 1
    outer loop
      vertex 5.75642 27.8094 5
      vertex 5.50842 25.9257 5
      vertex 5.9 25.9 5
    endloop
  endfacet
  facet normal 0 0 1
    outer loop
      vertex 5.12354 26.0022 5
      vertex 5.6153 27.8375 5
      vertex 5.47905 27.8837 5
    endloop
  endfacet
  facet normal 0 0 1
    outer loop
      vertex 4.75195 26.1284 5
      vertex 5.47905 27.8837 5
      vertex 5.35 27.9474 5
    endloop
  endfacet
  facet normal 0 0 1
    outer loop
      vertex 4.4 26.3019 5
      vertex 5.35 27.9474 5
      vertex 5.23036 28.0273 5
    endloop
  endfacet
  facet normal 0 0 1
    outer loop
      vertex 5.6153 27.8375 5
      vertex 5.12354 26.0022 5
      vertex 5.50842 25.9257 5
    endloop
  endfacet
  facet normal 0 0 1
    outer loop
      vertex 4.07372 26.5199 5
      vertex 5.23036 28.0273 5
      vertex 5.12218 28.1222 5
    endloop
  endfacet
  facet normal 0 0 1
    outer loop
      vertex 3.77868 26.7787 5
      vertex 5.12218 28.1222 5
      vertex 5.02731 28.2304 5
    endloop
  endfacet
  facet normal 0 0 1
    outer loop
      vertex 3.51994 27.0737 5
      vertex 5.02731 28.2304 5
      vertex 4.94737 28.35 5
    endloop
  endfacet
  facet normal 0 0 1
    outer loop
      vertex 3.30192 27.4 5
      vertex 4.94737 28.35 5
      vertex 4.88373 28.479 5
    endloop
  endfacet
  facet normal 0 0 1
    outer loop
      vertex 3.12836 27.7519 5
      vertex 4.88373 28.479 5
      vertex 4.83748 28.6153 5
    endloop
  endfacet
  facet normal 0 0 1
    outer loop
      vertex 3.00222 28.1235 5
      vertex 4.83748 28.6153 5
      vertex 4.80941 28.7564 5
    endloop
  endfacet
  facet normal 0 0 1
    outer loop
      vertex 5.47905 27.8837 5
      vertex 4.75195 26.1284 5
      vertex 5.12354 26.0022 5
    endloop
  endfacet
  facet normal 0 0 1
    outer loop
      vertex 2.92567 28.5084 5
      vertex 4.80941 28.7564 5
      vertex 4.8 28.9 5
    endloop
  endfacet
  facet normal -0 0 1
    outer loop
      vertex 3.30192 30.4 5
      vertex 4.94737 29.45 5
      vertex 3.51994 30.7263 5
    endloop
  endfacet
  facet normal 0 0 1
    outer loop
      vertex 4.94737 29.45 5
      vertex 3.30192 30.4 5
      vertex 4.88373 29.321 5
    endloop
  endfacet
  facet normal 0 0 1
    outer loop
      vertex 5.35 27.9474 5
      vertex 4.4 26.3019 5
      vertex 4.75195 26.1284 5
    endloop
  endfacet
  facet normal -0 0 1
    outer loop
      vertex 3.12836 30.048 5
      vertex 4.88373 29.321 5
      vertex 3.30192 30.4 5
    endloop
  endfacet
  facet normal 0 0 1
    outer loop
      vertex 5.23036 28.0273 5
      vertex 4.07372 26.5199 5
      vertex 4.4 26.3019 5
    endloop
  endfacet
  facet normal 0 0 1
    outer loop
      vertex 4.88373 29.321 5
      vertex 3.12836 30.048 5
      vertex 4.83748 29.1847 5
    endloop
  endfacet
  facet normal 0 0 1
    outer loop
      vertex 5.12218 28.1222 5
      vertex 3.77868 26.7787 5
      vertex 4.07372 26.5199 5
    endloop
  endfacet
  facet normal -0 0 1
    outer loop
      vertex 3.00222 29.6765 5
      vertex 4.83748 29.1847 5
      vertex 3.12836 30.048 5
    endloop
  endfacet
  facet normal 0 0 1
    outer loop
      vertex 5.02731 28.2304 5
      vertex 3.51994 27.0737 5
      vertex 3.77868 26.7787 5
    endloop
  endfacet
  facet normal 0 0 1
    outer loop
      vertex 4.83748 29.1847 5
      vertex 3.00222 29.6765 5
      vertex 4.80941 29.0436 5
    endloop
  endfacet
  facet normal 0 0 1
    outer loop
      vertex 4.94737 28.35 5
      vertex 3.30192 27.4 5
      vertex 3.51994 27.0737 5
    endloop
  endfacet
  facet normal -0 0 1
    outer loop
      vertex 2.92567 29.2916 5
      vertex 4.80941 29.0436 5
      vertex 3.00222 29.6765 5
    endloop
  endfacet
  facet normal 0 0 1
    outer loop
      vertex 4.88373 28.479 5
      vertex 3.12836 27.7519 5
      vertex 3.30192 27.4 5
    endloop
  endfacet
  facet normal 0 0 1
    outer loop
      vertex 4.80941 29.0436 5
      vertex 2.92567 29.2916 5
      vertex 4.8 28.9 5
    endloop
  endfacet
  facet normal 0 0 1
    outer loop
      vertex 4.83748 28.6153 5
      vertex 3.00222 28.1235 5
      vertex 3.12836 27.7519 5
    endloop
  endfacet
  facet normal 0 0 1
    outer loop
      vertex 2.9 28.9 5
      vertex 4.8 28.9 5
      vertex 2.92567 29.2916 5
    endloop
  endfacet
  facet normal 0 0 1
    outer loop
      vertex 4.80941 28.7564 5
      vertex 2.92567 28.5084 5
      vertex 3.00222 28.1235 5
    endloop
  endfacet
  facet normal 0 0 1
    outer loop
      vertex 4.8 28.9 5
      vertex 2.9 28.9 5
      vertex 2.92567 28.5084 5
    endloop
  endfacet
  facet normal -0.997858 0.0654112 0
    outer loop
      vertex 2.9 28.9 2
      vertex 2.92567 29.2916 5
      vertex 2.92567 29.2916 2
    endloop
  endfacet
  facet normal -0.997858 0.0654112 0
    outer loop
      vertex 2.92567 29.2916 5
      vertex 2.9 28.9 2
      vertex 2.9 28.9 5
    endloop
  endfacet
  facet normal 0.44216 -0.896936 0
    outer loop
      vertex 7.04805 26.1284 2
      vertex 7.4 26.3019 5
      vertex 7.04805 26.1284 5
    endloop
  endfacet
  facet normal 0.44216 -0.896936 0
    outer loop
      vertex 7.4 26.3019 5
      vertex 7.04805 26.1284 2
      vertex 7.4 26.3019 2
    endloop
  endfacet
  facet normal 0.659428 -0.751768 0
    outer loop
      vertex 7.72628 26.5199 2
      vertex 8.02132 26.7787 5
      vertex 7.72628 26.5199 5
    endloop
  endfacet
  facet normal 0.659428 -0.751768 0
    outer loop
      vertex 8.02132 26.7787 5
      vertex 7.72628 26.5199 2
      vertex 8.02132 26.7787 2
    endloop
  endfacet
  facet normal -0.89685 -0.442334 0
    outer loop
      vertex 3.30192 27.4 2
      vertex 3.12836 27.7519 5
      vertex 3.12836 27.7519 2
    endloop
  endfacet
  facet normal -0.89685 -0.442334 0
    outer loop
      vertex 3.12836 27.7519 5
      vertex 3.30192 27.4 2
      vertex 3.30192 27.4 5
    endloop
  endfacet
  facet normal -0.751799 -0.659392 0
    outer loop
      vertex 3.77868 26.7787 2
      vertex 3.51994 27.0737 5
      vertex 3.51994 27.0737 2
    endloop
  endfacet
  facet normal -0.751799 -0.659392 0
    outer loop
      vertex 3.51994 27.0737 5
      vertex 3.77868 26.7787 2
      vertex 3.77868 26.7787 5
    endloop
  endfacet
  facet normal 0.997853 0.0654906 0
    outer loop
      vertex 66.9 5.9 5
      vertex 66.8743 6.29158 2
      vertex 66.8743 6.29158 5
    endloop
  endfacet
  facet normal 0.997853 0.0654906 0
    outer loop
      vertex 66.8743 6.29158 2
      vertex 66.9 5.9 5
      vertex 66.9 5.9 2
    endloop
  endfacet
  facet normal -0.0654112 0.997858 0
    outer loop
      vertex 63.9 8.9 2
      vertex 63.5084 8.87433 5
      vertex 63.9 8.9 5
    endloop
  endfacet
  facet normal -0.0654112 0.997858 0
    outer loop
      vertex 63.5084 8.87433 5
      vertex 63.9 8.9 2
      vertex 63.5084 8.87433 2
    endloop
  endfacet
  facet normal -0.659392 -0.751799 0
    outer loop
      vertex 61.7787 3.77868 2
      vertex 62.0737 3.51994 5
      vertex 61.7787 3.77868 5
    endloop
  endfacet
  facet normal -0.659392 -0.751799 -0
    outer loop
      vertex 62.0737 3.51994 5
      vertex 61.7787 3.77868 2
      vertex 62.0737 3.51994 2
    endloop
  endfacet
  facet normal 0.659392 0.751799 -0
    outer loop
      vertex 66.0213 8.02132 2
      vertex 65.7263 8.28006 5
      vertex 66.0213 8.02132 5
    endloop
  endfacet
  facet normal 0.659392 0.751799 0
    outer loop
      vertex 65.7263 8.28006 5
      vertex 66.0213 8.02132 2
      vertex 65.7263 8.28006 2
    endloop
  endfacet
  facet normal -0.751768 0.659428 0
    outer loop
      vertex 61.5199 7.72628 2
      vertex 61.7787 8.02132 5
      vertex 61.7787 8.02132 2
    endloop
  endfacet
  facet normal -0.751768 0.659428 0
    outer loop
      vertex 61.7787 8.02132 5
      vertex 61.5199 7.72628 2
      vertex 61.5199 7.72628 5
    endloop
  endfacet
  facet normal -0.442334 0.89685 0
    outer loop
      vertex 62.7519 8.67164 2
      vertex 62.4 8.49808 5
      vertex 62.7519 8.67164 5
    endloop
  endfacet
  facet normal -0.442334 0.89685 0
    outer loop
      vertex 62.4 8.49808 5
      vertex 62.7519 8.67164 2
      vertex 62.4 8.49808 2
    endloop
  endfacet
  facet normal 0.751768 -0.659428 0
    outer loop
      vertex 66.0213 3.77868 5
      vertex 66.2801 4.07372 2
      vertex 66.2801 4.07372 5
    endloop
  endfacet
  facet normal 0.751768 -0.659428 0
    outer loop
      vertex 66.2801 4.07372 2
      vertex 66.0213 3.77868 5
      vertex 66.0213 3.77868 2
    endloop
  endfacet
  facet normal 0.831485 -0.555547 0
    outer loop
      vertex 66.2801 4.07372 5
      vertex 66.4981 4.4 2
      vertex 66.4981 4.4 5
    endloop
  endfacet
  facet normal 0.831485 -0.555547 0
    outer loop
      vertex 66.4981 4.4 2
      vertex 66.2801 4.07372 5
      vertex 66.2801 4.07372 2
    endloop
  endfacet
  facet normal 0.896936 0.44216 0
    outer loop
      vertex 66.6716 7.04805 5
      vertex 66.4981 7.4 2
      vertex 66.4981 7.4 5
    endloop
  endfacet
  facet normal 0.896936 0.44216 0
    outer loop
      vertex 66.4981 7.4 2
      vertex 66.6716 7.04805 5
      vertex 66.6716 7.04805 2
    endloop
  endfacet
  facet normal 0.980813 0.19495 0
    outer loop
      vertex 66.8743 6.29158 5
      vertex 66.7978 6.67646 2
      vertex 66.7978 6.67646 5
    endloop
  endfacet
  facet normal 0.980813 0.19495 0
    outer loop
      vertex 66.7978 6.67646 2
      vertex 66.8743 6.29158 5
      vertex 66.8743 6.29158 2
    endloop
  endfacet
  facet normal 0.321514 0.946905 -0
    outer loop
      vertex 65.048 8.67164 2
      vertex 64.6765 8.79778 5
      vertex 65.048 8.67164 5
    endloop
  endfacet
  facet normal 0.321514 0.946905 0
    outer loop
      vertex 64.6765 8.79778 5
      vertex 65.048 8.67164 2
      vertex 64.6765 8.79778 2
    endloop
  endfacet
  facet normal 0.555558 0.831477 -0
    outer loop
      vertex 65.7263 8.28006 2
      vertex 65.4 8.49808 5
      vertex 65.7263 8.28006 5
    endloop
  endfacet
  facet normal 0.555558 0.831477 0
    outer loop
      vertex 65.4 8.49808 5
      vertex 65.7263 8.28006 2
      vertex 65.4 8.49808 2
    endloop
  endfacet
  facet normal -0.946882 0.321582 0
    outer loop
      vertex 61.0022 6.67646 2
      vertex 61.1284 7.04805 5
      vertex 61.1284 7.04805 2
    endloop
  endfacet
  facet normal -0.946882 0.321582 0
    outer loop
      vertex 61.1284 7.04805 5
      vertex 61.0022 6.67646 2
      vertex 61.0022 6.67646 5
    endloop
  endfacet
  facet normal -0.831485 0.555547 0
    outer loop
      vertex 61.3019 7.4 2
      vertex 61.5199 7.72628 5
      vertex 61.5199 7.72628 2
    endloop
  endfacet
  facet normal -0.831485 0.555547 0
    outer loop
      vertex 61.5199 7.72628 5
      vertex 61.3019 7.4 2
      vertex 61.3019 7.4 5
    endloop
  endfacet
  facet normal -0.980813 0.19495 0
    outer loop
      vertex 60.9257 6.29158 2
      vertex 61.0022 6.67646 5
      vertex 61.0022 6.67646 2
    endloop
  endfacet
  facet normal -0.980813 0.19495 0
    outer loop
      vertex 61.0022 6.67646 5
      vertex 60.9257 6.29158 2
      vertex 60.9257 6.29158 5
    endloop
  endfacet
  facet normal -0.195062 0.980791 0
    outer loop
      vertex 63.5084 8.87433 2
      vertex 63.1235 8.79778 5
      vertex 63.5084 8.87433 5
    endloop
  endfacet
  facet normal -0.195062 0.980791 0
    outer loop
      vertex 63.1235 8.79778 5
      vertex 63.5084 8.87433 2
      vertex 63.1235 8.79778 2
    endloop
  endfacet
  facet normal 0.195062 -0.980791 0
    outer loop
      vertex 64.2916 2.92567 2
      vertex 64.6765 3.00222 5
      vertex 64.2916 2.92567 5
    endloop
  endfacet
  facet normal 0.195062 -0.980791 0
    outer loop
      vertex 64.6765 3.00222 5
      vertex 64.2916 2.92567 2
      vertex 64.6765 3.00222 2
    endloop
  endfacet
  facet normal -0.555558 -0.831477 0
    outer loop
      vertex 62.0737 3.51994 2
      vertex 62.4 3.30192 5
      vertex 62.0737 3.51994 5
    endloop
  endfacet
  facet normal -0.555558 -0.831477 -0
    outer loop
      vertex 62.4 3.30192 5
      vertex 62.0737 3.51994 2
      vertex 62.4 3.30192 2
    endloop
  endfacet
  facet normal -0.195062 -0.980791 0
    outer loop
      vertex 63.1235 3.00222 2
      vertex 63.5084 2.92567 5
      vertex 63.1235 3.00222 5
    endloop
  endfacet
  facet normal -0.195062 -0.980791 -0
    outer loop
      vertex 63.5084 2.92567 5
      vertex 63.1235 3.00222 2
      vertex 63.5084 2.92567 2
    endloop
  endfacet
  facet normal -0.980813 -0.19495 0
    outer loop
      vertex 61.0022 5.12354 2
      vertex 60.9257 5.50842 5
      vertex 60.9257 5.50842 2
    endloop
  endfacet
  facet normal -0.980813 -0.19495 0
    outer loop
      vertex 60.9257 5.50842 5
      vertex 61.0022 5.12354 2
      vertex 61.0022 5.12354 5
    endloop
  endfacet
  facet normal 0.946882 0.321582 0
    outer loop
      vertex 66.7978 6.67646 5
      vertex 66.6716 7.04805 2
      vertex 66.6716 7.04805 5
    endloop
  endfacet
  facet normal 0.946882 0.321582 0
    outer loop
      vertex 66.6716 7.04805 2
      vertex 66.7978 6.67646 5
      vertex 66.7978 6.67646 2
    endloop
  endfacet
  facet normal 0.751768 0.659428 0
    outer loop
      vertex 66.2801 7.72628 5
      vertex 66.0213 8.02132 2
      vertex 66.0213 8.02132 5
    endloop
  endfacet
  facet normal 0.751768 0.659428 0
    outer loop
      vertex 66.0213 8.02132 2
      vertex 66.2801 7.72628 5
      vertex 66.2801 7.72628 2
    endloop
  endfacet
  facet normal 0.831485 0.555547 0
    outer loop
      vertex 66.4981 7.4 5
      vertex 66.2801 7.72628 2
      vertex 66.2801 7.72628 5
    endloop
  endfacet
  facet normal 0.831485 0.555547 0
    outer loop
      vertex 66.2801 7.72628 2
      vertex 66.4981 7.4 5
      vertex 66.4981 7.4 2
    endloop
  endfacet
  facet normal 0.195062 0.980791 -0
    outer loop
      vertex 64.6765 8.79778 2
      vertex 64.2916 8.87433 5
      vertex 64.6765 8.79778 5
    endloop
  endfacet
  facet normal 0.195062 0.980791 0
    outer loop
      vertex 64.2916 8.87433 5
      vertex 64.6765 8.79778 2
      vertex 64.2916 8.87433 2
    endloop
  endfacet
  facet normal 0.0654112 0.997858 -0
    outer loop
      vertex 64.2916 8.87433 2
      vertex 63.9 8.9 5
      vertex 64.2916 8.87433 5
    endloop
  endfacet
  facet normal 0.0654112 0.997858 0
    outer loop
      vertex 63.9 8.9 5
      vertex 64.2916 8.87433 2
      vertex 63.9 8.9 2
    endloop
  endfacet
  facet normal 0.442233 0.8969 -0
    outer loop
      vertex 65.4 8.49808 2
      vertex 65.048 8.67164 5
      vertex 65.4 8.49808 5
    endloop
  endfacet
  facet normal 0.442233 0.8969 0
    outer loop
      vertex 65.048 8.67164 5
      vertex 65.4 8.49808 2
      vertex 65.048 8.67164 2
    endloop
  endfacet
  facet normal -0.896936 0.44216 0
    outer loop
      vertex 61.1284 7.04805 2
      vertex 61.3019 7.4 5
      vertex 61.3019 7.4 2
    endloop
  endfacet
  facet normal -0.896936 0.44216 0
    outer loop
      vertex 61.3019 7.4 5
      vertex 61.1284 7.04805 2
      vertex 61.1284 7.04805 5
    endloop
  endfacet
  facet normal -0.997853 0.0654906 0
    outer loop
      vertex 60.9 5.9 2
      vertex 60.9257 6.29158 5
      vertex 60.9257 6.29158 2
    endloop
  endfacet
  facet normal -0.997853 0.0654906 0
    outer loop
      vertex 60.9257 6.29158 5
      vertex 60.9 5.9 2
      vertex 60.9 5.9 5
    endloop
  endfacet
  facet normal 0 0 1
    outer loop
      vertex 65 5.9 5
      vertex 66.9 5.9 5
      vertex 66.8743 6.29158 5
    endloop
  endfacet
  facet normal 0 0 1
    outer loop
      vertex 64.9906 6.04358 5
      vertex 66.8743 6.29158 5
      vertex 66.7978 6.67646 5
    endloop
  endfacet
  facet normal 0 0 1
    outer loop
      vertex 66.9 5.9 5
      vertex 65 5.9 5
      vertex 66.8743 5.50842 5
    endloop
  endfacet
  facet normal 0 0 1
    outer loop
      vertex 64.9625 6.1847 5
      vertex 66.7978 6.67646 5
      vertex 66.6716 7.04805 5
    endloop
  endfacet
  facet normal -0 0 1
    outer loop
      vertex 64.9906 5.75642 5
      vertex 66.8743 5.50842 5
      vertex 65 5.9 5
    endloop
  endfacet
  facet normal 0 0 1
    outer loop
      vertex 64.9163 6.32095 5
      vertex 66.6716 7.04805 5
      vertex 66.4981 7.4 5
    endloop
  endfacet
  facet normal 0 0 1
    outer loop
      vertex 66.8743 5.50842 5
      vertex 64.9906 5.75642 5
      vertex 66.7978 5.12354 5
    endloop
  endfacet
  facet normal 0 0 1
    outer loop
      vertex 64.8526 6.45 5
      vertex 66.4981 7.4 5
      vertex 66.2801 7.72628 5
    endloop
  endfacet
  facet normal -0 0 1
    outer loop
      vertex 64.9625 5.6153 5
      vertex 66.7978 5.12354 5
      vertex 64.9906 5.75642 5
    endloop
  endfacet
  facet normal 0 0 1
    outer loop
      vertex 64.7727 6.56964 5
      vertex 66.2801 7.72628 5
      vertex 66.0213 8.02132 5
    endloop
  endfacet
  facet normal 0 0 1
    outer loop
      vertex 66.7978 5.12354 5
      vertex 64.9625 5.6153 5
      vertex 66.6716 4.75195 5
    endloop
  endfacet
  facet normal 0 0 1
    outer loop
      vertex 64.6778 6.67782 5
      vertex 66.0213 8.02132 5
      vertex 65.7263 8.28006 5
    endloop
  endfacet
  facet normal -0 0 1
    outer loop
      vertex 64.9163 5.47905 5
      vertex 66.6716 4.75195 5
      vertex 64.9625 5.6153 5
    endloop
  endfacet
  facet normal 0 0 1
    outer loop
      vertex 64.5696 6.77269 5
      vertex 65.7263 8.28006 5
      vertex 65.4 8.49808 5
    endloop
  endfacet
  facet normal 0 0 1
    outer loop
      vertex 66.6716 4.75195 5
      vertex 64.9163 5.47905 5
      vertex 66.4981 4.4 5
    endloop
  endfacet
  facet normal 0 0 1
    outer loop
      vertex 64.45 6.85263 5
      vertex 65.4 8.49808 5
      vertex 65.048 8.67164 5
    endloop
  endfacet
  facet normal -0 0 1
    outer loop
      vertex 64.8526 5.35 5
      vertex 66.4981 4.4 5
      vertex 64.9163 5.47905 5
    endloop
  endfacet
  facet normal 0 0 1
    outer loop
      vertex 66.4981 4.4 5
      vertex 64.8526 5.35 5
      vertex 66.2801 4.07372 5
    endloop
  endfacet
  facet normal 0 0 1
    outer loop
      vertex 66.8743 6.29158 5
      vertex 64.9906 6.04358 5
      vertex 65 5.9 5
    endloop
  endfacet
  facet normal 0 0 1
    outer loop
      vertex 66.7978 6.67646 5
      vertex 64.9625 6.1847 5
      vertex 64.9906 6.04358 5
    endloop
  endfacet
  facet normal 0 0 1
    outer loop
      vertex 66.6716 7.04805 5
      vertex 64.9163 6.32095 5
      vertex 64.9625 6.1847 5
    endloop
  endfacet
  facet normal 0 0 1
    outer loop
      vertex 66.4981 7.4 5
      vertex 64.8526 6.45 5
      vertex 64.9163 6.32095 5
    endloop
  endfacet
  facet normal 0 0 1
    outer loop
      vertex 66.2801 7.72628 5
      vertex 64.7727 6.56964 5
      vertex 64.8526 6.45 5
    endloop
  endfacet
  facet normal 0 0 1
    outer loop
      vertex 66.0213 8.02132 5
      vertex 64.6778 6.67782 5
      vertex 64.7727 6.56964 5
    endloop
  endfacet
  facet normal 0 0 1
    outer loop
      vertex 64.321 6.91627 5
      vertex 65.048 8.67164 5
      vertex 64.6765 8.79778 5
    endloop
  endfacet
  facet normal 0 0 1
    outer loop
      vertex 65.7263 8.28006 5
      vertex 64.5696 6.77269 5
      vertex 64.6778 6.67782 5
    endloop
  endfacet
  facet normal 0 0 1
    outer loop
      vertex 65.4 8.49808 5
      vertex 64.45 6.85263 5
      vertex 64.5696 6.77269 5
    endloop
  endfacet
  facet normal 0 0 1
    outer loop
      vertex 65.048 8.67164 5
      vertex 64.321 6.91627 5
      vertex 64.45 6.85263 5
    endloop
  endfacet
  facet normal 0 0 1
    outer loop
      vertex 64.1847 6.96252 5
      vertex 64.6765 8.79778 5
      vertex 64.2916 8.87433 5
    endloop
  endfacet
  facet normal 0 0 1
    outer loop
      vertex 64.6765 8.79778 5
      vertex 64.1847 6.96252 5
      vertex 64.321 6.91627 5
    endloop
  endfacet
  facet normal 0 0 1
    outer loop
      vertex 64.2916 8.87433 5
      vertex 64.0436 6.99059 5
      vertex 64.1847 6.96252 5
    endloop
  endfacet
  facet normal 0 0 1
    outer loop
      vertex 63.9 8.9 5
      vertex 64.0436 6.99059 5
      vertex 64.2916 8.87433 5
    endloop
  endfacet
  facet normal 0 0 1
    outer loop
      vertex 63.9 8.9 5
      vertex 63.9 7 5
      vertex 64.0436 6.99059 5
    endloop
  endfacet
  facet normal 0 0 1
    outer loop
      vertex 63.9 8.9 5
      vertex 63.7564 6.99059 5
      vertex 63.9 7 5
    endloop
  endfacet
  facet normal -0 0 1
    outer loop
      vertex 63.5084 8.87433 5
      vertex 63.7564 6.99059 5
      vertex 63.9 8.9 5
    endloop
  endfacet
  facet normal 0 0 1
    outer loop
      vertex 63.7564 6.99059 5
      vertex 63.5084 8.87433 5
      vertex 63.6153 6.96252 5
    endloop
  endfacet
  facet normal -0 0 1
    outer loop
      vertex 63.1235 8.79778 5
      vertex 63.6153 6.96252 5
      vertex 63.5084 8.87433 5
    endloop
  endfacet
  facet normal 0 0 1
    outer loop
      vertex 63.6153 6.96252 5
      vertex 63.1235 8.79778 5
      vertex 63.479 6.91627 5
    endloop
  endfacet
  facet normal -0 0 1
    outer loop
      vertex 62.7519 8.67164 5
      vertex 63.479 6.91627 5
      vertex 63.1235 8.79778 5
    endloop
  endfacet
  facet normal 0 0 1
    outer loop
      vertex 63.479 6.91627 5
      vertex 62.7519 8.67164 5
      vertex 63.35 6.85263 5
    endloop
  endfacet
  facet normal -0 0 1
    outer loop
      vertex 62.4 8.49808 5
      vertex 63.35 6.85263 5
      vertex 62.7519 8.67164 5
    endloop
  endfacet
  facet normal 0 0 1
    outer loop
      vertex 63.35 6.85263 5
      vertex 62.4 8.49808 5
      vertex 63.2304 6.77269 5
    endloop
  endfacet
  facet normal -0 0 1
    outer loop
      vertex 62.0737 8.28006 5
      vertex 63.2304 6.77269 5
      vertex 62.4 8.49808 5
    endloop
  endfacet
  facet normal 0 0 1
    outer loop
      vertex 63.2304 6.77269 5
      vertex 62.0737 8.28006 5
      vertex 63.1222 6.67782 5
    endloop
  endfacet
  facet normal -0 0 1
    outer loop
      vertex 61.7787 8.02132 5
      vertex 63.1222 6.67782 5
      vertex 62.0737 8.28006 5
    endloop
  endfacet
  facet normal 0 0 1
    outer loop
      vertex 63.1222 6.67782 5
      vertex 61.7787 8.02132 5
      vertex 63.0273 6.56964 5
    endloop
  endfacet
  facet normal 0 0 1
    outer loop
      vertex 63.0273 6.56964 5
      vertex 61.5199 7.72628 5
      vertex 62.9474 6.45 5
    endloop
  endfacet
  facet normal -0 0 1
    outer loop
      vertex 61.5199 7.72628 5
      vertex 63.0273 6.56964 5
      vertex 61.7787 8.02132 5
    endloop
  endfacet
  facet normal -0 0 1
    outer loop
      vertex 64.7727 5.23036 5
      vertex 66.2801 4.07372 5
      vertex 64.8526 5.35 5
    endloop
  endfacet
  facet normal 0 0 1
    outer loop
      vertex 66.2801 4.07372 5
      vertex 64.7727 5.23036 5
      vertex 66.0213 3.77868 5
    endloop
  endfacet
  facet normal -0 0 1
    outer loop
      vertex 64.6778 5.12218 5
      vertex 66.0213 3.77868 5
      vertex 64.7727 5.23036 5
    endloop
  endfacet
  facet normal 0 0 1
    outer loop
      vertex 66.0213 3.77868 5
      vertex 64.6778 5.12218 5
      vertex 65.7263 3.51994 5
    endloop
  endfacet
  facet normal -0 0 1
    outer loop
      vertex 64.5696 5.02731 5
      vertex 65.7263 3.51994 5
      vertex 64.6778 5.12218 5
    endloop
  endfacet
  facet normal 0 0 1
    outer loop
      vertex 65.7263 3.51994 5
      vertex 64.5696 5.02731 5
      vertex 65.4 3.30192 5
    endloop
  endfacet
  facet normal -0 0 1
    outer loop
      vertex 64.45 4.94737 5
      vertex 65.4 3.30192 5
      vertex 64.5696 5.02731 5
    endloop
  endfacet
  facet normal 0 0 1
    outer loop
      vertex 65.4 3.30192 5
      vertex 64.45 4.94737 5
      vertex 65.048 3.12836 5
    endloop
  endfacet
  facet normal -0 0 1
    outer loop
      vertex 64.321 4.88373 5
      vertex 65.048 3.12836 5
      vertex 64.45 4.94737 5
    endloop
  endfacet
  facet normal 0 0 1
    outer loop
      vertex 65.048 3.12836 5
      vertex 64.321 4.88373 5
      vertex 64.6765 3.00222 5
    endloop
  endfacet
  facet normal -0 0 1
    outer loop
      vertex 64.1847 4.83748 5
      vertex 64.6765 3.00222 5
      vertex 64.321 4.88373 5
    endloop
  endfacet
  facet normal 0 0 1
    outer loop
      vertex 64.6765 3.00222 5
      vertex 64.1847 4.83748 5
      vertex 64.2916 2.92567 5
    endloop
  endfacet
  facet normal -0 0 1
    outer loop
      vertex 64.0436 4.80941 5
      vertex 64.2916 2.92567 5
      vertex 64.1847 4.83748 5
    endloop
  endfacet
  facet normal -0 0 1
    outer loop
      vertex 63.9 4.8 5
      vertex 64.2916 2.92567 5
      vertex 64.0436 4.80941 5
    endloop
  endfacet
  facet normal 0 0 1
    outer loop
      vertex 63.9 4.8 5
      vertex 63.9 2.9 5
      vertex 64.2916 2.92567 5
    endloop
  endfacet
  facet normal 0 0 1
    outer loop
      vertex 63.7564 4.80941 5
      vertex 63.9 2.9 5
      vertex 63.9 4.8 5
    endloop
  endfacet
  facet normal 0 0 1
    outer loop
      vertex 63.5084 2.92567 5
      vertex 63.7564 4.80941 5
      vertex 63.6153 4.83748 5
    endloop
  endfacet
  facet normal 0 0 1
    outer loop
      vertex 63.7564 4.80941 5
      vertex 63.5084 2.92567 5
      vertex 63.9 2.9 5
    endloop
  endfacet
  facet normal 0 0 1
    outer loop
      vertex 63.1235 3.00222 5
      vertex 63.6153 4.83748 5
      vertex 63.479 4.88373 5
    endloop
  endfacet
  facet normal 0 0 1
    outer loop
      vertex 62.7519 3.12836 5
      vertex 63.479 4.88373 5
      vertex 63.35 4.94737 5
    endloop
  endfacet
  facet normal 0 0 1
    outer loop
      vertex 62.4 3.30192 5
      vertex 63.35 4.94737 5
      vertex 63.2304 5.02731 5
    endloop
  endfacet
  facet normal 0 0 1
    outer loop
      vertex 63.6153 4.83748 5
      vertex 63.1235 3.00222 5
      vertex 63.5084 2.92567 5
    endloop
  endfacet
  facet normal 0 0 1
    outer loop
      vertex 62.0737 3.51994 5
      vertex 63.2304 5.02731 5
      vertex 63.1222 5.12218 5
    endloop
  endfacet
  facet normal 0 0 1
    outer loop
      vertex 61.7787 3.77868 5
      vertex 63.1222 5.12218 5
      vertex 63.0273 5.23036 5
    endloop
  endfacet
  facet normal 0 0 1
    outer loop
      vertex 61.5199 4.07372 5
      vertex 63.0273 5.23036 5
      vertex 62.9474 5.35 5
    endloop
  endfacet
  facet normal 0 0 1
    outer loop
      vertex 61.3019 4.4 5
      vertex 62.9474 5.35 5
      vertex 62.8837 5.47905 5
    endloop
  endfacet
  facet normal 0 0 1
    outer loop
      vertex 61.1284 4.75195 5
      vertex 62.8837 5.47905 5
      vertex 62.8375 5.6153 5
    endloop
  endfacet
  facet normal 0 0 1
    outer loop
      vertex 61.0022 5.12354 5
      vertex 62.8375 5.6153 5
      vertex 62.8094 5.75642 5
    endloop
  endfacet
  facet normal 0 0 1
    outer loop
      vertex 63.479 4.88373 5
      vertex 62.7519 3.12836 5
      vertex 63.1235 3.00222 5
    endloop
  endfacet
  facet normal 0 0 1
    outer loop
      vertex 60.9257 5.50842 5
      vertex 62.8094 5.75642 5
      vertex 62.8 5.9 5
    endloop
  endfacet
  facet normal -0 0 1
    outer loop
      vertex 61.3019 7.4 5
      vertex 62.9474 6.45 5
      vertex 61.5199 7.72628 5
    endloop
  endfacet
  facet normal 0 0 1
    outer loop
      vertex 62.9474 6.45 5
      vertex 61.3019 7.4 5
      vertex 62.8837 6.32095 5
    endloop
  endfacet
  facet normal 0 0 1
    outer loop
      vertex 63.35 4.94737 5
      vertex 62.4 3.30192 5
      vertex 62.7519 3.12836 5
    endloop
  endfacet
  facet normal -0 0 1
    outer loop
      vertex 61.1284 7.04805 5
      vertex 62.8837 6.32095 5
      vertex 61.3019 7.4 5
    endloop
  endfacet
  facet normal 0 0 1
    outer loop
      vertex 63.2304 5.02731 5
      vertex 62.0737 3.51994 5
      vertex 62.4 3.30192 5
    endloop
  endfacet
  facet normal 0 0 1
    outer loop
      vertex 62.8837 6.32095 5
      vertex 61.1284 7.04805 5
      vertex 62.8375 6.1847 5
    endloop
  endfacet
  facet normal 0 0 1
    outer loop
      vertex 63.1222 5.12218 5
      vertex 61.7787 3.77868 5
      vertex 62.0737 3.51994 5
    endloop
  endfacet
  facet normal -0 0 1
    outer loop
      vertex 61.0022 6.67646 5
      vertex 62.8375 6.1847 5
      vertex 61.1284 7.04805 5
    endloop
  endfacet
  facet normal 0 0 1
    outer loop
      vertex 63.0273 5.23036 5
      vertex 61.5199 4.07372 5
      vertex 61.7787 3.77868 5
    endloop
  endfacet
  facet normal 0 0 1
    outer loop
      vertex 62.8375 6.1847 5
      vertex 61.0022 6.67646 5
      vertex 62.8094 6.04358 5
    endloop
  endfacet
  facet normal 0 0 1
    outer loop
      vertex 62.9474 5.35 5
      vertex 61.3019 4.4 5
      vertex 61.5199 4.07372 5
    endloop
  endfacet
  facet normal -0 0 1
    outer loop
      vertex 60.9257 6.29158 5
      vertex 62.8094 6.04358 5
      vertex 61.0022 6.67646 5
    endloop
  endfacet
  facet normal 0 0 1
    outer loop
      vertex 62.8837 5.47905 5
      vertex 61.1284 4.75195 5
      vertex 61.3019 4.4 5
    endloop
  endfacet
  facet normal 0 0 1
    outer loop
      vertex 62.8094 6.04358 5
      vertex 60.9257 6.29158 5
      vertex 62.8 5.9 5
    endloop
  endfacet
  facet normal 0 0 1
    outer loop
      vertex 62.8375 5.6153 5
      vertex 61.0022 5.12354 5
      vertex 61.1284 4.75195 5
    endloop
  endfacet
  facet normal 0 0 1
    outer loop
      vertex 60.9 5.9 5
      vertex 62.8 5.9 5
      vertex 60.9257 6.29158 5
    endloop
  endfacet
  facet normal 0 0 1
    outer loop
      vertex 62.8094 5.75642 5
      vertex 60.9257 5.50842 5
      vertex 61.0022 5.12354 5
    endloop
  endfacet
  facet normal 0 0 1
    outer loop
      vertex 62.8 5.9 5
      vertex 60.9 5.9 5
      vertex 60.9257 5.50842 5
    endloop
  endfacet
  facet normal -0.555558 0.831477 0
    outer loop
      vertex 62.4 8.49808 2
      vertex 62.0737 8.28006 5
      vertex 62.4 8.49808 5
    endloop
  endfacet
  facet normal -0.555558 0.831477 0
    outer loop
      vertex 62.0737 8.28006 5
      vertex 62.4 8.49808 2
      vertex 62.0737 8.28006 2
    endloop
  endfacet
  facet normal -0.659392 0.751799 0
    outer loop
      vertex 62.0737 8.28006 2
      vertex 61.7787 8.02132 5
      vertex 62.0737 8.28006 5
    endloop
  endfacet
  facet normal -0.659392 0.751799 0
    outer loop
      vertex 61.7787 8.02132 5
      vertex 62.0737 8.28006 2
      vertex 61.7787 8.02132 2
    endloop
  endfacet
  facet normal -0.321437 0.946931 0
    outer loop
      vertex 63.1235 8.79778 2
      vertex 62.7519 8.67164 5
      vertex 63.1235 8.79778 5
    endloop
  endfacet
  facet normal -0.321437 0.946931 0
    outer loop
      vertex 62.7519 8.67164 5
      vertex 63.1235 8.79778 2
      vertex 62.7519 8.67164 2
    endloop
  endfacet
  facet normal 0.321514 -0.946905 0
    outer loop
      vertex 64.6765 3.00222 2
      vertex 65.048 3.12836 5
      vertex 64.6765 3.00222 5
    endloop
  endfacet
  facet normal 0.321514 -0.946905 0
    outer loop
      vertex 65.048 3.12836 5
      vertex 64.6765 3.00222 2
      vertex 65.048 3.12836 2
    endloop
  endfacet
  facet normal 0.555558 -0.831477 0
    outer loop
      vertex 65.4 3.30192 2
      vertex 65.7263 3.51994 5
      vertex 65.4 3.30192 5
    endloop
  endfacet
  facet normal 0.555558 -0.831477 0
    outer loop
      vertex 65.7263 3.51994 5
      vertex 65.4 3.30192 2
      vertex 65.7263 3.51994 2
    endloop
  endfacet
  facet normal 0.980813 -0.19495 0
    outer loop
      vertex 66.7978 5.12354 5
      vertex 66.8743 5.50842 2
      vertex 66.8743 5.50842 5
    endloop
  endfacet
  facet normal 0.980813 -0.19495 0
    outer loop
      vertex 66.8743 5.50842 2
      vertex 66.7978 5.12354 5
      vertex 66.7978 5.12354 2
    endloop
  endfacet
  facet normal -0.442334 -0.89685 0
    outer loop
      vertex 62.4 3.30192 2
      vertex 62.7519 3.12836 5
      vertex 62.4 3.30192 5
    endloop
  endfacet
  facet normal -0.442334 -0.89685 -0
    outer loop
      vertex 62.7519 3.12836 5
      vertex 62.4 3.30192 2
      vertex 62.7519 3.12836 2
    endloop
  endfacet
  facet normal -0.0654112 -0.997858 0
    outer loop
      vertex 63.5084 2.92567 2
      vertex 63.9 2.9 5
      vertex 63.5084 2.92567 5
    endloop
  endfacet
  facet normal -0.0654112 -0.997858 -0
    outer loop
      vertex 63.9 2.9 5
      vertex 63.5084 2.92567 2
      vertex 63.9 2.9 2
    endloop
  endfacet
  facet normal -0.831485 -0.555547 0
    outer loop
      vertex 61.5199 4.07372 2
      vertex 61.3019 4.4 5
      vertex 61.3019 4.4 2
    endloop
  endfacet
  facet normal -0.831485 -0.555547 0
    outer loop
      vertex 61.3019 4.4 5
      vertex 61.5199 4.07372 2
      vertex 61.5199 4.07372 5
    endloop
  endfacet
  facet normal -0.946882 -0.321582 0
    outer loop
      vertex 61.1284 4.75195 2
      vertex 61.0022 5.12354 5
      vertex 61.0022 5.12354 2
    endloop
  endfacet
  facet normal -0.946882 -0.321582 0
    outer loop
      vertex 61.0022 5.12354 5
      vertex 61.1284 4.75195 2
      vertex 61.1284 4.75195 5
    endloop
  endfacet
  facet normal -0.997853 -0.0654906 0
    outer loop
      vertex 60.9257 5.50842 2
      vertex 60.9 5.9 5
      vertex 60.9 5.9 2
    endloop
  endfacet
  facet normal -0.997853 -0.0654906 0
    outer loop
      vertex 60.9 5.9 5
      vertex 60.9257 5.50842 2
      vertex 60.9257 5.50842 5
    endloop
  endfacet
  facet normal 0.442233 -0.8969 0
    outer loop
      vertex 65.048 3.12836 2
      vertex 65.4 3.30192 5
      vertex 65.048 3.12836 5
    endloop
  endfacet
  facet normal 0.442233 -0.8969 0
    outer loop
      vertex 65.4 3.30192 5
      vertex 65.048 3.12836 2
      vertex 65.4 3.30192 2
    endloop
  endfacet
  facet normal 0.659392 -0.751799 0
    outer loop
      vertex 65.7263 3.51994 2
      vertex 66.0213 3.77868 5
      vertex 65.7263 3.51994 5
    endloop
  endfacet
  facet normal 0.659392 -0.751799 0
    outer loop
      vertex 66.0213 3.77868 5
      vertex 65.7263 3.51994 2
      vertex 66.0213 3.77868 2
    endloop
  endfacet
  facet normal 0.896936 -0.44216 0
    outer loop
      vertex 66.4981 4.4 5
      vertex 66.6716 4.75195 2
      vertex 66.6716 4.75195 5
    endloop
  endfacet
  facet normal 0.896936 -0.44216 0
    outer loop
      vertex 66.6716 4.75195 2
      vertex 66.4981 4.4 5
      vertex 66.4981 4.4 2
    endloop
  endfacet
  facet normal 0.997853 -0.0654906 0
    outer loop
      vertex 66.8743 5.50842 5
      vertex 66.9 5.9 2
      vertex 66.9 5.9 5
    endloop
  endfacet
  facet normal 0.997853 -0.0654906 0
    outer loop
      vertex 66.9 5.9 2
      vertex 66.8743 5.50842 5
      vertex 66.8743 5.50842 2
    endloop
  endfacet
  facet normal -0.321437 -0.946931 0
    outer loop
      vertex 62.7519 3.12836 2
      vertex 63.1235 3.00222 5
      vertex 62.7519 3.12836 5
    endloop
  endfacet
  facet normal -0.321437 -0.946931 -0
    outer loop
      vertex 63.1235 3.00222 5
      vertex 62.7519 3.12836 2
      vertex 63.1235 3.00222 2
    endloop
  endfacet
  facet normal 0.0654112 -0.997858 0
    outer loop
      vertex 63.9 2.9 2
      vertex 64.2916 2.92567 5
      vertex 63.9 2.9 5
    endloop
  endfacet
  facet normal 0.0654112 -0.997858 0
    outer loop
      vertex 64.2916 2.92567 5
      vertex 63.9 2.9 2
      vertex 64.2916 2.92567 2
    endloop
  endfacet
  facet normal -0.751768 -0.659428 0
    outer loop
      vertex 61.7787 3.77868 2
      vertex 61.5199 4.07372 5
      vertex 61.5199 4.07372 2
    endloop
  endfacet
  facet normal -0.751768 -0.659428 0
    outer loop
      vertex 61.5199 4.07372 5
      vertex 61.7787 3.77868 2
      vertex 61.7787 3.77868 5
    endloop
  endfacet
  facet normal -0.896936 -0.44216 0
    outer loop
      vertex 61.3019 4.4 2
      vertex 61.1284 4.75195 5
      vertex 61.1284 4.75195 2
    endloop
  endfacet
  facet normal -0.896936 -0.44216 0
    outer loop
      vertex 61.1284 4.75195 5
      vertex 61.3019 4.4 2
      vertex 61.3019 4.4 5
    endloop
  endfacet
  facet normal 0.946882 -0.321582 0
    outer loop
      vertex 66.6716 4.75195 5
      vertex 66.7978 5.12354 2
      vertex 66.7978 5.12354 5
    endloop
  endfacet
  facet normal 0.946882 -0.321582 0
    outer loop
      vertex 66.7978 5.12354 2
      vertex 66.6716 4.75195 5
      vertex 66.6716 4.75195 2
    endloop
  endfacet
  facet normal 0.555523 0.831501 -0
    outer loop
      vertex 65.7263 31.2801 2
      vertex 65.4 31.4981 5
      vertex 65.7263 31.2801 5
    endloop
  endfacet
  facet normal 0.555523 0.831501 0
    outer loop
      vertex 65.4 31.4981 5
      vertex 65.7263 31.2801 2
      vertex 65.4 31.4981 2
    endloop
  endfacet
  facet normal 0.980815 -0.19494 0
    outer loop
      vertex 66.7978 28.1235 5
      vertex 66.8743 28.5084 2
      vertex 66.8743 28.5084 5
    endloop
  endfacet
  facet normal 0.980815 -0.19494 0
    outer loop
      vertex 66.8743 28.5084 2
      vertex 66.7978 28.1235 5
      vertex 66.7978 28.1235 2
    endloop
  endfacet
  facet normal -0.19494 -0.980815 0
    outer loop
      vertex 63.1235 26.0022 2
      vertex 63.5084 25.9257 5
      vertex 63.1235 26.0022 5
    endloop
  endfacet
  facet normal -0.19494 -0.980815 -0
    outer loop
      vertex 63.5084 25.9257 5
      vertex 63.1235 26.0022 2
      vertex 63.5084 25.9257 2
    endloop
  endfacet
  facet normal -0.442211 0.896911 0
    outer loop
      vertex 62.7519 31.6716 2
      vertex 62.4 31.4981 5
      vertex 62.7519 31.6716 5
    endloop
  endfacet
  facet normal -0.442211 0.896911 0
    outer loop
      vertex 62.4 31.4981 5
      vertex 62.7519 31.6716 2
      vertex 62.4 31.4981 2
    endloop
  endfacet
  facet normal -0.946858 0.321651 0
    outer loop
      vertex 61.0022 29.6765 2
      vertex 61.1284 30.048 5
      vertex 61.1284 30.048 2
    endloop
  endfacet
  facet normal -0.946858 0.321651 0
    outer loop
      vertex 61.1284 30.048 5
      vertex 61.0022 29.6765 2
      vertex 61.0022 29.6765 5
    endloop
  endfacet
  facet normal 0.751724 -0.659478 0
    outer loop
      vertex 66.0213 26.7787 5
      vertex 66.2801 27.0737 2
      vertex 66.2801 27.0737 5
    endloop
  endfacet
  facet normal 0.751724 -0.659478 0
    outer loop
      vertex 66.2801 27.0737 2
      vertex 66.0213 26.7787 5
      vertex 66.0213 26.7787 2
    endloop
  endfacet
  facet normal -0.321574 -0.946885 0
    outer loop
      vertex 62.7519 26.1284 2
      vertex 63.1235 26.0022 5
      vertex 62.7519 26.1284 5
    endloop
  endfacet
  facet normal -0.321574 -0.946885 -0
    outer loop
      vertex 63.1235 26.0022 5
      vertex 62.7519 26.1284 2
      vertex 63.1235 26.0022 2
    endloop
  endfacet
  facet normal 0.896961 0.44211 0
    outer loop
      vertex 66.6716 30.048 5
      vertex 66.4981 30.4 2
      vertex 66.4981 30.4 5
    endloop
  endfacet
  facet normal 0.896961 0.44211 0
    outer loop
      vertex 66.4981 30.4 2
      vertex 66.6716 30.048 5
      vertex 66.6716 30.048 2
    endloop
  endfacet
  facet normal 0.980815 0.19494 0
    outer loop
      vertex 66.8743 29.2916 5
      vertex 66.7978 29.6765 2
      vertex 66.7978 29.6765 5
    endloop
  endfacet
  facet normal 0.980815 0.19494 0
    outer loop
      vertex 66.7978 29.6765 2
      vertex 66.8743 29.2916 5
      vertex 66.8743 29.2916 2
    endloop
  endfacet
  facet normal 0.831501 0.555523 0
    outer loop
      vertex 66.4981 30.4 5
      vertex 66.2801 30.7263 2
      vertex 66.2801 30.7263 5
    endloop
  endfacet
  facet normal 0.831501 0.555523 0
    outer loop
      vertex 66.2801 30.7263 2
      vertex 66.4981 30.4 5
      vertex 66.4981 30.4 2
    endloop
  endfacet
  facet normal 0.659478 0.751724 -0
    outer loop
      vertex 66.0213 31.0213 2
      vertex 65.7263 31.2801 5
      vertex 66.0213 31.0213 5
    endloop
  endfacet
  facet normal 0.659478 0.751724 0
    outer loop
      vertex 65.7263 31.2801 5
      vertex 66.0213 31.0213 2
      vertex 65.7263 31.2801 2
    endloop
  endfacet
  facet normal 0.321651 0.946858 -0
    outer loop
      vertex 65.048 31.6716 2
      vertex 64.6765 31.7978 5
      vertex 65.048 31.6716 5
    endloop
  endfacet
  facet normal 0.321651 0.946858 0
    outer loop
      vertex 64.6765 31.7978 5
      vertex 65.048 31.6716 2
      vertex 64.6765 31.7978 2
    endloop
  endfacet
  facet normal -0.0654873 0.997853 0
    outer loop
      vertex 63.9 31.9 2
      vertex 63.5084 31.8743 5
      vertex 63.9 31.9 5
    endloop
  endfacet
  facet normal -0.0654873 0.997853 0
    outer loop
      vertex 63.5084 31.8743 5
      vertex 63.9 31.9 2
      vertex 63.5084 31.8743 2
    endloop
  endfacet
  facet normal -0.831501 0.555523 0
    outer loop
      vertex 61.3019 30.4 2
      vertex 61.5199 30.7263 5
      vertex 61.5199 30.7263 2
    endloop
  endfacet
  facet normal -0.831501 0.555523 0
    outer loop
      vertex 61.5199 30.7263 5
      vertex 61.3019 30.4 2
      vertex 61.3019 30.4 5
    endloop
  endfacet
  facet normal -0.19494 0.980815 0
    outer loop
      vertex 63.5084 31.8743 2
      vertex 63.1235 31.7978 5
      vertex 63.5084 31.8743 5
    endloop
  endfacet
  facet normal -0.19494 0.980815 0
    outer loop
      vertex 63.1235 31.7978 5
      vertex 63.5084 31.8743 2
      vertex 63.1235 31.7978 2
    endloop
  endfacet
  facet normal -0.751724 0.659478 0
    outer loop
      vertex 61.5199 30.7263 2
      vertex 61.7787 31.0213 5
      vertex 61.7787 31.0213 2
    endloop
  endfacet
  facet normal -0.751724 0.659478 0
    outer loop
      vertex 61.7787 31.0213 5
      vertex 61.5199 30.7263 2
      vertex 61.5199 30.7263 5
    endloop
  endfacet
  facet normal 0.997853 0.0654873 0
    outer loop
      vertex 66.9 28.9 5
      vertex 66.8743 29.2916 2
      vertex 66.8743 29.2916 5
    endloop
  endfacet
  facet normal 0.997853 0.0654873 0
    outer loop
      vertex 66.8743 29.2916 2
      vertex 66.9 28.9 5
      vertex 66.9 28.9 2
    endloop
  endfacet
  facet normal 0.19494 -0.980815 0
    outer loop
      vertex 64.2916 25.9257 2
      vertex 64.6765 26.0022 5
      vertex 64.2916 25.9257 5
    endloop
  endfacet
  facet normal 0.19494 -0.980815 0
    outer loop
      vertex 64.6765 26.0022 5
      vertex 64.2916 25.9257 2
      vertex 64.6765 26.0022 2
    endloop
  endfacet
  facet normal 0.946885 -0.321574 0
    outer loop
      vertex 66.6716 27.7519 5
      vertex 66.7978 28.1235 2
      vertex 66.7978 28.1235 5
    endloop
  endfacet
  facet normal 0.946885 -0.321574 0
    outer loop
      vertex 66.7978 28.1235 2
      vertex 66.6716 27.7519 5
      vertex 66.6716 27.7519 2
    endloop
  endfacet
  facet normal -0.0654873 -0.997853 0
    outer loop
      vertex 63.5084 25.9257 2
      vertex 63.9 25.9 5
      vertex 63.5084 25.9257 5
    endloop
  endfacet
  facet normal -0.0654873 -0.997853 -0
    outer loop
      vertex 63.9 25.9 5
      vertex 63.5084 25.9257 2
      vertex 63.9 25.9 2
    endloop
  endfacet
  facet normal -0.555523 -0.831501 0
    outer loop
      vertex 62.0737 26.5199 2
      vertex 62.4 26.3019 5
      vertex 62.0737 26.5199 5
    endloop
  endfacet
  facet normal -0.555523 -0.831501 -0
    outer loop
      vertex 62.4 26.3019 5
      vertex 62.0737 26.5199 2
      vertex 62.4 26.3019 2
    endloop
  endfacet
  facet normal -0.980815 -0.19494 0
    outer loop
      vertex 61.0022 28.1235 2
      vertex 60.9257 28.5084 5
      vertex 60.9257 28.5084 2
    endloop
  endfacet
  facet normal -0.980815 -0.19494 0
    outer loop
      vertex 60.9257 28.5084 5
      vertex 61.0022 28.1235 2
      vertex 61.0022 28.1235 5
    endloop
  endfacet
  facet normal 0.946858 0.321651 0
    outer loop
      vertex 66.7978 29.6765 5
      vertex 66.6716 30.048 2
      vertex 66.6716 30.048 5
    endloop
  endfacet
  facet normal 0.946858 0.321651 0
    outer loop
      vertex 66.6716 30.048 2
      vertex 66.7978 29.6765 5
      vertex 66.7978 29.6765 2
    endloop
  endfacet
  facet normal 0.751724 0.659478 0
    outer loop
      vertex 66.2801 30.7263 5
      vertex 66.0213 31.0213 2
      vertex 66.0213 31.0213 5
    endloop
  endfacet
  facet normal 0.751724 0.659478 0
    outer loop
      vertex 66.0213 31.0213 2
      vertex 66.2801 30.7263 5
      vertex 66.2801 30.7263 2
    endloop
  endfacet
  facet normal 0.44211 0.896961 -0
    outer loop
      vertex 65.4 31.4981 2
      vertex 65.048 31.6716 5
      vertex 65.4 31.4981 5
    endloop
  endfacet
  facet normal 0.44211 0.896961 0
    outer loop
      vertex 65.048 31.6716 5
      vertex 65.4 31.4981 2
      vertex 65.048 31.6716 2
    endloop
  endfacet
  facet normal 0.19494 0.980815 -0
    outer loop
      vertex 64.6765 31.7978 2
      vertex 64.2916 31.8743 5
      vertex 64.6765 31.7978 5
    endloop
  endfacet
  facet normal 0.19494 0.980815 0
    outer loop
      vertex 64.2916 31.8743 5
      vertex 64.6765 31.7978 2
      vertex 64.2916 31.8743 2
    endloop
  endfacet
  facet normal 0.0654873 0.997853 -0
    outer loop
      vertex 64.2916 31.8743 2
      vertex 63.9 31.9 5
      vertex 64.2916 31.8743 5
    endloop
  endfacet
  facet normal 0.0654873 0.997853 0
    outer loop
      vertex 63.9 31.9 5
      vertex 64.2916 31.8743 2
      vertex 63.9 31.9 2
    endloop
  endfacet
  facet normal -0.997853 -0.0654873 0
    outer loop
      vertex 60.9257 28.5084 2
      vertex 60.9 28.9 5
      vertex 60.9 28.9 2
    endloop
  endfacet
  facet normal -0.997853 -0.0654873 0
    outer loop
      vertex 60.9 28.9 5
      vertex 60.9257 28.5084 2
      vertex 60.9257 28.5084 5
    endloop
  endfacet
  facet normal -0.980815 0.19494 0
    outer loop
      vertex 60.9257 29.2916 2
      vertex 61.0022 29.6765 5
      vertex 61.0022 29.6765 2
    endloop
  endfacet
  facet normal -0.980815 0.19494 0
    outer loop
      vertex 61.0022 29.6765 5
      vertex 60.9257 29.2916 2
      vertex 60.9257 29.2916 5
    endloop
  endfacet
  facet normal -0.896961 0.44211 0
    outer loop
      vertex 61.1284 30.048 2
      vertex 61.3019 30.4 5
      vertex 61.3019 30.4 2
    endloop
  endfacet
  facet normal -0.896961 0.44211 0
    outer loop
      vertex 61.3019 30.4 5
      vertex 61.1284 30.048 2
      vertex 61.1284 30.048 5
    endloop
  endfacet
  facet normal -0.321574 0.946885 0
    outer loop
      vertex 63.1235 31.7978 2
      vertex 62.7519 31.6716 5
      vertex 63.1235 31.7978 5
    endloop
  endfacet
  facet normal -0.321574 0.946885 0
    outer loop
      vertex 62.7519 31.6716 5
      vertex 63.1235 31.7978 2
      vertex 62.7519 31.6716 2
    endloop
  endfacet
  facet normal -0.659478 0.751724 0
    outer loop
      vertex 62.0737 31.2801 2
      vertex 61.7787 31.0213 5
      vertex 62.0737 31.2801 5
    endloop
  endfacet
  facet normal -0.659478 0.751724 0
    outer loop
      vertex 61.7787 31.0213 5
      vertex 62.0737 31.2801 2
      vertex 61.7787 31.0213 2
    endloop
  endfacet
  facet normal -0.555523 0.831501 0
    outer loop
      vertex 62.4 31.4981 2
      vertex 62.0737 31.2801 5
      vertex 62.4 31.4981 5
    endloop
  endfacet
  facet normal -0.555523 0.831501 0
    outer loop
      vertex 62.0737 31.2801 5
      vertex 62.4 31.4981 2
      vertex 62.0737 31.2801 2
    endloop
  endfacet
  facet normal 0.997853 -0.0654873 0
    outer loop
      vertex 66.8743 28.5084 5
      vertex 66.9 28.9 2
      vertex 66.9 28.9 5
    endloop
  endfacet
  facet normal 0.997853 -0.0654873 0
    outer loop
      vertex 66.9 28.9 2
      vertex 66.8743 28.5084 5
      vertex 66.8743 28.5084 2
    endloop
  endfacet
  facet normal 0.831501 -0.555523 0
    outer loop
      vertex 66.2801 27.0737 5
      vertex 66.4981 27.4 2
      vertex 66.4981 27.4 5
    endloop
  endfacet
  facet normal 0.831501 -0.555523 0
    outer loop
      vertex 66.4981 27.4 2
      vertex 66.2801 27.0737 5
      vertex 66.2801 27.0737 2
    endloop
  endfacet
  facet normal 0.896911 -0.442211 0
    outer loop
      vertex 66.4981 27.4 5
      vertex 66.6716 27.7519 2
      vertex 66.6716 27.7519 5
    endloop
  endfacet
  facet normal 0.896911 -0.442211 0
    outer loop
      vertex 66.6716 27.7519 2
      vertex 66.4981 27.4 5
      vertex 66.4981 27.4 2
    endloop
  endfacet
  facet normal 0.321651 -0.946858 0
    outer loop
      vertex 64.6765 26.0022 2
      vertex 65.048 26.1284 5
      vertex 64.6765 26.0022 5
    endloop
  endfacet
  facet normal 0.321651 -0.946858 0
    outer loop
      vertex 65.048 26.1284 5
      vertex 64.6765 26.0022 2
      vertex 65.048 26.1284 2
    endloop
  endfacet
  facet normal 0.555523 -0.831501 0
    outer loop
      vertex 65.4 26.3019 2
      vertex 65.7263 26.5199 5
      vertex 65.4 26.3019 5
    endloop
  endfacet
  facet normal 0.555523 -0.831501 0
    outer loop
      vertex 65.7263 26.5199 5
      vertex 65.4 26.3019 2
      vertex 65.7263 26.5199 2
    endloop
  endfacet
  facet normal 0.0654873 -0.997853 0
    outer loop
      vertex 63.9 25.9 2
      vertex 64.2916 25.9257 5
      vertex 63.9 25.9 5
    endloop
  endfacet
  facet normal 0.0654873 -0.997853 0
    outer loop
      vertex 64.2916 25.9257 5
      vertex 63.9 25.9 2
      vertex 64.2916 25.9257 2
    endloop
  endfacet
  facet normal -0.442211 -0.896911 0
    outer loop
      vertex 62.4 26.3019 2
      vertex 62.7519 26.1284 5
      vertex 62.4 26.3019 5
    endloop
  endfacet
  facet normal -0.442211 -0.896911 -0
    outer loop
      vertex 62.7519 26.1284 5
      vertex 62.4 26.3019 2
      vertex 62.7519 26.1284 2
    endloop
  endfacet
  facet normal -0.946885 -0.321574 0
    outer loop
      vertex 61.1284 27.7519 2
      vertex 61.0022 28.1235 5
      vertex 61.0022 28.1235 2
    endloop
  endfacet
  facet normal -0.946885 -0.321574 0
    outer loop
      vertex 61.0022 28.1235 5
      vertex 61.1284 27.7519 2
      vertex 61.1284 27.7519 5
    endloop
  endfacet
  facet normal -0.659478 -0.751724 0
    outer loop
      vertex 61.7787 26.7787 2
      vertex 62.0737 26.5199 5
      vertex 61.7787 26.7787 5
    endloop
  endfacet
  facet normal -0.659478 -0.751724 -0
    outer loop
      vertex 62.0737 26.5199 5
      vertex 61.7787 26.7787 2
      vertex 62.0737 26.5199 2
    endloop
  endfacet
  facet normal -0.831501 -0.555523 0
    outer loop
      vertex 61.5199 27.0737 2
      vertex 61.3019 27.4 5
      vertex 61.3019 27.4 2
    endloop
  endfacet
  facet normal -0.831501 -0.555523 0
    outer loop
      vertex 61.3019 27.4 5
      vertex 61.5199 27.0737 2
      vertex 61.5199 27.0737 5
    endloop
  endfacet
  facet normal 0 0 1
    outer loop
      vertex 65 28.9 5
      vertex 66.9 28.9 5
      vertex 66.8743 29.2916 5
    endloop
  endfacet
  facet normal 0 0 1
    outer loop
      vertex 64.9906 29.0436 5
      vertex 66.8743 29.2916 5
      vertex 66.7978 29.6765 5
    endloop
  endfacet
  facet normal 0 0 1
    outer loop
      vertex 66.9 28.9 5
      vertex 65 28.9 5
      vertex 66.8743 28.5084 5
    endloop
  endfacet
  facet normal 0 0 1
    outer loop
      vertex 64.9625 29.1847 5
      vertex 66.7978 29.6765 5
      vertex 66.6716 30.048 5
    endloop
  endfacet
  facet normal -0 0 1
    outer loop
      vertex 64.9906 28.7564 5
      vertex 66.8743 28.5084 5
      vertex 65 28.9 5
    endloop
  endfacet
  facet normal 0 0 1
    outer loop
      vertex 64.9163 29.321 5
      vertex 66.6716 30.048 5
      vertex 66.4981 30.4 5
    endloop
  endfacet
  facet normal 0 0 1
    outer loop
      vertex 66.8743 28.5084 5
      vertex 64.9906 28.7564 5
      vertex 66.7978 28.1235 5
    endloop
  endfacet
  facet normal 0 0 1
    outer loop
      vertex 64.8526 29.45 5
      vertex 66.4981 30.4 5
      vertex 66.2801 30.7263 5
    endloop
  endfacet
  facet normal -0 0 1
    outer loop
      vertex 64.9625 28.6153 5
      vertex 66.7978 28.1235 5
      vertex 64.9906 28.7564 5
    endloop
  endfacet
  facet normal 0 0 1
    outer loop
      vertex 64.7727 29.5696 5
      vertex 66.2801 30.7263 5
      vertex 66.0213 31.0213 5
    endloop
  endfacet
  facet normal 0 0 1
    outer loop
      vertex 66.7978 28.1235 5
      vertex 64.9625 28.6153 5
      vertex 66.6716 27.7519 5
    endloop
  endfacet
  facet normal 0 0 1
    outer loop
      vertex 64.6778 29.6778 5
      vertex 66.0213 31.0213 5
      vertex 65.7263 31.2801 5
    endloop
  endfacet
  facet normal -0 0 1
    outer loop
      vertex 64.9163 28.479 5
      vertex 66.6716 27.7519 5
      vertex 64.9625 28.6153 5
    endloop
  endfacet
  facet normal 0 0 1
    outer loop
      vertex 64.5696 29.7727 5
      vertex 65.7263 31.2801 5
      vertex 65.4 31.4981 5
    endloop
  endfacet
  facet normal 0 0 1
    outer loop
      vertex 66.6716 27.7519 5
      vertex 64.9163 28.479 5
      vertex 66.4981 27.4 5
    endloop
  endfacet
  facet normal 0 0 1
    outer loop
      vertex 64.45 29.8526 5
      vertex 65.4 31.4981 5
      vertex 65.048 31.6716 5
    endloop
  endfacet
  facet normal -0 0 1
    outer loop
      vertex 64.8526 28.35 5
      vertex 66.4981 27.4 5
      vertex 64.9163 28.479 5
    endloop
  endfacet
  facet normal 0 0 1
    outer loop
      vertex 66.4981 27.4 5
      vertex 64.8526 28.35 5
      vertex 66.2801 27.0737 5
    endloop
  endfacet
  facet normal 0 0 1
    outer loop
      vertex 66.8743 29.2916 5
      vertex 64.9906 29.0436 5
      vertex 65 28.9 5
    endloop
  endfacet
  facet normal 0 0 1
    outer loop
      vertex 66.7978 29.6765 5
      vertex 64.9625 29.1847 5
      vertex 64.9906 29.0436 5
    endloop
  endfacet
  facet normal 0 0 1
    outer loop
      vertex 66.6716 30.048 5
      vertex 64.9163 29.321 5
      vertex 64.9625 29.1847 5
    endloop
  endfacet
  facet normal 0 0 1
    outer loop
      vertex 66.4981 30.4 5
      vertex 64.8526 29.45 5
      vertex 64.9163 29.321 5
    endloop
  endfacet
  facet normal 0 0 1
    outer loop
      vertex 66.2801 30.7263 5
      vertex 64.7727 29.5696 5
      vertex 64.8526 29.45 5
    endloop
  endfacet
  facet normal 0 0 1
    outer loop
      vertex 66.0213 31.0213 5
      vertex 64.6778 29.6778 5
      vertex 64.7727 29.5696 5
    endloop
  endfacet
  facet normal 0 0 1
    outer loop
      vertex 64.321 29.9163 5
      vertex 65.048 31.6716 5
      vertex 64.6765 31.7978 5
    endloop
  endfacet
  facet normal 0 0 1
    outer loop
      vertex 65.7263 31.2801 5
      vertex 64.5696 29.7727 5
      vertex 64.6778 29.6778 5
    endloop
  endfacet
  facet normal 0 0 1
    outer loop
      vertex 65.4 31.4981 5
      vertex 64.45 29.8526 5
      vertex 64.5696 29.7727 5
    endloop
  endfacet
  facet normal 0 0 1
    outer loop
      vertex 65.048 31.6716 5
      vertex 64.321 29.9163 5
      vertex 64.45 29.8526 5
    endloop
  endfacet
  facet normal 0 0 1
    outer loop
      vertex 64.1847 29.9625 5
      vertex 64.6765 31.7978 5
      vertex 64.2916 31.8743 5
    endloop
  endfacet
  facet normal 0 0 1
    outer loop
      vertex 64.6765 31.7978 5
      vertex 64.1847 29.9625 5
      vertex 64.321 29.9163 5
    endloop
  endfacet
  facet normal 0 0 1
    outer loop
      vertex 64.2916 31.8743 5
      vertex 64.0436 29.9906 5
      vertex 64.1847 29.9625 5
    endloop
  endfacet
  facet normal 0 0 1
    outer loop
      vertex 63.9 31.9 5
      vertex 64.0436 29.9906 5
      vertex 64.2916 31.8743 5
    endloop
  endfacet
  facet normal 0 0 1
    outer loop
      vertex 63.9 31.9 5
      vertex 63.9 30 5
      vertex 64.0436 29.9906 5
    endloop
  endfacet
  facet normal 0 0 1
    outer loop
      vertex 63.9 31.9 5
      vertex 63.7564 29.9906 5
      vertex 63.9 30 5
    endloop
  endfacet
  facet normal -0 0 1
    outer loop
      vertex 63.5084 31.8743 5
      vertex 63.7564 29.9906 5
      vertex 63.9 31.9 5
    endloop
  endfacet
  facet normal 0 0 1
    outer loop
      vertex 63.7564 29.9906 5
      vertex 63.5084 31.8743 5
      vertex 63.6153 29.9625 5
    endloop
  endfacet
  facet normal -0 0 1
    outer loop
      vertex 63.1235 31.7978 5
      vertex 63.6153 29.9625 5
      vertex 63.5084 31.8743 5
    endloop
  endfacet
  facet normal 0 0 1
    outer loop
      vertex 63.6153 29.9625 5
      vertex 63.1235 31.7978 5
      vertex 63.479 29.9163 5
    endloop
  endfacet
  facet normal -0 0 1
    outer loop
      vertex 62.7519 31.6716 5
      vertex 63.479 29.9163 5
      vertex 63.1235 31.7978 5
    endloop
  endfacet
  facet normal 0 0 1
    outer loop
      vertex 63.479 29.9163 5
      vertex 62.7519 31.6716 5
      vertex 63.35 29.8526 5
    endloop
  endfacet
  facet normal -0 0 1
    outer loop
      vertex 62.4 31.4981 5
      vertex 63.35 29.8526 5
      vertex 62.7519 31.6716 5
    endloop
  endfacet
  facet normal 0 0 1
    outer loop
      vertex 63.35 29.8526 5
      vertex 62.4 31.4981 5
      vertex 63.2304 29.7727 5
    endloop
  endfacet
  facet normal -0 0 1
    outer loop
      vertex 62.0737 31.2801 5
      vertex 63.2304 29.7727 5
      vertex 62.4 31.4981 5
    endloop
  endfacet
  facet normal 0 0 1
    outer loop
      vertex 63.2304 29.7727 5
      vertex 62.0737 31.2801 5
      vertex 63.1222 29.6778 5
    endloop
  endfacet
  facet normal -0 0 1
    outer loop
      vertex 61.7787 31.0213 5
      vertex 63.1222 29.6778 5
      vertex 62.0737 31.2801 5
    endloop
  endfacet
  facet normal 0 0 1
    outer loop
      vertex 63.1222 29.6778 5
      vertex 61.7787 31.0213 5
      vertex 63.0273 29.5696 5
    endloop
  endfacet
  facet normal 0 0 1
    outer loop
      vertex 63.0273 29.5696 5
      vertex 61.5199 30.7263 5
      vertex 62.9474 29.45 5
    endloop
  endfacet
  facet normal -0 0 1
    outer loop
      vertex 61.5199 30.7263 5
      vertex 63.0273 29.5696 5
      vertex 61.7787 31.0213 5
    endloop
  endfacet
  facet normal -0 0 1
    outer loop
      vertex 64.7727 28.2304 5
      vertex 66.2801 27.0737 5
      vertex 64.8526 28.35 5
    endloop
  endfacet
  facet normal 0 0 1
    outer loop
      vertex 66.2801 27.0737 5
      vertex 64.7727 28.2304 5
      vertex 66.0213 26.7787 5
    endloop
  endfacet
  facet normal -0 0 1
    outer loop
      vertex 64.6778 28.1222 5
      vertex 66.0213 26.7787 5
      vertex 64.7727 28.2304 5
    endloop
  endfacet
  facet normal 0 0 1
    outer loop
      vertex 66.0213 26.7787 5
      vertex 64.6778 28.1222 5
      vertex 65.7263 26.5199 5
    endloop
  endfacet
  facet normal -0 0 1
    outer loop
      vertex 64.5696 28.0273 5
      vertex 65.7263 26.5199 5
      vertex 64.6778 28.1222 5
    endloop
  endfacet
  facet normal 0 0 1
    outer loop
      vertex 65.7263 26.5199 5
      vertex 64.5696 28.0273 5
      vertex 65.4 26.3019 5
    endloop
  endfacet
  facet normal -0 0 1
    outer loop
      vertex 64.45 27.9474 5
      vertex 65.4 26.3019 5
      vertex 64.5696 28.0273 5
    endloop
  endfacet
  facet normal 0 0 1
    outer loop
      vertex 65.4 26.3019 5
      vertex 64.45 27.9474 5
      vertex 65.048 26.1284 5
    endloop
  endfacet
  facet normal -0 0 1
    outer loop
      vertex 64.321 27.8837 5
      vertex 65.048 26.1284 5
      vertex 64.45 27.9474 5
    endloop
  endfacet
  facet normal 0 0 1
    outer loop
      vertex 65.048 26.1284 5
      vertex 64.321 27.8837 5
      vertex 64.6765 26.0022 5
    endloop
  endfacet
  facet normal -0 0 1
    outer loop
      vertex 64.1847 27.8375 5
      vertex 64.6765 26.0022 5
      vertex 64.321 27.8837 5
    endloop
  endfacet
  facet normal 0 0 1
    outer loop
      vertex 64.6765 26.0022 5
      vertex 64.1847 27.8375 5
      vertex 64.2916 25.9257 5
    endloop
  endfacet
  facet normal -0 0 1
    outer loop
      vertex 64.0436 27.8094 5
      vertex 64.2916 25.9257 5
      vertex 64.1847 27.8375 5
    endloop
  endfacet
  facet normal -0 0 1
    outer loop
      vertex 63.9 27.8 5
      vertex 64.2916 25.9257 5
      vertex 64.0436 27.8094 5
    endloop
  endfacet
  facet normal 0 0 1
    outer loop
      vertex 63.9 27.8 5
      vertex 63.9 25.9 5
      vertex 64.2916 25.9257 5
    endloop
  endfacet
  facet normal 0 0 1
    outer loop
      vertex 63.7564 27.8094 5
      vertex 63.9 25.9 5
      vertex 63.9 27.8 5
    endloop
  endfacet
  facet normal 0 0 1
    outer loop
      vertex 63.5084 25.9257 5
      vertex 63.7564 27.8094 5
      vertex 63.6153 27.8375 5
    endloop
  endfacet
  facet normal 0 0 1
    outer loop
      vertex 63.7564 27.8094 5
      vertex 63.5084 25.9257 5
      vertex 63.9 25.9 5
    endloop
  endfacet
  facet normal 0 0 1
    outer loop
      vertex 63.1235 26.0022 5
      vertex 63.6153 27.8375 5
      vertex 63.479 27.8837 5
    endloop
  endfacet
  facet normal 0 0 1
    outer loop
      vertex 62.7519 26.1284 5
      vertex 63.479 27.8837 5
      vertex 63.35 27.9474 5
    endloop
  endfacet
  facet normal 0 0 1
    outer loop
      vertex 62.4 26.3019 5
      vertex 63.35 27.9474 5
      vertex 63.2304 28.0273 5
    endloop
  endfacet
  facet normal 0 0 1
    outer loop
      vertex 63.6153 27.8375 5
      vertex 63.1235 26.0022 5
      vertex 63.5084 25.9257 5
    endloop
  endfacet
  facet normal 0 0 1
    outer loop
      vertex 62.0737 26.5199 5
      vertex 63.2304 28.0273 5
      vertex 63.1222 28.1222 5
    endloop
  endfacet
  facet normal 0 0 1
    outer loop
      vertex 61.7787 26.7787 5
      vertex 63.1222 28.1222 5
      vertex 63.0273 28.2304 5
    endloop
  endfacet
  facet normal 0 0 1
    outer loop
      vertex 61.5199 27.0737 5
      vertex 63.0273 28.2304 5
      vertex 62.9474 28.35 5
    endloop
  endfacet
  facet normal 0 0 1
    outer loop
      vertex 61.3019 27.4 5
      vertex 62.9474 28.35 5
      vertex 62.8837 28.479 5
    endloop
  endfacet
  facet normal 0 0 1
    outer loop
      vertex 61.1284 27.7519 5
      vertex 62.8837 28.479 5
      vertex 62.8375 28.6153 5
    endloop
  endfacet
  facet normal 0 0 1
    outer loop
      vertex 61.0022 28.1235 5
      vertex 62.8375 28.6153 5
      vertex 62.8094 28.7564 5
    endloop
  endfacet
  facet normal 0 0 1
    outer loop
      vertex 63.479 27.8837 5
      vertex 62.7519 26.1284 5
      vertex 63.1235 26.0022 5
    endloop
  endfacet
  facet normal 0 0 1
    outer loop
      vertex 60.9257 28.5084 5
      vertex 62.8094 28.7564 5
      vertex 62.8 28.9 5
    endloop
  endfacet
  facet normal -0 0 1
    outer loop
      vertex 61.3019 30.4 5
      vertex 62.9474 29.45 5
      vertex 61.5199 30.7263 5
    endloop
  endfacet
  facet normal 0 0 1
    outer loop
      vertex 62.9474 29.45 5
      vertex 61.3019 30.4 5
      vertex 62.8837 29.321 5
    endloop
  endfacet
  facet normal 0 0 1
    outer loop
      vertex 63.35 27.9474 5
      vertex 62.4 26.3019 5
      vertex 62.7519 26.1284 5
    endloop
  endfacet
  facet normal -0 0 1
    outer loop
      vertex 61.1284 30.048 5
      vertex 62.8837 29.321 5
      vertex 61.3019 30.4 5
    endloop
  endfacet
  facet normal 0 0 1
    outer loop
      vertex 63.2304 28.0273 5
      vertex 62.0737 26.5199 5
      vertex 62.4 26.3019 5
    endloop
  endfacet
  facet normal 0 0 1
    outer loop
      vertex 62.8837 29.321 5
      vertex 61.1284 30.048 5
      vertex 62.8375 29.1847 5
    endloop
  endfacet
  facet normal 0 0 1
    outer loop
      vertex 63.1222 28.1222 5
      vertex 61.7787 26.7787 5
      vertex 62.0737 26.5199 5
    endloop
  endfacet
  facet normal -0 0 1
    outer loop
      vertex 61.0022 29.6765 5
      vertex 62.8375 29.1847 5
      vertex 61.1284 30.048 5
    endloop
  endfacet
  facet normal 0 0 1
    outer loop
      vertex 63.0273 28.2304 5
      vertex 61.5199 27.0737 5
      vertex 61.7787 26.7787 5
    endloop
  endfacet
  facet normal 0 0 1
    outer loop
      vertex 62.8375 29.1847 5
      vertex 61.0022 29.6765 5
      vertex 62.8094 29.0436 5
    endloop
  endfacet
  facet normal 0 0 1
    outer loop
      vertex 62.9474 28.35 5
      vertex 61.3019 27.4 5
      vertex 61.5199 27.0737 5
    endloop
  endfacet
  facet normal -0 0 1
    outer loop
      vertex 60.9257 29.2916 5
      vertex 62.8094 29.0436 5
      vertex 61.0022 29.6765 5
    endloop
  endfacet
  facet normal 0 0 1
    outer loop
      vertex 62.8837 28.479 5
      vertex 61.1284 27.7519 5
      vertex 61.3019 27.4 5
    endloop
  endfacet
  facet normal 0 0 1
    outer loop
      vertex 62.8094 29.0436 5
      vertex 60.9257 29.2916 5
      vertex 62.8 28.9 5
    endloop
  endfacet
  facet normal 0 0 1
    outer loop
      vertex 62.8375 28.6153 5
      vertex 61.0022 28.1235 5
      vertex 61.1284 27.7519 5
    endloop
  endfacet
  facet normal 0 0 1
    outer loop
      vertex 60.9 28.9 5
      vertex 62.8 28.9 5
      vertex 60.9257 29.2916 5
    endloop
  endfacet
  facet normal 0 0 1
    outer loop
      vertex 62.8094 28.7564 5
      vertex 60.9257 28.5084 5
      vertex 61.0022 28.1235 5
    endloop
  endfacet
  facet normal 0 0 1
    outer loop
      vertex 62.8 28.9 5
      vertex 60.9 28.9 5
      vertex 60.9257 28.5084 5
    endloop
  endfacet
  facet normal -0.997853 0.0654873 0
    outer loop
      vertex 60.9 28.9 2
      vertex 60.9257 29.2916 5
      vertex 60.9257 29.2916 2
    endloop
  endfacet
  facet normal -0.997853 0.0654873 0
    outer loop
      vertex 60.9257 29.2916 5
      vertex 60.9 28.9 2
      vertex 60.9 28.9 5
    endloop
  endfacet
  facet normal 0.44211 -0.896961 0
    outer loop
      vertex 65.048 26.1284 2
      vertex 65.4 26.3019 5
      vertex 65.048 26.1284 5
    endloop
  endfacet
  facet normal 0.44211 -0.896961 0
    outer loop
      vertex 65.4 26.3019 5
      vertex 65.048 26.1284 2
      vertex 65.4 26.3019 2
    endloop
  endfacet
  facet normal 0.659478 -0.751724 0
    outer loop
      vertex 65.7263 26.5199 2
      vertex 66.0213 26.7787 5
      vertex 65.7263 26.5199 5
    endloop
  endfacet
  facet normal 0.659478 -0.751724 0
    outer loop
      vertex 66.0213 26.7787 5
      vertex 65.7263 26.5199 2
      vertex 66.0213 26.7787 2
    endloop
  endfacet
  facet normal -0.896911 -0.442211 0
    outer loop
      vertex 61.3019 27.4 2
      vertex 61.1284 27.7519 5
      vertex 61.1284 27.7519 2
    endloop
  endfacet
  facet normal -0.896911 -0.442211 0
    outer loop
      vertex 61.1284 27.7519 5
      vertex 61.3019 27.4 2
      vertex 61.3019 27.4 5
    endloop
  endfacet
  facet normal -0.751724 -0.659478 0
    outer loop
      vertex 61.7787 26.7787 2
      vertex 61.5199 27.0737 5
      vertex 61.5199 27.0737 2
    endloop
  endfacet
  facet normal -0.751724 -0.659478 0
    outer loop
      vertex 61.5199 27.0737 5
      vertex 61.7787 26.7787 2
      vertex 61.7787 26.7787 5
    endloop
  endfacet
  facet normal -0.99786 -0.0653892 0
    outer loop
      vertex 7.4 5.9 0
      vertex 7.38717 6.09579 2.02
      vertex 7.38717 6.09579 0
    endloop
  endfacet
  facet normal -0.99786 -0.0653892 0
    outer loop
      vertex 7.38717 6.09579 2.02
      vertex 7.4 5.9 0
      vertex 7.4 5.9 2.02
    endloop
  endfacet
  facet normal 0.0653892 -0.99786 0
    outer loop
      vertex 5.70421 7.38717 0
      vertex 5.9 7.4 2.02
      vertex 5.70421 7.38717 2.02
    endloop
  endfacet
  facet normal 0.0653892 -0.99786 0
    outer loop
      vertex 5.9 7.4 2.02
      vertex 5.70421 7.38717 0
      vertex 5.9 7.4 0
    endloop
  endfacet
  facet normal -0.659341 -0.751844 0
    outer loop
      vertex 6.81314 7.09003 0
      vertex 6.96066 6.96066 2.02
      vertex 6.81314 7.09003 2.02
    endloop
  endfacet
  facet normal -0.659341 -0.751844 -0
    outer loop
      vertex 6.96066 6.96066 2.02
      vertex 6.81314 7.09003 0
      vertex 6.96066 6.96066 0
    endloop
  endfacet
  facet normal 0.751844 -0.659341 0
    outer loop
      vertex 4.70997 6.81314 2.02
      vertex 4.83934 6.96066 0
      vertex 4.83934 6.96066 2.02
    endloop
  endfacet
  facet normal 0.751844 -0.659341 0
    outer loop
      vertex 4.83934 6.96066 0
      vertex 4.70997 6.81314 2.02
      vertex 4.70997 6.81314 0
    endloop
  endfacet
  facet normal 0.442294 -0.89687 0
    outer loop
      vertex 5.15 7.19904 0
      vertex 5.32597 7.28582 2.02
      vertex 5.15 7.19904 2.02
    endloop
  endfacet
  facet normal 0.442294 -0.89687 0
    outer loop
      vertex 5.32597 7.28582 2.02
      vertex 5.15 7.19904 0
      vertex 5.32597 7.28582 0
    endloop
  endfacet
  facet normal -0.751844 0.659341 0
    outer loop
      vertex 6.96066 4.83934 0
      vertex 7.09003 4.98686 2.02
      vertex 7.09003 4.98686 0
    endloop
  endfacet
  facet normal -0.751844 0.659341 0
    outer loop
      vertex 7.09003 4.98686 2.02
      vertex 6.96066 4.83934 0
      vertex 6.96066 4.83934 2.02
    endloop
  endfacet
  facet normal 0.946931 0.321437 0
    outer loop
      vertex 4.51418 5.32597 2.02
      vertex 4.45111 5.51177 0
      vertex 4.45111 5.51177 2.02
    endloop
  endfacet
  facet normal 0.946931 0.321437 0
    outer loop
      vertex 4.45111 5.51177 0
      vertex 4.51418 5.32597 2.02
      vertex 4.51418 5.32597 0
    endloop
  endfacet
  facet normal -0.89688 -0.442273 0
    outer loop
      vertex 7.28582 6.47402 0
      vertex 7.19904 6.65 2.02
      vertex 7.19904 6.65 0
    endloop
  endfacet
  facet normal -0.89688 -0.442273 0
    outer loop
      vertex 7.19904 6.65 2.02
      vertex 7.28582 6.47402 0
      vertex 7.28582 6.47402 2.02
    endloop
  endfacet
  facet normal -0.980784 -0.195097 0
    outer loop
      vertex 7.38717 6.09579 0
      vertex 7.34889 6.28823 2.02
      vertex 7.34889 6.28823 0
    endloop
  endfacet
  facet normal -0.980784 -0.195097 0
    outer loop
      vertex 7.34889 6.28823 2.02
      vertex 7.38717 6.09579 0
      vertex 7.38717 6.09579 2.02
    endloop
  endfacet
  facet normal -0.321452 -0.946926 0
    outer loop
      vertex 6.28823 7.34889 0
      vertex 6.47402 7.28582 2.02
      vertex 6.28823 7.34889 2.02
    endloop
  endfacet
  facet normal -0.321452 -0.946926 -0
    outer loop
      vertex 6.47402 7.28582 2.02
      vertex 6.28823 7.34889 0
      vertex 6.47402 7.28582 0
    endloop
  endfacet
  facet normal -0.555582 -0.831462 0
    outer loop
      vertex 6.65 7.19904 0
      vertex 6.81314 7.09003 2.02
      vertex 6.65 7.19904 2.02
    endloop
  endfacet
  facet normal -0.555582 -0.831462 -0
    outer loop
      vertex 6.81314 7.09003 2.02
      vertex 6.65 7.19904 0
      vertex 6.81314 7.09003 0
    endloop
  endfacet
  facet normal 0.89688 -0.442273 0
    outer loop
      vertex 4.51418 6.47402 2.02
      vertex 4.60096 6.65 0
      vertex 4.60096 6.65 2.02
    endloop
  endfacet
  facet normal 0.89688 -0.442273 0
    outer loop
      vertex 4.60096 6.65 0
      vertex 4.51418 6.47402 2.02
      vertex 4.51418 6.47402 0
    endloop
  endfacet
  facet normal 0.831462 -0.555582 0
    outer loop
      vertex 4.60096 6.65 2.02
      vertex 4.70997 6.81314 0
      vertex 4.70997 6.81314 2.02
    endloop
  endfacet
  facet normal 0.831462 -0.555582 0
    outer loop
      vertex 4.70997 6.81314 0
      vertex 4.60096 6.65 2.02
      vertex 4.60096 6.65 0
    endloop
  endfacet
  facet normal 0.980784 -0.195097 0
    outer loop
      vertex 4.41283 6.09579 2.02
      vertex 4.45111 6.28823 0
      vertex 4.45111 6.28823 2.02
    endloop
  endfacet
  facet normal 0.980784 -0.195097 0
    outer loop
      vertex 4.45111 6.28823 0
      vertex 4.41283 6.09579 2.02
      vertex 4.41283 6.09579 0
    endloop
  endfacet
  facet normal 0.659341 -0.751844 0
    outer loop
      vertex 4.83934 6.96066 0
      vertex 4.98686 7.09003 2.02
      vertex 4.83934 6.96066 2.02
    endloop
  endfacet
  facet normal 0.659341 -0.751844 0
    outer loop
      vertex 4.98686 7.09003 2.02
      vertex 4.83934 6.96066 0
      vertex 4.98686 7.09003 0
    endloop
  endfacet
  facet normal 0.195097 -0.980784 0
    outer loop
      vertex 5.51177 7.34889 0
      vertex 5.70421 7.38717 2.02
      vertex 5.51177 7.34889 2.02
    endloop
  endfacet
  facet normal 0.195097 -0.980784 0
    outer loop
      vertex 5.70421 7.38717 2.02
      vertex 5.51177 7.34889 0
      vertex 5.70421 7.38717 0
    endloop
  endfacet
  facet normal -0.321452 0.946926 0
    outer loop
      vertex 6.47402 4.51418 0
      vertex 6.28823 4.45111 2.02
      vertex 6.47402 4.51418 2.02
    endloop
  endfacet
  facet normal -0.321452 0.946926 0
    outer loop
      vertex 6.28823 4.45111 2.02
      vertex 6.47402 4.51418 0
      vertex 6.28823 4.45111 0
    endloop
  endfacet
  facet normal -0.195097 0.980784 0
    outer loop
      vertex 6.28823 4.45111 0
      vertex 6.09579 4.41283 2.02
      vertex 6.28823 4.45111 2.02
    endloop
  endfacet
  facet normal -0.195097 0.980784 0
    outer loop
      vertex 6.09579 4.41283 2.02
      vertex 6.28823 4.45111 0
      vertex 6.09579 4.41283 0
    endloop
  endfacet
  facet normal 0.555582 0.831462 -0
    outer loop
      vertex 5.15 4.60096 0
      vertex 4.98686 4.70997 2.02
      vertex 5.15 4.60096 2.02
    endloop
  endfacet
  facet normal 0.555582 0.831462 0
    outer loop
      vertex 4.98686 4.70997 2.02
      vertex 5.15 4.60096 0
      vertex 4.98686 4.70997 0
    endloop
  endfacet
  facet normal 0.195097 0.980784 -0
    outer loop
      vertex 5.70421 4.41283 0
      vertex 5.51177 4.45111 2.02
      vertex 5.70421 4.41283 2.02
    endloop
  endfacet
  facet normal 0.195097 0.980784 0
    outer loop
      vertex 5.51177 4.45111 2.02
      vertex 5.70421 4.41283 0
      vertex 5.51177 4.45111 0
    endloop
  endfacet
  facet normal 0.659341 0.751844 -0
    outer loop
      vertex 4.98686 4.70997 0
      vertex 4.83934 4.83934 2.02
      vertex 4.98686 4.70997 2.02
    endloop
  endfacet
  facet normal 0.659341 0.751844 0
    outer loop
      vertex 4.83934 4.83934 2.02
      vertex 4.98686 4.70997 0
      vertex 4.83934 4.83934 0
    endloop
  endfacet
  facet normal 0.980784 0.195097 0
    outer loop
      vertex 4.45111 5.51177 2.02
      vertex 4.41283 5.70421 0
      vertex 4.41283 5.70421 2.02
    endloop
  endfacet
  facet normal 0.980784 0.195097 0
    outer loop
      vertex 4.41283 5.70421 0
      vertex 4.45111 5.51177 2.02
      vertex 4.45111 5.51177 0
    endloop
  endfacet
  facet normal -0.946926 -0.321452 0
    outer loop
      vertex 7.34889 6.28823 0
      vertex 7.28582 6.47402 2.02
      vertex 7.28582 6.47402 0
    endloop
  endfacet
  facet normal -0.946926 -0.321452 0
    outer loop
      vertex 7.28582 6.47402 2.02
      vertex 7.34889 6.28823 0
      vertex 7.34889 6.28823 2.02
    endloop
  endfacet
  facet normal -0.751844 -0.659341 0
    outer loop
      vertex 7.09003 6.81314 0
      vertex 6.96066 6.96066 2.02
      vertex 6.96066 6.96066 0
    endloop
  endfacet
  facet normal -0.751844 -0.659341 0
    outer loop
      vertex 6.96066 6.96066 2.02
      vertex 7.09003 6.81314 0
      vertex 7.09003 6.81314 2.02
    endloop
  endfacet
  facet normal -0.831462 -0.555582 0
    outer loop
      vertex 7.19904 6.65 0
      vertex 7.09003 6.81314 2.02
      vertex 7.09003 6.81314 0
    endloop
  endfacet
  facet normal -0.831462 -0.555582 0
    outer loop
      vertex 7.09003 6.81314 2.02
      vertex 7.19904 6.65 0
      vertex 7.19904 6.65 2.02
    endloop
  endfacet
  facet normal -0.0653892 -0.99786 0
    outer loop
      vertex 5.9 7.4 0
      vertex 6.09579 7.38717 2.02
      vertex 5.9 7.4 2.02
    endloop
  endfacet
  facet normal -0.0653892 -0.99786 -0
    outer loop
      vertex 6.09579 7.38717 2.02
      vertex 5.9 7.4 0
      vertex 6.09579 7.38717 0
    endloop
  endfacet
  facet normal 0.946926 -0.321452 0
    outer loop
      vertex 4.45111 6.28823 2.02
      vertex 4.51418 6.47402 0
      vertex 4.51418 6.47402 2.02
    endloop
  endfacet
  facet normal 0.946926 -0.321452 0
    outer loop
      vertex 4.51418 6.47402 0
      vertex 4.45111 6.28823 2.02
      vertex 4.45111 6.28823 0
    endloop
  endfacet
  facet normal 0.99786 -0.0653892 0
    outer loop
      vertex 4.4 5.9 2.02
      vertex 4.41283 6.09579 0
      vertex 4.41283 6.09579 2.02
    endloop
  endfacet
  facet normal 0.99786 -0.0653892 0
    outer loop
      vertex 4.41283 6.09579 0
      vertex 4.4 5.9 2.02
      vertex 4.4 5.9 0
    endloop
  endfacet
  facet normal 0 0 -1
    outer loop
      vertex 7 5.9 2.02
      vertex 7.4 5.9 2.02
      vertex 7.38717 5.70421 2.02
    endloop
  endfacet
  facet normal 0 0 -1
    outer loop
      vertex 6.99059 5.75642 2.02
      vertex 7.38717 5.70421 2.02
      vertex 7.34889 5.51177 2.02
    endloop
  endfacet
  facet normal 0 0 -1
    outer loop
      vertex 7.4 5.9 2.02
      vertex 7 5.9 2.02
      vertex 7.38717 6.09579 2.02
    endloop
  endfacet
  facet normal 0 0 -1
    outer loop
      vertex 6.96252 5.6153 2.02
      vertex 7.34889 5.51177 2.02
      vertex 7.28582 5.32597 2.02
    endloop
  endfacet
  facet normal 0 0 -1
    outer loop
      vertex 6.99059 6.04358 2.02
      vertex 7.38717 6.09579 2.02
      vertex 7 5.9 2.02
    endloop
  endfacet
  facet normal 0 0 -1
    outer loop
      vertex 6.91627 5.47905 2.02
      vertex 7.28582 5.32597 2.02
      vertex 7.19904 5.15 2.02
    endloop
  endfacet
  facet normal -0 0 -1
    outer loop
      vertex 7.38717 6.09579 2.02
      vertex 6.99059 6.04358 2.02
      vertex 7.34889 6.28823 2.02
    endloop
  endfacet
  facet normal 0 0 -1
    outer loop
      vertex 6.85263 5.35 2.02
      vertex 7.19904 5.15 2.02
      vertex 7.09003 4.98686 2.02
    endloop
  endfacet
  facet normal 0 0 -1
    outer loop
      vertex 6.96252 6.1847 2.02
      vertex 7.34889 6.28823 2.02
      vertex 6.99059 6.04358 2.02
    endloop
  endfacet
  facet normal -0 0 -1
    outer loop
      vertex 7.34889 6.28823 2.02
      vertex 6.96252 6.1847 2.02
      vertex 7.28582 6.47402 2.02
    endloop
  endfacet
  facet normal 0 0 -1
    outer loop
      vertex 7.38717 5.70421 2.02
      vertex 6.99059 5.75642 2.02
      vertex 7 5.9 2.02
    endloop
  endfacet
  facet normal 0 0 -1
    outer loop
      vertex 7.34889 5.51177 2.02
      vertex 6.96252 5.6153 2.02
      vertex 6.99059 5.75642 2.02
    endloop
  endfacet
  facet normal 0 0 -1
    outer loop
      vertex 6.77269 5.23036 2.02
      vertex 7.09003 4.98686 2.02
      vertex 6.96066 4.83934 2.02
    endloop
  endfacet
  facet normal 0 0 -1
    outer loop
      vertex 7.28582 5.32597 2.02
      vertex 6.91627 5.47905 2.02
      vertex 6.96252 5.6153 2.02
    endloop
  endfacet
  facet normal 0 0 -1
    outer loop
      vertex 7.19904 5.15 2.02
      vertex 6.85263 5.35 2.02
      vertex 6.91627 5.47905 2.02
    endloop
  endfacet
  facet normal 0 0 -1
    outer loop
      vertex 6.67782 5.12218 2.02
      vertex 6.96066 4.83934 2.02
      vertex 6.81314 4.70997 2.02
    endloop
  endfacet
  facet normal 0 0 -1
    outer loop
      vertex 7.09003 4.98686 2.02
      vertex 6.77269 5.23036 2.02
      vertex 6.85263 5.35 2.02
    endloop
  endfacet
  facet normal 0 0 -1
    outer loop
      vertex 6.96066 4.83934 2.02
      vertex 6.67782 5.12218 2.02
      vertex 6.77269 5.23036 2.02
    endloop
  endfacet
  facet normal 0 0 -1
    outer loop
      vertex 6.56964 5.02731 2.02
      vertex 6.81314 4.70997 2.02
      vertex 6.65 4.60096 2.02
    endloop
  endfacet
  facet normal 0 0 -1
    outer loop
      vertex 6.81314 4.70997 2.02
      vertex 6.56964 5.02731 2.02
      vertex 6.67782 5.12218 2.02
    endloop
  endfacet
  facet normal 0 0 -1
    outer loop
      vertex 6.45 4.94737 2.02
      vertex 6.65 4.60096 2.02
      vertex 6.47402 4.51418 2.02
    endloop
  endfacet
  facet normal 0 0 -1
    outer loop
      vertex 6.65 4.60096 2.02
      vertex 6.45 4.94737 2.02
      vertex 6.56964 5.02731 2.02
    endloop
  endfacet
  facet normal 0 0 -1
    outer loop
      vertex 6.47402 4.51418 2.02
      vertex 6.32095 4.88373 2.02
      vertex 6.45 4.94737 2.02
    endloop
  endfacet
  facet normal 0 0 -1
    outer loop
      vertex 6.28823 4.45111 2.02
      vertex 6.32095 4.88373 2.02
      vertex 6.47402 4.51418 2.02
    endloop
  endfacet
  facet normal 0 0 -1
    outer loop
      vertex 6.28823 4.45111 2.02
      vertex 6.1847 4.83748 2.02
      vertex 6.32095 4.88373 2.02
    endloop
  endfacet
  facet normal 0 0 -1
    outer loop
      vertex 6.09579 4.41283 2.02
      vertex 6.1847 4.83748 2.02
      vertex 6.28823 4.45111 2.02
    endloop
  endfacet
  facet normal 0 0 -1
    outer loop
      vertex 6.09579 4.41283 2.02
      vertex 6.04358 4.80941 2.02
      vertex 6.1847 4.83748 2.02
    endloop
  endfacet
  facet normal 0 0 -1
    outer loop
      vertex 5.9 4.4 2.02
      vertex 6.04358 4.80941 2.02
      vertex 6.09579 4.41283 2.02
    endloop
  endfacet
  facet normal 0 0 -1
    outer loop
      vertex 5.9 4.4 2.02
      vertex 5.9 4.8 2.02
      vertex 6.04358 4.80941 2.02
    endloop
  endfacet
  facet normal 0 0 -1
    outer loop
      vertex 5.9 4.4 2.02
      vertex 5.75642 4.80941 2.02
      vertex 5.9 4.8 2.02
    endloop
  endfacet
  facet normal 0 0 -1
    outer loop
      vertex 5.70421 4.41283 2.02
      vertex 5.75642 4.80941 2.02
      vertex 5.9 4.4 2.02
    endloop
  endfacet
  facet normal 0 0 -1
    outer loop
      vertex 5.70421 4.41283 2.02
      vertex 5.6153 4.83748 2.02
      vertex 5.75642 4.80941 2.02
    endloop
  endfacet
  facet normal 0 0 -1
    outer loop
      vertex 5.51177 4.45111 2.02
      vertex 5.6153 4.83748 2.02
      vertex 5.70421 4.41283 2.02
    endloop
  endfacet
  facet normal 0 0 -1
    outer loop
      vertex 5.51177 4.45111 2.02
      vertex 5.47905 4.88373 2.02
      vertex 5.6153 4.83748 2.02
    endloop
  endfacet
  facet normal 0 0 -1
    outer loop
      vertex 5.32597 4.51418 2.02
      vertex 5.47905 4.88373 2.02
      vertex 5.51177 4.45111 2.02
    endloop
  endfacet
  facet normal -0 0 -1
    outer loop
      vertex 5.47905 4.88373 2.02
      vertex 5.32597 4.51418 2.02
      vertex 5.35 4.94737 2.02
    endloop
  endfacet
  facet normal 0 0 -1
    outer loop
      vertex 5.15 4.60096 2.02
      vertex 5.35 4.94737 2.02
      vertex 5.32597 4.51418 2.02
    endloop
  endfacet
  facet normal -0 0 -1
    outer loop
      vertex 5.35 4.94737 2.02
      vertex 5.15 4.60096 2.02
      vertex 5.23036 5.02731 2.02
    endloop
  endfacet
  facet normal 0 0 -1
    outer loop
      vertex 4.98686 4.70997 2.02
      vertex 5.23036 5.02731 2.02
      vertex 5.15 4.60096 2.02
    endloop
  endfacet
  facet normal -0 0 -1
    outer loop
      vertex 5.23036 5.02731 2.02
      vertex 4.98686 4.70997 2.02
      vertex 5.12218 5.12218 2.02
    endloop
  endfacet
  facet normal 0 0 -1
    outer loop
      vertex 4.83934 4.83934 2.02
      vertex 5.12218 5.12218 2.02
      vertex 4.98686 4.70997 2.02
    endloop
  endfacet
  facet normal -0 0 -1
    outer loop
      vertex 5.12218 5.12218 2.02
      vertex 4.83934 4.83934 2.02
      vertex 5.02731 5.23036 2.02
    endloop
  endfacet
  facet normal 0 0 -1
    outer loop
      vertex 4.70997 4.98686 2.02
      vertex 5.02731 5.23036 2.02
      vertex 4.83934 4.83934 2.02
    endloop
  endfacet
  facet normal -0 0 -1
    outer loop
      vertex 5.02731 5.23036 2.02
      vertex 4.70997 4.98686 2.02
      vertex 4.94737 5.35 2.02
    endloop
  endfacet
  facet normal 0 0 -1
    outer loop
      vertex 4.60096 5.15 2.02
      vertex 4.94737 5.35 2.02
      vertex 4.70997 4.98686 2.02
    endloop
  endfacet
  facet normal -0 0 -1
    outer loop
      vertex 4.94737 5.35 2.02
      vertex 4.60096 5.15 2.02
      vertex 4.88373 5.47905 2.02
    endloop
  endfacet
  facet normal 0 0 -1
    outer loop
      vertex 4.51418 5.32597 2.02
      vertex 4.88373 5.47905 2.02
      vertex 4.60096 5.15 2.02
    endloop
  endfacet
  facet normal -0 0 -1
    outer loop
      vertex 4.88373 5.47905 2.02
      vertex 4.51418 5.32597 2.02
      vertex 4.83748 5.6153 2.02
    endloop
  endfacet
  facet normal 0 0 -1
    outer loop
      vertex 6.91627 6.32095 2.02
      vertex 7.28582 6.47402 2.02
      vertex 6.96252 6.1847 2.02
    endloop
  endfacet
  facet normal -0 0 -1
    outer loop
      vertex 7.28582 6.47402 2.02
      vertex 6.91627 6.32095 2.02
      vertex 7.19904 6.65 2.02
    endloop
  endfacet
  facet normal 0 0 -1
    outer loop
      vertex 6.85263 6.45 2.02
      vertex 7.19904 6.65 2.02
      vertex 6.91627 6.32095 2.02
    endloop
  endfacet
  facet normal -0 0 -1
    outer loop
      vertex 7.19904 6.65 2.02
      vertex 6.85263 6.45 2.02
      vertex 7.09003 6.81314 2.02
    endloop
  endfacet
  facet normal 0 0 -1
    outer loop
      vertex 6.77269 6.56964 2.02
      vertex 7.09003 6.81314 2.02
      vertex 6.85263 6.45 2.02
    endloop
  endfacet
  facet normal -0 0 -1
    outer loop
      vertex 7.09003 6.81314 2.02
      vertex 6.77269 6.56964 2.02
      vertex 6.96066 6.96066 2.02
    endloop
  endfacet
  facet normal 0 0 -1
    outer loop
      vertex 6.67782 6.67782 2.02
      vertex 6.96066 6.96066 2.02
      vertex 6.77269 6.56964 2.02
    endloop
  endfacet
  facet normal -0 0 -1
    outer loop
      vertex 6.96066 6.96066 2.02
      vertex 6.67782 6.67782 2.02
      vertex 6.81314 7.09003 2.02
    endloop
  endfacet
  facet normal 0 0 -1
    outer loop
      vertex 6.56964 6.77269 2.02
      vertex 6.81314 7.09003 2.02
      vertex 6.67782 6.67782 2.02
    endloop
  endfacet
  facet normal -0 0 -1
    outer loop
      vertex 6.81314 7.09003 2.02
      vertex 6.56964 6.77269 2.02
      vertex 6.65 7.19904 2.02
    endloop
  endfacet
  facet normal 0 0 -1
    outer loop
      vertex 6.45 6.85263 2.02
      vertex 6.65 7.19904 2.02
      vertex 6.56964 6.77269 2.02
    endloop
  endfacet
  facet normal -0 0 -1
    outer loop
      vertex 6.65 7.19904 2.02
      vertex 6.45 6.85263 2.02
      vertex 6.47402 7.28582 2.02
    endloop
  endfacet
  facet normal 0 0 -1
    outer loop
      vertex 6.32095 6.91627 2.02
      vertex 6.47402 7.28582 2.02
      vertex 6.45 6.85263 2.02
    endloop
  endfacet
  facet normal 0 0 -1
    outer loop
      vertex 6.32095 6.91627 2.02
      vertex 6.28823 7.34889 2.02
      vertex 6.47402 7.28582 2.02
    endloop
  endfacet
  facet normal 0 0 -1
    outer loop
      vertex 6.1847 6.96252 2.02
      vertex 6.28823 7.34889 2.02
      vertex 6.32095 6.91627 2.02
    endloop
  endfacet
  facet normal 0 0 -1
    outer loop
      vertex 6.1847 6.96252 2.02
      vertex 6.09579 7.38717 2.02
      vertex 6.28823 7.34889 2.02
    endloop
  endfacet
  facet normal 0 0 -1
    outer loop
      vertex 6.04358 6.99059 2.02
      vertex 6.09579 7.38717 2.02
      vertex 6.1847 6.96252 2.02
    endloop
  endfacet
  facet normal 0 0 -1
    outer loop
      vertex 5.9 7 2.02
      vertex 6.09579 7.38717 2.02
      vertex 6.04358 6.99059 2.02
    endloop
  endfacet
  facet normal 0 0 -1
    outer loop
      vertex 5.9 7 2.02
      vertex 5.9 7.4 2.02
      vertex 6.09579 7.38717 2.02
    endloop
  endfacet
  facet normal 0 0 -1
    outer loop
      vertex 5.75642 6.99059 2.02
      vertex 5.9 7.4 2.02
      vertex 5.9 7 2.02
    endloop
  endfacet
  facet normal 0 0 -1
    outer loop
      vertex 5.75642 6.99059 2.02
      vertex 5.70421 7.38717 2.02
      vertex 5.9 7.4 2.02
    endloop
  endfacet
  facet normal 0 0 -1
    outer loop
      vertex 5.6153 6.96252 2.02
      vertex 5.70421 7.38717 2.02
      vertex 5.75642 6.99059 2.02
    endloop
  endfacet
  facet normal 0 0 -1
    outer loop
      vertex 5.6153 6.96252 2.02
      vertex 5.51177 7.34889 2.02
      vertex 5.70421 7.38717 2.02
    endloop
  endfacet
  facet normal 0 0 -1
    outer loop
      vertex 5.47905 6.91627 2.02
      vertex 5.51177 7.34889 2.02
      vertex 5.6153 6.96252 2.02
    endloop
  endfacet
  facet normal 0 0 -1
    outer loop
      vertex 5.32597 7.28582 2.02
      vertex 5.47905 6.91627 2.02
      vertex 5.35 6.85263 2.02
    endloop
  endfacet
  facet normal 0 0 -1
    outer loop
      vertex 5.47905 6.91627 2.02
      vertex 5.32597 7.28582 2.02
      vertex 5.51177 7.34889 2.02
    endloop
  endfacet
  facet normal 0 0 -1
    outer loop
      vertex 5.15 7.19904 2.02
      vertex 5.35 6.85263 2.02
      vertex 5.23036 6.77269 2.02
    endloop
  endfacet
  facet normal 0 0 -1
    outer loop
      vertex 5.35 6.85263 2.02
      vertex 5.15 7.19904 2.02
      vertex 5.32597 7.28582 2.02
    endloop
  endfacet
  facet normal 0 0 -1
    outer loop
      vertex 4.98686 7.09003 2.02
      vertex 5.23036 6.77269 2.02
      vertex 5.12218 6.67782 2.02
    endloop
  endfacet
  facet normal 0 0 -1
    outer loop
      vertex 4.83934 6.96066 2.02
      vertex 5.12218 6.67782 2.02
      vertex 5.02731 6.56964 2.02
    endloop
  endfacet
  facet normal 0 0 -1
    outer loop
      vertex 5.23036 6.77269 2.02
      vertex 4.98686 7.09003 2.02
      vertex 5.15 7.19904 2.02
    endloop
  endfacet
  facet normal 0 0 -1
    outer loop
      vertex 4.70997 6.81314 2.02
      vertex 5.02731 6.56964 2.02
      vertex 4.94737 6.45 2.02
    endloop
  endfacet
  facet normal 0 0 -1
    outer loop
      vertex 4.60096 6.65 2.02
      vertex 4.94737 6.45 2.02
      vertex 4.88373 6.32095 2.02
    endloop
  endfacet
  facet normal 0 0 -1
    outer loop
      vertex 5.12218 6.67782 2.02
      vertex 4.83934 6.96066 2.02
      vertex 4.98686 7.09003 2.02
    endloop
  endfacet
  facet normal 0 0 -1
    outer loop
      vertex 4.51418 6.47402 2.02
      vertex 4.88373 6.32095 2.02
      vertex 4.83748 6.1847 2.02
    endloop
  endfacet
  facet normal 0 0 -1
    outer loop
      vertex 4.45111 6.28823 2.02
      vertex 4.83748 6.1847 2.02
      vertex 4.80941 6.04358 2.02
    endloop
  endfacet
  facet normal 0 0 -1
    outer loop
      vertex 4.41283 6.09579 2.02
      vertex 4.80941 6.04358 2.02
      vertex 4.8 5.9 2.02
    endloop
  endfacet
  facet normal 0 0 -1
    outer loop
      vertex 4.45111 5.51177 2.02
      vertex 4.83748 5.6153 2.02
      vertex 4.51418 5.32597 2.02
    endloop
  endfacet
  facet normal 0 0 -1
    outer loop
      vertex 5.02731 6.56964 2.02
      vertex 4.70997 6.81314 2.02
      vertex 4.83934 6.96066 2.02
    endloop
  endfacet
  facet normal -0 0 -1
    outer loop
      vertex 4.83748 5.6153 2.02
      vertex 4.45111 5.51177 2.02
      vertex 4.80941 5.75642 2.02
    endloop
  endfacet
  facet normal 0 0 -1
    outer loop
      vertex 4.94737 6.45 2.02
      vertex 4.60096 6.65 2.02
      vertex 4.70997 6.81314 2.02
    endloop
  endfacet
  facet normal 0 0 -1
    outer loop
      vertex 4.41283 5.70421 2.02
      vertex 4.80941 5.75642 2.02
      vertex 4.45111 5.51177 2.02
    endloop
  endfacet
  facet normal 0 0 -1
    outer loop
      vertex 4.88373 6.32095 2.02
      vertex 4.51418 6.47402 2.02
      vertex 4.60096 6.65 2.02
    endloop
  endfacet
  facet normal -0 0 -1
    outer loop
      vertex 4.80941 5.75642 2.02
      vertex 4.41283 5.70421 2.02
      vertex 4.8 5.9 2.02
    endloop
  endfacet
  facet normal 0 0 -1
    outer loop
      vertex 4.83748 6.1847 2.02
      vertex 4.45111 6.28823 2.02
      vertex 4.51418 6.47402 2.02
    endloop
  endfacet
  facet normal 0 0 -1
    outer loop
      vertex 4.4 5.9 2.02
      vertex 4.8 5.9 2.02
      vertex 4.41283 5.70421 2.02
    endloop
  endfacet
  facet normal 0 0 -1
    outer loop
      vertex 4.80941 6.04358 2.02
      vertex 4.41283 6.09579 2.02
      vertex 4.45111 6.28823 2.02
    endloop
  endfacet
  facet normal 0 0 -1
    outer loop
      vertex 4.8 5.9 2.02
      vertex 4.4 5.9 2.02
      vertex 4.41283 6.09579 2.02
    endloop
  endfacet
  facet normal -0.99786 0.0653892 0
    outer loop
      vertex 7.38717 5.70421 0
      vertex 7.4 5.9 2.02
      vertex 7.4 5.9 0
    endloop
  endfacet
  facet normal -0.99786 0.0653892 0
    outer loop
      vertex 7.4 5.9 2.02
      vertex 7.38717 5.70421 0
      vertex 7.38717 5.70421 2.02
    endloop
  endfacet
  facet normal -0.555582 0.831462 0
    outer loop
      vertex 6.81314 4.70997 0
      vertex 6.65 4.60096 2.02
      vertex 6.81314 4.70997 2.02
    endloop
  endfacet
  facet normal -0.555582 0.831462 0
    outer loop
      vertex 6.65 4.60096 2.02
      vertex 6.81314 4.70997 0
      vertex 6.65 4.60096 0
    endloop
  endfacet
  facet normal -0.659341 0.751844 0
    outer loop
      vertex 6.96066 4.83934 0
      vertex 6.81314 4.70997 2.02
      vertex 6.96066 4.83934 2.02
    endloop
  endfacet
  facet normal -0.659341 0.751844 0
    outer loop
      vertex 6.81314 4.70997 2.02
      vertex 6.96066 4.83934 0
      vertex 6.81314 4.70997 0
    endloop
  endfacet
  facet normal -0.831462 0.555582 0
    outer loop
      vertex 7.09003 4.98686 0
      vertex 7.19904 5.15 2.02
      vertex 7.19904 5.15 0
    endloop
  endfacet
  facet normal -0.831462 0.555582 0
    outer loop
      vertex 7.19904 5.15 2.02
      vertex 7.09003 4.98686 0
      vertex 7.09003 4.98686 2.02
    endloop
  endfacet
  facet normal -0.980784 0.195097 0
    outer loop
      vertex 7.34889 5.51177 0
      vertex 7.38717 5.70421 2.02
      vertex 7.38717 5.70421 0
    endloop
  endfacet
  facet normal -0.980784 0.195097 0
    outer loop
      vertex 7.38717 5.70421 2.02
      vertex 7.34889 5.51177 0
      vertex 7.34889 5.51177 2.02
    endloop
  endfacet
  facet normal 0.442294 0.89687 -0
    outer loop
      vertex 5.32597 4.51418 0
      vertex 5.15 4.60096 2.02
      vertex 5.32597 4.51418 2.02
    endloop
  endfacet
  facet normal 0.442294 0.89687 0
    outer loop
      vertex 5.15 4.60096 2.02
      vertex 5.32597 4.51418 0
      vertex 5.15 4.60096 0
    endloop
  endfacet
  facet normal 0.0653892 0.99786 -0
    outer loop
      vertex 5.9 4.4 0
      vertex 5.70421 4.41283 2.02
      vertex 5.9 4.4 2.02
    endloop
  endfacet
  facet normal 0.0653892 0.99786 0
    outer loop
      vertex 5.70421 4.41283 2.02
      vertex 5.9 4.4 0
      vertex 5.70421 4.41283 0
    endloop
  endfacet
  facet normal 0.831462 0.555582 0
    outer loop
      vertex 4.70997 4.98686 2.02
      vertex 4.60096 5.15 0
      vertex 4.60096 5.15 2.02
    endloop
  endfacet
  facet normal 0.831462 0.555582 0
    outer loop
      vertex 4.60096 5.15 0
      vertex 4.70997 4.98686 2.02
      vertex 4.70997 4.98686 0
    endloop
  endfacet
  facet normal -0.195097 -0.980784 0
    outer loop
      vertex 6.09579 7.38717 0
      vertex 6.28823 7.34889 2.02
      vertex 6.09579 7.38717 2.02
    endloop
  endfacet
  facet normal -0.195097 -0.980784 -0
    outer loop
      vertex 6.28823 7.34889 2.02
      vertex 6.09579 7.38717 0
      vertex 6.28823 7.34889 0
    endloop
  endfacet
  facet normal -0.442273 -0.89688 0
    outer loop
      vertex 6.47402 7.28582 0
      vertex 6.65 7.19904 2.02
      vertex 6.47402 7.28582 2.02
    endloop
  endfacet
  facet normal -0.442273 -0.89688 -0
    outer loop
      vertex 6.65 7.19904 2.02
      vertex 6.47402 7.28582 0
      vertex 6.65 7.19904 0
    endloop
  endfacet
  facet normal 0.99786 0.0653892 0
    outer loop
      vertex 4.41283 5.70421 2.02
      vertex 4.4 5.9 0
      vertex 4.4 5.9 2.02
    endloop
  endfacet
  facet normal 0.99786 0.0653892 0
    outer loop
      vertex 4.4 5.9 0
      vertex 4.41283 5.70421 2.02
      vertex 4.41283 5.70421 0
    endloop
  endfacet
  facet normal 0.555582 -0.831462 0
    outer loop
      vertex 4.98686 7.09003 0
      vertex 5.15 7.19904 2.02
      vertex 4.98686 7.09003 2.02
    endloop
  endfacet
  facet normal 0.555582 -0.831462 0
    outer loop
      vertex 5.15 7.19904 2.02
      vertex 4.98686 7.09003 0
      vertex 5.15 7.19904 0
    endloop
  endfacet
  facet normal 0.321437 -0.946931 0
    outer loop
      vertex 5.32597 7.28582 0
      vertex 5.51177 7.34889 2.02
      vertex 5.32597 7.28582 2.02
    endloop
  endfacet
  facet normal 0.321437 -0.946931 0
    outer loop
      vertex 5.51177 7.34889 2.02
      vertex 5.32597 7.28582 0
      vertex 5.51177 7.34889 0
    endloop
  endfacet
  facet normal -0.442273 0.89688 0
    outer loop
      vertex 6.65 4.60096 0
      vertex 6.47402 4.51418 2.02
      vertex 6.65 4.60096 2.02
    endloop
  endfacet
  facet normal -0.442273 0.89688 0
    outer loop
      vertex 6.47402 4.51418 2.02
      vertex 6.65 4.60096 0
      vertex 6.47402 4.51418 0
    endloop
  endfacet
  facet normal -0.89687 0.442294 0
    outer loop
      vertex 7.19904 5.15 0
      vertex 7.28582 5.32597 2.02
      vertex 7.28582 5.32597 0
    endloop
  endfacet
  facet normal -0.89687 0.442294 0
    outer loop
      vertex 7.28582 5.32597 2.02
      vertex 7.19904 5.15 0
      vertex 7.19904 5.15 2.02
    endloop
  endfacet
  facet normal 0.321437 0.946931 -0
    outer loop
      vertex 5.51177 4.45111 0
      vertex 5.32597 4.51418 2.02
      vertex 5.51177 4.45111 2.02
    endloop
  endfacet
  facet normal 0.321437 0.946931 0
    outer loop
      vertex 5.32597 4.51418 2.02
      vertex 5.51177 4.45111 0
      vertex 5.32597 4.51418 0
    endloop
  endfacet
  facet normal -0.0653892 0.99786 0
    outer loop
      vertex 6.09579 4.41283 0
      vertex 5.9 4.4 2.02
      vertex 6.09579 4.41283 2.02
    endloop
  endfacet
  facet normal -0.0653892 0.99786 0
    outer loop
      vertex 5.9 4.4 2.02
      vertex 6.09579 4.41283 0
      vertex 5.9 4.4 0
    endloop
  endfacet
  facet normal 0.751844 0.659341 0
    outer loop
      vertex 4.83934 4.83934 2.02
      vertex 4.70997 4.98686 0
      vertex 4.70997 4.98686 2.02
    endloop
  endfacet
  facet normal 0.751844 0.659341 0
    outer loop
      vertex 4.70997 4.98686 0
      vertex 4.83934 4.83934 2.02
      vertex 4.83934 4.83934 0
    endloop
  endfacet
  facet normal 0.89687 0.442294 0
    outer loop
      vertex 4.60096 5.15 2.02
      vertex 4.51418 5.32597 0
      vertex 4.51418 5.32597 2.02
    endloop
  endfacet
  facet normal 0.89687 0.442294 0
    outer loop
      vertex 4.51418 5.32597 0
      vertex 4.60096 5.15 2.02
      vertex 4.60096 5.15 0
    endloop
  endfacet
  facet normal -0.946931 0.321437 0
    outer loop
      vertex 7.28582 5.32597 0
      vertex 7.34889 5.51177 2.02
      vertex 7.34889 5.51177 0
    endloop
  endfacet
  facet normal -0.946931 0.321437 0
    outer loop
      vertex 7.34889 5.51177 2.02
      vertex 7.28582 5.32597 0
      vertex 7.28582 5.32597 2.02
    endloop
  endfacet
  facet normal -0.555547 -0.831485 0
    outer loop
      vertex 6.65 30.199 0
      vertex 6.81314 30.09 2.02
      vertex 6.65 30.199 2.02
    endloop
  endfacet
  facet normal -0.555547 -0.831485 -0
    outer loop
      vertex 6.81314 30.09 2.02
      vertex 6.65 30.199 0
      vertex 6.81314 30.09 0
    endloop
  endfacet
  facet normal 0.980776 -0.195136 0
    outer loop
      vertex 4.41283 29.0958 2.02
      vertex 4.45111 29.2882 0
      vertex 4.45111 29.2882 2.02
    endloop
  endfacet
  facet normal 0.980776 -0.195136 0
    outer loop
      vertex 4.45111 29.2882 0
      vertex 4.41283 29.0958 2.02
      vertex 4.41283 29.0958 0
    endloop
  endfacet
  facet normal 0.195195 0.980764 -0
    outer loop
      vertex 5.70421 27.4128 0
      vertex 5.51177 27.4511 2.02
      vertex 5.70421 27.4128 2.02
    endloop
  endfacet
  facet normal 0.195195 0.980764 0
    outer loop
      vertex 5.51177 27.4511 2.02
      vertex 5.70421 27.4128 0
      vertex 5.51177 27.4511 0
    endloop
  endfacet
  facet normal 0.442376 -0.89683 0
    outer loop
      vertex 5.15 30.199 0
      vertex 5.32597 30.2858 2.02
      vertex 5.15 30.199 2.02
    endloop
  endfacet
  facet normal 0.442376 -0.89683 0
    outer loop
      vertex 5.32597 30.2858 2.02
      vertex 5.15 30.199 0
      vertex 5.32597 30.2858 0
    endloop
  endfacet
  facet normal 0.946931 -0.321437 0
    outer loop
      vertex 4.45111 29.2882 2.02
      vertex 4.51418 29.474 0
      vertex 4.51418 29.474 2.02
    endloop
  endfacet
  facet normal 0.946931 -0.321437 0
    outer loop
      vertex 4.51418 29.474 0
      vertex 4.45111 29.2882 2.02
      vertex 4.45111 29.2882 0
    endloop
  endfacet
  facet normal -0.946931 0.321437 0
    outer loop
      vertex 7.28582 28.326 0
      vertex 7.34889 28.5118 2.02
      vertex 7.34889 28.5118 0
    endloop
  endfacet
  facet normal -0.946931 0.321437 0
    outer loop
      vertex 7.34889 28.5118 2.02
      vertex 7.28582 28.326 0
      vertex 7.28582 28.326 2.02
    endloop
  endfacet
  facet normal 0.321574 0.946885 -0
    outer loop
      vertex 5.51177 27.4511 0
      vertex 5.32597 27.5142 2.02
      vertex 5.51177 27.4511 2.02
    endloop
  endfacet
  facet normal 0.321574 0.946885 0
    outer loop
      vertex 5.32597 27.5142 2.02
      vertex 5.51177 27.4511 0
      vertex 5.32597 27.5142 0
    endloop
  endfacet
  facet normal -0.8969 -0.442233 0
    outer loop
      vertex 7.28582 29.474 0
      vertex 7.19904 29.65 2.02
      vertex 7.19904 29.65 0
    endloop
  endfacet
  facet normal -0.8969 -0.442233 0
    outer loop
      vertex 7.19904 29.65 2.02
      vertex 7.28582 29.474 0
      vertex 7.28582 29.474 2.02
    endloop
  endfacet
  facet normal -0.980776 -0.195136 0
    outer loop
      vertex 7.38717 29.0958 0
      vertex 7.34889 29.2882 2.02
      vertex 7.34889 29.2882 0
    endloop
  endfacet
  facet normal -0.980776 -0.195136 0
    outer loop
      vertex 7.34889 29.2882 2.02
      vertex 7.38717 29.0958 0
      vertex 7.38717 29.0958 2.02
    endloop
  endfacet
  facet normal -0.831399 -0.555676 0
    outer loop
      vertex 7.19904 29.65 0
      vertex 7.09003 29.8131 2.02
      vertex 7.09003 29.8131 0
    endloop
  endfacet
  facet normal -0.831399 -0.555676 0
    outer loop
      vertex 7.09003 29.8131 2.02
      vertex 7.19904 29.65 0
      vertex 7.19904 29.65 2.02
    endloop
  endfacet
  facet normal -0.65914 -0.752021 0
    outer loop
      vertex 6.81314 30.09 0
      vertex 6.96066 29.9607 2.02
      vertex 6.81314 30.09 2.02
    endloop
  endfacet
  facet normal -0.65914 -0.752021 -0
    outer loop
      vertex 6.96066 29.9607 2.02
      vertex 6.81314 30.09 0
      vertex 6.96066 29.9607 0
    endloop
  endfacet
  facet normal -0.321589 -0.946879 0
    outer loop
      vertex 6.28823 30.3489 0
      vertex 6.47402 30.2858 2.02
      vertex 6.28823 30.3489 2.02
    endloop
  endfacet
  facet normal -0.321589 -0.946879 -0
    outer loop
      vertex 6.47402 30.2858 2.02
      vertex 6.28823 30.3489 0
      vertex 6.47402 30.2858 0
    endloop
  endfacet
  facet normal 0.0652369 -0.99787 0
    outer loop
      vertex 5.70421 30.3872 0
      vertex 5.9 30.4 2.02
      vertex 5.70421 30.3872 2.02
    endloop
  endfacet
  facet normal 0.0652369 -0.99787 0
    outer loop
      vertex 5.9 30.4 2.02
      vertex 5.70421 30.3872 0
      vertex 5.9 30.4 0
    endloop
  endfacet
  facet normal 0.99786 -0.0653858 0
    outer loop
      vertex 4.4 28.9 2.02
      vertex 4.41283 29.0958 0
      vertex 4.41283 29.0958 2.02
    endloop
  endfacet
  facet normal 0.99786 -0.0653858 0
    outer loop
      vertex 4.41283 29.0958 0
      vertex 4.4 28.9 2.02
      vertex 4.4 28.9 0
    endloop
  endfacet
  facet normal 0.831399 -0.555676 0
    outer loop
      vertex 4.60096 29.65 2.02
      vertex 4.70997 29.8131 0
      vertex 4.70997 29.8131 2.02
    endloop
  endfacet
  facet normal 0.831399 -0.555676 0
    outer loop
      vertex 4.70997 29.8131 0
      vertex 4.60096 29.65 2.02
      vertex 4.60096 29.65 0
    endloop
  endfacet
  facet normal 0.195195 -0.980764 0
    outer loop
      vertex 5.51177 30.3489 0
      vertex 5.70421 30.3872 2.02
      vertex 5.51177 30.3489 2.02
    endloop
  endfacet
  facet normal 0.195195 -0.980764 0
    outer loop
      vertex 5.70421 30.3872 2.02
      vertex 5.51177 30.3489 0
      vertex 5.70421 30.3872 0
    endloop
  endfacet
  facet normal 0.752021 -0.659139 0
    outer loop
      vertex 4.70997 29.8131 2.02
      vertex 4.83934 29.9607 0
      vertex 4.83934 29.9607 2.02
    endloop
  endfacet
  facet normal 0.752021 -0.659139 0
    outer loop
      vertex 4.83934 29.9607 0
      vertex 4.70997 29.8131 2.02
      vertex 4.70997 29.8131 0
    endloop
  endfacet
  facet normal -0.99786 -0.0653858 0
    outer loop
      vertex 7.4 28.9 0
      vertex 7.38717 29.0958 2.02
      vertex 7.38717 29.0958 0
    endloop
  endfacet
  facet normal -0.99786 -0.0653858 0
    outer loop
      vertex 7.38717 29.0958 2.02
      vertex 7.4 28.9 0
      vertex 7.4 28.9 2.02
    endloop
  endfacet
  facet normal -0.195195 0.980764 0
    outer loop
      vertex 6.28823 27.4511 0
      vertex 6.09579 27.4128 2.02
      vertex 6.28823 27.4511 2.02
    endloop
  endfacet
  facet normal -0.195195 0.980764 0
    outer loop
      vertex 6.09579 27.4128 2.02
      vertex 6.28823 27.4511 0
      vertex 6.09579 27.4128 0
    endloop
  endfacet
  facet normal -0.831399 0.555676 0
    outer loop
      vertex 7.09003 27.9869 0
      vertex 7.19904 28.15 2.02
      vertex 7.19904 28.15 0
    endloop
  endfacet
  facet normal -0.831399 0.555676 0
    outer loop
      vertex 7.19904 28.15 2.02
      vertex 7.09003 27.9869 0
      vertex 7.09003 27.9869 2.02
    endloop
  endfacet
  facet normal 0.0652369 0.99787 -0
    outer loop
      vertex 5.9 27.4 0
      vertex 5.70421 27.4128 2.02
      vertex 5.9 27.4 2.02
    endloop
  endfacet
  facet normal 0.0652369 0.99787 0
    outer loop
      vertex 5.70421 27.4128 2.02
      vertex 5.9 27.4 0
      vertex 5.70421 27.4128 0
    endloop
  endfacet
  facet normal 0.555547 0.831485 -0
    outer loop
      vertex 5.15 27.601 0
      vertex 4.98686 27.71 2.02
      vertex 5.15 27.601 2.02
    endloop
  endfacet
  facet normal 0.555547 0.831485 0
    outer loop
      vertex 4.98686 27.71 2.02
      vertex 5.15 27.601 0
      vertex 4.98686 27.71 0
    endloop
  endfacet
  facet normal 0.980776 0.195136 0
    outer loop
      vertex 4.45111 28.5118 2.02
      vertex 4.41283 28.7042 0
      vertex 4.41283 28.7042 2.02
    endloop
  endfacet
  facet normal 0.980776 0.195136 0
    outer loop
      vertex 4.41283 28.7042 0
      vertex 4.45111 28.5118 2.02
      vertex 4.45111 28.5118 0
    endloop
  endfacet
  facet normal -0.946931 -0.321437 0
    outer loop
      vertex 7.34889 29.2882 0
      vertex 7.28582 29.474 2.02
      vertex 7.28582 29.474 0
    endloop
  endfacet
  facet normal -0.946931 -0.321437 0
    outer loop
      vertex 7.28582 29.474 2.02
      vertex 7.34889 29.2882 0
      vertex 7.34889 29.2882 2.02
    endloop
  endfacet
  facet normal -0.752021 -0.659139 0
    outer loop
      vertex 7.09003 29.8131 0
      vertex 6.96066 29.9607 2.02
      vertex 6.96066 29.9607 0
    endloop
  endfacet
  facet normal -0.752021 -0.659139 0
    outer loop
      vertex 6.96066 29.9607 2.02
      vertex 7.09003 29.8131 0
      vertex 7.09003 29.8131 2.02
    endloop
  endfacet
  facet normal -0.442355 -0.89684 0
    outer loop
      vertex 6.47402 30.2858 0
      vertex 6.65 30.199 2.02
      vertex 6.47402 30.2858 2.02
    endloop
  endfacet
  facet normal -0.442355 -0.89684 -0
    outer loop
      vertex 6.65 30.199 2.02
      vertex 6.47402 30.2858 0
      vertex 6.65 30.199 0
    endloop
  endfacet
  facet normal -0.195195 -0.980764 0
    outer loop
      vertex 6.09579 30.3872 0
      vertex 6.28823 30.3489 2.02
      vertex 6.09579 30.3872 2.02
    endloop
  endfacet
  facet normal -0.195195 -0.980764 -0
    outer loop
      vertex 6.28823 30.3489 2.02
      vertex 6.09579 30.3872 0
      vertex 6.28823 30.3489 0
    endloop
  endfacet
  facet normal -0.0652369 -0.99787 0
    outer loop
      vertex 5.9 30.4 0
      vertex 6.09579 30.3872 2.02
      vertex 5.9 30.4 2.02
    endloop
  endfacet
  facet normal -0.0652369 -0.99787 -0
    outer loop
      vertex 6.09579 30.3872 2.02
      vertex 5.9 30.4 0
      vertex 6.09579 30.3872 0
    endloop
  endfacet
  facet normal 0.99786 0.0653858 0
    outer loop
      vertex 4.41283 28.7042 2.02
      vertex 4.4 28.9 0
      vertex 4.4 28.9 2.02
    endloop
  endfacet
  facet normal 0.99786 0.0653858 0
    outer loop
      vertex 4.4 28.9 0
      vertex 4.41283 28.7042 2.02
      vertex 4.41283 28.7042 0
    endloop
  endfacet
  facet normal 0.8969 -0.442233 0
    outer loop
      vertex 4.51418 29.474 2.02
      vertex 4.60096 29.65 0
      vertex 4.60096 29.65 2.02
    endloop
  endfacet
  facet normal 0.8969 -0.442233 0
    outer loop
      vertex 4.60096 29.65 0
      vertex 4.51418 29.474 2.02
      vertex 4.51418 29.474 0
    endloop
  endfacet
  facet normal 0.321574 -0.946885 0
    outer loop
      vertex 5.32597 30.2858 0
      vertex 5.51177 30.3489 2.02
      vertex 5.32597 30.2858 2.02
    endloop
  endfacet
  facet normal 0.321574 -0.946885 0
    outer loop
      vertex 5.51177 30.3489 2.02
      vertex 5.32597 30.2858 0
      vertex 5.51177 30.3489 0
    endloop
  endfacet
  facet normal 0.65914 -0.752021 0
    outer loop
      vertex 4.83934 29.9607 0
      vertex 4.98686 30.09 2.02
      vertex 4.83934 29.9607 2.02
    endloop
  endfacet
  facet normal 0.65914 -0.752021 0
    outer loop
      vertex 4.98686 30.09 2.02
      vertex 4.83934 29.9607 0
      vertex 4.98686 30.09 0
    endloop
  endfacet
  facet normal 0.555547 -0.831485 0
    outer loop
      vertex 4.98686 30.09 0
      vertex 5.15 30.199 2.02
      vertex 4.98686 30.09 2.02
    endloop
  endfacet
  facet normal 0.555547 -0.831485 0
    outer loop
      vertex 5.15 30.199 2.02
      vertex 4.98686 30.09 0
      vertex 5.15 30.199 0
    endloop
  endfacet
  facet normal -0.980776 0.195136 0
    outer loop
      vertex 7.34889 28.5118 0
      vertex 7.38717 28.7042 2.02
      vertex 7.38717 28.7042 0
    endloop
  endfacet
  facet normal -0.980776 0.195136 0
    outer loop
      vertex 7.38717 28.7042 2.02
      vertex 7.34889 28.5118 0
      vertex 7.34889 28.5118 2.02
    endloop
  endfacet
  facet normal -0.321589 0.946879 0
    outer loop
      vertex 6.47402 27.5142 0
      vertex 6.28823 27.4511 2.02
      vertex 6.47402 27.5142 2.02
    endloop
  endfacet
  facet normal -0.321589 0.946879 0
    outer loop
      vertex 6.28823 27.4511 2.02
      vertex 6.47402 27.5142 0
      vertex 6.28823 27.4511 0
    endloop
  endfacet
  facet normal -0.752021 0.659139 0
    outer loop
      vertex 6.96066 27.8393 0
      vertex 7.09003 27.9869 2.02
      vertex 7.09003 27.9869 0
    endloop
  endfacet
  facet normal -0.752021 0.659139 0
    outer loop
      vertex 7.09003 27.9869 2.02
      vertex 6.96066 27.8393 0
      vertex 6.96066 27.8393 2.02
    endloop
  endfacet
  facet normal -0.555547 0.831485 0
    outer loop
      vertex 6.81314 27.71 0
      vertex 6.65 27.601 2.02
      vertex 6.81314 27.71 2.02
    endloop
  endfacet
  facet normal -0.555547 0.831485 0
    outer loop
      vertex 6.65 27.601 2.02
      vertex 6.81314 27.71 0
      vertex 6.65 27.601 0
    endloop
  endfacet
  facet normal -0.8969 0.442233 0
    outer loop
      vertex 7.19904 28.15 0
      vertex 7.28582 28.326 2.02
      vertex 7.28582 28.326 0
    endloop
  endfacet
  facet normal -0.8969 0.442233 0
    outer loop
      vertex 7.28582 28.326 2.02
      vertex 7.19904 28.15 0
      vertex 7.19904 28.15 2.02
    endloop
  endfacet
  facet normal -0.0652369 0.99787 0
    outer loop
      vertex 6.09579 27.4128 0
      vertex 5.9 27.4 2.02
      vertex 6.09579 27.4128 2.02
    endloop
  endfacet
  facet normal -0.0652369 0.99787 0
    outer loop
      vertex 5.9 27.4 2.02
      vertex 6.09579 27.4128 0
      vertex 5.9 27.4 0
    endloop
  endfacet
  facet normal 0.442376 0.89683 -0
    outer loop
      vertex 5.32597 27.5142 0
      vertex 5.15 27.601 2.02
      vertex 5.32597 27.5142 2.02
    endloop
  endfacet
  facet normal 0.442376 0.89683 0
    outer loop
      vertex 5.15 27.601 2.02
      vertex 5.32597 27.5142 0
      vertex 5.15 27.601 0
    endloop
  endfacet
  facet normal 0.946931 0.321437 0
    outer loop
      vertex 4.51418 28.326 2.02
      vertex 4.45111 28.5118 0
      vertex 4.45111 28.5118 2.02
    endloop
  endfacet
  facet normal 0.946931 0.321437 0
    outer loop
      vertex 4.45111 28.5118 0
      vertex 4.51418 28.326 2.02
      vertex 4.51418 28.326 0
    endloop
  endfacet
  facet normal 0.65914 0.752021 -0
    outer loop
      vertex 4.98686 27.71 0
      vertex 4.83934 27.8393 2.02
      vertex 4.98686 27.71 2.02
    endloop
  endfacet
  facet normal 0.65914 0.752021 0
    outer loop
      vertex 4.83934 27.8393 2.02
      vertex 4.98686 27.71 0
      vertex 4.83934 27.8393 0
    endloop
  endfacet
  facet normal 0.831399 0.555676 0
    outer loop
      vertex 4.70997 27.9869 2.02
      vertex 4.60096 28.15 0
      vertex 4.60096 28.15 2.02
    endloop
  endfacet
  facet normal 0.831399 0.555676 0
    outer loop
      vertex 4.60096 28.15 0
      vertex 4.70997 27.9869 2.02
      vertex 4.70997 27.9869 0
    endloop
  endfacet
  facet normal 0 0 -1
    outer loop
      vertex 7 28.9 2.02
      vertex 7.4 28.9 2.02
      vertex 7.38717 28.7042 2.02
    endloop
  endfacet
  facet normal 0 0 -1
    outer loop
      vertex 6.99059 28.7564 2.02
      vertex 7.38717 28.7042 2.02
      vertex 7.34889 28.5118 2.02
    endloop
  endfacet
  facet normal 0 0 -1
    outer loop
      vertex 7.4 28.9 2.02
      vertex 7 28.9 2.02
      vertex 7.38717 29.0958 2.02
    endloop
  endfacet
  facet normal 0 0 -1
    outer loop
      vertex 6.96252 28.6153 2.02
      vertex 7.34889 28.5118 2.02
      vertex 7.28582 28.326 2.02
    endloop
  endfacet
  facet normal 0 0 -1
    outer loop
      vertex 6.99059 29.0436 2.02
      vertex 7.38717 29.0958 2.02
      vertex 7 28.9 2.02
    endloop
  endfacet
  facet normal 0 0 -1
    outer loop
      vertex 6.91627 28.479 2.02
      vertex 7.28582 28.326 2.02
      vertex 7.19904 28.15 2.02
    endloop
  endfacet
  facet normal -0 0 -1
    outer loop
      vertex 7.38717 29.0958 2.02
      vertex 6.99059 29.0436 2.02
      vertex 7.34889 29.2882 2.02
    endloop
  endfacet
  facet normal 0 0 -1
    outer loop
      vertex 6.85263 28.35 2.02
      vertex 7.19904 28.15 2.02
      vertex 7.09003 27.9869 2.02
    endloop
  endfacet
  facet normal 0 0 -1
    outer loop
      vertex 6.96252 29.1847 2.02
      vertex 7.34889 29.2882 2.02
      vertex 6.99059 29.0436 2.02
    endloop
  endfacet
  facet normal -0 0 -1
    outer loop
      vertex 7.34889 29.2882 2.02
      vertex 6.96252 29.1847 2.02
      vertex 7.28582 29.474 2.02
    endloop
  endfacet
  facet normal 0 0 -1
    outer loop
      vertex 7.38717 28.7042 2.02
      vertex 6.99059 28.7564 2.02
      vertex 7 28.9 2.02
    endloop
  endfacet
  facet normal 0 0 -1
    outer loop
      vertex 7.34889 28.5118 2.02
      vertex 6.96252 28.6153 2.02
      vertex 6.99059 28.7564 2.02
    endloop
  endfacet
  facet normal 0 0 -1
    outer loop
      vertex 6.77269 28.2304 2.02
      vertex 7.09003 27.9869 2.02
      vertex 6.96066 27.8393 2.02
    endloop
  endfacet
  facet normal 0 0 -1
    outer loop
      vertex 7.28582 28.326 2.02
      vertex 6.91627 28.479 2.02
      vertex 6.96252 28.6153 2.02
    endloop
  endfacet
  facet normal 0 0 -1
    outer loop
      vertex 7.19904 28.15 2.02
      vertex 6.85263 28.35 2.02
      vertex 6.91627 28.479 2.02
    endloop
  endfacet
  facet normal 0 0 -1
    outer loop
      vertex 6.67782 28.1222 2.02
      vertex 6.96066 27.8393 2.02
      vertex 6.81314 27.71 2.02
    endloop
  endfacet
  facet normal 0 0 -1
    outer loop
      vertex 7.09003 27.9869 2.02
      vertex 6.77269 28.2304 2.02
      vertex 6.85263 28.35 2.02
    endloop
  endfacet
  facet normal 0 0 -1
    outer loop
      vertex 6.96066 27.8393 2.02
      vertex 6.67782 28.1222 2.02
      vertex 6.77269 28.2304 2.02
    endloop
  endfacet
  facet normal 0 0 -1
    outer loop
      vertex 6.56964 28.0273 2.02
      vertex 6.81314 27.71 2.02
      vertex 6.65 27.601 2.02
    endloop
  endfacet
  facet normal 0 0 -1
    outer loop
      vertex 6.81314 27.71 2.02
      vertex 6.56964 28.0273 2.02
      vertex 6.67782 28.1222 2.02
    endloop
  endfacet
  facet normal 0 0 -1
    outer loop
      vertex 6.45 27.9474 2.02
      vertex 6.65 27.601 2.02
      vertex 6.47402 27.5142 2.02
    endloop
  endfacet
  facet normal 0 0 -1
    outer loop
      vertex 6.65 27.601 2.02
      vertex 6.45 27.9474 2.02
      vertex 6.56964 28.0273 2.02
    endloop
  endfacet
  facet normal 0 0 -1
    outer loop
      vertex 6.47402 27.5142 2.02
      vertex 6.32095 27.8837 2.02
      vertex 6.45 27.9474 2.02
    endloop
  endfacet
  facet normal 0 0 -1
    outer loop
      vertex 6.28823 27.4511 2.02
      vertex 6.32095 27.8837 2.02
      vertex 6.47402 27.5142 2.02
    endloop
  endfacet
  facet normal 0 0 -1
    outer loop
      vertex 6.28823 27.4511 2.02
      vertex 6.1847 27.8375 2.02
      vertex 6.32095 27.8837 2.02
    endloop
  endfacet
  facet normal 0 0 -1
    outer loop
      vertex 6.09579 27.4128 2.02
      vertex 6.1847 27.8375 2.02
      vertex 6.28823 27.4511 2.02
    endloop
  endfacet
  facet normal 0 0 -1
    outer loop
      vertex 6.09579 27.4128 2.02
      vertex 6.04358 27.8094 2.02
      vertex 6.1847 27.8375 2.02
    endloop
  endfacet
  facet normal 0 0 -1
    outer loop
      vertex 5.9 27.4 2.02
      vertex 6.04358 27.8094 2.02
      vertex 6.09579 27.4128 2.02
    endloop
  endfacet
  facet normal 0 0 -1
    outer loop
      vertex 5.9 27.4 2.02
      vertex 5.9 27.8 2.02
      vertex 6.04358 27.8094 2.02
    endloop
  endfacet
  facet normal 0 0 -1
    outer loop
      vertex 5.9 27.4 2.02
      vertex 5.75642 27.8094 2.02
      vertex 5.9 27.8 2.02
    endloop
  endfacet
  facet normal 0 0 -1
    outer loop
      vertex 5.70421 27.4128 2.02
      vertex 5.75642 27.8094 2.02
      vertex 5.9 27.4 2.02
    endloop
  endfacet
  facet normal 0 0 -1
    outer loop
      vertex 5.70421 27.4128 2.02
      vertex 5.6153 27.8375 2.02
      vertex 5.75642 27.8094 2.02
    endloop
  endfacet
  facet normal 0 0 -1
    outer loop
      vertex 5.51177 27.4511 2.02
      vertex 5.6153 27.8375 2.02
      vertex 5.70421 27.4128 2.02
    endloop
  endfacet
  facet normal 0 0 -1
    outer loop
      vertex 5.51177 27.4511 2.02
      vertex 5.47905 27.8837 2.02
      vertex 5.6153 27.8375 2.02
    endloop
  endfacet
  facet normal 0 0 -1
    outer loop
      vertex 5.32597 27.5142 2.02
      vertex 5.47905 27.8837 2.02
      vertex 5.51177 27.4511 2.02
    endloop
  endfacet
  facet normal -0 0 -1
    outer loop
      vertex 5.47905 27.8837 2.02
      vertex 5.32597 27.5142 2.02
      vertex 5.35 27.9474 2.02
    endloop
  endfacet
  facet normal 0 0 -1
    outer loop
      vertex 5.15 27.601 2.02
      vertex 5.35 27.9474 2.02
      vertex 5.32597 27.5142 2.02
    endloop
  endfacet
  facet normal -0 0 -1
    outer loop
      vertex 5.35 27.9474 2.02
      vertex 5.15 27.601 2.02
      vertex 5.23036 28.0273 2.02
    endloop
  endfacet
  facet normal 0 0 -1
    outer loop
      vertex 4.98686 27.71 2.02
      vertex 5.23036 28.0273 2.02
      vertex 5.15 27.601 2.02
    endloop
  endfacet
  facet normal -0 0 -1
    outer loop
      vertex 5.23036 28.0273 2.02
      vertex 4.98686 27.71 2.02
      vertex 5.12218 28.1222 2.02
    endloop
  endfacet
  facet normal 0 0 -1
    outer loop
      vertex 4.83934 27.8393 2.02
      vertex 5.12218 28.1222 2.02
      vertex 4.98686 27.71 2.02
    endloop
  endfacet
  facet normal -0 0 -1
    outer loop
      vertex 5.12218 28.1222 2.02
      vertex 4.83934 27.8393 2.02
      vertex 5.02731 28.2304 2.02
    endloop
  endfacet
  facet normal 0 0 -1
    outer loop
      vertex 4.70997 27.9869 2.02
      vertex 5.02731 28.2304 2.02
      vertex 4.83934 27.8393 2.02
    endloop
  endfacet
  facet normal -0 0 -1
    outer loop
      vertex 5.02731 28.2304 2.02
      vertex 4.70997 27.9869 2.02
      vertex 4.94737 28.35 2.02
    endloop
  endfacet
  facet normal 0 0 -1
    outer loop
      vertex 4.60096 28.15 2.02
      vertex 4.94737 28.35 2.02
      vertex 4.70997 27.9869 2.02
    endloop
  endfacet
  facet normal -0 0 -1
    outer loop
      vertex 4.94737 28.35 2.02
      vertex 4.60096 28.15 2.02
      vertex 4.88373 28.479 2.02
    endloop
  endfacet
  facet normal 0 0 -1
    outer loop
      vertex 4.51418 28.326 2.02
      vertex 4.88373 28.479 2.02
      vertex 4.60096 28.15 2.02
    endloop
  endfacet
  facet normal -0 0 -1
    outer loop
      vertex 4.88373 28.479 2.02
      vertex 4.51418 28.326 2.02
      vertex 4.83748 28.6153 2.02
    endloop
  endfacet
  facet normal 0 0 -1
    outer loop
      vertex 6.91627 29.321 2.02
      vertex 7.28582 29.474 2.02
      vertex 6.96252 29.1847 2.02
    endloop
  endfacet
  facet normal -0 0 -1
    outer loop
      vertex 7.28582 29.474 2.02
      vertex 6.91627 29.321 2.02
      vertex 7.19904 29.65 2.02
    endloop
  endfacet
  facet normal 0 0 -1
    outer loop
      vertex 6.85263 29.45 2.02
      vertex 7.19904 29.65 2.02
      vertex 6.91627 29.321 2.02
    endloop
  endfacet
  facet normal -0 0 -1
    outer loop
      vertex 7.19904 29.65 2.02
      vertex 6.85263 29.45 2.02
      vertex 7.09003 29.8131 2.02
    endloop
  endfacet
  facet normal 0 0 -1
    outer loop
      vertex 6.77269 29.5696 2.02
      vertex 7.09003 29.8131 2.02
      vertex 6.85263 29.45 2.02
    endloop
  endfacet
  facet normal -0 0 -1
    outer loop
      vertex 7.09003 29.8131 2.02
      vertex 6.77269 29.5696 2.02
      vertex 6.96066 29.9607 2.02
    endloop
  endfacet
  facet normal 0 0 -1
    outer loop
      vertex 6.67782 29.6778 2.02
      vertex 6.96066 29.9607 2.02
      vertex 6.77269 29.5696 2.02
    endloop
  endfacet
  facet normal -0 0 -1
    outer loop
      vertex 6.96066 29.9607 2.02
      vertex 6.67782 29.6778 2.02
      vertex 6.81314 30.09 2.02
    endloop
  endfacet
  facet normal 0 0 -1
    outer loop
      vertex 6.56964 29.7727 2.02
      vertex 6.81314 30.09 2.02
      vertex 6.67782 29.6778 2.02
    endloop
  endfacet
  facet normal -0 0 -1
    outer loop
      vertex 6.81314 30.09 2.02
      vertex 6.56964 29.7727 2.02
      vertex 6.65 30.199 2.02
    endloop
  endfacet
  facet normal 0 0 -1
    outer loop
      vertex 6.45 29.8526 2.02
      vertex 6.65 30.199 2.02
      vertex 6.56964 29.7727 2.02
    endloop
  endfacet
  facet normal -0 0 -1
    outer loop
      vertex 6.65 30.199 2.02
      vertex 6.45 29.8526 2.02
      vertex 6.47402 30.2858 2.02
    endloop
  endfacet
  facet normal 0 0 -1
    outer loop
      vertex 6.32095 29.9163 2.02
      vertex 6.47402 30.2858 2.02
      vertex 6.45 29.8526 2.02
    endloop
  endfacet
  facet normal 0 0 -1
    outer loop
      vertex 6.32095 29.9163 2.02
      vertex 6.28823 30.3489 2.02
      vertex 6.47402 30.2858 2.02
    endloop
  endfacet
  facet normal 0 0 -1
    outer loop
      vertex 6.1847 29.9625 2.02
      vertex 6.28823 30.3489 2.02
      vertex 6.32095 29.9163 2.02
    endloop
  endfacet
  facet normal 0 0 -1
    outer loop
      vertex 6.1847 29.9625 2.02
      vertex 6.09579 30.3872 2.02
      vertex 6.28823 30.3489 2.02
    endloop
  endfacet
  facet normal 0 0 -1
    outer loop
      vertex 6.04358 29.9906 2.02
      vertex 6.09579 30.3872 2.02
      vertex 6.1847 29.9625 2.02
    endloop
  endfacet
  facet normal 0 0 -1
    outer loop
      vertex 5.9 30 2.02
      vertex 6.09579 30.3872 2.02
      vertex 6.04358 29.9906 2.02
    endloop
  endfacet
  facet normal 0 0 -1
    outer loop
      vertex 5.9 30 2.02
      vertex 5.9 30.4 2.02
      vertex 6.09579 30.3872 2.02
    endloop
  endfacet
  facet normal 0 0 -1
    outer loop
      vertex 5.75642 29.9906 2.02
      vertex 5.9 30.4 2.02
      vertex 5.9 30 2.02
    endloop
  endfacet
  facet normal 0 0 -1
    outer loop
      vertex 5.75642 29.9906 2.02
      vertex 5.70421 30.3872 2.02
      vertex 5.9 30.4 2.02
    endloop
  endfacet
  facet normal 0 0 -1
    outer loop
      vertex 5.6153 29.9625 2.02
      vertex 5.70421 30.3872 2.02
      vertex 5.75642 29.9906 2.02
    endloop
  endfacet
  facet normal 0 0 -1
    outer loop
      vertex 5.6153 29.9625 2.02
      vertex 5.51177 30.3489 2.02
      vertex 5.70421 30.3872 2.02
    endloop
  endfacet
  facet normal 0 0 -1
    outer loop
      vertex 5.47905 29.9163 2.02
      vertex 5.51177 30.3489 2.02
      vertex 5.6153 29.9625 2.02
    endloop
  endfacet
  facet normal 0 0 -1
    outer loop
      vertex 5.32597 30.2858 2.02
      vertex 5.47905 29.9163 2.02
      vertex 5.35 29.8526 2.02
    endloop
  endfacet
  facet normal 0 0 -1
    outer loop
      vertex 5.47905 29.9163 2.02
      vertex 5.32597 30.2858 2.02
      vertex 5.51177 30.3489 2.02
    endloop
  endfacet
  facet normal 0 0 -1
    outer loop
      vertex 5.15 30.199 2.02
      vertex 5.35 29.8526 2.02
      vertex 5.23036 29.7727 2.02
    endloop
  endfacet
  facet normal 0 0 -1
    outer loop
      vertex 5.35 29.8526 2.02
      vertex 5.15 30.199 2.02
      vertex 5.32597 30.2858 2.02
    endloop
  endfacet
  facet normal 0 0 -1
    outer loop
      vertex 4.98686 30.09 2.02
      vertex 5.23036 29.7727 2.02
      vertex 5.12218 29.6778 2.02
    endloop
  endfacet
  facet normal 0 0 -1
    outer loop
      vertex 4.83934 29.9607 2.02
      vertex 5.12218 29.6778 2.02
      vertex 5.02731 29.5696 2.02
    endloop
  endfacet
  facet normal 0 0 -1
    outer loop
      vertex 5.23036 29.7727 2.02
      vertex 4.98686 30.09 2.02
      vertex 5.15 30.199 2.02
    endloop
  endfacet
  facet normal 0 0 -1
    outer loop
      vertex 4.70997 29.8131 2.02
      vertex 5.02731 29.5696 2.02
      vertex 4.94737 29.45 2.02
    endloop
  endfacet
  facet normal 0 0 -1
    outer loop
      vertex 4.60096 29.65 2.02
      vertex 4.94737 29.45 2.02
      vertex 4.88373 29.321 2.02
    endloop
  endfacet
  facet normal 0 0 -1
    outer loop
      vertex 5.12218 29.6778 2.02
      vertex 4.83934 29.9607 2.02
      vertex 4.98686 30.09 2.02
    endloop
  endfacet
  facet normal 0 0 -1
    outer loop
      vertex 4.51418 29.474 2.02
      vertex 4.88373 29.321 2.02
      vertex 4.83748 29.1847 2.02
    endloop
  endfacet
  facet normal 0 0 -1
    outer loop
      vertex 4.45111 29.2882 2.02
      vertex 4.83748 29.1847 2.02
      vertex 4.80941 29.0436 2.02
    endloop
  endfacet
  facet normal 0 0 -1
    outer loop
      vertex 4.41283 29.0958 2.02
      vertex 4.80941 29.0436 2.02
      vertex 4.8 28.9 2.02
    endloop
  endfacet
  facet normal 0 0 -1
    outer loop
      vertex 4.45111 28.5118 2.02
      vertex 4.83748 28.6153 2.02
      vertex 4.51418 28.326 2.02
    endloop
  endfacet
  facet normal 0 0 -1
    outer loop
      vertex 5.02731 29.5696 2.02
      vertex 4.70997 29.8131 2.02
      vertex 4.83934 29.9607 2.02
    endloop
  endfacet
  facet normal -0 0 -1
    outer loop
      vertex 4.83748 28.6153 2.02
      vertex 4.45111 28.5118 2.02
      vertex 4.80941 28.7564 2.02
    endloop
  endfacet
  facet normal 0 0 -1
    outer loop
      vertex 4.94737 29.45 2.02
      vertex 4.60096 29.65 2.02
      vertex 4.70997 29.8131 2.02
    endloop
  endfacet
  facet normal 0 0 -1
    outer loop
      vertex 4.41283 28.7042 2.02
      vertex 4.80941 28.7564 2.02
      vertex 4.45111 28.5118 2.02
    endloop
  endfacet
  facet normal 0 0 -1
    outer loop
      vertex 4.88373 29.321 2.02
      vertex 4.51418 29.474 2.02
      vertex 4.60096 29.65 2.02
    endloop
  endfacet
  facet normal -0 0 -1
    outer loop
      vertex 4.80941 28.7564 2.02
      vertex 4.41283 28.7042 2.02
      vertex 4.8 28.9 2.02
    endloop
  endfacet
  facet normal 0 0 -1
    outer loop
      vertex 4.83748 29.1847 2.02
      vertex 4.45111 29.2882 2.02
      vertex 4.51418 29.474 2.02
    endloop
  endfacet
  facet normal 0 0 -1
    outer loop
      vertex 4.4 28.9 2.02
      vertex 4.8 28.9 2.02
      vertex 4.41283 28.7042 2.02
    endloop
  endfacet
  facet normal 0 0 -1
    outer loop
      vertex 4.80941 29.0436 2.02
      vertex 4.41283 29.0958 2.02
      vertex 4.45111 29.2882 2.02
    endloop
  endfacet
  facet normal 0 0 -1
    outer loop
      vertex 4.8 28.9 2.02
      vertex 4.4 28.9 2.02
      vertex 4.41283 29.0958 2.02
    endloop
  endfacet
  facet normal -0.99786 0.0653858 0
    outer loop
      vertex 7.38717 28.7042 0
      vertex 7.4 28.9 2.02
      vertex 7.4 28.9 0
    endloop
  endfacet
  facet normal -0.99786 0.0653858 0
    outer loop
      vertex 7.4 28.9 2.02
      vertex 7.38717 28.7042 0
      vertex 7.38717 28.7042 2.02
    endloop
  endfacet
  facet normal -0.442355 0.89684 0
    outer loop
      vertex 6.65 27.601 0
      vertex 6.47402 27.5142 2.02
      vertex 6.65 27.601 2.02
    endloop
  endfacet
  facet normal -0.442355 0.89684 0
    outer loop
      vertex 6.47402 27.5142 2.02
      vertex 6.65 27.601 0
      vertex 6.47402 27.5142 0
    endloop
  endfacet
  facet normal -0.65914 0.752021 0
    outer loop
      vertex 6.96066 27.8393 0
      vertex 6.81314 27.71 2.02
      vertex 6.96066 27.8393 2.02
    endloop
  endfacet
  facet normal -0.65914 0.752021 0
    outer loop
      vertex 6.81314 27.71 2.02
      vertex 6.96066 27.8393 0
      vertex 6.81314 27.71 0
    endloop
  endfacet
  facet normal 0.8969 0.442233 0
    outer loop
      vertex 4.60096 28.15 2.02
      vertex 4.51418 28.326 0
      vertex 4.51418 28.326 2.02
    endloop
  endfacet
  facet normal 0.8969 0.442233 0
    outer loop
      vertex 4.51418 28.326 0
      vertex 4.60096 28.15 2.02
      vertex 4.60096 28.15 0
    endloop
  endfacet
  facet normal 0.752021 0.659139 0
    outer loop
      vertex 4.83934 27.8393 2.02
      vertex 4.70997 27.9869 0
      vertex 4.70997 27.9869 2.02
    endloop
  endfacet
  facet normal 0.752021 0.659139 0
    outer loop
      vertex 4.70997 27.9869 0
      vertex 4.83934 27.8393 2.02
      vertex 4.83934 27.8393 0
    endloop
  endfacet
  facet normal -0.555676 -0.831399 0
    outer loop
      vertex 64.65 7.19904 0
      vertex 64.8131 7.09003 2.02
      vertex 64.65 7.19904 2.02
    endloop
  endfacet
  facet normal -0.555676 -0.831399 -0
    outer loop
      vertex 64.8131 7.09003 2.02
      vertex 64.65 7.19904 0
      vertex 64.8131 7.09003 0
    endloop
  endfacet
  facet normal 0.980764 -0.195195 0
    outer loop
      vertex 62.4128 6.09579 2.02
      vertex 62.4511 6.28823 0
      vertex 62.4511 6.28823 2.02
    endloop
  endfacet
  facet normal 0.980764 -0.195195 0
    outer loop
      vertex 62.4511 6.28823 0
      vertex 62.4128 6.09579 2.02
      vertex 62.4128 6.09579 0
    endloop
  endfacet
  facet normal 0.195136 0.980776 -0
    outer loop
      vertex 63.7042 4.41283 0
      vertex 63.5118 4.45111 2.02
      vertex 63.7042 4.41283 2.02
    endloop
  endfacet
  facet normal 0.195136 0.980776 0
    outer loop
      vertex 63.5118 4.45111 2.02
      vertex 63.7042 4.41283 0
      vertex 63.5118 4.45111 0
    endloop
  endfacet
  facet normal 0.442233 -0.8969 0
    outer loop
      vertex 63.15 7.19904 0
      vertex 63.326 7.28582 2.02
      vertex 63.15 7.19904 2.02
    endloop
  endfacet
  facet normal 0.442233 -0.8969 0
    outer loop
      vertex 63.326 7.28582 2.02
      vertex 63.15 7.19904 0
      vertex 63.326 7.28582 0
    endloop
  endfacet
  facet normal 0.946879 -0.321589 0
    outer loop
      vertex 62.4511 6.28823 2.02
      vertex 62.5142 6.47402 0
      vertex 62.5142 6.47402 2.02
    endloop
  endfacet
  facet normal 0.946879 -0.321589 0
    outer loop
      vertex 62.5142 6.47402 0
      vertex 62.4511 6.28823 2.02
      vertex 62.4511 6.28823 0
    endloop
  endfacet
  facet normal -0.946885 0.321574 0
    outer loop
      vertex 65.2858 5.32597 0
      vertex 65.3489 5.51177 2.02
      vertex 65.3489 5.51177 0
    endloop
  endfacet
  facet normal -0.946885 0.321574 0
    outer loop
      vertex 65.3489 5.51177 2.02
      vertex 65.2858 5.32597 0
      vertex 65.2858 5.32597 2.02
    endloop
  endfacet
  facet normal 0.321437 0.946931 -0
    outer loop
      vertex 63.5118 4.45111 0
      vertex 63.326 4.51418 2.02
      vertex 63.5118 4.45111 2.02
    endloop
  endfacet
  facet normal 0.321437 0.946931 0
    outer loop
      vertex 63.326 4.51418 2.02
      vertex 63.5118 4.45111 0
      vertex 63.326 4.51418 0
    endloop
  endfacet
  facet normal -0.89684 -0.442355 0
    outer loop
      vertex 65.2858 6.47402 0
      vertex 65.199 6.65 2.02
      vertex 65.199 6.65 0
    endloop
  endfacet
  facet normal -0.89684 -0.442355 0
    outer loop
      vertex 65.199 6.65 2.02
      vertex 65.2858 6.47402 0
      vertex 65.2858 6.47402 2.02
    endloop
  endfacet
  facet normal -0.980764 -0.195195 0
    outer loop
      vertex 65.3872 6.09579 0
      vertex 65.3489 6.28823 2.02
      vertex 65.3489 6.28823 0
    endloop
  endfacet
  facet normal -0.980764 -0.195195 0
    outer loop
      vertex 65.3489 6.28823 2.02
      vertex 65.3872 6.09579 0
      vertex 65.3872 6.09579 2.02
    endloop
  endfacet
  facet normal -0.831485 -0.555547 0
    outer loop
      vertex 65.199 6.65 0
      vertex 65.09 6.81314 2.02
      vertex 65.09 6.81314 0
    endloop
  endfacet
  facet normal -0.831485 -0.555547 0
    outer loop
      vertex 65.09 6.81314 2.02
      vertex 65.199 6.65 0
      vertex 65.199 6.65 2.02
    endloop
  endfacet
  facet normal -0.659139 -0.752021 0
    outer loop
      vertex 64.8131 7.09003 0
      vertex 64.9607 6.96066 2.02
      vertex 64.8131 7.09003 2.02
    endloop
  endfacet
  facet normal -0.659139 -0.752021 -0
    outer loop
      vertex 64.9607 6.96066 2.02
      vertex 64.8131 7.09003 0
      vertex 64.9607 6.96066 0
    endloop
  endfacet
  facet normal -0.321437 -0.946931 0
    outer loop
      vertex 64.2882 7.34889 0
      vertex 64.474 7.28582 2.02
      vertex 64.2882 7.34889 2.02
    endloop
  endfacet
  facet normal -0.321437 -0.946931 -0
    outer loop
      vertex 64.474 7.28582 2.02
      vertex 64.2882 7.34889 0
      vertex 64.474 7.28582 0
    endloop
  endfacet
  facet normal 0.0653858 -0.99786 0
    outer loop
      vertex 63.7042 7.38717 0
      vertex 63.9 7.4 2.02
      vertex 63.7042 7.38717 2.02
    endloop
  endfacet
  facet normal 0.0653858 -0.99786 0
    outer loop
      vertex 63.9 7.4 2.02
      vertex 63.7042 7.38717 0
      vertex 63.9 7.4 0
    endloop
  endfacet
  facet normal 0.99787 -0.0652369 0
    outer loop
      vertex 62.4 5.9 2.02
      vertex 62.4128 6.09579 0
      vertex 62.4128 6.09579 2.02
    endloop
  endfacet
  facet normal 0.99787 -0.0652369 0
    outer loop
      vertex 62.4128 6.09579 0
      vertex 62.4 5.9 2.02
      vertex 62.4 5.9 0
    endloop
  endfacet
  facet normal 0.831485 -0.555547 0
    outer loop
      vertex 62.601 6.65 2.02
      vertex 62.71 6.81314 0
      vertex 62.71 6.81314 2.02
    endloop
  endfacet
  facet normal 0.831485 -0.555547 0
    outer loop
      vertex 62.71 6.81314 0
      vertex 62.601 6.65 2.02
      vertex 62.601 6.65 0
    endloop
  endfacet
  facet normal 0.195136 -0.980776 0
    outer loop
      vertex 63.5118 7.34889 0
      vertex 63.7042 7.38717 2.02
      vertex 63.5118 7.34889 2.02
    endloop
  endfacet
  facet normal 0.195136 -0.980776 0
    outer loop
      vertex 63.7042 7.38717 2.02
      vertex 63.5118 7.34889 0
      vertex 63.7042 7.38717 0
    endloop
  endfacet
  facet normal 0.752021 -0.65914 0
    outer loop
      vertex 62.71 6.81314 2.02
      vertex 62.8393 6.96066 0
      vertex 62.8393 6.96066 2.02
    endloop
  endfacet
  facet normal 0.752021 -0.65914 0
    outer loop
      vertex 62.8393 6.96066 0
      vertex 62.71 6.81314 2.02
      vertex 62.71 6.81314 0
    endloop
  endfacet
  facet normal -0.99787 -0.0652369 0
    outer loop
      vertex 65.4 5.9 0
      vertex 65.3872 6.09579 2.02
      vertex 65.3872 6.09579 0
    endloop
  endfacet
  facet normal -0.99787 -0.0652369 0
    outer loop
      vertex 65.3872 6.09579 2.02
      vertex 65.4 5.9 0
      vertex 65.4 5.9 2.02
    endloop
  endfacet
  facet normal -0.195136 0.980776 0
    outer loop
      vertex 64.2882 4.45111 0
      vertex 64.0958 4.41283 2.02
      vertex 64.2882 4.45111 2.02
    endloop
  endfacet
  facet normal -0.195136 0.980776 0
    outer loop
      vertex 64.0958 4.41283 2.02
      vertex 64.2882 4.45111 0
      vertex 64.0958 4.41283 0
    endloop
  endfacet
  facet normal -0.831485 0.555547 0
    outer loop
      vertex 65.09 4.98686 0
      vertex 65.199 5.15 2.02
      vertex 65.199 5.15 0
    endloop
  endfacet
  facet normal -0.831485 0.555547 0
    outer loop
      vertex 65.199 5.15 2.02
      vertex 65.09 4.98686 0
      vertex 65.09 4.98686 2.02
    endloop
  endfacet
  facet normal 0.0653858 0.99786 -0
    outer loop
      vertex 63.9 4.4 0
      vertex 63.7042 4.41283 2.02
      vertex 63.9 4.4 2.02
    endloop
  endfacet
  facet normal 0.0653858 0.99786 0
    outer loop
      vertex 63.7042 4.41283 2.02
      vertex 63.9 4.4 0
      vertex 63.7042 4.41283 0
    endloop
  endfacet
  facet normal 0.555676 0.831399 -0
    outer loop
      vertex 63.15 4.60096 0
      vertex 62.9869 4.70997 2.02
      vertex 63.15 4.60096 2.02
    endloop
  endfacet
  facet normal 0.555676 0.831399 0
    outer loop
      vertex 62.9869 4.70997 2.02
      vertex 63.15 4.60096 0
      vertex 62.9869 4.70997 0
    endloop
  endfacet
  facet normal 0.980764 0.195195 0
    outer loop
      vertex 62.4511 5.51177 2.02
      vertex 62.4128 5.70421 0
      vertex 62.4128 5.70421 2.02
    endloop
  endfacet
  facet normal 0.980764 0.195195 0
    outer loop
      vertex 62.4128 5.70421 0
      vertex 62.4511 5.51177 2.02
      vertex 62.4511 5.51177 0
    endloop
  endfacet
  facet normal -0.946879 -0.321589 0
    outer loop
      vertex 65.3489 6.28823 0
      vertex 65.2858 6.47402 2.02
      vertex 65.2858 6.47402 0
    endloop
  endfacet
  facet normal -0.946879 -0.321589 0
    outer loop
      vertex 65.2858 6.47402 2.02
      vertex 65.3489 6.28823 0
      vertex 65.3489 6.28823 2.02
    endloop
  endfacet
  facet normal -0.752021 -0.65914 0
    outer loop
      vertex 65.09 6.81314 0
      vertex 64.9607 6.96066 2.02
      vertex 64.9607 6.96066 0
    endloop
  endfacet
  facet normal -0.752021 -0.65914 0
    outer loop
      vertex 64.9607 6.96066 2.02
      vertex 65.09 6.81314 0
      vertex 65.09 6.81314 2.02
    endloop
  endfacet
  facet normal -0.442233 -0.8969 0
    outer loop
      vertex 64.474 7.28582 0
      vertex 64.65 7.19904 2.02
      vertex 64.474 7.28582 2.02
    endloop
  endfacet
  facet normal -0.442233 -0.8969 -0
    outer loop
      vertex 64.65 7.19904 2.02
      vertex 64.474 7.28582 0
      vertex 64.65 7.19904 0
    endloop
  endfacet
  facet normal -0.195136 -0.980776 0
    outer loop
      vertex 64.0958 7.38717 0
      vertex 64.2882 7.34889 2.02
      vertex 64.0958 7.38717 2.02
    endloop
  endfacet
  facet normal -0.195136 -0.980776 -0
    outer loop
      vertex 64.2882 7.34889 2.02
      vertex 64.0958 7.38717 0
      vertex 64.2882 7.34889 0
    endloop
  endfacet
  facet normal -0.0653858 -0.99786 0
    outer loop
      vertex 63.9 7.4 0
      vertex 64.0958 7.38717 2.02
      vertex 63.9 7.4 2.02
    endloop
  endfacet
  facet normal -0.0653858 -0.99786 -0
    outer loop
      vertex 64.0958 7.38717 2.02
      vertex 63.9 7.4 0
      vertex 64.0958 7.38717 0
    endloop
  endfacet
  facet normal 0.99787 0.0652369 0
    outer loop
      vertex 62.4128 5.70421 2.02
      vertex 62.4 5.9 0
      vertex 62.4 5.9 2.02
    endloop
  endfacet
  facet normal 0.99787 0.0652369 0
    outer loop
      vertex 62.4 5.9 0
      vertex 62.4128 5.70421 2.02
      vertex 62.4128 5.70421 0
    endloop
  endfacet
  facet normal 0 0 -1
    outer loop
      vertex 65 5.9 2.02
      vertex 65.4 5.9 2.02
      vertex 65.3872 5.70421 2.02
    endloop
  endfacet
  facet normal 0 0 -1
    outer loop
      vertex 64.9906 5.75642 2.02
      vertex 65.3872 5.70421 2.02
      vertex 65.3489 5.51177 2.02
    endloop
  endfacet
  facet normal 0 0 -1
    outer loop
      vertex 65.4 5.9 2.02
      vertex 65 5.9 2.02
      vertex 65.3872 6.09579 2.02
    endloop
  endfacet
  facet normal 0 0 -1
    outer loop
      vertex 64.9625 5.6153 2.02
      vertex 65.3489 5.51177 2.02
      vertex 65.2858 5.32597 2.02
    endloop
  endfacet
  facet normal 0 0 -1
    outer loop
      vertex 64.9906 6.04358 2.02
      vertex 65.3872 6.09579 2.02
      vertex 65 5.9 2.02
    endloop
  endfacet
  facet normal 0 0 -1
    outer loop
      vertex 64.9163 5.47905 2.02
      vertex 65.2858 5.32597 2.02
      vertex 65.199 5.15 2.02
    endloop
  endfacet
  facet normal -0 0 -1
    outer loop
      vertex 65.3872 6.09579 2.02
      vertex 64.9906 6.04358 2.02
      vertex 65.3489 6.28823 2.02
    endloop
  endfacet
  facet normal 0 0 -1
    outer loop
      vertex 64.8526 5.35 2.02
      vertex 65.199 5.15 2.02
      vertex 65.09 4.98686 2.02
    endloop
  endfacet
  facet normal 0 0 -1
    outer loop
      vertex 64.9625 6.1847 2.02
      vertex 65.3489 6.28823 2.02
      vertex 64.9906 6.04358 2.02
    endloop
  endfacet
  facet normal -0 0 -1
    outer loop
      vertex 65.3489 6.28823 2.02
      vertex 64.9625 6.1847 2.02
      vertex 65.2858 6.47402 2.02
    endloop
  endfacet
  facet normal 0 0 -1
    outer loop
      vertex 65.3872 5.70421 2.02
      vertex 64.9906 5.75642 2.02
      vertex 65 5.9 2.02
    endloop
  endfacet
  facet normal 0 0 -1
    outer loop
      vertex 65.3489 5.51177 2.02
      vertex 64.9625 5.6153 2.02
      vertex 64.9906 5.75642 2.02
    endloop
  endfacet
  facet normal 0 0 -1
    outer loop
      vertex 64.7727 5.23036 2.02
      vertex 65.09 4.98686 2.02
      vertex 64.9607 4.83934 2.02
    endloop
  endfacet
  facet normal 0 0 -1
    outer loop
      vertex 65.2858 5.32597 2.02
      vertex 64.9163 5.47905 2.02
      vertex 64.9625 5.6153 2.02
    endloop
  endfacet
  facet normal 0 0 -1
    outer loop
      vertex 65.199 5.15 2.02
      vertex 64.8526 5.35 2.02
      vertex 64.9163 5.47905 2.02
    endloop
  endfacet
  facet normal 0 0 -1
    outer loop
      vertex 64.6778 5.12218 2.02
      vertex 64.9607 4.83934 2.02
      vertex 64.8131 4.70997 2.02
    endloop
  endfacet
  facet normal 0 0 -1
    outer loop
      vertex 65.09 4.98686 2.02
      vertex 64.7727 5.23036 2.02
      vertex 64.8526 5.35 2.02
    endloop
  endfacet
  facet normal 0 0 -1
    outer loop
      vertex 64.9607 4.83934 2.02
      vertex 64.6778 5.12218 2.02
      vertex 64.7727 5.23036 2.02
    endloop
  endfacet
  facet normal 0 0 -1
    outer loop
      vertex 64.5696 5.02731 2.02
      vertex 64.8131 4.70997 2.02
      vertex 64.65 4.60096 2.02
    endloop
  endfacet
  facet normal 0 0 -1
    outer loop
      vertex 64.8131 4.70997 2.02
      vertex 64.5696 5.02731 2.02
      vertex 64.6778 5.12218 2.02
    endloop
  endfacet
  facet normal 0 0 -1
    outer loop
      vertex 64.45 4.94737 2.02
      vertex 64.65 4.60096 2.02
      vertex 64.474 4.51418 2.02
    endloop
  endfacet
  facet normal 0 0 -1
    outer loop
      vertex 64.65 4.60096 2.02
      vertex 64.45 4.94737 2.02
      vertex 64.5696 5.02731 2.02
    endloop
  endfacet
  facet normal 0 0 -1
    outer loop
      vertex 64.474 4.51418 2.02
      vertex 64.321 4.88373 2.02
      vertex 64.45 4.94737 2.02
    endloop
  endfacet
  facet normal 0 0 -1
    outer loop
      vertex 64.2882 4.45111 2.02
      vertex 64.321 4.88373 2.02
      vertex 64.474 4.51418 2.02
    endloop
  endfacet
  facet normal 0 0 -1
    outer loop
      vertex 64.2882 4.45111 2.02
      vertex 64.1847 4.83748 2.02
      vertex 64.321 4.88373 2.02
    endloop
  endfacet
  facet normal 0 0 -1
    outer loop
      vertex 64.0958 4.41283 2.02
      vertex 64.1847 4.83748 2.02
      vertex 64.2882 4.45111 2.02
    endloop
  endfacet
  facet normal 0 0 -1
    outer loop
      vertex 64.0958 4.41283 2.02
      vertex 64.0436 4.80941 2.02
      vertex 64.1847 4.83748 2.02
    endloop
  endfacet
  facet normal 0 0 -1
    outer loop
      vertex 63.9 4.4 2.02
      vertex 64.0436 4.80941 2.02
      vertex 64.0958 4.41283 2.02
    endloop
  endfacet
  facet normal 0 0 -1
    outer loop
      vertex 63.9 4.4 2.02
      vertex 63.9 4.8 2.02
      vertex 64.0436 4.80941 2.02
    endloop
  endfacet
  facet normal 0 0 -1
    outer loop
      vertex 63.9 4.4 2.02
      vertex 63.7564 4.80941 2.02
      vertex 63.9 4.8 2.02
    endloop
  endfacet
  facet normal 0 0 -1
    outer loop
      vertex 63.7042 4.41283 2.02
      vertex 63.7564 4.80941 2.02
      vertex 63.9 4.4 2.02
    endloop
  endfacet
  facet normal 0 0 -1
    outer loop
      vertex 63.7042 4.41283 2.02
      vertex 63.6153 4.83748 2.02
      vertex 63.7564 4.80941 2.02
    endloop
  endfacet
  facet normal 0 0 -1
    outer loop
      vertex 63.5118 4.45111 2.02
      vertex 63.6153 4.83748 2.02
      vertex 63.7042 4.41283 2.02
    endloop
  endfacet
  facet normal 0 0 -1
    outer loop
      vertex 63.5118 4.45111 2.02
      vertex 63.479 4.88373 2.02
      vertex 63.6153 4.83748 2.02
    endloop
  endfacet
  facet normal 0 0 -1
    outer loop
      vertex 63.326 4.51418 2.02
      vertex 63.479 4.88373 2.02
      vertex 63.5118 4.45111 2.02
    endloop
  endfacet
  facet normal -0 0 -1
    outer loop
      vertex 63.479 4.88373 2.02
      vertex 63.326 4.51418 2.02
      vertex 63.35 4.94737 2.02
    endloop
  endfacet
  facet normal 0 0 -1
    outer loop
      vertex 63.15 4.60096 2.02
      vertex 63.35 4.94737 2.02
      vertex 63.326 4.51418 2.02
    endloop
  endfacet
  facet normal -0 0 -1
    outer loop
      vertex 63.35 4.94737 2.02
      vertex 63.15 4.60096 2.02
      vertex 63.2304 5.02731 2.02
    endloop
  endfacet
  facet normal 0 0 -1
    outer loop
      vertex 62.9869 4.70997 2.02
      vertex 63.2304 5.02731 2.02
      vertex 63.15 4.60096 2.02
    endloop
  endfacet
  facet normal -0 0 -1
    outer loop
      vertex 63.2304 5.02731 2.02
      vertex 62.9869 4.70997 2.02
      vertex 63.1222 5.12218 2.02
    endloop
  endfacet
  facet normal 0 0 -1
    outer loop
      vertex 62.8393 4.83934 2.02
      vertex 63.1222 5.12218 2.02
      vertex 62.9869 4.70997 2.02
    endloop
  endfacet
  facet normal -0 0 -1
    outer loop
      vertex 63.1222 5.12218 2.02
      vertex 62.8393 4.83934 2.02
      vertex 63.0273 5.23036 2.02
    endloop
  endfacet
  facet normal 0 0 -1
    outer loop
      vertex 62.71 4.98686 2.02
      vertex 63.0273 5.23036 2.02
      vertex 62.8393 4.83934 2.02
    endloop
  endfacet
  facet normal -0 0 -1
    outer loop
      vertex 63.0273 5.23036 2.02
      vertex 62.71 4.98686 2.02
      vertex 62.9474 5.35 2.02
    endloop
  endfacet
  facet normal 0 0 -1
    outer loop
      vertex 62.601 5.15 2.02
      vertex 62.9474 5.35 2.02
      vertex 62.71 4.98686 2.02
    endloop
  endfacet
  facet normal -0 0 -1
    outer loop
      vertex 62.9474 5.35 2.02
      vertex 62.601 5.15 2.02
      vertex 62.8837 5.47905 2.02
    endloop
  endfacet
  facet normal 0 0 -1
    outer loop
      vertex 62.5142 5.32597 2.02
      vertex 62.8837 5.47905 2.02
      vertex 62.601 5.15 2.02
    endloop
  endfacet
  facet normal -0 0 -1
    outer loop
      vertex 62.8837 5.47905 2.02
      vertex 62.5142 5.32597 2.02
      vertex 62.8375 5.6153 2.02
    endloop
  endfacet
  facet normal 0 0 -1
    outer loop
      vertex 64.9163 6.32095 2.02
      vertex 65.2858 6.47402 2.02
      vertex 64.9625 6.1847 2.02
    endloop
  endfacet
  facet normal -0 0 -1
    outer loop
      vertex 65.2858 6.47402 2.02
      vertex 64.9163 6.32095 2.02
      vertex 65.199 6.65 2.02
    endloop
  endfacet
  facet normal 0 0 -1
    outer loop
      vertex 64.8526 6.45 2.02
      vertex 65.199 6.65 2.02
      vertex 64.9163 6.32095 2.02
    endloop
  endfacet
  facet normal -0 0 -1
    outer loop
      vertex 65.199 6.65 2.02
      vertex 64.8526 6.45 2.02
      vertex 65.09 6.81314 2.02
    endloop
  endfacet
  facet normal 0 0 -1
    outer loop
      vertex 64.7727 6.56964 2.02
      vertex 65.09 6.81314 2.02
      vertex 64.8526 6.45 2.02
    endloop
  endfacet
  facet normal -0 0 -1
    outer loop
      vertex 65.09 6.81314 2.02
      vertex 64.7727 6.56964 2.02
      vertex 64.9607 6.96066 2.02
    endloop
  endfacet
  facet normal 0 0 -1
    outer loop
      vertex 64.6778 6.67782 2.02
      vertex 64.9607 6.96066 2.02
      vertex 64.7727 6.56964 2.02
    endloop
  endfacet
  facet normal -0 0 -1
    outer loop
      vertex 64.9607 6.96066 2.02
      vertex 64.6778 6.67782 2.02
      vertex 64.8131 7.09003 2.02
    endloop
  endfacet
  facet normal 0 0 -1
    outer loop
      vertex 64.5696 6.77269 2.02
      vertex 64.8131 7.09003 2.02
      vertex 64.6778 6.67782 2.02
    endloop
  endfacet
  facet normal -0 0 -1
    outer loop
      vertex 64.8131 7.09003 2.02
      vertex 64.5696 6.77269 2.02
      vertex 64.65 7.19904 2.02
    endloop
  endfacet
  facet normal 0 0 -1
    outer loop
      vertex 64.45 6.85263 2.02
      vertex 64.65 7.19904 2.02
      vertex 64.5696 6.77269 2.02
    endloop
  endfacet
  facet normal -0 0 -1
    outer loop
      vertex 64.65 7.19904 2.02
      vertex 64.45 6.85263 2.02
      vertex 64.474 7.28582 2.02
    endloop
  endfacet
  facet normal 0 0 -1
    outer loop
      vertex 64.321 6.91627 2.02
      vertex 64.474 7.28582 2.02
      vertex 64.45 6.85263 2.02
    endloop
  endfacet
  facet normal 0 0 -1
    outer loop
      vertex 64.321 6.91627 2.02
      vertex 64.2882 7.34889 2.02
      vertex 64.474 7.28582 2.02
    endloop
  endfacet
  facet normal 0 0 -1
    outer loop
      vertex 64.1847 6.96252 2.02
      vertex 64.2882 7.34889 2.02
      vertex 64.321 6.91627 2.02
    endloop
  endfacet
  facet normal 0 0 -1
    outer loop
      vertex 64.1847 6.96252 2.02
      vertex 64.0958 7.38717 2.02
      vertex 64.2882 7.34889 2.02
    endloop
  endfacet
  facet normal 0 0 -1
    outer loop
      vertex 64.0436 6.99059 2.02
      vertex 64.0958 7.38717 2.02
      vertex 64.1847 6.96252 2.02
    endloop
  endfacet
  facet normal 0 0 -1
    outer loop
      vertex 63.9 7 2.02
      vertex 64.0958 7.38717 2.02
      vertex 64.0436 6.99059 2.02
    endloop
  endfacet
  facet normal 0 0 -1
    outer loop
      vertex 63.9 7 2.02
      vertex 63.9 7.4 2.02
      vertex 64.0958 7.38717 2.02
    endloop
  endfacet
  facet normal 0 0 -1
    outer loop
      vertex 63.7564 6.99059 2.02
      vertex 63.9 7.4 2.02
      vertex 63.9 7 2.02
    endloop
  endfacet
  facet normal 0 0 -1
    outer loop
      vertex 63.7564 6.99059 2.02
      vertex 63.7042 7.38717 2.02
      vertex 63.9 7.4 2.02
    endloop
  endfacet
  facet normal 0 0 -1
    outer loop
      vertex 63.6153 6.96252 2.02
      vertex 63.7042 7.38717 2.02
      vertex 63.7564 6.99059 2.02
    endloop
  endfacet
  facet normal 0 0 -1
    outer loop
      vertex 63.6153 6.96252 2.02
      vertex 63.5118 7.34889 2.02
      vertex 63.7042 7.38717 2.02
    endloop
  endfacet
  facet normal 0 0 -1
    outer loop
      vertex 63.479 6.91627 2.02
      vertex 63.5118 7.34889 2.02
      vertex 63.6153 6.96252 2.02
    endloop
  endfacet
  facet normal 0 0 -1
    outer loop
      vertex 63.326 7.28582 2.02
      vertex 63.479 6.91627 2.02
      vertex 63.35 6.85263 2.02
    endloop
  endfacet
  facet normal 0 0 -1
    outer loop
      vertex 63.479 6.91627 2.02
      vertex 63.326 7.28582 2.02
      vertex 63.5118 7.34889 2.02
    endloop
  endfacet
  facet normal 0 0 -1
    outer loop
      vertex 63.15 7.19904 2.02
      vertex 63.35 6.85263 2.02
      vertex 63.2304 6.77269 2.02
    endloop
  endfacet
  facet normal 0 0 -1
    outer loop
      vertex 63.35 6.85263 2.02
      vertex 63.15 7.19904 2.02
      vertex 63.326 7.28582 2.02
    endloop
  endfacet
  facet normal 0 0 -1
    outer loop
      vertex 62.9869 7.09003 2.02
      vertex 63.2304 6.77269 2.02
      vertex 63.1222 6.67782 2.02
    endloop
  endfacet
  facet normal 0 0 -1
    outer loop
      vertex 62.8393 6.96066 2.02
      vertex 63.1222 6.67782 2.02
      vertex 63.0273 6.56964 2.02
    endloop
  endfacet
  facet normal 0 0 -1
    outer loop
      vertex 63.2304 6.77269 2.02
      vertex 62.9869 7.09003 2.02
      vertex 63.15 7.19904 2.02
    endloop
  endfacet
  facet normal 0 0 -1
    outer loop
      vertex 62.71 6.81314 2.02
      vertex 63.0273 6.56964 2.02
      vertex 62.9474 6.45 2.02
    endloop
  endfacet
  facet normal 0 0 -1
    outer loop
      vertex 62.601 6.65 2.02
      vertex 62.9474 6.45 2.02
      vertex 62.8837 6.32095 2.02
    endloop
  endfacet
  facet normal 0 0 -1
    outer loop
      vertex 63.1222 6.67782 2.02
      vertex 62.8393 6.96066 2.02
      vertex 62.9869 7.09003 2.02
    endloop
  endfacet
  facet normal 0 0 -1
    outer loop
      vertex 62.5142 6.47402 2.02
      vertex 62.8837 6.32095 2.02
      vertex 62.8375 6.1847 2.02
    endloop
  endfacet
  facet normal 0 0 -1
    outer loop
      vertex 62.4511 6.28823 2.02
      vertex 62.8375 6.1847 2.02
      vertex 62.8094 6.04358 2.02
    endloop
  endfacet
  facet normal 0 0 -1
    outer loop
      vertex 62.4128 6.09579 2.02
      vertex 62.8094 6.04358 2.02
      vertex 62.8 5.9 2.02
    endloop
  endfacet
  facet normal 0 0 -1
    outer loop
      vertex 62.4511 5.51177 2.02
      vertex 62.8375 5.6153 2.02
      vertex 62.5142 5.32597 2.02
    endloop
  endfacet
  facet normal 0 0 -1
    outer loop
      vertex 63.0273 6.56964 2.02
      vertex 62.71 6.81314 2.02
      vertex 62.8393 6.96066 2.02
    endloop
  endfacet
  facet normal -0 0 -1
    outer loop
      vertex 62.8375 5.6153 2.02
      vertex 62.4511 5.51177 2.02
      vertex 62.8094 5.75642 2.02
    endloop
  endfacet
  facet normal 0 0 -1
    outer loop
      vertex 62.9474 6.45 2.02
      vertex 62.601 6.65 2.02
      vertex 62.71 6.81314 2.02
    endloop
  endfacet
  facet normal 0 0 -1
    outer loop
      vertex 62.4128 5.70421 2.02
      vertex 62.8094 5.75642 2.02
      vertex 62.4511 5.51177 2.02
    endloop
  endfacet
  facet normal 0 0 -1
    outer loop
      vertex 62.8837 6.32095 2.02
      vertex 62.5142 6.47402 2.02
      vertex 62.601 6.65 2.02
    endloop
  endfacet
  facet normal -0 0 -1
    outer loop
      vertex 62.8094 5.75642 2.02
      vertex 62.4128 5.70421 2.02
      vertex 62.8 5.9 2.02
    endloop
  endfacet
  facet normal 0 0 -1
    outer loop
      vertex 62.8375 6.1847 2.02
      vertex 62.4511 6.28823 2.02
      vertex 62.5142 6.47402 2.02
    endloop
  endfacet
  facet normal 0 0 -1
    outer loop
      vertex 62.4 5.9 2.02
      vertex 62.8 5.9 2.02
      vertex 62.4128 5.70421 2.02
    endloop
  endfacet
  facet normal 0 0 -1
    outer loop
      vertex 62.8094 6.04358 2.02
      vertex 62.4128 6.09579 2.02
      vertex 62.4511 6.28823 2.02
    endloop
  endfacet
  facet normal 0 0 -1
    outer loop
      vertex 62.8 5.9 2.02
      vertex 62.4 5.9 2.02
      vertex 62.4128 6.09579 2.02
    endloop
  endfacet
  facet normal 0.89684 -0.442355 0
    outer loop
      vertex 62.5142 6.47402 2.02
      vertex 62.601 6.65 0
      vertex 62.601 6.65 2.02
    endloop
  endfacet
  facet normal 0.89684 -0.442355 0
    outer loop
      vertex 62.601 6.65 0
      vertex 62.5142 6.47402 2.02
      vertex 62.5142 6.47402 0
    endloop
  endfacet
  facet normal 0.321437 -0.946931 0
    outer loop
      vertex 63.326 7.28582 0
      vertex 63.5118 7.34889 2.02
      vertex 63.326 7.28582 2.02
    endloop
  endfacet
  facet normal 0.321437 -0.946931 0
    outer loop
      vertex 63.5118 7.34889 2.02
      vertex 63.326 7.28582 0
      vertex 63.5118 7.34889 0
    endloop
  endfacet
  facet normal 0.659139 -0.752021 0
    outer loop
      vertex 62.8393 6.96066 0
      vertex 62.9869 7.09003 2.02
      vertex 62.8393 6.96066 2.02
    endloop
  endfacet
  facet normal 0.659139 -0.752021 0
    outer loop
      vertex 62.9869 7.09003 2.02
      vertex 62.8393 6.96066 0
      vertex 62.9869 7.09003 0
    endloop
  endfacet
  facet normal 0.555676 -0.831399 0
    outer loop
      vertex 62.9869 7.09003 0
      vertex 63.15 7.19904 2.02
      vertex 62.9869 7.09003 2.02
    endloop
  endfacet
  facet normal 0.555676 -0.831399 0
    outer loop
      vertex 63.15 7.19904 2.02
      vertex 62.9869 7.09003 0
      vertex 63.15 7.19904 0
    endloop
  endfacet
  facet normal -0.980764 0.195195 0
    outer loop
      vertex 65.3489 5.51177 0
      vertex 65.3872 5.70421 2.02
      vertex 65.3872 5.70421 0
    endloop
  endfacet
  facet normal -0.980764 0.195195 0
    outer loop
      vertex 65.3872 5.70421 2.02
      vertex 65.3489 5.51177 0
      vertex 65.3489 5.51177 2.02
    endloop
  endfacet
  facet normal -0.321437 0.946931 0
    outer loop
      vertex 64.474 4.51418 0
      vertex 64.2882 4.45111 2.02
      vertex 64.474 4.51418 2.02
    endloop
  endfacet
  facet normal -0.321437 0.946931 0
    outer loop
      vertex 64.2882 4.45111 2.02
      vertex 64.474 4.51418 0
      vertex 64.2882 4.45111 0
    endloop
  endfacet
  facet normal -0.752021 0.65914 0
    outer loop
      vertex 64.9607 4.83934 0
      vertex 65.09 4.98686 2.02
      vertex 65.09 4.98686 0
    endloop
  endfacet
  facet normal -0.752021 0.65914 0
    outer loop
      vertex 65.09 4.98686 2.02
      vertex 64.9607 4.83934 0
      vertex 64.9607 4.83934 2.02
    endloop
  endfacet
  facet normal -0.555676 0.831399 0
    outer loop
      vertex 64.8131 4.70997 0
      vertex 64.65 4.60096 2.02
      vertex 64.8131 4.70997 2.02
    endloop
  endfacet
  facet normal -0.555676 0.831399 0
    outer loop
      vertex 64.65 4.60096 2.02
      vertex 64.8131 4.70997 0
      vertex 64.65 4.60096 0
    endloop
  endfacet
  facet normal -0.89683 0.442376 0
    outer loop
      vertex 65.199 5.15 0
      vertex 65.2858 5.32597 2.02
      vertex 65.2858 5.32597 0
    endloop
  endfacet
  facet normal -0.89683 0.442376 0
    outer loop
      vertex 65.2858 5.32597 2.02
      vertex 65.199 5.15 0
      vertex 65.199 5.15 2.02
    endloop
  endfacet
  facet normal -0.0653858 0.99786 0
    outer loop
      vertex 64.0958 4.41283 0
      vertex 63.9 4.4 2.02
      vertex 64.0958 4.41283 2.02
    endloop
  endfacet
  facet normal -0.0653858 0.99786 0
    outer loop
      vertex 63.9 4.4 2.02
      vertex 64.0958 4.41283 0
      vertex 63.9 4.4 0
    endloop
  endfacet
  facet normal 0.442233 0.8969 -0
    outer loop
      vertex 63.326 4.51418 0
      vertex 63.15 4.60096 2.02
      vertex 63.326 4.51418 2.02
    endloop
  endfacet
  facet normal 0.442233 0.8969 0
    outer loop
      vertex 63.15 4.60096 2.02
      vertex 63.326 4.51418 0
      vertex 63.15 4.60096 0
    endloop
  endfacet
  facet normal 0.946885 0.321574 0
    outer loop
      vertex 62.5142 5.32597 2.02
      vertex 62.4511 5.51177 0
      vertex 62.4511 5.51177 2.02
    endloop
  endfacet
  facet normal 0.946885 0.321574 0
    outer loop
      vertex 62.4511 5.51177 0
      vertex 62.5142 5.32597 2.02
      vertex 62.5142 5.32597 0
    endloop
  endfacet
  facet normal 0.659139 0.752021 -0
    outer loop
      vertex 62.9869 4.70997 0
      vertex 62.8393 4.83934 2.02
      vertex 62.9869 4.70997 2.02
    endloop
  endfacet
  facet normal 0.659139 0.752021 0
    outer loop
      vertex 62.8393 4.83934 2.02
      vertex 62.9869 4.70997 0
      vertex 62.8393 4.83934 0
    endloop
  endfacet
  facet normal 0.831485 0.555547 0
    outer loop
      vertex 62.71 4.98686 2.02
      vertex 62.601 5.15 0
      vertex 62.601 5.15 2.02
    endloop
  endfacet
  facet normal 0.831485 0.555547 0
    outer loop
      vertex 62.601 5.15 0
      vertex 62.71 4.98686 2.02
      vertex 62.71 4.98686 0
    endloop
  endfacet
  facet normal -0.99787 0.0652369 0
    outer loop
      vertex 65.3872 5.70421 0
      vertex 65.4 5.9 2.02
      vertex 65.4 5.9 0
    endloop
  endfacet
  facet normal -0.99787 0.0652369 0
    outer loop
      vertex 65.4 5.9 2.02
      vertex 65.3872 5.70421 0
      vertex 65.3872 5.70421 2.02
    endloop
  endfacet
  facet normal -0.442233 0.8969 0
    outer loop
      vertex 64.65 4.60096 0
      vertex 64.474 4.51418 2.02
      vertex 64.65 4.60096 2.02
    endloop
  endfacet
  facet normal -0.442233 0.8969 0
    outer loop
      vertex 64.474 4.51418 2.02
      vertex 64.65 4.60096 0
      vertex 64.474 4.51418 0
    endloop
  endfacet
  facet normal -0.659139 0.752021 0
    outer loop
      vertex 64.9607 4.83934 0
      vertex 64.8131 4.70997 2.02
      vertex 64.9607 4.83934 2.02
    endloop
  endfacet
  facet normal -0.659139 0.752021 0
    outer loop
      vertex 64.8131 4.70997 2.02
      vertex 64.9607 4.83934 0
      vertex 64.8131 4.70997 0
    endloop
  endfacet
  facet normal 0.89683 0.442376 0
    outer loop
      vertex 62.601 5.15 2.02
      vertex 62.5142 5.32597 0
      vertex 62.5142 5.32597 2.02
    endloop
  endfacet
  facet normal 0.89683 0.442376 0
    outer loop
      vertex 62.5142 5.32597 0
      vertex 62.601 5.15 2.02
      vertex 62.601 5.15 0
    endloop
  endfacet
  facet normal 0.752021 0.65914 0
    outer loop
      vertex 62.8393 4.83934 2.02
      vertex 62.71 4.98686 0
      vertex 62.71 4.98686 2.02
    endloop
  endfacet
  facet normal 0.752021 0.65914 0
    outer loop
      vertex 62.71 4.98686 0
      vertex 62.8393 4.83934 2.02
      vertex 62.8393 4.83934 0
    endloop
  endfacet
  facet normal -0.99787 -0.0652336 0
    outer loop
      vertex 65.4 28.9 0
      vertex 65.3872 29.0958 2.02
      vertex 65.3872 29.0958 0
    endloop
  endfacet
  facet normal -0.99787 -0.0652336 0
    outer loop
      vertex 65.3872 29.0958 2.02
      vertex 65.4 28.9 0
      vertex 65.4 28.9 2.02
    endloop
  endfacet
  facet normal 0.99787 0.0652336 0
    outer loop
      vertex 62.4128 28.7042 2.02
      vertex 62.4 28.9 0
      vertex 62.4 28.9 2.02
    endloop
  endfacet
  facet normal 0.99787 0.0652336 0
    outer loop
      vertex 62.4 28.9 0
      vertex 62.4128 28.7042 2.02
      vertex 62.4128 28.7042 0
    endloop
  endfacet
  facet normal 0.0652336 -0.99787 0
    outer loop
      vertex 63.7042 30.3872 0
      vertex 63.9 30.4 2.02
      vertex 63.7042 30.3872 2.02
    endloop
  endfacet
  facet normal 0.0652336 -0.99787 0
    outer loop
      vertex 63.9 30.4 2.02
      vertex 63.7042 30.3872 0
      vertex 63.9 30.4 0
    endloop
  endfacet
  facet normal -0.0652336 0.99787 0
    outer loop
      vertex 64.0958 27.4128 0
      vertex 63.9 27.4 2.02
      vertex 64.0958 27.4128 2.02
    endloop
  endfacet
  facet normal -0.0652336 0.99787 0
    outer loop
      vertex 63.9 27.4 2.02
      vertex 64.0958 27.4128 0
      vertex 63.9 27.4 0
    endloop
  endfacet
  facet normal 0.658937 0.752198 -0
    outer loop
      vertex 62.9869 27.71 0
      vertex 62.8393 27.8393 2.02
      vertex 62.9869 27.71 2.02
    endloop
  endfacet
  facet normal 0.658937 0.752198 0
    outer loop
      vertex 62.8393 27.8393 2.02
      vertex 62.9869 27.71 0
      vertex 62.8393 27.8393 0
    endloop
  endfacet
  facet normal -0.658937 -0.752198 0
    outer loop
      vertex 64.8131 30.09 0
      vertex 64.9607 29.9607 2.02
      vertex 64.8131 30.09 2.02
    endloop
  endfacet
  facet normal -0.658937 -0.752198 -0
    outer loop
      vertex 64.9607 29.9607 2.02
      vertex 64.8131 30.09 0
      vertex 64.9607 29.9607 0
    endloop
  endfacet
  facet normal 0.752198 -0.658937 0
    outer loop
      vertex 62.71 29.8131 2.02
      vertex 62.8393 29.9607 0
      vertex 62.8393 29.9607 2.02
    endloop
  endfacet
  facet normal 0.752198 -0.658937 0
    outer loop
      vertex 62.8393 29.9607 0
      vertex 62.71 29.8131 2.02
      vertex 62.71 29.8131 0
    endloop
  endfacet
  facet normal 0.442315 -0.89686 0
    outer loop
      vertex 63.15 30.199 0
      vertex 63.326 30.2858 2.02
      vertex 63.15 30.199 2.02
    endloop
  endfacet
  facet normal 0.442315 -0.89686 0
    outer loop
      vertex 63.326 30.2858 2.02
      vertex 63.15 30.199 0
      vertex 63.326 30.2858 0
    endloop
  endfacet
  facet normal -0.831422 0.555641 0
    outer loop
      vertex 65.09 27.9869 0
      vertex 65.199 28.15 2.02
      vertex 65.199 28.15 0
    endloop
  endfacet
  facet normal -0.831422 0.555641 0
    outer loop
      vertex 65.199 28.15 2.02
      vertex 65.09 27.9869 0
      vertex 65.09 27.9869 2.02
    endloop
  endfacet
  facet normal -0.89686 -0.442315 0
    outer loop
      vertex 65.2858 29.474 0
      vertex 65.199 29.65 2.02
      vertex 65.199 29.65 0
    endloop
  endfacet
  facet normal -0.89686 -0.442315 0
    outer loop
      vertex 65.199 29.65 2.02
      vertex 65.2858 29.474 0
      vertex 65.2858 29.474 2.02
    endloop
  endfacet
  facet normal -0.980757 -0.195234 0
    outer loop
      vertex 65.3872 29.0958 0
      vertex 65.3489 29.2882 2.02
      vertex 65.3489 29.2882 0
    endloop
  endfacet
  facet normal -0.980757 -0.195234 0
    outer loop
      vertex 65.3489 29.2882 2.02
      vertex 65.3872 29.0958 0
      vertex 65.3872 29.0958 2.02
    endloop
  endfacet
  facet normal -0.321574 -0.946885 0
    outer loop
      vertex 64.2882 30.3489 0
      vertex 64.474 30.2858 2.02
      vertex 64.2882 30.3489 2.02
    endloop
  endfacet
  facet normal -0.321574 -0.946885 -0
    outer loop
      vertex 64.474 30.2858 2.02
      vertex 64.2882 30.3489 0
      vertex 64.474 30.2858 0
    endloop
  endfacet
  facet normal -0.555641 -0.831422 0
    outer loop
      vertex 64.65 30.199 0
      vertex 64.8131 30.09 2.02
      vertex 64.65 30.199 2.02
    endloop
  endfacet
  facet normal -0.555641 -0.831422 -0
    outer loop
      vertex 64.8131 30.09 2.02
      vertex 64.65 30.199 0
      vertex 64.8131 30.09 0
    endloop
  endfacet
  facet normal 0.946885 -0.321574 0
    outer loop
      vertex 62.4511 29.2882 2.02
      vertex 62.5142 29.474 0
      vertex 62.5142 29.474 2.02
    endloop
  endfacet
  facet normal 0.946885 -0.321574 0
    outer loop
      vertex 62.5142 29.474 0
      vertex 62.4511 29.2882 2.02
      vertex 62.4511 29.2882 0
    endloop
  endfacet
  facet normal 0.831422 -0.555641 0
    outer loop
      vertex 62.601 29.65 2.02
      vertex 62.71 29.8131 0
      vertex 62.71 29.8131 2.02
    endloop
  endfacet
  facet normal 0.831422 -0.555641 0
    outer loop
      vertex 62.71 29.8131 0
      vertex 62.601 29.65 2.02
      vertex 62.601 29.65 0
    endloop
  endfacet
  facet normal 0.980757 -0.195234 0
    outer loop
      vertex 62.4128 29.0958 2.02
      vertex 62.4511 29.2882 0
      vertex 62.4511 29.2882 2.02
    endloop
  endfacet
  facet normal 0.980757 -0.195234 0
    outer loop
      vertex 62.4511 29.2882 0
      vertex 62.4128 29.0958 2.02
      vertex 62.4128 29.0958 0
    endloop
  endfacet
  facet normal 0.195234 -0.980757 0
    outer loop
      vertex 63.5118 30.3489 0
      vertex 63.7042 30.3872 2.02
      vertex 63.5118 30.3489 2.02
    endloop
  endfacet
  facet normal 0.195234 -0.980757 0
    outer loop
      vertex 63.7042 30.3872 2.02
      vertex 63.5118 30.3489 0
      vertex 63.7042 30.3872 0
    endloop
  endfacet
  facet normal -0.195234 0.980757 0
    outer loop
      vertex 64.2882 27.4511 0
      vertex 64.0958 27.4128 2.02
      vertex 64.2882 27.4511 2.02
    endloop
  endfacet
  facet normal -0.195234 0.980757 0
    outer loop
      vertex 64.0958 27.4128 2.02
      vertex 64.2882 27.4511 0
      vertex 64.0958 27.4128 0
    endloop
  endfacet
  facet normal 0.555641 0.831422 -0
    outer loop
      vertex 63.15 27.601 0
      vertex 62.9869 27.71 2.02
      vertex 63.15 27.601 2.02
    endloop
  endfacet
  facet normal 0.555641 0.831422 0
    outer loop
      vertex 62.9869 27.71 2.02
      vertex 63.15 27.601 0
      vertex 62.9869 27.71 0
    endloop
  endfacet
  facet normal 0.195234 0.980757 -0
    outer loop
      vertex 63.7042 27.4128 0
      vertex 63.5118 27.4511 2.02
      vertex 63.7042 27.4128 2.02
    endloop
  endfacet
  facet normal 0.195234 0.980757 0
    outer loop
      vertex 63.5118 27.4511 2.02
      vertex 63.7042 27.4128 0
      vertex 63.5118 27.4511 0
    endloop
  endfacet
  facet normal 0.980757 0.195234 0
    outer loop
      vertex 62.4511 28.5118 2.02
      vertex 62.4128 28.7042 0
      vertex 62.4128 28.7042 2.02
    endloop
  endfacet
  facet normal 0.980757 0.195234 0
    outer loop
      vertex 62.4128 28.7042 0
      vertex 62.4511 28.5118 2.02
      vertex 62.4511 28.5118 0
    endloop
  endfacet
  facet normal -0.946885 -0.321574 0
    outer loop
      vertex 65.3489 29.2882 0
      vertex 65.2858 29.474 2.02
      vertex 65.2858 29.474 0
    endloop
  endfacet
  facet normal -0.946885 -0.321574 0
    outer loop
      vertex 65.2858 29.474 2.02
      vertex 65.3489 29.2882 0
      vertex 65.3489 29.2882 2.02
    endloop
  endfacet
  facet normal -0.752198 -0.658937 0
    outer loop
      vertex 65.09 29.8131 0
      vertex 64.9607 29.9607 2.02
      vertex 64.9607 29.9607 0
    endloop
  endfacet
  facet normal -0.752198 -0.658937 0
    outer loop
      vertex 64.9607 29.9607 2.02
      vertex 65.09 29.8131 0
      vertex 65.09 29.8131 2.02
    endloop
  endfacet
  facet normal -0.831422 -0.555641 0
    outer loop
      vertex 65.199 29.65 0
      vertex 65.09 29.8131 2.02
      vertex 65.09 29.8131 0
    endloop
  endfacet
  facet normal -0.831422 -0.555641 0
    outer loop
      vertex 65.09 29.8131 2.02
      vertex 65.199 29.65 0
      vertex 65.199 29.65 2.02
    endloop
  endfacet
  facet normal -0.195234 -0.980757 0
    outer loop
      vertex 64.0958 30.3872 0
      vertex 64.2882 30.3489 2.02
      vertex 64.0958 30.3872 2.02
    endloop
  endfacet
  facet normal -0.195234 -0.980757 -0
    outer loop
      vertex 64.2882 30.3489 2.02
      vertex 64.0958 30.3872 0
      vertex 64.2882 30.3489 0
    endloop
  endfacet
  facet normal -0.0652336 -0.99787 0
    outer loop
      vertex 63.9 30.4 0
      vertex 64.0958 30.3872 2.02
      vertex 63.9 30.4 2.02
    endloop
  endfacet
  facet normal -0.0652336 -0.99787 -0
    outer loop
      vertex 64.0958 30.3872 2.02
      vertex 63.9 30.4 0
      vertex 64.0958 30.3872 0
    endloop
  endfacet
  facet normal -0.442315 -0.89686 0
    outer loop
      vertex 64.474 30.2858 0
      vertex 64.65 30.199 2.02
      vertex 64.474 30.2858 2.02
    endloop
  endfacet
  facet normal -0.442315 -0.89686 -0
    outer loop
      vertex 64.65 30.199 2.02
      vertex 64.474 30.2858 0
      vertex 64.65 30.199 0
    endloop
  endfacet
  facet normal 0.89686 -0.442315 0
    outer loop
      vertex 62.5142 29.474 2.02
      vertex 62.601 29.65 0
      vertex 62.601 29.65 2.02
    endloop
  endfacet
  facet normal 0.89686 -0.442315 0
    outer loop
      vertex 62.601 29.65 0
      vertex 62.5142 29.474 2.02
      vertex 62.5142 29.474 0
    endloop
  endfacet
  facet normal 0.99787 -0.0652336 0
    outer loop
      vertex 62.4 28.9 2.02
      vertex 62.4128 29.0958 0
      vertex 62.4128 29.0958 2.02
    endloop
  endfacet
  facet normal 0.99787 -0.0652336 0
    outer loop
      vertex 62.4128 29.0958 0
      vertex 62.4 28.9 2.02
      vertex 62.4 28.9 0
    endloop
  endfacet
  facet normal 0 0 -1
    outer loop
      vertex 65 28.9 2.02
      vertex 65.4 28.9 2.02
      vertex 65.3872 28.7042 2.02
    endloop
  endfacet
  facet normal 0 0 -1
    outer loop
      vertex 64.9906 28.7564 2.02
      vertex 65.3872 28.7042 2.02
      vertex 65.3489 28.5118 2.02
    endloop
  endfacet
  facet normal 0 0 -1
    outer loop
      vertex 65.4 28.9 2.02
      vertex 65 28.9 2.02
      vertex 65.3872 29.0958 2.02
    endloop
  endfacet
  facet normal 0 0 -1
    outer loop
      vertex 64.9625 28.6153 2.02
      vertex 65.3489 28.5118 2.02
      vertex 65.2858 28.326 2.02
    endloop
  endfacet
  facet normal 0 0 -1
    outer loop
      vertex 64.9906 29.0436 2.02
      vertex 65.3872 29.0958 2.02
      vertex 65 28.9 2.02
    endloop
  endfacet
  facet normal 0 0 -1
    outer loop
      vertex 64.9163 28.479 2.02
      vertex 65.2858 28.326 2.02
      vertex 65.199 28.15 2.02
    endloop
  endfacet
  facet normal -0 0 -1
    outer loop
      vertex 65.3872 29.0958 2.02
      vertex 64.9906 29.0436 2.02
      vertex 65.3489 29.2882 2.02
    endloop
  endfacet
  facet normal 0 0 -1
    outer loop
      vertex 64.8526 28.35 2.02
      vertex 65.199 28.15 2.02
      vertex 65.09 27.9869 2.02
    endloop
  endfacet
  facet normal 0 0 -1
    outer loop
      vertex 64.9625 29.1847 2.02
      vertex 65.3489 29.2882 2.02
      vertex 64.9906 29.0436 2.02
    endloop
  endfacet
  facet normal -0 0 -1
    outer loop
      vertex 65.3489 29.2882 2.02
      vertex 64.9625 29.1847 2.02
      vertex 65.2858 29.474 2.02
    endloop
  endfacet
  facet normal 0 0 -1
    outer loop
      vertex 65.3872 28.7042 2.02
      vertex 64.9906 28.7564 2.02
      vertex 65 28.9 2.02
    endloop
  endfacet
  facet normal 0 0 -1
    outer loop
      vertex 65.3489 28.5118 2.02
      vertex 64.9625 28.6153 2.02
      vertex 64.9906 28.7564 2.02
    endloop
  endfacet
  facet normal 0 0 -1
    outer loop
      vertex 64.7727 28.2304 2.02
      vertex 65.09 27.9869 2.02
      vertex 64.9607 27.8393 2.02
    endloop
  endfacet
  facet normal 0 0 -1
    outer loop
      vertex 65.2858 28.326 2.02
      vertex 64.9163 28.479 2.02
      vertex 64.9625 28.6153 2.02
    endloop
  endfacet
  facet normal 0 0 -1
    outer loop
      vertex 65.199 28.15 2.02
      vertex 64.8526 28.35 2.02
      vertex 64.9163 28.479 2.02
    endloop
  endfacet
  facet normal 0 0 -1
    outer loop
      vertex 64.6778 28.1222 2.02
      vertex 64.9607 27.8393 2.02
      vertex 64.8131 27.71 2.02
    endloop
  endfacet
  facet normal 0 0 -1
    outer loop
      vertex 65.09 27.9869 2.02
      vertex 64.7727 28.2304 2.02
      vertex 64.8526 28.35 2.02
    endloop
  endfacet
  facet normal 0 0 -1
    outer loop
      vertex 64.9607 27.8393 2.02
      vertex 64.6778 28.1222 2.02
      vertex 64.7727 28.2304 2.02
    endloop
  endfacet
  facet normal 0 0 -1
    outer loop
      vertex 64.5696 28.0273 2.02
      vertex 64.8131 27.71 2.02
      vertex 64.65 27.601 2.02
    endloop
  endfacet
  facet normal 0 0 -1
    outer loop
      vertex 64.8131 27.71 2.02
      vertex 64.5696 28.0273 2.02
      vertex 64.6778 28.1222 2.02
    endloop
  endfacet
  facet normal 0 0 -1
    outer loop
      vertex 64.45 27.9474 2.02
      vertex 64.65 27.601 2.02
      vertex 64.474 27.5142 2.02
    endloop
  endfacet
  facet normal 0 0 -1
    outer loop
      vertex 64.65 27.601 2.02
      vertex 64.45 27.9474 2.02
      vertex 64.5696 28.0273 2.02
    endloop
  endfacet
  facet normal 0 0 -1
    outer loop
      vertex 64.474 27.5142 2.02
      vertex 64.321 27.8837 2.02
      vertex 64.45 27.9474 2.02
    endloop
  endfacet
  facet normal 0 0 -1
    outer loop
      vertex 64.2882 27.4511 2.02
      vertex 64.321 27.8837 2.02
      vertex 64.474 27.5142 2.02
    endloop
  endfacet
  facet normal 0 0 -1
    outer loop
      vertex 64.2882 27.4511 2.02
      vertex 64.1847 27.8375 2.02
      vertex 64.321 27.8837 2.02
    endloop
  endfacet
  facet normal 0 0 -1
    outer loop
      vertex 64.0958 27.4128 2.02
      vertex 64.1847 27.8375 2.02
      vertex 64.2882 27.4511 2.02
    endloop
  endfacet
  facet normal 0 0 -1
    outer loop
      vertex 64.0958 27.4128 2.02
      vertex 64.0436 27.8094 2.02
      vertex 64.1847 27.8375 2.02
    endloop
  endfacet
  facet normal 0 0 -1
    outer loop
      vertex 63.9 27.4 2.02
      vertex 64.0436 27.8094 2.02
      vertex 64.0958 27.4128 2.02
    endloop
  endfacet
  facet normal 0 0 -1
    outer loop
      vertex 63.9 27.4 2.02
      vertex 63.9 27.8 2.02
      vertex 64.0436 27.8094 2.02
    endloop
  endfacet
  facet normal 0 0 -1
    outer loop
      vertex 63.9 27.4 2.02
      vertex 63.7564 27.8094 2.02
      vertex 63.9 27.8 2.02
    endloop
  endfacet
  facet normal 0 0 -1
    outer loop
      vertex 63.7042 27.4128 2.02
      vertex 63.7564 27.8094 2.02
      vertex 63.9 27.4 2.02
    endloop
  endfacet
  facet normal 0 0 -1
    outer loop
      vertex 63.7042 27.4128 2.02
      vertex 63.6153 27.8375 2.02
      vertex 63.7564 27.8094 2.02
    endloop
  endfacet
  facet normal 0 0 -1
    outer loop
      vertex 63.5118 27.4511 2.02
      vertex 63.6153 27.8375 2.02
      vertex 63.7042 27.4128 2.02
    endloop
  endfacet
  facet normal 0 0 -1
    outer loop
      vertex 63.5118 27.4511 2.02
      vertex 63.479 27.8837 2.02
      vertex 63.6153 27.8375 2.02
    endloop
  endfacet
  facet normal 0 0 -1
    outer loop
      vertex 63.326 27.5142 2.02
      vertex 63.479 27.8837 2.02
      vertex 63.5118 27.4511 2.02
    endloop
  endfacet
  facet normal -0 0 -1
    outer loop
      vertex 63.479 27.8837 2.02
      vertex 63.326 27.5142 2.02
      vertex 63.35 27.9474 2.02
    endloop
  endfacet
  facet normal 0 0 -1
    outer loop
      vertex 63.15 27.601 2.02
      vertex 63.35 27.9474 2.02
      vertex 63.326 27.5142 2.02
    endloop
  endfacet
  facet normal -0 0 -1
    outer loop
      vertex 63.35 27.9474 2.02
      vertex 63.15 27.601 2.02
      vertex 63.2304 28.0273 2.02
    endloop
  endfacet
  facet normal 0 0 -1
    outer loop
      vertex 62.9869 27.71 2.02
      vertex 63.2304 28.0273 2.02
      vertex 63.15 27.601 2.02
    endloop
  endfacet
  facet normal -0 0 -1
    outer loop
      vertex 63.2304 28.0273 2.02
      vertex 62.9869 27.71 2.02
      vertex 63.1222 28.1222 2.02
    endloop
  endfacet
  facet normal 0 0 -1
    outer loop
      vertex 62.8393 27.8393 2.02
      vertex 63.1222 28.1222 2.02
      vertex 62.9869 27.71 2.02
    endloop
  endfacet
  facet normal -0 0 -1
    outer loop
      vertex 63.1222 28.1222 2.02
      vertex 62.8393 27.8393 2.02
      vertex 63.0273 28.2304 2.02
    endloop
  endfacet
  facet normal 0 0 -1
    outer loop
      vertex 62.71 27.9869 2.02
      vertex 63.0273 28.2304 2.02
      vertex 62.8393 27.8393 2.02
    endloop
  endfacet
  facet normal -0 0 -1
    outer loop
      vertex 63.0273 28.2304 2.02
      vertex 62.71 27.9869 2.02
      vertex 62.9474 28.35 2.02
    endloop
  endfacet
  facet normal 0 0 -1
    outer loop
      vertex 62.601 28.15 2.02
      vertex 62.9474 28.35 2.02
      vertex 62.71 27.9869 2.02
    endloop
  endfacet
  facet normal -0 0 -1
    outer loop
      vertex 62.9474 28.35 2.02
      vertex 62.601 28.15 2.02
      vertex 62.8837 28.479 2.02
    endloop
  endfacet
  facet normal 0 0 -1
    outer loop
      vertex 62.5142 28.326 2.02
      vertex 62.8837 28.479 2.02
      vertex 62.601 28.15 2.02
    endloop
  endfacet
  facet normal -0 0 -1
    outer loop
      vertex 62.8837 28.479 2.02
      vertex 62.5142 28.326 2.02
      vertex 62.8375 28.6153 2.02
    endloop
  endfacet
  facet normal 0 0 -1
    outer loop
      vertex 64.9163 29.321 2.02
      vertex 65.2858 29.474 2.02
      vertex 64.9625 29.1847 2.02
    endloop
  endfacet
  facet normal -0 0 -1
    outer loop
      vertex 65.2858 29.474 2.02
      vertex 64.9163 29.321 2.02
      vertex 65.199 29.65 2.02
    endloop
  endfacet
  facet normal 0 0 -1
    outer loop
      vertex 64.8526 29.45 2.02
      vertex 65.199 29.65 2.02
      vertex 64.9163 29.321 2.02
    endloop
  endfacet
  facet normal -0 0 -1
    outer loop
      vertex 65.199 29.65 2.02
      vertex 64.8526 29.45 2.02
      vertex 65.09 29.8131 2.02
    endloop
  endfacet
  facet normal 0 0 -1
    outer loop
      vertex 64.7727 29.5696 2.02
      vertex 65.09 29.8131 2.02
      vertex 64.8526 29.45 2.02
    endloop
  endfacet
  facet normal -0 0 -1
    outer loop
      vertex 65.09 29.8131 2.02
      vertex 64.7727 29.5696 2.02
      vertex 64.9607 29.9607 2.02
    endloop
  endfacet
  facet normal 0 0 -1
    outer loop
      vertex 64.6778 29.6778 2.02
      vertex 64.9607 29.9607 2.02
      vertex 64.7727 29.5696 2.02
    endloop
  endfacet
  facet normal -0 0 -1
    outer loop
      vertex 64.9607 29.9607 2.02
      vertex 64.6778 29.6778 2.02
      vertex 64.8131 30.09 2.02
    endloop
  endfacet
  facet normal 0 0 -1
    outer loop
      vertex 64.5696 29.7727 2.02
      vertex 64.8131 30.09 2.02
      vertex 64.6778 29.6778 2.02
    endloop
  endfacet
  facet normal -0 0 -1
    outer loop
      vertex 64.8131 30.09 2.02
      vertex 64.5696 29.7727 2.02
      vertex 64.65 30.199 2.02
    endloop
  endfacet
  facet normal 0 0 -1
    outer loop
      vertex 64.45 29.8526 2.02
      vertex 64.65 30.199 2.02
      vertex 64.5696 29.7727 2.02
    endloop
  endfacet
  facet normal -0 0 -1
    outer loop
      vertex 64.65 30.199 2.02
      vertex 64.45 29.8526 2.02
      vertex 64.474 30.2858 2.02
    endloop
  endfacet
  facet normal 0 0 -1
    outer loop
      vertex 64.321 29.9163 2.02
      vertex 64.474 30.2858 2.02
      vertex 64.45 29.8526 2.02
    endloop
  endfacet
  facet normal 0 0 -1
    outer loop
      vertex 64.321 29.9163 2.02
      vertex 64.2882 30.3489 2.02
      vertex 64.474 30.2858 2.02
    endloop
  endfacet
  facet normal 0 0 -1
    outer loop
      vertex 64.1847 29.9625 2.02
      vertex 64.2882 30.3489 2.02
      vertex 64.321 29.9163 2.02
    endloop
  endfacet
  facet normal 0 0 -1
    outer loop
      vertex 64.1847 29.9625 2.02
      vertex 64.0958 30.3872 2.02
      vertex 64.2882 30.3489 2.02
    endloop
  endfacet
  facet normal 0 0 -1
    outer loop
      vertex 64.0436 29.9906 2.02
      vertex 64.0958 30.3872 2.02
      vertex 64.1847 29.9625 2.02
    endloop
  endfacet
  facet normal 0 0 -1
    outer loop
      vertex 63.9 30 2.02
      vertex 64.0958 30.3872 2.02
      vertex 64.0436 29.9906 2.02
    endloop
  endfacet
  facet normal 0 0 -1
    outer loop
      vertex 63.9 30 2.02
      vertex 63.9 30.4 2.02
      vertex 64.0958 30.3872 2.02
    endloop
  endfacet
  facet normal 0 0 -1
    outer loop
      vertex 63.7564 29.9906 2.02
      vertex 63.9 30.4 2.02
      vertex 63.9 30 2.02
    endloop
  endfacet
  facet normal 0 0 -1
    outer loop
      vertex 63.7564 29.9906 2.02
      vertex 63.7042 30.3872 2.02
      vertex 63.9 30.4 2.02
    endloop
  endfacet
  facet normal 0 0 -1
    outer loop
      vertex 63.6153 29.9625 2.02
      vertex 63.7042 30.3872 2.02
      vertex 63.7564 29.9906 2.02
    endloop
  endfacet
  facet normal 0 0 -1
    outer loop
      vertex 63.6153 29.9625 2.02
      vertex 63.5118 30.3489 2.02
      vertex 63.7042 30.3872 2.02
    endloop
  endfacet
  facet normal 0 0 -1
    outer loop
      vertex 63.479 29.9163 2.02
      vertex 63.5118 30.3489 2.02
      vertex 63.6153 29.9625 2.02
    endloop
  endfacet
  facet normal 0 0 -1
    outer loop
      vertex 63.326 30.2858 2.02
      vertex 63.479 29.9163 2.02
      vertex 63.35 29.8526 2.02
    endloop
  endfacet
  facet normal 0 0 -1
    outer loop
      vertex 63.479 29.9163 2.02
      vertex 63.326 30.2858 2.02
      vertex 63.5118 30.3489 2.02
    endloop
  endfacet
  facet normal 0 0 -1
    outer loop
      vertex 63.15 30.199 2.02
      vertex 63.35 29.8526 2.02
      vertex 63.2304 29.7727 2.02
    endloop
  endfacet
  facet normal 0 0 -1
    outer loop
      vertex 63.35 29.8526 2.02
      vertex 63.15 30.199 2.02
      vertex 63.326 30.2858 2.02
    endloop
  endfacet
  facet normal 0 0 -1
    outer loop
      vertex 62.9869 30.09 2.02
      vertex 63.2304 29.7727 2.02
      vertex 63.1222 29.6778 2.02
    endloop
  endfacet
  facet normal 0 0 -1
    outer loop
      vertex 62.8393 29.9607 2.02
      vertex 63.1222 29.6778 2.02
      vertex 63.0273 29.5696 2.02
    endloop
  endfacet
  facet normal 0 0 -1
    outer loop
      vertex 63.2304 29.7727 2.02
      vertex 62.9869 30.09 2.02
      vertex 63.15 30.199 2.02
    endloop
  endfacet
  facet normal 0 0 -1
    outer loop
      vertex 62.71 29.8131 2.02
      vertex 63.0273 29.5696 2.02
      vertex 62.9474 29.45 2.02
    endloop
  endfacet
  facet normal 0 0 -1
    outer loop
      vertex 62.601 29.65 2.02
      vertex 62.9474 29.45 2.02
      vertex 62.8837 29.321 2.02
    endloop
  endfacet
  facet normal 0 0 -1
    outer loop
      vertex 63.1222 29.6778 2.02
      vertex 62.8393 29.9607 2.02
      vertex 62.9869 30.09 2.02
    endloop
  endfacet
  facet normal 0 0 -1
    outer loop
      vertex 62.5142 29.474 2.02
      vertex 62.8837 29.321 2.02
      vertex 62.8375 29.1847 2.02
    endloop
  endfacet
  facet normal 0 0 -1
    outer loop
      vertex 62.4511 29.2882 2.02
      vertex 62.8375 29.1847 2.02
      vertex 62.8094 29.0436 2.02
    endloop
  endfacet
  facet normal 0 0 -1
    outer loop
      vertex 62.4128 29.0958 2.02
      vertex 62.8094 29.0436 2.02
      vertex 62.8 28.9 2.02
    endloop
  endfacet
  facet normal 0 0 -1
    outer loop
      vertex 62.4511 28.5118 2.02
      vertex 62.8375 28.6153 2.02
      vertex 62.5142 28.326 2.02
    endloop
  endfacet
  facet normal 0 0 -1
    outer loop
      vertex 63.0273 29.5696 2.02
      vertex 62.71 29.8131 2.02
      vertex 62.8393 29.9607 2.02
    endloop
  endfacet
  facet normal -0 0 -1
    outer loop
      vertex 62.8375 28.6153 2.02
      vertex 62.4511 28.5118 2.02
      vertex 62.8094 28.7564 2.02
    endloop
  endfacet
  facet normal 0 0 -1
    outer loop
      vertex 62.9474 29.45 2.02
      vertex 62.601 29.65 2.02
      vertex 62.71 29.8131 2.02
    endloop
  endfacet
  facet normal 0 0 -1
    outer loop
      vertex 62.4128 28.7042 2.02
      vertex 62.8094 28.7564 2.02
      vertex 62.4511 28.5118 2.02
    endloop
  endfacet
  facet normal 0 0 -1
    outer loop
      vertex 62.8837 29.321 2.02
      vertex 62.5142 29.474 2.02
      vertex 62.601 29.65 2.02
    endloop
  endfacet
  facet normal -0 0 -1
    outer loop
      vertex 62.8094 28.7564 2.02
      vertex 62.4128 28.7042 2.02
      vertex 62.8 28.9 2.02
    endloop
  endfacet
  facet normal 0 0 -1
    outer loop
      vertex 62.8375 29.1847 2.02
      vertex 62.4511 29.2882 2.02
      vertex 62.5142 29.474 2.02
    endloop
  endfacet
  facet normal 0 0 -1
    outer loop
      vertex 62.4 28.9 2.02
      vertex 62.8 28.9 2.02
      vertex 62.4128 28.7042 2.02
    endloop
  endfacet
  facet normal 0 0 -1
    outer loop
      vertex 62.8094 29.0436 2.02
      vertex 62.4128 29.0958 2.02
      vertex 62.4511 29.2882 2.02
    endloop
  endfacet
  facet normal 0 0 -1
    outer loop
      vertex 62.8 28.9 2.02
      vertex 62.4 28.9 2.02
      vertex 62.4128 29.0958 2.02
    endloop
  endfacet
  facet normal 0.555641 -0.831422 0
    outer loop
      vertex 62.9869 30.09 0
      vertex 63.15 30.199 2.02
      vertex 62.9869 30.09 2.02
    endloop
  endfacet
  facet normal 0.555641 -0.831422 0
    outer loop
      vertex 63.15 30.199 2.02
      vertex 62.9869 30.09 0
      vertex 63.15 30.199 0
    endloop
  endfacet
  facet normal 0.658937 -0.752198 0
    outer loop
      vertex 62.8393 29.9607 0
      vertex 62.9869 30.09 2.02
      vertex 62.8393 29.9607 2.02
    endloop
  endfacet
  facet normal 0.658937 -0.752198 0
    outer loop
      vertex 62.9869 30.09 2.02
      vertex 62.8393 29.9607 0
      vertex 62.9869 30.09 0
    endloop
  endfacet
  facet normal 0.321574 -0.946885 0
    outer loop
      vertex 63.326 30.2858 0
      vertex 63.5118 30.3489 2.02
      vertex 63.326 30.2858 2.02
    endloop
  endfacet
  facet normal 0.321574 -0.946885 0
    outer loop
      vertex 63.5118 30.3489 2.02
      vertex 63.326 30.2858 0
      vertex 63.5118 30.3489 0
    endloop
  endfacet
  facet normal -0.321574 0.946885 0
    outer loop
      vertex 64.474 27.5142 0
      vertex 64.2882 27.4511 2.02
      vertex 64.474 27.5142 2.02
    endloop
  endfacet
  facet normal -0.321574 0.946885 0
    outer loop
      vertex 64.2882 27.4511 2.02
      vertex 64.474 27.5142 0
      vertex 64.2882 27.4511 0
    endloop
  endfacet
  facet normal -0.752198 0.658937 0
    outer loop
      vertex 64.9607 27.8393 0
      vertex 65.09 27.9869 2.02
      vertex 65.09 27.9869 0
    endloop
  endfacet
  facet normal -0.752198 0.658937 0
    outer loop
      vertex 65.09 27.9869 2.02
      vertex 64.9607 27.8393 0
      vertex 64.9607 27.8393 2.02
    endloop
  endfacet
  facet normal -0.555641 0.831422 0
    outer loop
      vertex 64.8131 27.71 0
      vertex 64.65 27.601 2.02
      vertex 64.8131 27.71 2.02
    endloop
  endfacet
  facet normal -0.555641 0.831422 0
    outer loop
      vertex 64.65 27.601 2.02
      vertex 64.8131 27.71 0
      vertex 64.65 27.601 0
    endloop
  endfacet
  facet normal -0.980757 0.195234 0
    outer loop
      vertex 65.3489 28.5118 0
      vertex 65.3872 28.7042 2.02
      vertex 65.3872 28.7042 0
    endloop
  endfacet
  facet normal -0.980757 0.195234 0
    outer loop
      vertex 65.3872 28.7042 2.02
      vertex 65.3489 28.5118 0
      vertex 65.3489 28.5118 2.02
    endloop
  endfacet
  facet normal 0.442315 0.89686 -0
    outer loop
      vertex 63.326 27.5142 0
      vertex 63.15 27.601 2.02
      vertex 63.326 27.5142 2.02
    endloop
  endfacet
  facet normal 0.442315 0.89686 0
    outer loop
      vertex 63.15 27.601 2.02
      vertex 63.326 27.5142 0
      vertex 63.15 27.601 0
    endloop
  endfacet
  facet normal 0.0652336 0.99787 -0
    outer loop
      vertex 63.9 27.4 0
      vertex 63.7042 27.4128 2.02
      vertex 63.9 27.4 2.02
    endloop
  endfacet
  facet normal 0.0652336 0.99787 0
    outer loop
      vertex 63.7042 27.4128 2.02
      vertex 63.9 27.4 0
      vertex 63.7042 27.4128 0
    endloop
  endfacet
  facet normal 0.831422 0.555641 0
    outer loop
      vertex 62.71 27.9869 2.02
      vertex 62.601 28.15 0
      vertex 62.601 28.15 2.02
    endloop
  endfacet
  facet normal 0.831422 0.555641 0
    outer loop
      vertex 62.601 28.15 0
      vertex 62.71 27.9869 2.02
      vertex 62.71 27.9869 0
    endloop
  endfacet
  facet normal 0.946885 0.321574 0
    outer loop
      vertex 62.5142 28.326 2.02
      vertex 62.4511 28.5118 0
      vertex 62.4511 28.5118 2.02
    endloop
  endfacet
  facet normal 0.946885 0.321574 0
    outer loop
      vertex 62.4511 28.5118 0
      vertex 62.5142 28.326 2.02
      vertex 62.5142 28.326 0
    endloop
  endfacet
  facet normal -0.442315 0.89686 0
    outer loop
      vertex 64.65 27.601 0
      vertex 64.474 27.5142 2.02
      vertex 64.65 27.601 2.02
    endloop
  endfacet
  facet normal -0.442315 0.89686 0
    outer loop
      vertex 64.474 27.5142 2.02
      vertex 64.65 27.601 0
      vertex 64.474 27.5142 0
    endloop
  endfacet
  facet normal -0.658937 0.752198 0
    outer loop
      vertex 64.9607 27.8393 0
      vertex 64.8131 27.71 2.02
      vertex 64.9607 27.8393 2.02
    endloop
  endfacet
  facet normal -0.658937 0.752198 0
    outer loop
      vertex 64.8131 27.71 2.02
      vertex 64.9607 27.8393 0
      vertex 64.8131 27.71 0
    endloop
  endfacet
  facet normal -0.89686 0.442315 0
    outer loop
      vertex 65.199 28.15 0
      vertex 65.2858 28.326 2.02
      vertex 65.2858 28.326 0
    endloop
  endfacet
  facet normal -0.89686 0.442315 0
    outer loop
      vertex 65.2858 28.326 2.02
      vertex 65.199 28.15 0
      vertex 65.199 28.15 2.02
    endloop
  endfacet
  facet normal -0.99787 0.0652336 0
    outer loop
      vertex 65.3872 28.7042 0
      vertex 65.4 28.9 2.02
      vertex 65.4 28.9 0
    endloop
  endfacet
  facet normal -0.99787 0.0652336 0
    outer loop
      vertex 65.4 28.9 2.02
      vertex 65.3872 28.7042 0
      vertex 65.3872 28.7042 2.02
    endloop
  endfacet
  facet normal 0.321574 0.946885 -0
    outer loop
      vertex 63.5118 27.4511 0
      vertex 63.326 27.5142 2.02
      vertex 63.5118 27.4511 2.02
    endloop
  endfacet
  facet normal 0.321574 0.946885 0
    outer loop
      vertex 63.326 27.5142 2.02
      vertex 63.5118 27.4511 0
      vertex 63.326 27.5142 0
    endloop
  endfacet
  facet normal 0.752198 0.658937 0
    outer loop
      vertex 62.8393 27.8393 2.02
      vertex 62.71 27.9869 0
      vertex 62.71 27.9869 2.02
    endloop
  endfacet
  facet normal 0.752198 0.658937 0
    outer loop
      vertex 62.71 27.9869 0
      vertex 62.8393 27.8393 2.02
      vertex 62.8393 27.8393 0
    endloop
  endfacet
  facet normal 0.89686 0.442315 0
    outer loop
      vertex 62.601 28.15 2.02
      vertex 62.5142 28.326 0
      vertex 62.5142 28.326 2.02
    endloop
  endfacet
  facet normal 0.89686 0.442315 0
    outer loop
      vertex 62.5142 28.326 0
      vertex 62.601 28.15 2.02
      vertex 62.601 28.15 0
    endloop
  endfacet
  facet normal -0.946885 0.321574 0
    outer loop
      vertex 65.2858 28.326 0
      vertex 65.3489 28.5118 2.02
      vertex 65.3489 28.5118 0
    endloop
  endfacet
  facet normal -0.946885 0.321574 0
    outer loop
      vertex 65.3489 28.5118 2.02
      vertex 65.2858 28.326 0
      vertex 65.2858 28.326 2.02
    endloop
  endfacet
  facet normal -0.831472 -0.555566 0
    outer loop
      vertex 6.85263 6.45 2.02
      vertex 6.77269 6.56964 5
      vertex 6.77269 6.56964 2.02
    endloop
  endfacet
  facet normal -0.831472 -0.555566 0
    outer loop
      vertex 6.77269 6.56964 5
      vertex 6.85263 6.45 2.02
      vertex 6.85263 6.45 5
    endloop
  endfacet
  facet normal -0.321435 -0.946931 0
    outer loop
      vertex 6.1847 6.96252 2.02
      vertex 6.32095 6.91627 5
      vertex 6.1847 6.96252 5
    endloop
  endfacet
  facet normal -0.321435 -0.946931 -0
    outer loop
      vertex 6.32095 6.91627 5
      vertex 6.1847 6.96252 2.02
      vertex 6.32095 6.91627 2.02
    endloop
  endfacet
  facet normal 0.442286 -0.896874 0
    outer loop
      vertex 5.35 6.85263 2.02
      vertex 5.47905 6.91627 5
      vertex 5.35 6.85263 5
    endloop
  endfacet
  facet normal 0.442286 -0.896874 0
    outer loop
      vertex 5.47905 6.91627 5
      vertex 5.35 6.85263 2.02
      vertex 5.47905 6.91627 2.02
    endloop
  endfacet
  facet normal 0.946931 -0.321435 0
    outer loop
      vertex 4.83748 6.1847 5
      vertex 4.88373 6.32095 2.02
      vertex 4.88373 6.32095 5
    endloop
  endfacet
  facet normal 0.946931 -0.321435 0
    outer loop
      vertex 4.88373 6.32095 2.02
      vertex 4.83748 6.1847 5
      vertex 4.83748 6.1847 2.02
    endloop
  endfacet
  facet normal -0.980786 0.195087 0
    outer loop
      vertex 6.96252 5.6153 2.02
      vertex 6.99059 5.75642 5
      vertex 6.99059 5.75642 2.02
    endloop
  endfacet
  facet normal -0.980786 0.195087 0
    outer loop
      vertex 6.99059 5.75642 5
      vertex 6.96252 5.6153 2.02
      vertex 6.96252 5.6153 5
    endloop
  endfacet
  facet normal -0.980786 -0.195087 0
    outer loop
      vertex 6.99059 6.04358 2.02
      vertex 6.96252 6.1847 5
      vertex 6.96252 6.1847 2.02
    endloop
  endfacet
  facet normal -0.980786 -0.195087 0
    outer loop
      vertex 6.96252 6.1847 5
      vertex 6.99059 6.04358 2.02
      vertex 6.99059 6.04358 5
    endloop
  endfacet
  facet normal 0.0653981 -0.997859 0
    outer loop
      vertex 5.75642 6.99059 2.02
      vertex 5.9 7 5
      vertex 5.75642 6.99059 5
    endloop
  endfacet
  facet normal 0.0653981 -0.997859 0
    outer loop
      vertex 5.9 7 5
      vertex 5.75642 6.99059 2.02
      vertex 5.9 7 2.02
    endloop
  endfacet
  facet normal -0.555566 -0.831472 0
    outer loop
      vertex 6.45 6.85263 2.02
      vertex 6.56964 6.77269 5
      vertex 6.45 6.85263 5
    endloop
  endfacet
  facet normal -0.555566 -0.831472 -0
    outer loop
      vertex 6.56964 6.77269 5
      vertex 6.45 6.85263 2.02
      vertex 6.56964 6.77269 2.02
    endloop
  endfacet
  facet normal 0.997859 0.0653981 0
    outer loop
      vertex 4.80941 5.75642 5
      vertex 4.8 5.9 2.02
      vertex 4.8 5.9 5
    endloop
  endfacet
  facet normal 0.997859 0.0653981 0
    outer loop
      vertex 4.8 5.9 2.02
      vertex 4.80941 5.75642 5
      vertex 4.80941 5.75642 2.02
    endloop
  endfacet
  facet normal 0.831472 -0.555566 0
    outer loop
      vertex 4.94737 6.45 5
      vertex 5.02731 6.56964 2.02
      vertex 5.02731 6.56964 5
    endloop
  endfacet
  facet normal 0.831472 -0.555566 0
    outer loop
      vertex 5.02731 6.56964 2.02
      vertex 4.94737 6.45 5
      vertex 4.94737 6.45 2.02
    endloop
  endfacet
  facet normal 0.555566 -0.831472 0
    outer loop
      vertex 5.23036 6.77269 2.02
      vertex 5.35 6.85263 5
      vertex 5.23036 6.77269 5
    endloop
  endfacet
  facet normal 0.555566 -0.831472 0
    outer loop
      vertex 5.35 6.85263 5
      vertex 5.23036 6.77269 2.02
      vertex 5.35 6.85263 2.02
    endloop
  endfacet
  facet normal 0.195087 -0.980786 0
    outer loop
      vertex 5.6153 6.96252 2.02
      vertex 5.75642 6.99059 5
      vertex 5.6153 6.96252 5
    endloop
  endfacet
  facet normal 0.195087 -0.980786 0
    outer loop
      vertex 5.75642 6.99059 5
      vertex 5.6153 6.96252 2.02
      vertex 5.75642 6.99059 2.02
    endloop
  endfacet
  facet normal -0.997859 -0.0653981 0
    outer loop
      vertex 7 5.9 2.02
      vertex 6.99059 6.04358 5
      vertex 6.99059 6.04358 2.02
    endloop
  endfacet
  facet normal -0.997859 -0.0653981 0
    outer loop
      vertex 6.99059 6.04358 5
      vertex 7 5.9 2.02
      vertex 7 5.9 5
    endloop
  endfacet
  facet normal -0.946931 0.321435 0
    outer loop
      vertex 6.91627 5.47905 2.02
      vertex 6.96252 5.6153 5
      vertex 6.96252 5.6153 2.02
    endloop
  endfacet
  facet normal -0.946931 0.321435 0
    outer loop
      vertex 6.96252 5.6153 5
      vertex 6.91627 5.47905 2.02
      vertex 6.91627 5.47905 5
    endloop
  endfacet
  facet normal 0.555566 0.831472 -0
    outer loop
      vertex 5.35 4.94737 2.02
      vertex 5.23036 5.02731 5
      vertex 5.35 4.94737 5
    endloop
  endfacet
  facet normal 0.555566 0.831472 0
    outer loop
      vertex 5.23036 5.02731 5
      vertex 5.35 4.94737 2.02
      vertex 5.23036 5.02731 2.02
    endloop
  endfacet
  facet normal 0.831472 0.555566 0
    outer loop
      vertex 5.02731 5.23036 5
      vertex 4.94737 5.35 2.02
      vertex 4.94737 5.35 5
    endloop
  endfacet
  facet normal 0.831472 0.555566 0
    outer loop
      vertex 4.94737 5.35 2.02
      vertex 5.02731 5.23036 5
      vertex 5.02731 5.23036 2.02
    endloop
  endfacet
  facet normal -0.555566 0.831472 0
    outer loop
      vertex 6.56964 5.02731 2.02
      vertex 6.45 4.94737 5
      vertex 6.56964 5.02731 5
    endloop
  endfacet
  facet normal -0.555566 0.831472 0
    outer loop
      vertex 6.45 4.94737 5
      vertex 6.56964 5.02731 2.02
      vertex 6.45 4.94737 2.02
    endloop
  endfacet
  facet normal -0.659341 -0.751844 0
    outer loop
      vertex 6.56964 6.77269 2.02
      vertex 6.67782 6.67782 5
      vertex 6.56964 6.77269 5
    endloop
  endfacet
  facet normal -0.659341 -0.751844 -0
    outer loop
      vertex 6.67782 6.67782 5
      vertex 6.56964 6.77269 2.02
      vertex 6.67782 6.67782 2.02
    endloop
  endfacet
  facet normal -0.751844 -0.659341 0
    outer loop
      vertex 6.77269 6.56964 2.02
      vertex 6.67782 6.67782 5
      vertex 6.67782 6.67782 2.02
    endloop
  endfacet
  facet normal -0.751844 -0.659341 0
    outer loop
      vertex 6.67782 6.67782 5
      vertex 6.77269 6.56964 2.02
      vertex 6.77269 6.56964 5
    endloop
  endfacet
  facet normal -0.195087 -0.980786 0
    outer loop
      vertex 6.04358 6.99059 2.02
      vertex 6.1847 6.96252 5
      vertex 6.04358 6.99059 5
    endloop
  endfacet
  facet normal -0.195087 -0.980786 -0
    outer loop
      vertex 6.1847 6.96252 5
      vertex 6.04358 6.99059 2.02
      vertex 6.1847 6.96252 2.02
    endloop
  endfacet
  facet normal -0.0653981 -0.997859 0
    outer loop
      vertex 5.9 7 2.02
      vertex 6.04358 6.99059 5
      vertex 5.9 7 5
    endloop
  endfacet
  facet normal -0.0653981 -0.997859 -0
    outer loop
      vertex 6.04358 6.99059 5
      vertex 5.9 7 2.02
      vertex 6.04358 6.99059 2.02
    endloop
  endfacet
  facet normal -0.442286 -0.896874 0
    outer loop
      vertex 6.32095 6.91627 2.02
      vertex 6.45 6.85263 5
      vertex 6.32095 6.91627 5
    endloop
  endfacet
  facet normal -0.442286 -0.896874 -0
    outer loop
      vertex 6.45 6.85263 5
      vertex 6.32095 6.91627 2.02
      vertex 6.45 6.85263 2.02
    endloop
  endfacet
  facet normal 0.980786 -0.195087 0
    outer loop
      vertex 4.80941 6.04358 5
      vertex 4.83748 6.1847 2.02
      vertex 4.83748 6.1847 5
    endloop
  endfacet
  facet normal 0.980786 -0.195087 0
    outer loop
      vertex 4.83748 6.1847 2.02
      vertex 4.80941 6.04358 5
      vertex 4.80941 6.04358 2.02
    endloop
  endfacet
  facet normal 0.997859 -0.0653981 0
    outer loop
      vertex 4.8 5.9 5
      vertex 4.80941 6.04358 2.02
      vertex 4.80941 6.04358 5
    endloop
  endfacet
  facet normal 0.997859 -0.0653981 0
    outer loop
      vertex 4.80941 6.04358 2.02
      vertex 4.8 5.9 5
      vertex 4.8 5.9 2.02
    endloop
  endfacet
  facet normal 0.896874 -0.442286 0
    outer loop
      vertex 4.88373 6.32095 5
      vertex 4.94737 6.45 2.02
      vertex 4.94737 6.45 5
    endloop
  endfacet
  facet normal 0.896874 -0.442286 0
    outer loop
      vertex 4.94737 6.45 2.02
      vertex 4.88373 6.32095 5
      vertex 4.88373 6.32095 2.02
    endloop
  endfacet
  facet normal 0.321435 -0.946931 0
    outer loop
      vertex 5.47905 6.91627 2.02
      vertex 5.6153 6.96252 5
      vertex 5.47905 6.91627 5
    endloop
  endfacet
  facet normal 0.321435 -0.946931 0
    outer loop
      vertex 5.6153 6.96252 5
      vertex 5.47905 6.91627 2.02
      vertex 5.6153 6.96252 2.02
    endloop
  endfacet
  facet normal 0.659341 -0.751844 0
    outer loop
      vertex 5.12218 6.67782 2.02
      vertex 5.23036 6.77269 5
      vertex 5.12218 6.67782 5
    endloop
  endfacet
  facet normal 0.659341 -0.751844 0
    outer loop
      vertex 5.23036 6.77269 5
      vertex 5.12218 6.67782 2.02
      vertex 5.23036 6.77269 2.02
    endloop
  endfacet
  facet normal 0.751844 -0.659341 0
    outer loop
      vertex 5.02731 6.56964 5
      vertex 5.12218 6.67782 2.02
      vertex 5.12218 6.67782 5
    endloop
  endfacet
  facet normal 0.751844 -0.659341 0
    outer loop
      vertex 5.12218 6.67782 2.02
      vertex 5.02731 6.56964 5
      vertex 5.02731 6.56964 2.02
    endloop
  endfacet
  facet normal -0.997859 0.0653981 0
    outer loop
      vertex 6.99059 5.75642 2.02
      vertex 7 5.9 5
      vertex 7 5.9 2.02
    endloop
  endfacet
  facet normal -0.997859 0.0653981 0
    outer loop
      vertex 7 5.9 5
      vertex 6.99059 5.75642 2.02
      vertex 6.99059 5.75642 5
    endloop
  endfacet
  facet normal -0.831472 0.555566 0
    outer loop
      vertex 6.77269 5.23036 2.02
      vertex 6.85263 5.35 5
      vertex 6.85263 5.35 2.02
    endloop
  endfacet
  facet normal -0.831472 0.555566 0
    outer loop
      vertex 6.85263 5.35 5
      vertex 6.77269 5.23036 2.02
      vertex 6.77269 5.23036 5
    endloop
  endfacet
  facet normal 0.980786 0.195087 0
    outer loop
      vertex 4.83748 5.6153 5
      vertex 4.80941 5.75642 2.02
      vertex 4.80941 5.75642 5
    endloop
  endfacet
  facet normal 0.980786 0.195087 0
    outer loop
      vertex 4.80941 5.75642 2.02
      vertex 4.83748 5.6153 5
      vertex 4.83748 5.6153 2.02
    endloop
  endfacet
  facet normal 0.751844 0.659341 0
    outer loop
      vertex 5.12218 5.12218 5
      vertex 5.02731 5.23036 2.02
      vertex 5.02731 5.23036 5
    endloop
  endfacet
  facet normal 0.751844 0.659341 0
    outer loop
      vertex 5.02731 5.23036 2.02
      vertex 5.12218 5.12218 5
      vertex 5.12218 5.12218 2.02
    endloop
  endfacet
  facet normal -0.195087 0.980786 0
    outer loop
      vertex 6.1847 4.83748 2.02
      vertex 6.04358 4.80941 5
      vertex 6.1847 4.83748 5
    endloop
  endfacet
  facet normal -0.195087 0.980786 0
    outer loop
      vertex 6.04358 4.80941 5
      vertex 6.1847 4.83748 2.02
      vertex 6.04358 4.80941 2.02
    endloop
  endfacet
  facet normal -0.659341 0.751844 0
    outer loop
      vertex 6.67782 5.12218 2.02
      vertex 6.56964 5.02731 5
      vertex 6.67782 5.12218 5
    endloop
  endfacet
  facet normal -0.659341 0.751844 0
    outer loop
      vertex 6.56964 5.02731 5
      vertex 6.67782 5.12218 2.02
      vertex 6.56964 5.02731 2.02
    endloop
  endfacet
  facet normal -0.896874 -0.442286 0
    outer loop
      vertex 6.91627 6.32095 2.02
      vertex 6.85263 6.45 5
      vertex 6.85263 6.45 2.02
    endloop
  endfacet
  facet normal -0.896874 -0.442286 0
    outer loop
      vertex 6.85263 6.45 5
      vertex 6.91627 6.32095 2.02
      vertex 6.91627 6.32095 5
    endloop
  endfacet
  facet normal -0.946931 -0.321435 0
    outer loop
      vertex 6.96252 6.1847 2.02
      vertex 6.91627 6.32095 5
      vertex 6.91627 6.32095 2.02
    endloop
  endfacet
  facet normal -0.946931 -0.321435 0
    outer loop
      vertex 6.91627 6.32095 5
      vertex 6.96252 6.1847 2.02
      vertex 6.96252 6.1847 5
    endloop
  endfacet
  facet normal -0.896874 0.442286 0
    outer loop
      vertex 6.85263 5.35 2.02
      vertex 6.91627 5.47905 5
      vertex 6.91627 5.47905 2.02
    endloop
  endfacet
  facet normal -0.896874 0.442286 0
    outer loop
      vertex 6.91627 5.47905 5
      vertex 6.85263 5.35 2.02
      vertex 6.85263 5.35 5
    endloop
  endfacet
  facet normal -0.0653981 0.997859 0
    outer loop
      vertex 6.04358 4.80941 2.02
      vertex 5.9 4.8 5
      vertex 6.04358 4.80941 5
    endloop
  endfacet
  facet normal -0.0653981 0.997859 0
    outer loop
      vertex 5.9 4.8 5
      vertex 6.04358 4.80941 2.02
      vertex 5.9 4.8 2.02
    endloop
  endfacet
  facet normal 0.896874 0.442286 0
    outer loop
      vertex 4.94737 5.35 5
      vertex 4.88373 5.47905 2.02
      vertex 4.88373 5.47905 5
    endloop
  endfacet
  facet normal 0.896874 0.442286 0
    outer loop
      vertex 4.88373 5.47905 2.02
      vertex 4.94737 5.35 5
      vertex 4.94737 5.35 2.02
    endloop
  endfacet
  facet normal 0.946931 0.321435 0
    outer loop
      vertex 4.88373 5.47905 5
      vertex 4.83748 5.6153 2.02
      vertex 4.83748 5.6153 5
    endloop
  endfacet
  facet normal 0.946931 0.321435 0
    outer loop
      vertex 4.83748 5.6153 2.02
      vertex 4.88373 5.47905 5
      vertex 4.88373 5.47905 2.02
    endloop
  endfacet
  facet normal 0.659341 0.751844 -0
    outer loop
      vertex 5.23036 5.02731 2.02
      vertex 5.12218 5.12218 5
      vertex 5.23036 5.02731 5
    endloop
  endfacet
  facet normal 0.659341 0.751844 0
    outer loop
      vertex 5.12218 5.12218 5
      vertex 5.23036 5.02731 2.02
      vertex 5.12218 5.12218 2.02
    endloop
  endfacet
  facet normal -0.442286 0.896874 0
    outer loop
      vertex 6.45 4.94737 2.02
      vertex 6.32095 4.88373 5
      vertex 6.45 4.94737 5
    endloop
  endfacet
  facet normal -0.442286 0.896874 0
    outer loop
      vertex 6.32095 4.88373 5
      vertex 6.45 4.94737 2.02
      vertex 6.32095 4.88373 2.02
    endloop
  endfacet
  facet normal -0.321435 0.946931 0
    outer loop
      vertex 6.32095 4.88373 2.02
      vertex 6.1847 4.83748 5
      vertex 6.32095 4.88373 5
    endloop
  endfacet
  facet normal -0.321435 0.946931 0
    outer loop
      vertex 6.1847 4.83748 5
      vertex 6.32095 4.88373 2.02
      vertex 6.1847 4.83748 2.02
    endloop
  endfacet
  facet normal 0.195087 0.980786 -0
    outer loop
      vertex 5.75642 4.80941 2.02
      vertex 5.6153 4.83748 5
      vertex 5.75642 4.80941 5
    endloop
  endfacet
  facet normal 0.195087 0.980786 0
    outer loop
      vertex 5.6153 4.83748 5
      vertex 5.75642 4.80941 2.02
      vertex 5.6153 4.83748 2.02
    endloop
  endfacet
  facet normal 0.321435 0.946931 -0
    outer loop
      vertex 5.6153 4.83748 2.02
      vertex 5.47905 4.88373 5
      vertex 5.6153 4.83748 5
    endloop
  endfacet
  facet normal 0.321435 0.946931 0
    outer loop
      vertex 5.47905 4.88373 5
      vertex 5.6153 4.83748 2.02
      vertex 5.47905 4.88373 2.02
    endloop
  endfacet
  facet normal 0.442286 0.896874 -0
    outer loop
      vertex 5.47905 4.88373 2.02
      vertex 5.35 4.94737 5
      vertex 5.47905 4.88373 5
    endloop
  endfacet
  facet normal 0.442286 0.896874 0
    outer loop
      vertex 5.35 4.94737 5
      vertex 5.47905 4.88373 2.02
      vertex 5.35 4.94737 2.02
    endloop
  endfacet
  facet normal -0.751844 0.659341 0
    outer loop
      vertex 6.67782 5.12218 2.02
      vertex 6.77269 5.23036 5
      vertex 6.77269 5.23036 2.02
    endloop
  endfacet
  facet normal -0.751844 0.659341 0
    outer loop
      vertex 6.77269 5.23036 5
      vertex 6.67782 5.12218 2.02
      vertex 6.67782 5.12218 5
    endloop
  endfacet
  facet normal 0.0653981 0.997859 -0
    outer loop
      vertex 5.9 4.8 2.02
      vertex 5.75642 4.80941 5
      vertex 5.9 4.8 5
    endloop
  endfacet
  facet normal 0.0653981 0.997859 0
    outer loop
      vertex 5.75642 4.80941 5
      vertex 5.9 4.8 2.02
      vertex 5.75642 4.80941 2.02
    endloop
  endfacet
  facet normal -0.831387 -0.555694 0
    outer loop
      vertex 6.85263 29.45 2.02
      vertex 6.77269 29.5696 5
      vertex 6.77269 29.5696 2.02
    endloop
  endfacet
  facet normal -0.831387 -0.555694 0
    outer loop
      vertex 6.77269 29.5696 5
      vertex 6.85263 29.45 2.02
      vertex 6.85263 29.45 5
    endloop
  endfacet
  facet normal -0.321124 -0.947037 0
    outer loop
      vertex 6.1847 29.9625 2.02
      vertex 6.32095 29.9163 5
      vertex 6.1847 29.9625 5
    endloop
  endfacet
  facet normal -0.321124 -0.947037 -0
    outer loop
      vertex 6.32095 29.9163 5
      vertex 6.1847 29.9625 2.02
      vertex 6.32095 29.9163 2.02
    endloop
  endfacet
  facet normal 0.442622 -0.896708 0
    outer loop
      vertex 5.35 29.8526 2.02
      vertex 5.47905 29.9163 5
      vertex 5.35 29.8526 5
    endloop
  endfacet
  facet normal 0.442622 -0.896708 0
    outer loop
      vertex 5.47905 29.9163 5
      vertex 5.35 29.8526 2.02
      vertex 5.47905 29.9163 2.02
    endloop
  endfacet
  facet normal 0.946967 -0.32133 0
    outer loop
      vertex 4.83748 29.1847 5
      vertex 4.88373 29.321 2.02
      vertex 4.88373 29.321 5
    endloop
  endfacet
  facet normal 0.946967 -0.32133 0
    outer loop
      vertex 4.88373 29.321 2.02
      vertex 4.83748 29.1847 5
      vertex 4.83748 29.1847 2.02
    endloop
  endfacet
  facet normal -0.980781 0.195113 0
    outer loop
      vertex 6.96252 28.6153 2.02
      vertex 6.99059 28.7564 5
      vertex 6.99059 28.7564 2.02
    endloop
  endfacet
  facet normal -0.980781 0.195113 0
    outer loop
      vertex 6.99059 28.7564 5
      vertex 6.96252 28.6153 2.02
      vertex 6.96252 28.6153 5
    endloop
  endfacet
  facet normal -0.980781 -0.195113 0
    outer loop
      vertex 6.99059 29.0436 2.02
      vertex 6.96252 29.1847 5
      vertex 6.96252 29.1847 2.02
    endloop
  endfacet
  facet normal -0.980781 -0.195113 0
    outer loop
      vertex 6.96252 29.1847 5
      vertex 6.99059 29.0436 2.02
      vertex 6.99059 29.0436 5
    endloop
  endfacet
  facet normal 0.0653289 -0.997864 0
    outer loop
      vertex 5.75642 29.9906 2.02
      vertex 5.9 30 5
      vertex 5.75642 29.9906 5
    endloop
  endfacet
  facet normal 0.0653289 -0.997864 0
    outer loop
      vertex 5.9 30 5
      vertex 5.75642 29.9906 2.02
      vertex 5.9 30 2.02
    endloop
  endfacet
  facet normal -0.555374 -0.831601 0
    outer loop
      vertex 6.45 29.8526 2.02
      vertex 6.56964 29.7727 5
      vertex 6.45 29.8526 5
    endloop
  endfacet
  facet normal -0.555374 -0.831601 -0
    outer loop
      vertex 6.56964 29.7727 5
      vertex 6.45 29.8526 2.02
      vertex 6.56964 29.7727 2.02
    endloop
  endfacet
  facet normal 0.99786 0.065389 0
    outer loop
      vertex 4.80941 28.7564 5
      vertex 4.8 28.9 2.02
      vertex 4.8 28.9 5
    endloop
  endfacet
  facet normal 0.99786 0.065389 0
    outer loop
      vertex 4.8 28.9 2.02
      vertex 4.80941 28.7564 5
      vertex 4.80941 28.7564 2.02
    endloop
  endfacet
  facet normal 0.831387 -0.555694 0
    outer loop
      vertex 4.94737 29.45 5
      vertex 5.02731 29.5696 2.02
      vertex 5.02731 29.5696 5
    endloop
  endfacet
  facet normal 0.831387 -0.555694 0
    outer loop
      vertex 5.02731 29.5696 2.02
      vertex 4.94737 29.45 5
      vertex 4.94737 29.45 2.02
    endloop
  endfacet
  facet normal 0.555374 -0.831601 0
    outer loop
      vertex 5.23036 29.7727 2.02
      vertex 5.35 29.8526 5
      vertex 5.23036 29.7727 5
    endloop
  endfacet
  facet normal 0.555374 -0.831601 0
    outer loop
      vertex 5.35 29.8526 5
      vertex 5.23036 29.7727 2.02
      vertex 5.35 29.8526 2.02
    endloop
  endfacet
  facet normal 0.195287 -0.980746 0
    outer loop
      vertex 5.6153 29.9625 2.02
      vertex 5.75642 29.9906 5
      vertex 5.6153 29.9625 5
    endloop
  endfacet
  facet normal 0.195287 -0.980746 0
    outer loop
      vertex 5.75642 29.9906 5
      vertex 5.6153 29.9625 2.02
      vertex 5.75642 29.9906 2.02
    endloop
  endfacet
  facet normal -0.99786 -0.065389 0
    outer loop
      vertex 7 28.9 2.02
      vertex 6.99059 29.0436 5
      vertex 6.99059 29.0436 2.02
    endloop
  endfacet
  facet normal -0.99786 -0.065389 0
    outer loop
      vertex 6.99059 29.0436 5
      vertex 7 28.9 2.02
      vertex 7 28.9 5
    endloop
  endfacet
  facet normal -0.946967 0.32133 0
    outer loop
      vertex 6.91627 28.479 2.02
      vertex 6.96252 28.6153 5
      vertex 6.96252 28.6153 2.02
    endloop
  endfacet
  facet normal -0.946967 0.32133 0
    outer loop
      vertex 6.96252 28.6153 5
      vertex 6.91627 28.479 2.02
      vertex 6.91627 28.479 5
    endloop
  endfacet
  facet normal 0.555374 0.831601 -0
    outer loop
      vertex 5.35 27.9474 2.02
      vertex 5.23036 28.0273 5
      vertex 5.35 27.9474 5
    endloop
  endfacet
  facet normal 0.555374 0.831601 0
    outer loop
      vertex 5.23036 28.0273 5
      vertex 5.35 27.9474 2.02
      vertex 5.23036 28.0273 2.02
    endloop
  endfacet
  facet normal 0.831387 0.555694 0
    outer loop
      vertex 5.02731 28.2304 5
      vertex 4.94737 28.35 2.02
      vertex 4.94737 28.35 5
    endloop
  endfacet
  facet normal 0.831387 0.555694 0
    outer loop
      vertex 4.94737 28.35 2.02
      vertex 5.02731 28.2304 5
      vertex 5.02731 28.2304 2.02
    endloop
  endfacet
  facet normal -0.555374 0.831601 0
    outer loop
      vertex 6.56964 28.0273 2.02
      vertex 6.45 27.9474 5
      vertex 6.56964 28.0273 5
    endloop
  endfacet
  facet normal -0.555374 0.831601 0
    outer loop
      vertex 6.45 27.9474 5
      vertex 6.56964 28.0273 2.02
      vertex 6.45 27.9474 2.02
    endloop
  endfacet
  facet normal -0.659458 -0.751741 0
    outer loop
      vertex 6.56964 29.7727 2.02
      vertex 6.67782 29.6778 5
      vertex 6.56964 29.7727 5
    endloop
  endfacet
  facet normal -0.659458 -0.751741 -0
    outer loop
      vertex 6.67782 29.6778 5
      vertex 6.56964 29.7727 2.02
      vertex 6.67782 29.6778 2.02
    endloop
  endfacet
  facet normal -0.751905 -0.659272 0
    outer loop
      vertex 6.77269 29.5696 2.02
      vertex 6.67782 29.6778 5
      vertex 6.67782 29.6778 2.02
    endloop
  endfacet
  facet normal -0.751905 -0.659272 0
    outer loop
      vertex 6.67782 29.6778 5
      vertex 6.77269 29.5696 2.02
      vertex 6.77269 29.5696 5
    endloop
  endfacet
  facet normal -0.195287 -0.980746 0
    outer loop
      vertex 6.04358 29.9906 2.02
      vertex 6.1847 29.9625 5
      vertex 6.04358 29.9906 5
    endloop
  endfacet
  facet normal -0.195287 -0.980746 -0
    outer loop
      vertex 6.1847 29.9625 5
      vertex 6.04358 29.9906 2.02
      vertex 6.1847 29.9625 2.02
    endloop
  endfacet
  facet normal -0.0653289 -0.997864 0
    outer loop
      vertex 5.9 30 2.02
      vertex 6.04358 29.9906 5
      vertex 5.9 30 5
    endloop
  endfacet
  facet normal -0.0653289 -0.997864 -0
    outer loop
      vertex 6.04358 29.9906 5
      vertex 5.9 30 2.02
      vertex 6.04358 29.9906 2.02
    endloop
  endfacet
  facet normal -0.442622 -0.896708 0
    outer loop
      vertex 6.32095 29.9163 2.02
      vertex 6.45 29.8526 5
      vertex 6.32095 29.9163 5
    endloop
  endfacet
  facet normal -0.442622 -0.896708 -0
    outer loop
      vertex 6.45 29.8526 5
      vertex 6.32095 29.9163 2.02
      vertex 6.45 29.8526 2.02
    endloop
  endfacet
  facet normal 0.980781 -0.195113 0
    outer loop
      vertex 4.80941 29.0436 5
      vertex 4.83748 29.1847 2.02
      vertex 4.83748 29.1847 5
    endloop
  endfacet
  facet normal 0.980781 -0.195113 0
    outer loop
      vertex 4.83748 29.1847 2.02
      vertex 4.80941 29.0436 5
      vertex 4.80941 29.0436 2.02
    endloop
  endfacet
  facet normal 0.99786 -0.065389 0
    outer loop
      vertex 4.8 28.9 5
      vertex 4.80941 29.0436 2.02
      vertex 4.80941 29.0436 5
    endloop
  endfacet
  facet normal 0.99786 -0.065389 0
    outer loop
      vertex 4.80941 29.0436 2.02
      vertex 4.8 28.9 5
      vertex 4.8 28.9 2.02
    endloop
  endfacet
  facet normal 0.896806 -0.442424 0
    outer loop
      vertex 4.88373 29.321 5
      vertex 4.94737 29.45 2.02
      vertex 4.94737 29.45 5
    endloop
  endfacet
  facet normal 0.896806 -0.442424 0
    outer loop
      vertex 4.94737 29.45 2.02
      vertex 4.88373 29.321 5
      vertex 4.88373 29.321 2.02
    endloop
  endfacet
  facet normal 0.321124 -0.947037 0
    outer loop
      vertex 5.47905 29.9163 2.02
      vertex 5.6153 29.9625 5
      vertex 5.47905 29.9163 5
    endloop
  endfacet
  facet normal 0.321124 -0.947037 0
    outer loop
      vertex 5.6153 29.9625 5
      vertex 5.47905 29.9163 2.02
      vertex 5.6153 29.9625 2.02
    endloop
  endfacet
  facet normal 0.659458 -0.751741 0
    outer loop
      vertex 5.12218 29.6778 2.02
      vertex 5.23036 29.7727 5
      vertex 5.12218 29.6778 5
    endloop
  endfacet
  facet normal 0.659458 -0.751741 0
    outer loop
      vertex 5.23036 29.7727 5
      vertex 5.12218 29.6778 2.02
      vertex 5.23036 29.7727 2.02
    endloop
  endfacet
  facet normal 0.751905 -0.659272 0
    outer loop
      vertex 5.02731 29.5696 5
      vertex 5.12218 29.6778 2.02
      vertex 5.12218 29.6778 5
    endloop
  endfacet
  facet normal 0.751905 -0.659272 0
    outer loop
      vertex 5.12218 29.6778 2.02
      vertex 5.02731 29.5696 5
      vertex 5.02731 29.5696 2.02
    endloop
  endfacet
  facet normal -0.99786 0.065389 0
    outer loop
      vertex 6.99059 28.7564 2.02
      vertex 7 28.9 5
      vertex 7 28.9 2.02
    endloop
  endfacet
  facet normal -0.99786 0.065389 0
    outer loop
      vertex 7 28.9 5
      vertex 6.99059 28.7564 2.02
      vertex 6.99059 28.7564 5
    endloop
  endfacet
  facet normal -0.831387 0.555694 0
    outer loop
      vertex 6.77269 28.2304 2.02
      vertex 6.85263 28.35 5
      vertex 6.85263 28.35 2.02
    endloop
  endfacet
  facet normal -0.831387 0.555694 0
    outer loop
      vertex 6.85263 28.35 5
      vertex 6.77269 28.2304 2.02
      vertex 6.77269 28.2304 5
    endloop
  endfacet
  facet normal 0.980781 0.195113 0
    outer loop
      vertex 4.83748 28.6153 5
      vertex 4.80941 28.7564 2.02
      vertex 4.80941 28.7564 5
    endloop
  endfacet
  facet normal 0.980781 0.195113 0
    outer loop
      vertex 4.80941 28.7564 2.02
      vertex 4.83748 28.6153 5
      vertex 4.83748 28.6153 2.02
    endloop
  endfacet
  facet normal 0.751905 0.659272 0
    outer loop
      vertex 5.12218 28.1222 5
      vertex 5.02731 28.2304 2.02
      vertex 5.02731 28.2304 5
    endloop
  endfacet
  facet normal 0.751905 0.659272 0
    outer loop
      vertex 5.02731 28.2304 2.02
      vertex 5.12218 28.1222 5
      vertex 5.12218 28.1222 2.02
    endloop
  endfacet
  facet normal -0.195287 0.980746 0
    outer loop
      vertex 6.1847 27.8375 2.02
      vertex 6.04358 27.8094 5
      vertex 6.1847 27.8375 5
    endloop
  endfacet
  facet normal -0.195287 0.980746 0
    outer loop
      vertex 6.04358 27.8094 5
      vertex 6.1847 27.8375 2.02
      vertex 6.04358 27.8094 2.02
    endloop
  endfacet
  facet normal -0.659458 0.751741 0
    outer loop
      vertex 6.67782 28.1222 2.02
      vertex 6.56964 28.0273 5
      vertex 6.67782 28.1222 5
    endloop
  endfacet
  facet normal -0.659458 0.751741 0
    outer loop
      vertex 6.56964 28.0273 5
      vertex 6.67782 28.1222 2.02
      vertex 6.56964 28.0273 2.02
    endloop
  endfacet
  facet normal -0.896806 -0.442424 0
    outer loop
      vertex 6.91627 29.321 2.02
      vertex 6.85263 29.45 5
      vertex 6.85263 29.45 2.02
    endloop
  endfacet
  facet normal -0.896806 -0.442424 0
    outer loop
      vertex 6.85263 29.45 5
      vertex 6.91627 29.321 2.02
      vertex 6.91627 29.321 5
    endloop
  endfacet
  facet normal -0.946967 -0.32133 0
    outer loop
      vertex 6.96252 29.1847 2.02
      vertex 6.91627 29.321 5
      vertex 6.91627 29.321 2.02
    endloop
  endfacet
  facet normal -0.946967 -0.32133 0
    outer loop
      vertex 6.91627 29.321 5
      vertex 6.96252 29.1847 2.02
      vertex 6.96252 29.1847 5
    endloop
  endfacet
  facet normal -0.896806 0.442424 0
    outer loop
      vertex 6.85263 28.35 2.02
      vertex 6.91627 28.479 5
      vertex 6.91627 28.479 2.02
    endloop
  endfacet
  facet normal -0.896806 0.442424 0
    outer loop
      vertex 6.91627 28.479 5
      vertex 6.85263 28.35 2.02
      vertex 6.85263 28.35 5
    endloop
  endfacet
  facet normal -0.0653289 0.997864 0
    outer loop
      vertex 6.04358 27.8094 2.02
      vertex 5.9 27.8 5
      vertex 6.04358 27.8094 5
    endloop
  endfacet
  facet normal -0.0653289 0.997864 0
    outer loop
      vertex 5.9 27.8 5
      vertex 6.04358 27.8094 2.02
      vertex 5.9 27.8 2.02
    endloop
  endfacet
  facet normal 0.896806 0.442424 0
    outer loop
      vertex 4.94737 28.35 5
      vertex 4.88373 28.479 2.02
      vertex 4.88373 28.479 5
    endloop
  endfacet
  facet normal 0.896806 0.442424 0
    outer loop
      vertex 4.88373 28.479 2.02
      vertex 4.94737 28.35 5
      vertex 4.94737 28.35 2.02
    endloop
  endfacet
  facet normal 0.946967 0.32133 0
    outer loop
      vertex 4.88373 28.479 5
      vertex 4.83748 28.6153 2.02
      vertex 4.83748 28.6153 5
    endloop
  endfacet
  facet normal 0.946967 0.32133 0
    outer loop
      vertex 4.83748 28.6153 2.02
      vertex 4.88373 28.479 5
      vertex 4.88373 28.479 2.02
    endloop
  endfacet
  facet normal 0.659458 0.751741 -0
    outer loop
      vertex 5.23036 28.0273 2.02
      vertex 5.12218 28.1222 5
      vertex 5.23036 28.0273 5
    endloop
  endfacet
  facet normal 0.659458 0.751741 0
    outer loop
      vertex 5.12218 28.1222 5
      vertex 5.23036 28.0273 2.02
      vertex 5.12218 28.1222 2.02
    endloop
  endfacet
  facet normal -0.442622 0.896708 0
    outer loop
      vertex 6.45 27.9474 2.02
      vertex 6.32095 27.8837 5
      vertex 6.45 27.9474 5
    endloop
  endfacet
  facet normal -0.442622 0.896708 0
    outer loop
      vertex 6.32095 27.8837 5
      vertex 6.45 27.9474 2.02
      vertex 6.32095 27.8837 2.02
    endloop
  endfacet
  facet normal -0.321124 0.947037 0
    outer loop
      vertex 6.32095 27.8837 2.02
      vertex 6.1847 27.8375 5
      vertex 6.32095 27.8837 5
    endloop
  endfacet
  facet normal -0.321124 0.947037 0
    outer loop
      vertex 6.1847 27.8375 5
      vertex 6.32095 27.8837 2.02
      vertex 6.1847 27.8375 2.02
    endloop
  endfacet
  facet normal 0.195287 0.980746 -0
    outer loop
      vertex 5.75642 27.8094 2.02
      vertex 5.6153 27.8375 5
      vertex 5.75642 27.8094 5
    endloop
  endfacet
  facet normal 0.195287 0.980746 0
    outer loop
      vertex 5.6153 27.8375 5
      vertex 5.75642 27.8094 2.02
      vertex 5.6153 27.8375 2.02
    endloop
  endfacet
  facet normal 0.321124 0.947037 -0
    outer loop
      vertex 5.6153 27.8375 2.02
      vertex 5.47905 27.8837 5
      vertex 5.6153 27.8375 5
    endloop
  endfacet
  facet normal 0.321124 0.947037 0
    outer loop
      vertex 5.47905 27.8837 5
      vertex 5.6153 27.8375 2.02
      vertex 5.47905 27.8837 2.02
    endloop
  endfacet
  facet normal 0.442622 0.896708 -0
    outer loop
      vertex 5.47905 27.8837 2.02
      vertex 5.35 27.9474 5
      vertex 5.47905 27.8837 5
    endloop
  endfacet
  facet normal 0.442622 0.896708 0
    outer loop
      vertex 5.35 27.9474 5
      vertex 5.47905 27.8837 2.02
      vertex 5.35 27.9474 2.02
    endloop
  endfacet
  facet normal -0.751905 0.659272 0
    outer loop
      vertex 6.67782 28.1222 2.02
      vertex 6.77269 28.2304 5
      vertex 6.77269 28.2304 2.02
    endloop
  endfacet
  facet normal -0.751905 0.659272 0
    outer loop
      vertex 6.77269 28.2304 5
      vertex 6.67782 28.1222 2.02
      vertex 6.67782 28.1222 5
    endloop
  endfacet
  facet normal 0.0653289 0.997864 -0
    outer loop
      vertex 5.9 27.8 2.02
      vertex 5.75642 27.8094 5
      vertex 5.9 27.8 5
    endloop
  endfacet
  facet normal 0.0653289 0.997864 0
    outer loop
      vertex 5.75642 27.8094 5
      vertex 5.9 27.8 2.02
      vertex 5.75642 27.8094 2.02
    endloop
  endfacet
  facet normal -0.831601 -0.555374 0
    outer loop
      vertex 64.8526 6.45 2.02
      vertex 64.7727 6.56964 5
      vertex 64.7727 6.56964 2.02
    endloop
  endfacet
  facet normal -0.831601 -0.555374 0
    outer loop
      vertex 64.7727 6.56964 5
      vertex 64.8526 6.45 2.02
      vertex 64.8526 6.45 5
    endloop
  endfacet
  facet normal -0.32133 -0.946967 0
    outer loop
      vertex 64.1847 6.96252 2.02
      vertex 64.321 6.91627 5
      vertex 64.1847 6.96252 5
    endloop
  endfacet
  facet normal -0.32133 -0.946967 -0
    outer loop
      vertex 64.321 6.91627 5
      vertex 64.1847 6.96252 2.02
      vertex 64.321 6.91627 2.02
    endloop
  endfacet
  facet normal 0.442424 -0.896806 0
    outer loop
      vertex 63.35 6.85263 2.02
      vertex 63.479 6.91627 5
      vertex 63.35 6.85263 5
    endloop
  endfacet
  facet normal 0.442424 -0.896806 0
    outer loop
      vertex 63.479 6.91627 5
      vertex 63.35 6.85263 2.02
      vertex 63.479 6.91627 2.02
    endloop
  endfacet
  facet normal 0.947037 -0.321124 0
    outer loop
      vertex 62.8375 6.1847 5
      vertex 62.8837 6.32095 2.02
      vertex 62.8837 6.32095 5
    endloop
  endfacet
  facet normal 0.947037 -0.321124 0
    outer loop
      vertex 62.8837 6.32095 2.02
      vertex 62.8375 6.1847 5
      vertex 62.8375 6.1847 2.02
    endloop
  endfacet
  facet normal -0.980746 0.195287 0
    outer loop
      vertex 64.9625 5.6153 2.02
      vertex 64.9906 5.75642 5
      vertex 64.9906 5.75642 2.02
    endloop
  endfacet
  facet normal -0.980746 0.195287 0
    outer loop
      vertex 64.9906 5.75642 5
      vertex 64.9625 5.6153 2.02
      vertex 64.9625 5.6153 5
    endloop
  endfacet
  facet normal -0.980746 -0.195287 0
    outer loop
      vertex 64.9906 6.04358 2.02
      vertex 64.9625 6.1847 5
      vertex 64.9625 6.1847 2.02
    endloop
  endfacet
  facet normal -0.980746 -0.195287 0
    outer loop
      vertex 64.9625 6.1847 5
      vertex 64.9906 6.04358 2.02
      vertex 64.9906 6.04358 5
    endloop
  endfacet
  facet normal 0.065389 -0.99786 0
    outer loop
      vertex 63.7564 6.99059 2.02
      vertex 63.9 7 5
      vertex 63.7564 6.99059 5
    endloop
  endfacet
  facet normal 0.065389 -0.99786 0
    outer loop
      vertex 63.9 7 5
      vertex 63.7564 6.99059 2.02
      vertex 63.9 7 2.02
    endloop
  endfacet
  facet normal -0.555694 -0.831387 0
    outer loop
      vertex 64.45 6.85263 2.02
      vertex 64.5696 6.77269 5
      vertex 64.45 6.85263 5
    endloop
  endfacet
  facet normal -0.555694 -0.831387 -0
    outer loop
      vertex 64.5696 6.77269 5
      vertex 64.45 6.85263 2.02
      vertex 64.5696 6.77269 2.02
    endloop
  endfacet
  facet normal 0.997864 0.0653289 0
    outer loop
      vertex 62.8094 5.75642 5
      vertex 62.8 5.9 2.02
      vertex 62.8 5.9 5
    endloop
  endfacet
  facet normal 0.997864 0.0653289 0
    outer loop
      vertex 62.8 5.9 2.02
      vertex 62.8094 5.75642 5
      vertex 62.8094 5.75642 2.02
    endloop
  endfacet
  facet normal 0.831601 -0.555374 0
    outer loop
      vertex 62.9474 6.45 5
      vertex 63.0273 6.56964 2.02
      vertex 63.0273 6.56964 5
    endloop
  endfacet
  facet normal 0.831601 -0.555374 0
    outer loop
      vertex 63.0273 6.56964 2.02
      vertex 62.9474 6.45 5
      vertex 62.9474 6.45 2.02
    endloop
  endfacet
  facet normal 0.555694 -0.831387 0
    outer loop
      vertex 63.2304 6.77269 2.02
      vertex 63.35 6.85263 5
      vertex 63.2304 6.77269 5
    endloop
  endfacet
  facet normal 0.555694 -0.831387 0
    outer loop
      vertex 63.35 6.85263 5
      vertex 63.2304 6.77269 2.02
      vertex 63.35 6.85263 2.02
    endloop
  endfacet
  facet normal 0.195113 -0.980781 0
    outer loop
      vertex 63.6153 6.96252 2.02
      vertex 63.7564 6.99059 5
      vertex 63.6153 6.96252 5
    endloop
  endfacet
  facet normal 0.195113 -0.980781 0
    outer loop
      vertex 63.7564 6.99059 5
      vertex 63.6153 6.96252 2.02
      vertex 63.7564 6.99059 2.02
    endloop
  endfacet
  facet normal -0.997864 -0.0653289 0
    outer loop
      vertex 65 5.9 2.02
      vertex 64.9906 6.04358 5
      vertex 64.9906 6.04358 2.02
    endloop
  endfacet
  facet normal -0.997864 -0.0653289 0
    outer loop
      vertex 64.9906 6.04358 5
      vertex 65 5.9 2.02
      vertex 65 5.9 5
    endloop
  endfacet
  facet normal -0.947037 0.321124 0
    outer loop
      vertex 64.9163 5.47905 2.02
      vertex 64.9625 5.6153 5
      vertex 64.9625 5.6153 2.02
    endloop
  endfacet
  facet normal -0.947037 0.321124 0
    outer loop
      vertex 64.9625 5.6153 5
      vertex 64.9163 5.47905 2.02
      vertex 64.9163 5.47905 5
    endloop
  endfacet
  facet normal 0.555694 0.831387 -0
    outer loop
      vertex 63.35 4.94737 2.02
      vertex 63.2304 5.02731 5
      vertex 63.35 4.94737 5
    endloop
  endfacet
  facet normal 0.555694 0.831387 0
    outer loop
      vertex 63.2304 5.02731 5
      vertex 63.35 4.94737 2.02
      vertex 63.2304 5.02731 2.02
    endloop
  endfacet
  facet normal 0.831601 0.555374 0
    outer loop
      vertex 63.0273 5.23036 5
      vertex 62.9474 5.35 2.02
      vertex 62.9474 5.35 5
    endloop
  endfacet
  facet normal 0.831601 0.555374 0
    outer loop
      vertex 62.9474 5.35 2.02
      vertex 63.0273 5.23036 5
      vertex 63.0273 5.23036 2.02
    endloop
  endfacet
  facet normal -0.555694 0.831387 0
    outer loop
      vertex 64.5696 5.02731 2.02
      vertex 64.45 4.94737 5
      vertex 64.5696 5.02731 5
    endloop
  endfacet
  facet normal -0.555694 0.831387 0
    outer loop
      vertex 64.45 4.94737 5
      vertex 64.5696 5.02731 2.02
      vertex 64.45 4.94737 2.02
    endloop
  endfacet
  facet normal -0.659272 -0.751905 0
    outer loop
      vertex 64.5696 6.77269 2.02
      vertex 64.6778 6.67782 5
      vertex 64.5696 6.77269 5
    endloop
  endfacet
  facet normal -0.659272 -0.751905 -0
    outer loop
      vertex 64.6778 6.67782 5
      vertex 64.5696 6.77269 2.02
      vertex 64.6778 6.67782 2.02
    endloop
  endfacet
  facet normal -0.195113 -0.980781 0
    outer loop
      vertex 64.0436 6.99059 2.02
      vertex 64.1847 6.96252 5
      vertex 64.0436 6.99059 5
    endloop
  endfacet
  facet normal -0.195113 -0.980781 -0
    outer loop
      vertex 64.1847 6.96252 5
      vertex 64.0436 6.99059 2.02
      vertex 64.1847 6.96252 2.02
    endloop
  endfacet
  facet normal -0.065389 -0.99786 0
    outer loop
      vertex 63.9 7 2.02
      vertex 64.0436 6.99059 5
      vertex 63.9 7 5
    endloop
  endfacet
  facet normal -0.065389 -0.99786 -0
    outer loop
      vertex 64.0436 6.99059 5
      vertex 63.9 7 2.02
      vertex 64.0436 6.99059 2.02
    endloop
  endfacet
  facet normal -0.442424 -0.896806 0
    outer loop
      vertex 64.321 6.91627 2.02
      vertex 64.45 6.85263 5
      vertex 64.321 6.91627 5
    endloop
  endfacet
  facet normal -0.442424 -0.896806 -0
    outer loop
      vertex 64.45 6.85263 5
      vertex 64.321 6.91627 2.02
      vertex 64.45 6.85263 2.02
    endloop
  endfacet
  facet normal 0.980746 -0.195287 0
    outer loop
      vertex 62.8094 6.04358 5
      vertex 62.8375 6.1847 2.02
      vertex 62.8375 6.1847 5
    endloop
  endfacet
  facet normal 0.980746 -0.195287 0
    outer loop
      vertex 62.8375 6.1847 2.02
      vertex 62.8094 6.04358 5
      vertex 62.8094 6.04358 2.02
    endloop
  endfacet
  facet normal 0.997864 -0.0653289 0
    outer loop
      vertex 62.8 5.9 5
      vertex 62.8094 6.04358 2.02
      vertex 62.8094 6.04358 5
    endloop
  endfacet
  facet normal 0.997864 -0.0653289 0
    outer loop
      vertex 62.8094 6.04358 2.02
      vertex 62.8 5.9 5
      vertex 62.8 5.9 2.02
    endloop
  endfacet
  facet normal 0.896708 -0.442622 0
    outer loop
      vertex 62.8837 6.32095 5
      vertex 62.9474 6.45 2.02
      vertex 62.9474 6.45 5
    endloop
  endfacet
  facet normal 0.896708 -0.442622 0
    outer loop
      vertex 62.9474 6.45 2.02
      vertex 62.8837 6.32095 5
      vertex 62.8837 6.32095 2.02
    endloop
  endfacet
  facet normal 0.32133 -0.946967 0
    outer loop
      vertex 63.479 6.91627 2.02
      vertex 63.6153 6.96252 5
      vertex 63.479 6.91627 5
    endloop
  endfacet
  facet normal 0.32133 -0.946967 0
    outer loop
      vertex 63.6153 6.96252 5
      vertex 63.479 6.91627 2.02
      vertex 63.6153 6.96252 2.02
    endloop
  endfacet
  facet normal 0.659272 -0.751905 0
    outer loop
      vertex 63.1222 6.67782 2.02
      vertex 63.2304 6.77269 5
      vertex 63.1222 6.67782 5
    endloop
  endfacet
  facet normal 0.659272 -0.751905 0
    outer loop
      vertex 63.2304 6.77269 5
      vertex 63.1222 6.67782 2.02
      vertex 63.2304 6.77269 2.02
    endloop
  endfacet
  facet normal 0.751741 -0.659458 0
    outer loop
      vertex 63.0273 6.56964 5
      vertex 63.1222 6.67782 2.02
      vertex 63.1222 6.67782 5
    endloop
  endfacet
  facet normal 0.751741 -0.659458 0
    outer loop
      vertex 63.1222 6.67782 2.02
      vertex 63.0273 6.56964 5
      vertex 63.0273 6.56964 2.02
    endloop
  endfacet
  facet normal -0.997864 0.0653289 0
    outer loop
      vertex 64.9906 5.75642 2.02
      vertex 65 5.9 5
      vertex 65 5.9 2.02
    endloop
  endfacet
  facet normal -0.997864 0.0653289 0
    outer loop
      vertex 65 5.9 5
      vertex 64.9906 5.75642 2.02
      vertex 64.9906 5.75642 5
    endloop
  endfacet
  facet normal -0.831601 0.555374 0
    outer loop
      vertex 64.7727 5.23036 2.02
      vertex 64.8526 5.35 5
      vertex 64.8526 5.35 2.02
    endloop
  endfacet
  facet normal -0.831601 0.555374 0
    outer loop
      vertex 64.8526 5.35 5
      vertex 64.7727 5.23036 2.02
      vertex 64.7727 5.23036 5
    endloop
  endfacet
  facet normal -0.065389 0.99786 0
    outer loop
      vertex 64.0436 4.80941 2.02
      vertex 63.9 4.8 5
      vertex 64.0436 4.80941 5
    endloop
  endfacet
  facet normal -0.065389 0.99786 0
    outer loop
      vertex 63.9 4.8 5
      vertex 64.0436 4.80941 2.02
      vertex 63.9 4.8 2.02
    endloop
  endfacet
  facet normal 0.751741 0.659458 0
    outer loop
      vertex 63.1222 5.12218 5
      vertex 63.0273 5.23036 2.02
      vertex 63.0273 5.23036 5
    endloop
  endfacet
  facet normal 0.751741 0.659458 0
    outer loop
      vertex 63.0273 5.23036 2.02
      vertex 63.1222 5.12218 5
      vertex 63.1222 5.12218 2.02
    endloop
  endfacet
  facet normal -0.195113 0.980781 0
    outer loop
      vertex 64.1847 4.83748 2.02
      vertex 64.0436 4.80941 5
      vertex 64.1847 4.83748 5
    endloop
  endfacet
  facet normal -0.195113 0.980781 0
    outer loop
      vertex 64.0436 4.80941 5
      vertex 64.1847 4.83748 2.02
      vertex 64.0436 4.80941 2.02
    endloop
  endfacet
  facet normal -0.751741 0.659458 0
    outer loop
      vertex 64.6778 5.12218 2.02
      vertex 64.7727 5.23036 5
      vertex 64.7727 5.23036 2.02
    endloop
  endfacet
  facet normal -0.751741 0.659458 0
    outer loop
      vertex 64.7727 5.23036 5
      vertex 64.6778 5.12218 2.02
      vertex 64.6778 5.12218 5
    endloop
  endfacet
  facet normal -0.896708 -0.442622 0
    outer loop
      vertex 64.9163 6.32095 2.02
      vertex 64.8526 6.45 5
      vertex 64.8526 6.45 2.02
    endloop
  endfacet
  facet normal -0.896708 -0.442622 0
    outer loop
      vertex 64.8526 6.45 5
      vertex 64.9163 6.32095 2.02
      vertex 64.9163 6.32095 5
    endloop
  endfacet
  facet normal -0.947037 -0.321124 0
    outer loop
      vertex 64.9625 6.1847 2.02
      vertex 64.9163 6.32095 5
      vertex 64.9163 6.32095 2.02
    endloop
  endfacet
  facet normal -0.947037 -0.321124 0
    outer loop
      vertex 64.9163 6.32095 5
      vertex 64.9625 6.1847 2.02
      vertex 64.9625 6.1847 5
    endloop
  endfacet
  facet normal -0.751741 -0.659458 0
    outer loop
      vertex 64.7727 6.56964 2.02
      vertex 64.6778 6.67782 5
      vertex 64.6778 6.67782 2.02
    endloop
  endfacet
  facet normal -0.751741 -0.659458 0
    outer loop
      vertex 64.6778 6.67782 5
      vertex 64.7727 6.56964 2.02
      vertex 64.7727 6.56964 5
    endloop
  endfacet
  facet normal -0.896708 0.442622 0
    outer loop
      vertex 64.8526 5.35 2.02
      vertex 64.9163 5.47905 5
      vertex 64.9163 5.47905 2.02
    endloop
  endfacet
  facet normal -0.896708 0.442622 0
    outer loop
      vertex 64.9163 5.47905 5
      vertex 64.8526 5.35 2.02
      vertex 64.8526 5.35 5
    endloop
  endfacet
  facet normal 0.195113 0.980781 -0
    outer loop
      vertex 63.7564 4.80941 2.02
      vertex 63.6153 4.83748 5
      vertex 63.7564 4.80941 5
    endloop
  endfacet
  facet normal 0.195113 0.980781 0
    outer loop
      vertex 63.6153 4.83748 5
      vertex 63.7564 4.80941 2.02
      vertex 63.6153 4.83748 2.02
    endloop
  endfacet
  facet normal 0.896708 0.442622 0
    outer loop
      vertex 62.9474 5.35 5
      vertex 62.8837 5.47905 2.02
      vertex 62.8837 5.47905 5
    endloop
  endfacet
  facet normal 0.896708 0.442622 0
    outer loop
      vertex 62.8837 5.47905 2.02
      vertex 62.9474 5.35 5
      vertex 62.9474 5.35 2.02
    endloop
  endfacet
  facet normal 0.947037 0.321124 0
    outer loop
      vertex 62.8837 5.47905 5
      vertex 62.8375 5.6153 2.02
      vertex 62.8375 5.6153 5
    endloop
  endfacet
  facet normal 0.947037 0.321124 0
    outer loop
      vertex 62.8375 5.6153 2.02
      vertex 62.8837 5.47905 5
      vertex 62.8837 5.47905 2.02
    endloop
  endfacet
  facet normal 0.980746 0.195287 0
    outer loop
      vertex 62.8375 5.6153 5
      vertex 62.8094 5.75642 2.02
      vertex 62.8094 5.75642 5
    endloop
  endfacet
  facet normal 0.980746 0.195287 0
    outer loop
      vertex 62.8094 5.75642 2.02
      vertex 62.8375 5.6153 5
      vertex 62.8375 5.6153 2.02
    endloop
  endfacet
  facet normal 0.659272 0.751905 -0
    outer loop
      vertex 63.2304 5.02731 2.02
      vertex 63.1222 5.12218 5
      vertex 63.2304 5.02731 5
    endloop
  endfacet
  facet normal 0.659272 0.751905 0
    outer loop
      vertex 63.1222 5.12218 5
      vertex 63.2304 5.02731 2.02
      vertex 63.1222 5.12218 2.02
    endloop
  endfacet
  facet normal -0.442424 0.896806 0
    outer loop
      vertex 64.45 4.94737 2.02
      vertex 64.321 4.88373 5
      vertex 64.45 4.94737 5
    endloop
  endfacet
  facet normal -0.442424 0.896806 0
    outer loop
      vertex 64.321 4.88373 5
      vertex 64.45 4.94737 2.02
      vertex 64.321 4.88373 2.02
    endloop
  endfacet
  facet normal -0.32133 0.946967 0
    outer loop
      vertex 64.321 4.88373 2.02
      vertex 64.1847 4.83748 5
      vertex 64.321 4.88373 5
    endloop
  endfacet
  facet normal -0.32133 0.946967 0
    outer loop
      vertex 64.1847 4.83748 5
      vertex 64.321 4.88373 2.02
      vertex 64.1847 4.83748 2.02
    endloop
  endfacet
  facet normal -0.659272 0.751905 0
    outer loop
      vertex 64.6778 5.12218 2.02
      vertex 64.5696 5.02731 5
      vertex 64.6778 5.12218 5
    endloop
  endfacet
  facet normal -0.659272 0.751905 0
    outer loop
      vertex 64.5696 5.02731 5
      vertex 64.6778 5.12218 2.02
      vertex 64.5696 5.02731 2.02
    endloop
  endfacet
  facet normal 0.065389 0.99786 -0
    outer loop
      vertex 63.9 4.8 2.02
      vertex 63.7564 4.80941 5
      vertex 63.9 4.8 5
    endloop
  endfacet
  facet normal 0.065389 0.99786 0
    outer loop
      vertex 63.7564 4.80941 5
      vertex 63.9 4.8 2.02
      vertex 63.7564 4.80941 2.02
    endloop
  endfacet
  facet normal 0.32133 0.946967 -0
    outer loop
      vertex 63.6153 4.83748 2.02
      vertex 63.479 4.88373 5
      vertex 63.6153 4.83748 5
    endloop
  endfacet
  facet normal 0.32133 0.946967 0
    outer loop
      vertex 63.479 4.88373 5
      vertex 63.6153 4.83748 2.02
      vertex 63.479 4.88373 2.02
    endloop
  endfacet
  facet normal 0.442424 0.896806 -0
    outer loop
      vertex 63.479 4.88373 2.02
      vertex 63.35 4.94737 5
      vertex 63.479 4.88373 5
    endloop
  endfacet
  facet normal 0.442424 0.896806 0
    outer loop
      vertex 63.35 4.94737 5
      vertex 63.479 4.88373 2.02
      vertex 63.35 4.94737 2.02
    endloop
  endfacet
  facet normal -0.831515 -0.555502 0
    outer loop
      vertex 64.8526 29.45 2.02
      vertex 64.7727 29.5696 5
      vertex 64.7727 29.5696 2.02
    endloop
  endfacet
  facet normal -0.831515 -0.555502 0
    outer loop
      vertex 64.7727 29.5696 5
      vertex 64.8526 29.45 2.02
      vertex 64.8526 29.45 5
    endloop
  endfacet
  facet normal -0.321018 -0.947073 0
    outer loop
      vertex 64.1847 29.9625 2.02
      vertex 64.321 29.9163 5
      vertex 64.1847 29.9625 5
    endloop
  endfacet
  facet normal -0.321018 -0.947073 -0
    outer loop
      vertex 64.321 29.9163 5
      vertex 64.1847 29.9625 2.02
      vertex 64.321 29.9163 2.02
    endloop
  endfacet
  facet normal 0.44276 -0.89664 0
    outer loop
      vertex 63.35 29.8526 2.02
      vertex 63.479 29.9163 5
      vertex 63.35 29.8526 5
    endloop
  endfacet
  facet normal 0.44276 -0.89664 0
    outer loop
      vertex 63.479 29.9163 5
      vertex 63.35 29.8526 2.02
      vertex 63.479 29.9163 2.02
    endloop
  endfacet
  facet normal 0.947073 -0.321018 0
    outer loop
      vertex 62.8375 29.1847 5
      vertex 62.8837 29.321 2.02
      vertex 62.8837 29.321 5
    endloop
  endfacet
  facet normal 0.947073 -0.321018 0
    outer loop
      vertex 62.8837 29.321 2.02
      vertex 62.8375 29.1847 5
      vertex 62.8375 29.1847 2.02
    endloop
  endfacet
  facet normal -0.980741 0.195314 0
    outer loop
      vertex 64.9625 28.6153 2.02
      vertex 64.9906 28.7564 5
      vertex 64.9906 28.7564 2.02
    endloop
  endfacet
  facet normal -0.980741 0.195314 0
    outer loop
      vertex 64.9906 28.7564 5
      vertex 64.9625 28.6153 2.02
      vertex 64.9625 28.6153 5
    endloop
  endfacet
  facet normal -0.980741 -0.195314 0
    outer loop
      vertex 64.9906 29.0436 2.02
      vertex 64.9625 29.1847 5
      vertex 64.9625 29.1847 2.02
    endloop
  endfacet
  facet normal -0.980741 -0.195314 0
    outer loop
      vertex 64.9625 29.1847 5
      vertex 64.9906 29.0436 2.02
      vertex 64.9906 29.0436 5
    endloop
  endfacet
  facet normal 0.0653198 -0.997864 0
    outer loop
      vertex 63.7564 29.9906 2.02
      vertex 63.9 30 5
      vertex 63.7564 29.9906 5
    endloop
  endfacet
  facet normal 0.0653198 -0.997864 0
    outer loop
      vertex 63.9 30 5
      vertex 63.7564 29.9906 2.02
      vertex 63.9 30 2.02
    endloop
  endfacet
  facet normal -0.555502 -0.831515 0
    outer loop
      vertex 64.45 29.8526 2.02
      vertex 64.5696 29.7727 5
      vertex 64.45 29.8526 5
    endloop
  endfacet
  facet normal -0.555502 -0.831515 -0
    outer loop
      vertex 64.5696 29.7727 5
      vertex 64.45 29.8526 2.02
      vertex 64.5696 29.7727 2.02
    endloop
  endfacet
  facet normal 0.997864 0.0653198 0
    outer loop
      vertex 62.8094 28.7564 5
      vertex 62.8 28.9 2.02
      vertex 62.8 28.9 5
    endloop
  endfacet
  facet normal 0.997864 0.0653198 0
    outer loop
      vertex 62.8 28.9 2.02
      vertex 62.8094 28.7564 5
      vertex 62.8094 28.7564 2.02
    endloop
  endfacet
  facet normal 0.831515 -0.555502 0
    outer loop
      vertex 62.9474 29.45 5
      vertex 63.0273 29.5696 2.02
      vertex 63.0273 29.5696 5
    endloop
  endfacet
  facet normal 0.831515 -0.555502 0
    outer loop
      vertex 63.0273 29.5696 2.02
      vertex 62.9474 29.45 5
      vertex 62.9474 29.45 2.02
    endloop
  endfacet
  facet normal 0.555502 -0.831515 0
    outer loop
      vertex 63.2304 29.7727 2.02
      vertex 63.35 29.8526 5
      vertex 63.2304 29.7727 5
    endloop
  endfacet
  facet normal 0.555502 -0.831515 0
    outer loop
      vertex 63.35 29.8526 5
      vertex 63.2304 29.7727 2.02
      vertex 63.35 29.8526 2.02
    endloop
  endfacet
  facet normal 0.195314 -0.980741 0
    outer loop
      vertex 63.6153 29.9625 2.02
      vertex 63.7564 29.9906 5
      vertex 63.6153 29.9625 5
    endloop
  endfacet
  facet normal 0.195314 -0.980741 0
    outer loop
      vertex 63.7564 29.9906 5
      vertex 63.6153 29.9625 2.02
      vertex 63.7564 29.9906 2.02
    endloop
  endfacet
  facet normal -0.997864 -0.0653198 0
    outer loop
      vertex 65 28.9 2.02
      vertex 64.9906 29.0436 5
      vertex 64.9906 29.0436 2.02
    endloop
  endfacet
  facet normal -0.997864 -0.0653198 0
    outer loop
      vertex 64.9906 29.0436 5
      vertex 65 28.9 2.02
      vertex 65 28.9 5
    endloop
  endfacet
  facet normal -0.947073 0.321018 0
    outer loop
      vertex 64.9163 28.479 2.02
      vertex 64.9625 28.6153 5
      vertex 64.9625 28.6153 2.02
    endloop
  endfacet
  facet normal -0.947073 0.321018 0
    outer loop
      vertex 64.9625 28.6153 5
      vertex 64.9163 28.479 2.02
      vertex 64.9163 28.479 5
    endloop
  endfacet
  facet normal 0.555502 0.831515 -0
    outer loop
      vertex 63.35 27.9474 2.02
      vertex 63.2304 28.0273 5
      vertex 63.35 27.9474 5
    endloop
  endfacet
  facet normal 0.555502 0.831515 0
    outer loop
      vertex 63.2304 28.0273 5
      vertex 63.35 27.9474 2.02
      vertex 63.2304 28.0273 2.02
    endloop
  endfacet
  facet normal 0.831515 0.555502 0
    outer loop
      vertex 63.0273 28.2304 5
      vertex 62.9474 28.35 2.02
      vertex 62.9474 28.35 5
    endloop
  endfacet
  facet normal 0.831515 0.555502 0
    outer loop
      vertex 62.9474 28.35 2.02
      vertex 63.0273 28.2304 5
      vertex 63.0273 28.2304 2.02
    endloop
  endfacet
  facet normal -0.555502 0.831515 0
    outer loop
      vertex 64.5696 28.0273 2.02
      vertex 64.45 27.9474 5
      vertex 64.5696 28.0273 5
    endloop
  endfacet
  facet normal -0.555502 0.831515 0
    outer loop
      vertex 64.45 27.9474 5
      vertex 64.5696 28.0273 2.02
      vertex 64.45 27.9474 2.02
    endloop
  endfacet
  facet normal -0.65939 -0.751801 0
    outer loop
      vertex 64.5696 29.7727 2.02
      vertex 64.6778 29.6778 5
      vertex 64.5696 29.7727 5
    endloop
  endfacet
  facet normal -0.65939 -0.751801 -0
    outer loop
      vertex 64.6778 29.6778 5
      vertex 64.5696 29.7727 2.02
      vertex 64.6778 29.6778 2.02
    endloop
  endfacet
  facet normal -0.751801 -0.65939 0
    outer loop
      vertex 64.7727 29.5696 2.02
      vertex 64.6778 29.6778 5
      vertex 64.6778 29.6778 2.02
    endloop
  endfacet
  facet normal -0.751801 -0.65939 0
    outer loop
      vertex 64.6778 29.6778 5
      vertex 64.7727 29.5696 2.02
      vertex 64.7727 29.5696 5
    endloop
  endfacet
  facet normal -0.195314 -0.980741 0
    outer loop
      vertex 64.0436 29.9906 2.02
      vertex 64.1847 29.9625 5
      vertex 64.0436 29.9906 5
    endloop
  endfacet
  facet normal -0.195314 -0.980741 -0
    outer loop
      vertex 64.1847 29.9625 5
      vertex 64.0436 29.9906 2.02
      vertex 64.1847 29.9625 2.02
    endloop
  endfacet
  facet normal -0.0653198 -0.997864 0
    outer loop
      vertex 63.9 30 2.02
      vertex 64.0436 29.9906 5
      vertex 63.9 30 5
    endloop
  endfacet
  facet normal -0.0653198 -0.997864 -0
    outer loop
      vertex 64.0436 29.9906 5
      vertex 63.9 30 2.02
      vertex 64.0436 29.9906 2.02
    endloop
  endfacet
  facet normal -0.44276 -0.89664 0
    outer loop
      vertex 64.321 29.9163 2.02
      vertex 64.45 29.8526 5
      vertex 64.321 29.9163 5
    endloop
  endfacet
  facet normal -0.44276 -0.89664 -0
    outer loop
      vertex 64.45 29.8526 5
      vertex 64.321 29.9163 2.02
      vertex 64.45 29.8526 2.02
    endloop
  endfacet
  facet normal 0.980741 -0.195314 0
    outer loop
      vertex 62.8094 29.0436 5
      vertex 62.8375 29.1847 2.02
      vertex 62.8375 29.1847 5
    endloop
  endfacet
  facet normal 0.980741 -0.195314 0
    outer loop
      vertex 62.8375 29.1847 2.02
      vertex 62.8094 29.0436 5
      vertex 62.8094 29.0436 2.02
    endloop
  endfacet
  facet normal 0.997864 -0.0653198 0
    outer loop
      vertex 62.8 28.9 5
      vertex 62.8094 29.0436 2.02
      vertex 62.8094 29.0436 5
    endloop
  endfacet
  facet normal 0.997864 -0.0653198 0
    outer loop
      vertex 62.8094 29.0436 2.02
      vertex 62.8 28.9 5
      vertex 62.8 28.9 2.02
    endloop
  endfacet
  facet normal 0.89664 -0.44276 0
    outer loop
      vertex 62.8837 29.321 5
      vertex 62.9474 29.45 2.02
      vertex 62.9474 29.45 5
    endloop
  endfacet
  facet normal 0.89664 -0.44276 0
    outer loop
      vertex 62.9474 29.45 2.02
      vertex 62.8837 29.321 5
      vertex 62.8837 29.321 2.02
    endloop
  endfacet
  facet normal 0.321018 -0.947073 0
    outer loop
      vertex 63.479 29.9163 2.02
      vertex 63.6153 29.9625 5
      vertex 63.479 29.9163 5
    endloop
  endfacet
  facet normal 0.321018 -0.947073 0
    outer loop
      vertex 63.6153 29.9625 5
      vertex 63.479 29.9163 2.02
      vertex 63.6153 29.9625 2.02
    endloop
  endfacet
  facet normal 0.65939 -0.751801 0
    outer loop
      vertex 63.1222 29.6778 2.02
      vertex 63.2304 29.7727 5
      vertex 63.1222 29.6778 5
    endloop
  endfacet
  facet normal 0.65939 -0.751801 0
    outer loop
      vertex 63.2304 29.7727 5
      vertex 63.1222 29.6778 2.02
      vertex 63.2304 29.7727 2.02
    endloop
  endfacet
  facet normal 0.751801 -0.65939 0
    outer loop
      vertex 63.0273 29.5696 5
      vertex 63.1222 29.6778 2.02
      vertex 63.1222 29.6778 5
    endloop
  endfacet
  facet normal 0.751801 -0.65939 0
    outer loop
      vertex 63.1222 29.6778 2.02
      vertex 63.0273 29.5696 5
      vertex 63.0273 29.5696 2.02
    endloop
  endfacet
  facet normal -0.831515 0.555502 0
    outer loop
      vertex 64.7727 28.2304 2.02
      vertex 64.8526 28.35 5
      vertex 64.8526 28.35 2.02
    endloop
  endfacet
  facet normal -0.831515 0.555502 0
    outer loop
      vertex 64.8526 28.35 5
      vertex 64.7727 28.2304 2.02
      vertex 64.7727 28.2304 5
    endloop
  endfacet
  facet normal -0.0653198 0.997864 0
    outer loop
      vertex 64.0436 27.8094 2.02
      vertex 63.9 27.8 5
      vertex 64.0436 27.8094 5
    endloop
  endfacet
  facet normal -0.0653198 0.997864 0
    outer loop
      vertex 63.9 27.8 5
      vertex 64.0436 27.8094 2.02
      vertex 63.9 27.8 2.02
    endloop
  endfacet
  facet normal 0.980741 0.195314 0
    outer loop
      vertex 62.8375 28.6153 5
      vertex 62.8094 28.7564 2.02
      vertex 62.8094 28.7564 5
    endloop
  endfacet
  facet normal 0.980741 0.195314 0
    outer loop
      vertex 62.8094 28.7564 2.02
      vertex 62.8375 28.6153 5
      vertex 62.8375 28.6153 2.02
    endloop
  endfacet
  facet normal 0.751801 0.65939 0
    outer loop
      vertex 63.1222 28.1222 5
      vertex 63.0273 28.2304 2.02
      vertex 63.0273 28.2304 5
    endloop
  endfacet
  facet normal 0.751801 0.65939 0
    outer loop
      vertex 63.0273 28.2304 2.02
      vertex 63.1222 28.1222 5
      vertex 63.1222 28.1222 2.02
    endloop
  endfacet
  facet normal -0.195314 0.980741 0
    outer loop
      vertex 64.1847 27.8375 2.02
      vertex 64.0436 27.8094 5
      vertex 64.1847 27.8375 5
    endloop
  endfacet
  facet normal -0.195314 0.980741 0
    outer loop
      vertex 64.0436 27.8094 5
      vertex 64.1847 27.8375 2.02
      vertex 64.0436 27.8094 2.02
    endloop
  endfacet
  facet normal -0.751801 0.65939 0
    outer loop
      vertex 64.6778 28.1222 2.02
      vertex 64.7727 28.2304 5
      vertex 64.7727 28.2304 2.02
    endloop
  endfacet
  facet normal -0.751801 0.65939 0
    outer loop
      vertex 64.7727 28.2304 5
      vertex 64.6778 28.1222 2.02
      vertex 64.6778 28.1222 5
    endloop
  endfacet
  facet normal -0.89664 -0.44276 0
    outer loop
      vertex 64.9163 29.321 2.02
      vertex 64.8526 29.45 5
      vertex 64.8526 29.45 2.02
    endloop
  endfacet
  facet normal -0.89664 -0.44276 0
    outer loop
      vertex 64.8526 29.45 5
      vertex 64.9163 29.321 2.02
      vertex 64.9163 29.321 5
    endloop
  endfacet
  facet normal -0.947073 -0.321018 0
    outer loop
      vertex 64.9625 29.1847 2.02
      vertex 64.9163 29.321 5
      vertex 64.9163 29.321 2.02
    endloop
  endfacet
  facet normal -0.947073 -0.321018 0
    outer loop
      vertex 64.9163 29.321 5
      vertex 64.9625 29.1847 2.02
      vertex 64.9625 29.1847 5
    endloop
  endfacet
  facet normal -0.997864 0.0653198 0
    outer loop
      vertex 64.9906 28.7564 2.02
      vertex 65 28.9 5
      vertex 65 28.9 2.02
    endloop
  endfacet
  facet normal -0.997864 0.0653198 0
    outer loop
      vertex 65 28.9 5
      vertex 64.9906 28.7564 2.02
      vertex 64.9906 28.7564 5
    endloop
  endfacet
  facet normal -0.89664 0.44276 0
    outer loop
      vertex 64.8526 28.35 2.02
      vertex 64.9163 28.479 5
      vertex 64.9163 28.479 2.02
    endloop
  endfacet
  facet normal -0.89664 0.44276 0
    outer loop
      vertex 64.9163 28.479 5
      vertex 64.8526 28.35 2.02
      vertex 64.8526 28.35 5
    endloop
  endfacet
  facet normal 0.195314 0.980741 -0
    outer loop
      vertex 63.7564 27.8094 2.02
      vertex 63.6153 27.8375 5
      vertex 63.7564 27.8094 5
    endloop
  endfacet
  facet normal 0.195314 0.980741 0
    outer loop
      vertex 63.6153 27.8375 5
      vertex 63.7564 27.8094 2.02
      vertex 63.6153 27.8375 2.02
    endloop
  endfacet
  facet normal 0.89664 0.44276 0
    outer loop
      vertex 62.9474 28.35 5
      vertex 62.8837 28.479 2.02
      vertex 62.8837 28.479 5
    endloop
  endfacet
  facet normal 0.89664 0.44276 0
    outer loop
      vertex 62.8837 28.479 2.02
      vertex 62.9474 28.35 5
      vertex 62.9474 28.35 2.02
    endloop
  endfacet
  facet normal 0.947073 0.321018 0
    outer loop
      vertex 62.8837 28.479 5
      vertex 62.8375 28.6153 2.02
      vertex 62.8375 28.6153 5
    endloop
  endfacet
  facet normal 0.947073 0.321018 0
    outer loop
      vertex 62.8375 28.6153 2.02
      vertex 62.8837 28.479 5
      vertex 62.8837 28.479 2.02
    endloop
  endfacet
  facet normal 0.65939 0.751801 -0
    outer loop
      vertex 63.2304 28.0273 2.02
      vertex 63.1222 28.1222 5
      vertex 63.2304 28.0273 5
    endloop
  endfacet
  facet normal 0.65939 0.751801 0
    outer loop
      vertex 63.1222 28.1222 5
      vertex 63.2304 28.0273 2.02
      vertex 63.1222 28.1222 2.02
    endloop
  endfacet
  facet normal -0.44276 0.89664 0
    outer loop
      vertex 64.45 27.9474 2.02
      vertex 64.321 27.8837 5
      vertex 64.45 27.9474 5
    endloop
  endfacet
  facet normal -0.44276 0.89664 0
    outer loop
      vertex 64.321 27.8837 5
      vertex 64.45 27.9474 2.02
      vertex 64.321 27.8837 2.02
    endloop
  endfacet
  facet normal -0.321018 0.947073 0
    outer loop
      vertex 64.321 27.8837 2.02
      vertex 64.1847 27.8375 5
      vertex 64.321 27.8837 5
    endloop
  endfacet
  facet normal -0.321018 0.947073 0
    outer loop
      vertex 64.1847 27.8375 5
      vertex 64.321 27.8837 2.02
      vertex 64.1847 27.8375 2.02
    endloop
  endfacet
  facet normal -0.65939 0.751801 0
    outer loop
      vertex 64.6778 28.1222 2.02
      vertex 64.5696 28.0273 5
      vertex 64.6778 28.1222 5
    endloop
  endfacet
  facet normal -0.65939 0.751801 0
    outer loop
      vertex 64.5696 28.0273 5
      vertex 64.6778 28.1222 2.02
      vertex 64.5696 28.0273 2.02
    endloop
  endfacet
  facet normal 0.0653198 0.997864 -0
    outer loop
      vertex 63.9 27.8 2.02
      vertex 63.7564 27.8094 5
      vertex 63.9 27.8 5
    endloop
  endfacet
  facet normal 0.0653198 0.997864 0
    outer loop
      vertex 63.7564 27.8094 5
      vertex 63.9 27.8 2.02
      vertex 63.7564 27.8094 2.02
    endloop
  endfacet
  facet normal 0.321018 0.947073 -0
    outer loop
      vertex 63.6153 27.8375 2.02
      vertex 63.479 27.8837 5
      vertex 63.6153 27.8375 5
    endloop
  endfacet
  facet normal 0.321018 0.947073 0
    outer loop
      vertex 63.479 27.8837 5
      vertex 63.6153 27.8375 2.02
      vertex 63.479 27.8837 2.02
    endloop
  endfacet
  facet normal 0.44276 0.89664 -0
    outer loop
      vertex 63.479 27.8837 2.02
      vertex 63.35 27.9474 5
      vertex 63.479 27.8837 5
    endloop
  endfacet
  facet normal 0.44276 0.89664 0
    outer loop
      vertex 63.35 27.9474 5
      vertex 63.479 27.8837 2.02
      vertex 63.35 27.9474 2.02
    endloop
  endfacet
endsolid OpenSCAD_Model
