solid OpenSCAD_Model
  facet normal 0.351162 0.7121 0.607947
    outer loop
      vertex 1.75004 4.22498 5.55564
      vertex 1.58244 3.82035 6.1264
      vertex 2.06756 3.58112 6.1264
    endloop
  endfacet
  facet normal -0.130514 -0.00855467 0.99141
    outer loop
      vertex -0.359716 0 7.98822
      vertex -1.073 0 7.89432
      vertex -1.06382 -0.140054 7.89432
    endloop
  endfacet
  facet normal -0.254351 0.0505901 0.965788
    outer loop
      vertex -1.03644 0.277712 7.89432
      vertex -1.70768 0.45757 7.70812
      vertex -1.06382 0.140054 7.89432
    endloop
  endfacet
  facet normal -0.820467 -0.278652 0.499186
    outer loop
      vertex -4.41726 -1.1836 5.55564
      vertex -4.44829 -1.19191 5.5
      vertex -4.42976 -1.24647 5.5
    endloop
  endfacet
  facet normal 0.751845 -0.255216 0.607942
    outer loop
      vertex 4.41726 -1.1836 5.55564
      vertex 3.99422 -1.07025 6.1264
      vertex 4.22498 -1.75004 5.55564
    endloop
  endfacet
  facet normal 0.820544 0.27853 0.499128
    outer loop
      vertex 4.22498 1.75004 5.55564
      vertex 4.42976 1.24647 5.5
      vertex 4.25465 1.76234 5.5
    endloop
  endfacet
  facet normal 0.820565 0.278544 0.499085
    outer loop
      vertex 4.42976 1.24647 5.5
      vertex 4.22498 1.75004 5.55564
      vertex 4.41726 1.1836 5.55564
    endloop
  endfacet
  facet normal 0.0519245 -0.792283 0.607941
    outer loop
      vertex 0 -4.13512 6.1264
      vertex 0 -4.57308 5.55564
      vertex 0.596907 -4.53396 5.55564
    endloop
  endfacet
  facet normal -0.751845 0.255216 0.607942
    outer loop
      vertex -4.22498 1.75004 5.55564
      vertex -4.41726 1.1836 5.55564
      vertex -3.99422 1.07025 6.1264
    endloop
  endfacet
  facet normal 0.7121 0.351162 0.607947
    outer loop
      vertex 4.22498 1.75004 5.55564
      vertex 3.58112 2.06756 6.1264
      vertex 3.82035 1.58244 6.1264
    endloop
  endfacet
  facet normal -0.351162 -0.7121 0.607947
    outer loop
      vertex -1.58244 -3.82035 6.1264
      vertex -2.06756 -3.58112 6.1264
      vertex -1.75004 -4.22498 5.55564
    endloop
  endfacet
  facet normal -0.597862 -0.118919 0.792729
    outer loop
      vertex -3.02949 -0.39884 7.07308
      vertex -3.59538 -0.47334 6.63512
      vertex -3.50284 -0.938581 6.63512
    endloop
  endfacet
  facet normal 0.0255149 -0.128281 0.99141
    outer loop
      vertex 0.277712 -1.03644 7.89432
      vertex 0.0931015 -0.34746 7.98822
      vertex 0.140054 -1.06382 7.89432
    endloop
  endfacet
  facet normal 0.123851 0.0420461 0.99141
    outer loop
      vertex 0.99132 0.410618 7.89432
      vertex 0.34746 0.0931015 7.98822
      vertex 1.03644 0.277712 7.89432
    endloop
  endfacet
  facet normal 0.215627 0.144079 0.965788
    outer loop
      vertex 1.40258 1.07624 7.70812
      vertex 0.929242 0.536498 7.89432
      vertex 1.53106 0.883958 7.70812
    endloop
  endfacet
  facet normal 0.123851 -0.0420461 0.99141
    outer loop
      vertex 1.03644 -0.277712 7.89432
      vertex 0.34746 -0.0931015 7.98822
      vertex 0.99132 -0.410618 7.89432
    endloop
  endfacet
  facet normal 0.7121 0.351165 0.607945
    outer loop
      vertex 3.96041 2.28654 5.55564
      vertex 3.58112 2.06756 6.1264
      vertex 4.22498 1.75004 5.55564
    endloop
  endfacet
  facet normal 0.523506 -0.596944 0.607947
    outer loop
      vertex 2.92397 -2.92397 6.1264
      vertex 2.5173 -3.28061 6.1264
      vertex 3.23366 -3.23366 5.55564
    endloop
  endfacet
  facet normal -0.706348 -0.0463011 0.706348
    outer loop
      vertex -3.6264 0 6.63512
      vertex -4.13512 0 6.1264
      vertex -4.09974 -0.539741 6.1264
    endloop
  endfacet
  facet normal -0.255222 0.751839 0.607947
    outer loop
      vertex -1.07025 3.99422 6.1264
      vertex -1.75004 4.22498 5.55564
      vertex -1.58244 3.82035 6.1264
    endloop
  endfacet
  facet normal 0.278544 -0.820565 0.499085
    outer loop
      vertex 1.24647 -4.42976 5.5
      vertex 1.75004 -4.22498 5.55564
      vertex 1.1836 -4.41726 5.55564
    endloop
  endfacet
  facet normal 0.27853 -0.820544 0.499128
    outer loop
      vertex 1.75004 -4.22498 5.55564
      vertex 1.24647 -4.42976 5.5
      vertex 1.76234 -4.25465 5.5
    endloop
  endfacet
  facet normal -0.0462904 -0.706355 0.706343
    outer loop
      vertex -0.47334 -3.59538 6.63512
      vertex -0.539741 -4.09974 6.1264
      vertex 0 -3.6264 6.63512
    endloop
  endfacet
  facet normal 0.474228 -0.160981 0.865559
    outer loop
      vertex 2.95152 -0.790856 7.07308
      vertex 2.3497 -0.6296 7.4328
      vertex 2.82304 -1.16934 7.07308
    endloop
  endfacet
  facet normal 0.634869 0.313077 0.706345
    outer loop
      vertex 3.82035 1.58244 6.1264
      vertex 3.14056 1.8132 6.63512
      vertex 3.35036 1.38776 6.63512
    endloop
  endfacet
  facet normal 0.546716 -0.269606 0.792725
    outer loop
      vertex 2.82304 -1.16934 7.07308
      vertex 2.64626 -1.52782 7.07308
      vertex 3.35036 -1.38776 6.63512
    endloop
  endfacet
  facet normal 0.491182 -0.0977064 0.86556
    outer loop
      vertex 2.41178 -0.317516 7.4328
      vertex 2.3497 -0.6296 7.4328
      vertex 2.95152 -0.790856 7.07308
    endloop
  endfacet
  facet normal 0.195948 0.577227 0.792726
    outer loop
      vertex 1.38776 3.35036 6.63512
      vertex 0.938581 3.50284 6.63512
      vertex 1.16934 2.82304 7.07308
    endloop
  endfacet
  facet normal -0.720501 0.481426 0.499106
    outer loop
      vertex -3.95621 2.35051 5.5
      vertex -3.62807 2.78392 5.55564
      vertex -3.65355 2.80347 5.5
    endloop
  endfacet
  facet normal -0.720499 0.481424 0.499112
    outer loop
      vertex -3.62807 2.78392 5.55564
      vertex -3.95621 2.35051 5.5
      vertex -3.96041 2.28654 5.55564
    endloop
  endfacet
  facet normal -0.382569 -0.0250736 0.923587
    outer loop
      vertex -1.76792 0 7.70812
      vertex -2.43259 0 7.4328
      vertex -2.41178 -0.317516 7.4328
    endloop
  endfacet
  facet normal 0.123853 0.0420436 0.99141
    outer loop
      vertex 0.99132 0.410618 7.89432
      vertex 0.332335 0.137657 7.98822
      vertex 0.34746 0.0931015 7.98822
    endloop
  endfacet
  facet normal -0.820565 -0.278544 0.499085
    outer loop
      vertex -4.42976 -1.24647 5.5
      vertex -4.22498 -1.75004 5.55564
      vertex -4.41726 -1.1836 5.55564
    endloop
  endfacet
  facet normal -0.820544 -0.27853 0.499128
    outer loop
      vertex -4.22498 -1.75004 5.55564
      vertex -4.42976 -1.24647 5.5
      vertex -4.25465 -1.76234 5.5
    endloop
  endfacet
  facet normal -0.0566693 -0.864681 0.499114
    outer loop
      vertex -0.543605 -4.56957 5.5
      vertex 0 -4.57308 5.55564
      vertex -0.596907 -4.53396 5.55564
    endloop
  endfacet
  facet normal -0.0566731 -0.864659 0.499152
    outer loop
      vertex 0 -4.57308 5.55564
      vertex -0.543605 -4.56957 5.5
      vertex 0 -4.6052 5.5
    endloop
  endfacet
  facet normal -0.0726639 0.108753 0.99141
    outer loop
      vertex -0.179858 0.311523 7.98822
      vertex -0.536498 0.929242 7.89432
      vertex -0.218982 0.285382 7.98822
    endloop
  endfacet
  facet normal 0.499734 -0.0327651 0.865559
    outer loop
      vertex 3.05564 0 7.07308
      vertex 2.43259 0 7.4328
      vertex 3.02949 -0.39884 7.07308
    endloop
  endfacet
  facet normal 0.820467 -0.278652 0.499186
    outer loop
      vertex 4.44829 -1.19191 5.5
      vertex 4.41726 -1.1836 5.55564
      vertex 4.42976 -1.24647 5.5
    endloop
  endfacet
  facet normal 0.651501 -0.571342 0.499115
    outer loop
      vertex 3.29436 -3.21305 5.5
      vertex 3.23366 -3.23366 5.55564
      vertex 3.25637 -3.25637 5.5
    endloop
  endfacet
  facet normal -0.546716 -0.269606 0.792725
    outer loop
      vertex -2.82304 -1.16934 7.07308
      vertex -3.35036 -1.38776 6.63512
      vertex -2.64626 -1.52782 7.07308
    endloop
  endfacet
  facet normal -0.313077 -0.634869 0.706346
    outer loop
      vertex -1.8132 -3.14056 6.63512
      vertex -2.06756 -3.58112 6.1264
      vertex -1.58244 -3.82035 6.1264
    endloop
  endfacet
  facet normal 0.571349 -0.651502 0.499104
    outer loop
      vertex 3.21305 -3.29436 5.5
      vertex 2.78392 -3.62807 5.55564
      vertex 2.80347 -3.65355 5.5
    endloop
  endfacet
  facet normal 0.571347 -0.651499 0.499111
    outer loop
      vertex 2.78392 -3.62807 5.55564
      vertex 3.21305 -3.29436 5.5
      vertex 3.23366 -3.23366 5.55564
    endloop
  endfacet
  facet normal 0.23259 0.114699 0.965788
    outer loop
      vertex 1.53106 0.883958 7.70812
      vertex 0.99132 0.410618 7.89432
      vertex 1.63334 0.676552 7.70812
    endloop
  endfacet
  facet normal 0.351165 -0.7121 0.607945
    outer loop
      vertex 2.06756 -3.58112 6.1264
      vertex 1.75004 -4.22498 5.55564
      vertex 2.28654 -3.96041 5.55564
    endloop
  endfacet
  facet normal 0.597867 -0.118913 0.792726
    outer loop
      vertex 3.02949 -0.39884 7.07308
      vertex 2.95152 -0.790856 7.07308
      vertex 3.50284 -0.938581 6.63512
    endloop
  endfacet
  facet normal 0.382569 -0.0250736 0.923587
    outer loop
      vertex 2.43259 0 7.4328
      vertex 1.76792 0 7.70812
      vertex 2.41178 -0.317516 7.4328
    endloop
  endfacet
  facet normal 0.245568 0.0833674 0.965788
    outer loop
      vertex 1.63334 0.676552 7.70812
      vertex 0.99132 0.410618 7.89432
      vertex 1.03644 0.277712 7.89432
    endloop
  endfacet
  facet normal -0.123851 0.0420461 0.99141
    outer loop
      vertex -0.99132 0.410618 7.89432
      vertex -1.03644 0.277712 7.89432
      vertex -0.34746 0.0931015 7.98822
    endloop
  endfacet
  facet normal -0.376021 0.0747861 0.923588
    outer loop
      vertex -1.70768 0.45757 7.70812
      vertex -2.41178 0.317516 7.4328
      vertex -1.75279 0.230759 7.70812
    endloop
  endfacet
  facet normal 0.523505 0.596945 0.607946
    outer loop
      vertex 2.78392 3.62807 5.55564
      vertex 2.5173 3.28061 6.1264
      vertex 3.23366 3.23366 5.55564
    endloop
  endfacet
  facet normal 0.252775 0.288253 0.923588
    outer loop
      vertex 1.48087 1.9299 7.4328
      vertex 1.07624 1.40258 7.70812
      vertex 1.25011 1.25011 7.70812
    endloop
  endfacet
  facet normal 0.571347 0.651499 0.499111
    outer loop
      vertex 3.21305 3.29436 5.5
      vertex 2.78392 3.62807 5.55564
      vertex 3.23366 3.23366 5.55564
    endloop
  endfacet
  facet normal 0.571349 0.651502 0.499104
    outer loop
      vertex 2.78392 3.62807 5.55564
      vertex 3.21305 3.29436 5.5
      vertex 2.80347 3.65355 5.5
    endloop
  endfacet
  facet normal 0.720528 0.481405 0.499088
    outer loop
      vertex 3.98822 2.3026 5.5
      vertex 3.95621 2.35051 5.5
      vertex 3.96041 2.28654 5.55564
    endloop
  endfacet
  facet normal -0.751845 -0.255216 0.607942
    outer loop
      vertex -3.99422 -1.07025 6.1264
      vertex -4.41726 -1.1836 5.55564
      vertex -4.22498 -1.75004 5.55564
    endloop
  endfacet
  facet normal -0.651501 -0.571342 0.499115
    outer loop
      vertex -3.23366 -3.23366 5.55564
      vertex -3.29436 -3.21305 5.5
      vertex -3.25637 -3.25637 5.5
    endloop
  endfacet
  facet normal -0.546716 0.269606 0.792726
    outer loop
      vertex -3.14056 1.8132 6.63512
      vertex -3.35036 1.38776 6.63512
      vertex -2.64626 1.52782 7.07308
    endloop
  endfacet
  facet normal 0.00855467 -0.130514 0.99141
    outer loop
      vertex 0 -0.359716 7.98822
      vertex 0 -1.073 7.89432
      vertex 0.140054 -1.06382 7.89432
    endloop
  endfacet
  facet normal -0.60827 0.0398625 0.792729
    outer loop
      vertex -3.59538 0.47334 6.63512
      vertex -3.6264 0 6.63512
      vertex -3.02949 0.39884 7.07308
    endloop
  endfacet
  facet normal -0.777163 -0.383242 0.499143
    outer loop
      vertex -4.22498 -1.75004 5.55564
      vertex -4.25465 -1.76234 5.5
      vertex -4.22917 -1.81401 5.5
    endloop
  endfacet
  facet normal -0.7121 -0.351162 0.607947
    outer loop
      vertex -3.82035 -1.58244 6.1264
      vertex -4.22498 -1.75004 5.55564
      vertex -3.58112 -2.06756 6.1264
    endloop
  endfacet
  facet normal -0.449158 -0.221497 0.865561
    outer loop
      vertex -2.10668 -1.21629 7.4328
      vertex -2.82304 -1.16934 7.07308
      vertex -2.64626 -1.52782 7.07308
    endloop
  endfacet
  facet normal 0.363041 -0.123235 0.923588
    outer loop
      vertex 2.3497 -0.6296 7.4328
      vertex 1.63334 -0.676552 7.70812
      vertex 2.24742 -0.93091 7.4328
    endloop
  endfacet
  facet normal -0.330206 -0.376528 0.865558
    outer loop
      vertex -1.48087 -1.9299 7.4328
      vertex -2.16066 -2.16066 7.07308
      vertex -1.86015 -2.4242 7.07308
    endloop
  endfacet
  facet normal -0.351165 -0.7121 0.607945
    outer loop
      vertex -2.06756 -3.58112 6.1264
      vertex -2.28654 -3.96041 5.55564
      vertex -1.75004 -4.22498 5.55564
    endloop
  endfacet
  facet normal -0.383242 -0.777163 0.499143
    outer loop
      vertex -1.75004 -4.22498 5.55564
      vertex -1.81401 -4.22917 5.5
      vertex -1.76234 -4.25465 5.5
    endloop
  endfacet
  facet normal 0.313077 -0.634869 0.706345
    outer loop
      vertex 1.8132 -3.14056 6.63512
      vertex 1.38776 -3.35036 6.63512
      vertex 1.58244 -3.82035 6.1264
    endloop
  endfacet
  facet normal 0.474231 -0.160978 0.865558
    outer loop
      vertex 2.3497 -0.6296 7.4328
      vertex 2.24742 -0.93091 7.4328
      vertex 2.82304 -1.16934 7.07308
    endloop
  endfacet
  facet normal 0.60827 -0.0398625 0.792729
    outer loop
      vertex 3.6264 0 6.63512
      vertex 3.02949 -0.39884 7.07308
      vertex 3.59538 -0.47334 6.63512
    endloop
  endfacet
  facet normal 0.777163 -0.383242 0.499143
    outer loop
      vertex 4.25465 -1.76234 5.5
      vertex 4.22498 -1.75004 5.55564
      vertex 4.22917 -1.81401 5.5
    endloop
  endfacet
  facet normal 0.506844 0.338667 0.792725
    outer loop
      vertex 2.87702 2.20761 6.63512
      vertex 2.64626 1.52782 7.07308
      vertex 3.14056 1.8132 6.63512
    endloop
  endfacet
  facet normal 0.588567 -0.393274 0.706346
    outer loop
      vertex 3.14056 -1.8132 6.63512
      vertex 2.87702 -2.20761 6.63512
      vertex 3.58112 -2.06756 6.1264
    endloop
  endfacet
  facet normal 0.506844 -0.338667 0.792725
    outer loop
      vertex 3.14056 -1.8132 6.63512
      vertex 2.64626 -1.52782 7.07308
      vertex 2.87702 -2.20761 6.63512
    endloop
  endfacet
  facet normal 0.588567 -0.393273 0.706346
    outer loop
      vertex 3.58112 -2.06756 6.1264
      vertex 2.87702 -2.20761 6.63512
      vertex 3.28061 -2.5173 6.1264
    endloop
  endfacet
  facet normal 0.577227 -0.195948 0.792726
    outer loop
      vertex 3.50284 -0.938581 6.63512
      vertex 2.82304 -1.16934 7.07308
      vertex 3.35036 -1.38776 6.63512
    endloop
  endfacet
  facet normal 0.4164 0.278235 0.865561
    outer loop
      vertex 2.4242 1.86015 7.07308
      vertex 2.10668 1.21629 7.4328
      vertex 2.64626 1.52782 7.07308
    endloop
  endfacet
  facet normal 0.49119 -0.0976952 0.865556
    outer loop
      vertex 3.02949 -0.39884 7.07308
      vertex 2.41178 -0.317516 7.4328
      vertex 2.95152 -0.790856 7.07308
    endloop
  endfacet
  facet normal 0.128281 0.0255148 0.99141
    outer loop
      vertex 1.06382 0.140054 7.89432
      vertex 0.34746 0.0931015 7.98822
      vertex 0.356639 0.0469522 7.98822
    endloop
  endfacet
  facet normal 0.254351 0.0505901 0.965788
    outer loop
      vertex 1.70768 0.45757 7.70812
      vertex 1.03644 0.277712 7.89432
      vertex 1.06382 0.140054 7.89432
    endloop
  endfacet
  facet normal 0.546716 0.269606 0.792726
    outer loop
      vertex 3.14056 1.8132 6.63512
      vertex 2.64626 1.52782 7.07308
      vertex 3.35036 1.38776 6.63512
    endloop
  endfacet
  facet normal 0.212993 0.318779 0.923587
    outer loop
      vertex 1.21629 2.10668 7.4328
      vertex 1.07624 1.40258 7.70812
      vertex 1.48087 1.9299 7.4328
    endloop
  endfacet
  facet normal -0.288248 0.252788 0.923586
    outer loop
      vertex -1.7201 1.7201 7.4328
      vertex -1.9299 1.48087 7.4328
      vertex -1.25011 1.25011 7.70812
    endloop
  endfacet
  facet normal 0.278227 0.416412 0.865558
    outer loop
      vertex 1.86015 2.4242 7.07308
      vertex 1.21629 2.10668 7.4328
      vertex 1.48087 1.9299 7.4328
    endloop
  endfacet
  facet normal 0.072666 0.108752 0.991409
    outer loop
      vertex 0.536498 0.929242 7.89432
      vertex 0.218982 0.285382 7.98822
      vertex 0.653198 0.851265 7.89432
    endloop
  endfacet
  facet normal 0.114701 -0.232588 0.965788
    outer loop
      vertex 0.536498 -0.929242 7.89432
      vertex 0.410618 -0.99132 7.89432
      vertex 0.883958 -1.53106 7.70812
    endloop
  endfacet
  facet normal -0.351162 0.7121 0.607947
    outer loop
      vertex -1.75004 4.22498 5.55564
      vertex -2.06756 3.58112 6.1264
      vertex -1.58244 3.82035 6.1264
    endloop
  endfacet
  facet normal 0.401927 0.458302 0.792725
    outer loop
      vertex 2.20761 2.87702 6.63512
      vertex 1.86015 2.4242 7.07308
      vertex 2.56425 2.56425 6.63512
    endloop
  endfacet
  facet normal 0.660168 0.441115 0.607944
    outer loop
      vertex 3.96041 2.28654 5.55564
      vertex 3.28061 2.5173 6.1264
      vertex 3.58112 2.06756 6.1264
    endloop
  endfacet
  facet normal 0.751839 0.255222 0.607947
    outer loop
      vertex 4.22498 1.75004 5.55564
      vertex 3.82035 1.58244 6.1264
      vertex 3.99422 1.07025 6.1264
    endloop
  endfacet
  facet normal 0.441115 0.660168 0.607944
    outer loop
      vertex 2.28654 3.96041 5.55564
      vertex 2.06756 3.58112 6.1264
      vertex 2.5173 3.28061 6.1264
    endloop
  endfacet
  facet normal 0.651499 0.571347 0.499111
    outer loop
      vertex 3.62807 2.78392 5.55564
      vertex 3.29436 3.21305 5.5
      vertex 3.23366 3.23366 5.55564
    endloop
  endfacet
  facet normal 0.651502 0.571349 0.499104
    outer loop
      vertex 3.29436 3.21305 5.5
      vertex 3.62807 2.78392 5.55564
      vertex 3.65355 2.80347 5.5
    endloop
  endfacet
  facet normal 0.720501 0.481426 0.499106
    outer loop
      vertex 3.62807 2.78392 5.55564
      vertex 3.95621 2.35051 5.5
      vertex 3.65355 2.80347 5.5
    endloop
  endfacet
  facet normal 0.720499 0.481424 0.499112
    outer loop
      vertex 3.95621 2.35051 5.5
      vertex 3.62807 2.78392 5.55564
      vertex 3.96041 2.28654 5.55564
    endloop
  endfacet
  facet normal -0.481405 -0.720528 0.499088
    outer loop
      vertex -2.28654 -3.96041 5.55564
      vertex -2.35051 -3.95621 5.5
      vertex -2.3026 -3.98822 5.5
    endloop
  endfacet
  facet normal -0.449158 0.221497 0.865561
    outer loop
      vertex -2.64626 1.52782 7.07308
      vertex -2.82304 1.16934 7.07308
      vertex -2.10668 1.21629 7.4328
    endloop
  endfacet
  facet normal -0.269606 0.546716 0.792726
    outer loop
      vertex -1.38776 3.35036 6.63512
      vertex -1.8132 3.14056 6.63512
      vertex -1.52782 2.64626 7.07308
    endloop
  endfacet
  facet normal 0.0747861 0.376021 0.923588
    outer loop
      vertex 0.317516 2.41178 7.4328
      vertex 0.230759 1.75279 7.70812
      vertex 0.45757 1.70768 7.70812
    endloop
  endfacet
  facet normal -0.213002 0.318777 0.923586
    outer loop
      vertex -0.883958 1.53106 7.70812
      vertex -1.21629 2.10668 7.4328
      vertex -1.07624 1.40258 7.70812
    endloop
  endfacet
  facet normal -0.720528 0.481405 0.499088
    outer loop
      vertex -3.95621 2.35051 5.5
      vertex -3.98822 2.3026 5.5
      vertex -3.96041 2.28654 5.55564
    endloop
  endfacet
  facet normal -0.864637 -0.0565457 0.499204
    outer loop
      vertex -4.53396 -0.596907 5.55564
      vertex -4.56957 -0.543605 5.5
      vertex -4.56581 -0.601099 5.5
    endloop
  endfacet
  facet normal -0.778725 -0.154897 0.607943
    outer loop
      vertex -3.99422 -1.07025 6.1264
      vertex -4.53396 -0.596907 5.55564
      vertex -4.41726 -1.1836 5.55564
    endloop
  endfacet
  facet normal -0.778723 -0.154891 0.607947
    outer loop
      vertex -4.09974 -0.539741 6.1264
      vertex -4.53396 -0.596907 5.55564
      vertex -3.99422 -1.07025 6.1264
    endloop
  endfacet
  facet normal 0.0976952 -0.49119 0.865556
    outer loop
      vertex 0.790856 -2.95152 7.07308
      vertex 0.317516 -2.41178 7.4328
      vertex 0.39884 -3.02949 7.07308
    endloop
  endfacet
  facet normal -0.114699 -0.23259 0.965788
    outer loop
      vertex -0.410618 -0.99132 7.89432
      vertex -0.883958 -1.53106 7.70812
      vertex -0.676552 -1.63334 7.70812
    endloop
  endfacet
  facet normal 0.117305 0.0578507 0.991409
    outer loop
      vertex 0.99132 0.410618 7.89432
      vertex 0.311523 0.179858 7.98822
      vertex 0.332335 0.137657 7.98822
    endloop
  endfacet
  facet normal -0.130514 -0.0085532 0.99141
    outer loop
      vertex -0.359716 0 7.98822
      vertex -1.06382 -0.140054 7.89432
      vertex -0.356639 -0.0469522 7.98822
    endloop
  endfacet
  facet normal -0.499734 0.0327651 0.865559
    outer loop
      vertex -3.02949 0.39884 7.07308
      vertex -3.05564 0 7.07308
      vertex -2.43259 0 7.4328
    endloop
  endfacet
  facet normal -0.169036 -0.849841 0.499196
    outer loop
      vertex -1.1836 -4.41726 5.55564
      vertex -1.19191 -4.44829 5.5
      vertex -1.1354 -4.45953 5.5
    endloop
  endfacet
  facet normal 0.481424 -0.720499 0.499112
    outer loop
      vertex 2.35051 -3.95621 5.5
      vertex 2.78392 -3.62807 5.55564
      vertex 2.28654 -3.96041 5.55564
    endloop
  endfacet
  facet normal 0.481426 -0.720501 0.499106
    outer loop
      vertex 2.78392 -3.62807 5.55564
      vertex 2.35051 -3.95621 5.5
      vertex 2.80347 -3.65355 5.5
    endloop
  endfacet
  facet normal 0.0398625 -0.60827 0.792729
    outer loop
      vertex 0.39884 -3.02949 7.07308
      vertex 0 -3.6264 6.63512
      vertex 0.47334 -3.59538 6.63512
    endloop
  endfacet
  facet normal -0.441112 -0.660168 0.607946
    outer loop
      vertex -2.5173 -3.28061 6.1264
      vertex -2.78392 -3.62807 5.55564
      vertex -2.28654 -3.96041 5.55564
    endloop
  endfacet
  facet normal -0.0977064 -0.491182 0.86556
    outer loop
      vertex -0.6296 -2.3497 7.4328
      vertex -0.790856 -2.95152 7.07308
      vertex -0.317516 -2.41178 7.4328
    endloop
  endfacet
  facet normal -0.458308 -0.401925 0.792724
    outer loop
      vertex -2.4242 -1.86015 7.07308
      vertex -2.56425 -2.56425 6.63512
      vertex -2.16066 -2.16066 7.07308
    endloop
  endfacet
  facet normal -0.532196 -0.466731 0.706349
    outer loop
      vertex -2.87702 -2.20761 6.63512
      vertex -2.92397 -2.92397 6.1264
      vertex -2.56425 -2.56425 6.63512
    endloop
  endfacet
  facet normal -0.383273 -0.777187 0.499082
    outer loop
      vertex -1.81401 -4.22917 5.5
      vertex -2.28654 -3.96041 5.55564
      vertex -2.3026 -3.98822 5.5
    endloop
  endfacet
  facet normal -0.383247 -0.777156 0.499149
    outer loop
      vertex -2.28654 -3.96041 5.55564
      vertex -1.81401 -4.22917 5.5
      vertex -1.75004 -4.22498 5.55564
    endloop
  endfacet
  facet normal 0.363041 -0.123245 0.923586
    outer loop
      vertex 1.70768 -0.45757 7.70812
      vertex 1.63334 -0.676552 7.70812
      vertex 2.3497 -0.6296 7.4328
    endloop
  endfacet
  facet normal -0.130514 0.00855467 0.99141
    outer loop
      vertex -1.06382 0.140054 7.89432
      vertex -1.073 0 7.89432
      vertex -0.359716 0 7.98822
    endloop
  endfacet
  facet normal 0.313077 -0.634869 0.706346
    outer loop
      vertex 1.8132 -3.14056 6.63512
      vertex 1.58244 -3.82035 6.1264
      vertex 2.06756 -3.58112 6.1264
    endloop
  endfacet
  facet normal 0.441115 -0.660168 0.607944
    outer loop
      vertex 2.5173 -3.28061 6.1264
      vertex 2.06756 -3.58112 6.1264
      vertex 2.28654 -3.96041 5.55564
    endloop
  endfacet
  facet normal 0.0566731 -0.864659 0.499152
    outer loop
      vertex 0.543605 -4.56957 5.5
      vertex 0 -4.57308 5.55564
      vertex 0 -4.6052 5.5
    endloop
  endfacet
  facet normal 0.0566693 -0.864681 0.499114
    outer loop
      vertex 0 -4.57308 5.55564
      vertex 0.543605 -4.56957 5.5
      vertex 0.596907 -4.53396 5.55564
    endloop
  endfacet
  facet normal 0.660168 0.441112 0.607946
    outer loop
      vertex 3.62807 2.78392 5.55564
      vertex 3.28061 2.5173 6.1264
      vertex 3.96041 2.28654 5.55564
    endloop
  endfacet
  facet normal 0.694268 0.138092 0.706345
    outer loop
      vertex 3.99422 1.07025 6.1264
      vertex 3.50284 0.938581 6.63512
      vertex 4.09974 0.539741 6.1264
    endloop
  endfacet
  facet normal 0.706355 0.0462904 0.706343
    outer loop
      vertex 4.09974 0.539741 6.1264
      vertex 3.59538 0.47334 6.63512
      vertex 3.6264 0 6.63512
    endloop
  endfacet
  facet normal 0.60827 0.0398625 0.792729
    outer loop
      vertex 3.59538 0.47334 6.63512
      vertex 3.02949 0.39884 7.07308
      vertex 3.6264 0 6.63512
    endloop
  endfacet
  facet normal 0.608277 -0.0398818 0.792722
    outer loop
      vertex 3.05564 0 7.07308
      vertex 3.02949 -0.39884 7.07308
      vertex 3.6264 0 6.63512
    endloop
  endfacet
  facet normal 0.49974 -0.0327529 0.865556
    outer loop
      vertex 2.43259 0 7.4328
      vertex 2.41178 -0.317516 7.4328
      vertex 3.02949 -0.39884 7.07308
    endloop
  endfacet
  facet normal 0.792283 0.0519245 0.607941
    outer loop
      vertex 4.53396 0.596907 5.55564
      vertex 4.13512 0 6.1264
      vertex 4.57308 0 5.55564
    endloop
  endfacet
  facet normal 0.864637 -0.0565457 0.499204
    outer loop
      vertex 4.56957 -0.543605 5.5
      vertex 4.53396 -0.596907 5.55564
      vertex 4.56581 -0.601099 5.5
    endloop
  endfacet
  facet normal 0.7121 -0.351165 0.607945
    outer loop
      vertex 4.22498 -1.75004 5.55564
      vertex 3.58112 -2.06756 6.1264
      vertex 3.96041 -2.28654 5.55564
    endloop
  endfacet
  facet normal 0.458308 -0.401925 0.792724
    outer loop
      vertex 2.4242 -1.86015 7.07308
      vertex 2.16066 -2.16066 7.07308
      vertex 2.56425 -2.56425 6.63512
    endloop
  endfacet
  facet normal 0.532196 -0.466731 0.706349
    outer loop
      vertex 2.87702 -2.20761 6.63512
      vertex 2.56425 -2.56425 6.63512
      vertex 2.92397 -2.92397 6.1264
    endloop
  endfacet
  facet normal 0.820565 -0.278544 0.499085
    outer loop
      vertex 4.22498 -1.75004 5.55564
      vertex 4.42976 -1.24647 5.5
      vertex 4.41726 -1.1836 5.55564
    endloop
  endfacet
  facet normal 0.820544 -0.27853 0.499128
    outer loop
      vertex 4.42976 -1.24647 5.5
      vertex 4.22498 -1.75004 5.55564
      vertex 4.25465 -1.76234 5.5
    endloop
  endfacet
  facet normal 0.474231 0.160978 0.865558
    outer loop
      vertex 2.82304 1.16934 7.07308
      vertex 2.24742 0.93091 7.4328
      vertex 2.3497 0.6296 7.4328
    endloop
  endfacet
  facet normal 0.376023 -0.0747988 0.923586
    outer loop
      vertex 2.41178 -0.317516 7.4328
      vertex 1.70768 -0.45757 7.70812
      vertex 2.3497 -0.6296 7.4328
    endloop
  endfacet
  facet normal 0.499734 0.0327651 0.865559
    outer loop
      vertex 3.02949 0.39884 7.07308
      vertex 2.43259 0 7.4328
      vertex 3.05564 0 7.07308
    endloop
  endfacet
  facet normal 0.608277 0.0398818 0.792722
    outer loop
      vertex 3.6264 0 6.63512
      vertex 3.02949 0.39884 7.07308
      vertex 3.05564 0 7.07308
    endloop
  endfacet
  facet normal 0.363041 0.123245 0.923586
    outer loop
      vertex 2.3497 0.6296 7.4328
      vertex 1.63334 0.676552 7.70812
      vertex 1.70768 0.45757 7.70812
    endloop
  endfacet
  facet normal 0.343847 0.169574 0.923587
    outer loop
      vertex 2.10668 1.21629 7.4328
      vertex 1.63334 0.676552 7.70812
      vertex 2.24742 0.93091 7.4328
    endloop
  endfacet
  facet normal 0.194981 0.170983 0.965788
    outer loop
      vertex 1.25011 1.25011 7.70812
      vertex 0.758723 0.758723 7.89432
      vertex 1.40258 1.07624 7.70812
    endloop
  endfacet
  facet normal 0.343854 0.169568 0.923586
    outer loop
      vertex 2.10668 1.21629 7.4328
      vertex 1.53106 0.883958 7.70812
      vertex 1.63334 0.676552 7.70812
    endloop
  endfacet
  facet normal 0.506843 0.338668 0.792726
    outer loop
      vertex 2.87702 2.20761 6.63512
      vertex 2.4242 1.86015 7.07308
      vertex 2.64626 1.52782 7.07308
    endloop
  endfacet
  facet normal 0.0519245 0.792283 0.607941
    outer loop
      vertex 0 4.57308 5.55564
      vertex 0 4.13512 6.1264
      vertex 0.596907 4.53396 5.55564
    endloop
  endfacet
  facet normal 0.0566693 0.864681 0.499114
    outer loop
      vertex 0.543605 4.56957 5.5
      vertex 0 4.57308 5.55564
      vertex 0.596907 4.53396 5.55564
    endloop
  endfacet
  facet normal 0.0566731 0.864659 0.499152
    outer loop
      vertex 0 4.57308 5.55564
      vertex 0.543605 4.56957 5.5
      vertex 0 4.6052 5.5
    endloop
  endfacet
  facet normal 0.118919 0.597862 0.792729
    outer loop
      vertex 0.47334 3.59538 6.63512
      vertex 0.39884 3.02949 7.07308
      vertex 0.938581 3.50284 6.63512
    endloop
  endfacet
  facet normal -0.128281 0.0255148 0.99141
    outer loop
      vertex -0.34746 0.0931015 7.98822
      vertex -1.06382 0.140054 7.89432
      vertex -0.356639 0.0469522 7.98822
    endloop
  endfacet
  facet normal -0.144078 -0.215627 0.965788
    outer loop
      vertex -0.653198 -0.851265 7.89432
      vertex -1.07624 -1.40258 7.70812
      vertex -0.536498 -0.929242 7.89432
    endloop
  endfacet
  facet normal -0.546716 0.269606 0.792725
    outer loop
      vertex -2.64626 1.52782 7.07308
      vertex -3.35036 1.38776 6.63512
      vertex -2.82304 1.16934 7.07308
    endloop
  endfacet
  facet normal -0.523505 0.596945 0.607946
    outer loop
      vertex -2.78392 3.62807 5.55564
      vertex -3.23366 3.23366 5.55564
      vertex -2.5173 3.28061 6.1264
    endloop
  endfacet
  facet normal -0.0250833 0.382564 0.923588
    outer loop
      vertex 0 1.76792 7.70812
      vertex -0.317516 2.41178 7.4328
      vertex -0.230759 1.75279 7.70812
    endloop
  endfacet
  facet normal 0.0327529 0.49974 0.865556
    outer loop
      vertex 0.39884 3.02949 7.07308
      vertex 0 2.43259 7.4328
      vertex 0.317516 2.41178 7.4328
    endloop
  endfacet
  facet normal -0.278652 0.820467 0.499186
    outer loop
      vertex -1.19191 4.44829 5.5
      vertex -1.24647 4.42976 5.5
      vertex -1.1836 4.41726 5.55564
    endloop
  endfacet
  facet normal 0.338668 0.506843 0.792726
    outer loop
      vertex 2.20761 2.87702 6.63512
      vertex 1.52782 2.64626 7.07308
      vertex 1.86015 2.4242 7.07308
    endloop
  endfacet
  facet normal 0.278652 0.820467 0.499186
    outer loop
      vertex 1.19191 4.44829 5.5
      vertex 1.1836 4.41726 5.55564
      vertex 1.24647 4.42976 5.5
    endloop
  endfacet
  facet normal 0.160981 0.474228 0.865559
    outer loop
      vertex 0.790856 2.95152 7.07308
      vertex 0.6296 2.3497 7.4328
      vertex 1.16934 2.82304 7.07308
    endloop
  endfacet
  facet normal 0.401925 0.458308 0.792724
    outer loop
      vertex 2.56425 2.56425 6.63512
      vertex 1.86015 2.4242 7.07308
      vertex 2.16066 2.16066 7.07308
    endloop
  endfacet
  facet normal 0.466729 0.532202 0.706347
    outer loop
      vertex 2.5173 3.28061 6.1264
      vertex 2.20761 2.87702 6.63512
      vertex 2.92397 2.92397 6.1264
    endloop
  endfacet
  facet normal 0.651501 0.571342 0.499115
    outer loop
      vertex 3.25637 3.25637 5.5
      vertex 3.23366 3.23366 5.55564
      vertex 3.29436 3.21305 5.5
    endloop
  endfacet
  facet normal 0.777163 0.383242 0.499143
    outer loop
      vertex 4.22917 1.81401 5.5
      vertex 4.22498 1.75004 5.55564
      vertex 4.25465 1.76234 5.5
    endloop
  endfacet
  facet normal 0.792278 0.0519338 0.607947
    outer loop
      vertex 4.53396 0.596907 5.55564
      vertex 4.09974 0.539741 6.1264
      vertex 4.13512 0 6.1264
    endloop
  endfacet
  facet normal 0.571342 0.651501 0.499115
    outer loop
      vertex 3.25637 3.25637 5.5
      vertex 3.21305 3.29436 5.5
      vertex 3.23366 3.23366 5.55564
    endloop
  endfacet
  facet normal 0.481426 0.720501 0.499106
    outer loop
      vertex 2.35051 3.95621 5.5
      vertex 2.78392 3.62807 5.55564
      vertex 2.80347 3.65355 5.5
    endloop
  endfacet
  facet normal 0.481424 0.720499 0.499112
    outer loop
      vertex 2.78392 3.62807 5.55564
      vertex 2.35051 3.95621 5.5
      vertex 2.28654 3.96041 5.55564
    endloop
  endfacet
  facet normal 0.154897 0.778725 0.607943
    outer loop
      vertex 1.1836 4.41726 5.55564
      vertex 0.596907 4.53396 5.55564
      vertex 1.07025 3.99422 6.1264
    endloop
  endfacet
  facet normal 0.0250736 0.382569 0.923587
    outer loop
      vertex 0 2.43259 7.4328
      vertex 0 1.76792 7.70812
      vertex 0.317516 2.41178 7.4328
    endloop
  endfacet
  facet normal 0.588567 0.393273 0.706346
    outer loop
      vertex 3.28061 2.5173 6.1264
      vertex 2.87702 2.20761 6.63512
      vertex 3.58112 2.06756 6.1264
    endloop
  endfacet
  facet normal 0.777187 0.383273 0.499082
    outer loop
      vertex 3.96041 2.28654 5.55564
      vertex 4.22917 1.81401 5.5
      vertex 3.98822 2.3026 5.5
    endloop
  endfacet
  facet normal 0.777156 0.383247 0.499149
    outer loop
      vertex 4.22917 1.81401 5.5
      vertex 3.96041 2.28654 5.55564
      vertex 4.22498 1.75004 5.55564
    endloop
  endfacet
  facet normal -0.523506 -0.596944 0.607947
    outer loop
      vertex -2.92397 -2.92397 6.1264
      vertex -3.23366 -3.23366 5.55564
      vertex -2.5173 -3.28061 6.1264
    endloop
  endfacet
  facet normal -0.660168 -0.441115 0.607944
    outer loop
      vertex -3.58112 -2.06756 6.1264
      vertex -3.96041 -2.28654 5.55564
      vertex -3.28061 -2.5173 6.1264
    endloop
  endfacet
  facet normal -0.499734 -0.0327651 0.865559
    outer loop
      vertex -2.43259 0 7.4328
      vertex -3.05564 0 7.07308
      vertex -3.02949 -0.39884 7.07308
    endloop
  endfacet
  facet normal -0.634869 -0.313077 0.706346
    outer loop
      vertex -3.14056 -1.8132 6.63512
      vertex -3.82035 -1.58244 6.1264
      vertex -3.58112 -2.06756 6.1264
    endloop
  endfacet
  facet normal -0.778725 0.154897 0.607943
    outer loop
      vertex -4.41726 1.1836 5.55564
      vertex -4.53396 0.596907 5.55564
      vertex -3.99422 1.07025 6.1264
    endloop
  endfacet
  facet normal -0.474228 0.160981 0.865559
    outer loop
      vertex -2.82304 1.16934 7.07308
      vertex -2.95152 0.790856 7.07308
      vertex -2.3497 0.6296 7.4328
    endloop
  endfacet
  facet normal -0.363041 0.123245 0.923586
    outer loop
      vertex -1.63334 0.676552 7.70812
      vertex -2.3497 0.6296 7.4328
      vertex -1.70768 0.45757 7.70812
    endloop
  endfacet
  facet normal -0.123853 0.0420436 0.99141
    outer loop
      vertex -0.332335 0.137657 7.98822
      vertex -0.99132 0.410618 7.89432
      vertex -0.34746 0.0931015 7.98822
    endloop
  endfacet
  facet normal -0.0327529 0.49974 0.865556
    outer loop
      vertex 0 2.43259 7.4328
      vertex -0.39884 3.02949 7.07308
      vertex -0.317516 2.41178 7.4328
    endloop
  endfacet
  facet normal -0.221497 0.449158 0.865561
    outer loop
      vertex -1.16934 2.82304 7.07308
      vertex -1.52782 2.64626 7.07308
      vertex -1.21629 2.10668 7.4328
    endloop
  endfacet
  facet normal -0.577227 0.195948 0.792726
    outer loop
      vertex -3.35036 1.38776 6.63512
      vertex -3.50284 0.938581 6.63512
      vertex -2.82304 1.16934 7.07308
    endloop
  endfacet
  facet normal -0.608277 0.0398818 0.792722
    outer loop
      vertex -3.02949 0.39884 7.07308
      vertex -3.6264 0 6.63512
      vertex -3.05564 0 7.07308
    endloop
  endfacet
  facet normal -0.864637 0.0565457 0.499204
    outer loop
      vertex -4.56581 0.601099 5.5
      vertex -4.56957 0.543605 5.5
      vertex -4.53396 0.596907 5.55564
    endloop
  endfacet
  facet normal -0.849834 -0.169044 0.499206
    outer loop
      vertex -4.45953 -1.1354 5.5
      vertex -4.53396 -0.596907 5.55564
      vertex -4.56581 -0.601099 5.5
    endloop
  endfacet
  facet normal -0.849843 -0.169044 0.499191
    outer loop
      vertex -4.53396 -0.596907 5.55564
      vertex -4.45953 -1.1354 5.5
      vertex -4.41726 -1.1836 5.55564
    endloop
  endfacet
  facet normal -0.849841 -0.169036 0.499196
    outer loop
      vertex -4.41726 -1.1836 5.55564
      vertex -4.45953 -1.1354 5.5
      vertex -4.44829 -1.19191 5.5
    endloop
  endfacet
  facet normal -0.278227 -0.416412 0.865558
    outer loop
      vertex -1.48087 -1.9299 7.4328
      vertex -1.86015 -2.4242 7.07308
      vertex -1.21629 -2.10668 7.4328
    endloop
  endfacet
  facet normal -0.376021 -0.0747861 0.923588
    outer loop
      vertex -1.75279 -0.230759 7.70812
      vertex -2.41178 -0.317516 7.4328
      vertex -1.70768 -0.45757 7.70812
    endloop
  endfacet
  facet normal -0.466729 -0.532202 0.706347
    outer loop
      vertex -2.20761 -2.87702 6.63512
      vertex -2.92397 -2.92397 6.1264
      vertex -2.5173 -3.28061 6.1264
    endloop
  endfacet
  facet normal -0.160978 -0.474231 0.865558
    outer loop
      vertex -0.93091 -2.24742 7.4328
      vertex -1.16934 -2.82304 7.07308
      vertex -0.6296 -2.3497 7.4328
    endloop
  endfacet
  facet normal -0.215627 -0.144078 0.965788
    outer loop
      vertex -0.929242 -0.536498 7.89432
      vertex -1.40258 -1.07624 7.70812
      vertex -0.851265 -0.653198 7.89432
    endloop
  endfacet
  facet normal 0.169568 -0.343854 0.923586
    outer loop
      vertex 0.883958 -1.53106 7.70812
      vertex 0.676552 -1.63334 7.70812
      vertex 1.21629 -2.10668 7.4328
    endloop
  endfacet
  facet normal 0.0250736 -0.382569 0.923587
    outer loop
      vertex 0 -1.76792 7.70812
      vertex 0 -2.43259 7.4328
      vertex 0.317516 -2.41178 7.4328
    endloop
  endfacet
  facet normal 0.123235 -0.363041 0.923588
    outer loop
      vertex 0.676552 -1.63334 7.70812
      vertex 0.6296 -2.3497 7.4328
      vertex 0.93091 -2.24742 7.4328
    endloop
  endfacet
  facet normal 0.227542 -0.670299 0.706345
    outer loop
      vertex 1.38776 -3.35036 6.63512
      vertex 0.938581 -3.50284 6.63512
      vertex 1.58244 -3.82035 6.1264
    endloop
  endfacet
  facet normal 0.393273 -0.588567 0.706346
    outer loop
      vertex 2.20761 -2.87702 6.63512
      vertex 2.06756 -3.58112 6.1264
      vertex 2.5173 -3.28061 6.1264
    endloop
  endfacet
  facet normal 0.227542 -0.670299 0.706345
    outer loop
      vertex 1.58244 -3.82035 6.1264
      vertex 0.938581 -3.50284 6.63512
      vertex 1.07025 -3.99422 6.1264
    endloop
  endfacet
  facet normal 0.255222 -0.751839 0.607947
    outer loop
      vertex 1.58244 -3.82035 6.1264
      vertex 1.07025 -3.99422 6.1264
      vertex 1.75004 -4.22498 5.55564
    endloop
  endfacet
  facet normal 0.169036 -0.849841 0.499196
    outer loop
      vertex 1.1836 -4.41726 5.55564
      vertex 1.1354 -4.45953 5.5
      vertex 1.19191 -4.44829 5.5
    endloop
  endfacet
  facet normal 0.0519338 -0.792278 0.607947
    outer loop
      vertex 0.539741 -4.09974 6.1264
      vertex 0 -4.13512 6.1264
      vertex 0.596907 -4.53396 5.55564
    endloop
  endfacet
  facet normal -0.278652 -0.820467 0.499186
    outer loop
      vertex -1.1836 -4.41726 5.55564
      vertex -1.24647 -4.42976 5.5
      vertex -1.19191 -4.44829 5.5
    endloop
  endfacet
  facet normal 0.154897 -0.778725 0.607943
    outer loop
      vertex 1.07025 -3.99422 6.1264
      vertex 0.596907 -4.53396 5.55564
      vertex 1.1836 -4.41726 5.55564
    endloop
  endfacet
  facet normal -0.0463011 -0.706348 0.706348
    outer loop
      vertex 0 -3.6264 6.63512
      vertex -0.539741 -4.09974 6.1264
      vertex 0 -4.13512 6.1264
    endloop
  endfacet
  facet normal -0.0747861 -0.376021 0.923588
    outer loop
      vertex -0.230759 -1.75279 7.70812
      vertex -0.45757 -1.70768 7.70812
      vertex -0.317516 -2.41178 7.4328
    endloop
  endfacet
  facet normal -0.22151 -0.449158 0.865558
    outer loop
      vertex -0.93091 -2.24742 7.4328
      vertex -1.21629 -2.10668 7.4328
      vertex -1.16934 -2.82304 7.07308
    endloop
  endfacet
  facet normal 0.376021 -0.0747861 0.923588
    outer loop
      vertex 1.75279 -0.230759 7.70812
      vertex 1.70768 -0.45757 7.70812
      vertex 2.41178 -0.317516 7.4328
    endloop
  endfacet
  facet normal 0.245569 -0.0833657 0.965788
    outer loop
      vertex 1.70768 -0.45757 7.70812
      vertex 1.03644 -0.277712 7.89432
      vertex 1.63334 -0.676552 7.70812
    endloop
  endfacet
  facet normal 0.194981 -0.170983 0.965788
    outer loop
      vertex 1.40258 -1.07624 7.70812
      vertex 0.758723 -0.758723 7.89432
      vertex 1.25011 -1.25011 7.70812
    endloop
  endfacet
  facet normal -0.0327651 -0.499734 0.865559
    outer loop
      vertex 0 -2.43259 7.4328
      vertex -0.39884 -3.02949 7.07308
      vertex 0 -3.05564 7.07308
    endloop
  endfacet
  facet normal 0.23259 -0.114699 0.965788
    outer loop
      vertex 1.63334 -0.676552 7.70812
      vertex 0.99132 -0.410618 7.89432
      vertex 1.53106 -0.883958 7.70812
    endloop
  endfacet
  facet normal -0.108752 0.072666 0.991409
    outer loop
      vertex -0.851265 0.653198 7.89432
      vertex -0.929242 0.536498 7.89432
      vertex -0.285382 0.218982 7.98822
    endloop
  endfacet
  facet normal -0.651501 0.571342 0.499115
    outer loop
      vertex -3.25637 3.25637 5.5
      vertex -3.29436 3.21305 5.5
      vertex -3.23366 3.23366 5.55564
    endloop
  endfacet
  facet normal 0.720499 -0.481424 0.499112
    outer loop
      vertex 3.62807 -2.78392 5.55564
      vertex 3.95621 -2.35051 5.5
      vertex 3.96041 -2.28654 5.55564
    endloop
  endfacet
  facet normal 0.720501 -0.481426 0.499106
    outer loop
      vertex 3.95621 -2.35051 5.5
      vertex 3.62807 -2.78392 5.55564
      vertex 3.65355 -2.80347 5.5
    endloop
  endfacet
  facet normal 0.660168 -0.441115 0.607944
    outer loop
      vertex 3.58112 -2.06756 6.1264
      vertex 3.28061 -2.5173 6.1264
      vertex 3.96041 -2.28654 5.55564
    endloop
  endfacet
  facet normal 0.571342 -0.651501 0.499115
    outer loop
      vertex 3.23366 -3.23366 5.55564
      vertex 3.21305 -3.29436 5.5
      vertex 3.25637 -3.25637 5.5
    endloop
  endfacet
  facet normal 0.383242 -0.777163 0.499143
    outer loop
      vertex 1.81401 -4.22917 5.5
      vertex 1.75004 -4.22498 5.55564
      vertex 1.76234 -4.25465 5.5
    endloop
  endfacet
  facet normal 0.0463011 -0.706348 0.706348
    outer loop
      vertex 0 -3.6264 6.63512
      vertex 0 -4.13512 6.1264
      vertex 0.539741 -4.09974 6.1264
    endloop
  endfacet
  facet normal 0.458308 0.401925 0.792724
    outer loop
      vertex 2.56425 2.56425 6.63512
      vertex 2.16066 2.16066 7.07308
      vertex 2.4242 1.86015 7.07308
    endloop
  endfacet
  facet normal 0.449158 0.221497 0.865561
    outer loop
      vertex 2.64626 1.52782 7.07308
      vertex 2.10668 1.21629 7.4328
      vertex 2.82304 1.16934 7.07308
    endloop
  endfacet
  facet normal 0.670299 0.227542 0.706345
    outer loop
      vertex 3.82035 1.58244 6.1264
      vertex 3.35036 1.38776 6.63512
      vertex 3.50284 0.938581 6.63512
    endloop
  endfacet
  facet normal 0.670299 0.227542 0.706345
    outer loop
      vertex 3.82035 1.58244 6.1264
      vertex 3.50284 0.938581 6.63512
      vertex 3.99422 1.07025 6.1264
    endloop
  endfacet
  facet normal 0.546716 -0.269606 0.792726
    outer loop
      vertex 3.35036 -1.38776 6.63512
      vertex 2.64626 -1.52782 7.07308
      vertex 3.14056 -1.8132 6.63512
    endloop
  endfacet
  facet normal 0.864659 -0.0566731 0.499152
    outer loop
      vertex 4.57308 0 5.55564
      vertex 4.56957 -0.543605 5.5
      vertex 4.6052 0 5.5
    endloop
  endfacet
  facet normal 0.864681 -0.0566693 0.499114
    outer loop
      vertex 4.56957 -0.543605 5.5
      vertex 4.57308 0 5.55564
      vertex 4.53396 -0.596907 5.55564
    endloop
  endfacet
  facet normal 0.7121 -0.351162 0.607947
    outer loop
      vertex 3.82035 -1.58244 6.1264
      vertex 3.58112 -2.06756 6.1264
      vertex 4.22498 -1.75004 5.55564
    endloop
  endfacet
  facet normal 0.577226 -0.195945 0.792726
    outer loop
      vertex 2.95152 -0.790856 7.07308
      vertex 2.82304 -1.16934 7.07308
      vertex 3.50284 -0.938581 6.63512
    endloop
  endfacet
  facet normal 0.792283 -0.0519245 0.607941
    outer loop
      vertex 4.57308 0 5.55564
      vertex 4.13512 0 6.1264
      vertex 4.53396 -0.596907 5.55564
    endloop
  endfacet
  facet normal 0.777156 -0.383247 0.499149
    outer loop
      vertex 3.96041 -2.28654 5.55564
      vertex 4.22917 -1.81401 5.5
      vertex 4.22498 -1.75004 5.55564
    endloop
  endfacet
  facet normal 0.777187 -0.383273 0.499082
    outer loop
      vertex 4.22917 -1.81401 5.5
      vertex 3.96041 -2.28654 5.55564
      vertex 3.98822 -2.3026 5.5
    endloop
  endfacet
  facet normal 0.458302 -0.401927 0.792725
    outer loop
      vertex 2.87702 -2.20761 6.63512
      vertex 2.4242 -1.86015 7.07308
      vertex 2.56425 -2.56425 6.63512
    endloop
  endfacet
  facet normal 0.278235 -0.4164 0.865561
    outer loop
      vertex 1.86015 -2.4242 7.07308
      vertex 1.21629 -2.10668 7.4328
      vertex 1.52782 -2.64626 7.07308
    endloop
  endfacet
  facet normal -0.0420461 -0.123851 0.99141
    outer loop
      vertex -0.0931015 -0.34746 7.98822
      vertex -0.410618 -0.99132 7.89432
      vertex -0.277712 -1.03644 7.89432
    endloop
  endfacet
  facet normal 0.382564 -0.0250833 0.923588
    outer loop
      vertex 1.76792 0 7.70812
      vertex 1.75279 -0.230759 7.70812
      vertex 2.41178 -0.317516 7.4328
    endloop
  endfacet
  facet normal 0.318777 0.213002 0.923586
    outer loop
      vertex 2.10668 1.21629 7.4328
      vertex 1.40258 1.07624 7.70812
      vertex 1.53106 0.883958 7.70812
    endloop
  endfacet
  facet normal -0.0420436 -0.123853 0.99141
    outer loop
      vertex -0.137657 -0.332335 7.98822
      vertex -0.410618 -0.99132 7.89432
      vertex -0.0931015 -0.34746 7.98822
    endloop
  endfacet
  facet normal -0.128281 0.0255149 0.99141
    outer loop
      vertex -1.03644 0.277712 7.89432
      vertex -1.06382 0.140054 7.89432
      vertex -0.34746 0.0931015 7.98822
    endloop
  endfacet
  facet normal 0.376527 0.330207 0.865558
    outer loop
      vertex 2.16066 2.16066 7.07308
      vertex 1.7201 1.7201 7.4328
      vertex 1.9299 1.48087 7.4328
    endloop
  endfacet
  facet normal -0.108753 0.0726639 0.99141
    outer loop
      vertex -0.285382 0.218982 7.98822
      vertex -0.929242 0.536498 7.89432
      vertex -0.311523 0.179858 7.98822
    endloop
  endfacet
  facet normal 0.376528 0.330206 0.865558
    outer loop
      vertex 2.16066 2.16066 7.07308
      vertex 1.9299 1.48087 7.4328
      vertex 2.4242 1.86015 7.07308
    endloop
  endfacet
  facet normal 0.382569 0.0250736 0.923587
    outer loop
      vertex 2.41178 0.317516 7.4328
      vertex 1.76792 0 7.70812
      vertex 2.43259 0 7.4328
    endloop
  endfacet
  facet normal 0.49974 0.0327529 0.865556
    outer loop
      vertex 3.02949 0.39884 7.07308
      vertex 2.41178 0.317516 7.4328
      vertex 2.43259 0 7.4328
    endloop
  endfacet
  facet normal 0.546716 0.269606 0.792725
    outer loop
      vertex 3.35036 1.38776 6.63512
      vertex 2.64626 1.52782 7.07308
      vertex 2.82304 1.16934 7.07308
    endloop
  endfacet
  facet normal -0.118913 0.597867 0.792726
    outer loop
      vertex -0.39884 3.02949 7.07308
      vertex -0.938581 3.50284 6.63512
      vertex -0.790856 2.95152 7.07308
    endloop
  endfacet
  facet normal -0.269606 0.546716 0.792725
    outer loop
      vertex -1.38776 3.35036 6.63512
      vertex -1.52782 2.64626 7.07308
      vertex -1.16934 2.82304 7.07308
    endloop
  endfacet
  facet normal -0.651502 0.571349 0.499104
    outer loop
      vertex -3.62807 2.78392 5.55564
      vertex -3.29436 3.21305 5.5
      vertex -3.65355 2.80347 5.5
    endloop
  endfacet
  facet normal -0.651499 0.571347 0.499111
    outer loop
      vertex -3.29436 3.21305 5.5
      vertex -3.62807 2.78392 5.55564
      vertex -3.23366 3.23366 5.55564
    endloop
  endfacet
  facet normal -0.660168 0.441112 0.607946
    outer loop
      vertex -3.62807 2.78392 5.55564
      vertex -3.96041 2.28654 5.55564
      vertex -3.28061 2.5173 6.1264
    endloop
  endfacet
  facet normal -0.138092 0.694268 0.706345
    outer loop
      vertex -0.539741 4.09974 6.1264
      vertex -1.07025 3.99422 6.1264
      vertex -0.938581 3.50284 6.63512
    endloop
  endfacet
  facet normal -0.0519245 0.792283 0.607941
    outer loop
      vertex 0 4.57308 5.55564
      vertex -0.596907 4.53396 5.55564
      vertex 0 4.13512 6.1264
    endloop
  endfacet
  facet normal -0.383247 0.777156 0.499149
    outer loop
      vertex -1.81401 4.22917 5.5
      vertex -2.28654 3.96041 5.55564
      vertex -1.75004 4.22498 5.55564
    endloop
  endfacet
  facet normal -0.383273 0.777187 0.499082
    outer loop
      vertex -2.28654 3.96041 5.55564
      vertex -1.81401 4.22917 5.5
      vertex -2.3026 3.98822 5.5
    endloop
  endfacet
  facet normal 0.169044 0.849843 0.499191
    outer loop
      vertex 1.1354 4.45953 5.5
      vertex 0.596907 4.53396 5.55564
      vertex 1.1836 4.41726 5.55564
    endloop
  endfacet
  facet normal 0.169044 0.849834 0.499206
    outer loop
      vertex 0.596907 4.53396 5.55564
      vertex 1.1354 4.45953 5.5
      vertex 0.601099 4.56581 5.5
    endloop
  endfacet
  facet normal 0.313077 0.634869 0.706346
    outer loop
      vertex 2.06756 3.58112 6.1264
      vertex 1.58244 3.82035 6.1264
      vertex 1.8132 3.14056 6.63512
    endloop
  endfacet
  facet normal 0.269606 0.546716 0.792725
    outer loop
      vertex 1.38776 3.35036 6.63512
      vertex 1.16934 2.82304 7.07308
      vertex 1.52782 2.64626 7.07308
    endloop
  endfacet
  facet normal 0.195945 0.577226 0.792726
    outer loop
      vertex 0.938581 3.50284 6.63512
      vertex 0.790856 2.95152 7.07308
      vertex 1.16934 2.82304 7.07308
    endloop
  endfacet
  facet normal 0.255222 0.751839 0.607947
    outer loop
      vertex 1.75004 4.22498 5.55564
      vertex 1.07025 3.99422 6.1264
      vertex 1.58244 3.82035 6.1264
    endloop
  endfacet
  facet normal 0.313077 0.634869 0.706345
    outer loop
      vertex 1.58244 3.82035 6.1264
      vertex 1.38776 3.35036 6.63512
      vertex 1.8132 3.14056 6.63512
    endloop
  endfacet
  facet normal 0.123235 0.363041 0.923588
    outer loop
      vertex 0.93091 2.24742 7.4328
      vertex 0.6296 2.3497 7.4328
      vertex 0.676552 1.63334 7.70812
    endloop
  endfacet
  facet normal 0.596945 0.523505 0.607946
    outer loop
      vertex 3.62807 2.78392 5.55564
      vertex 3.23366 3.23366 5.55564
      vertex 3.28061 2.5173 6.1264
    endloop
  endfacet
  facet normal 0.532196 0.466731 0.706349
    outer loop
      vertex 2.92397 2.92397 6.1264
      vertex 2.56425 2.56425 6.63512
      vertex 2.87702 2.20761 6.63512
    endloop
  endfacet
  facet normal 0.751845 0.255216 0.607942
    outer loop
      vertex 4.22498 1.75004 5.55564
      vertex 3.99422 1.07025 6.1264
      vertex 4.41726 1.1836 5.55564
    endloop
  endfacet
  facet normal 0.849843 0.169044 0.499191
    outer loop
      vertex 4.53396 0.596907 5.55564
      vertex 4.45953 1.1354 5.5
      vertex 4.41726 1.1836 5.55564
    endloop
  endfacet
  facet normal 0.849834 0.169044 0.499206
    outer loop
      vertex 4.45953 1.1354 5.5
      vertex 4.53396 0.596907 5.55564
      vertex 4.56581 0.601099 5.5
    endloop
  endfacet
  facet normal 0.481405 0.720528 0.499088
    outer loop
      vertex 2.3026 3.98822 5.5
      vertex 2.28654 3.96041 5.55564
      vertex 2.35051 3.95621 5.5
    endloop
  endfacet
  facet normal 0.441112 0.660168 0.607946
    outer loop
      vertex 2.78392 3.62807 5.55564
      vertex 2.28654 3.96041 5.55564
      vertex 2.5173 3.28061 6.1264
    endloop
  endfacet
  facet normal -0.596944 -0.523506 0.607947
    outer loop
      vertex -2.92397 -2.92397 6.1264
      vertex -3.28061 -2.5173 6.1264
      vertex -3.23366 -3.23366 5.55564
    endloop
  endfacet
  facet normal -0.7121 -0.351165 0.607945
    outer loop
      vertex -3.58112 -2.06756 6.1264
      vertex -4.22498 -1.75004 5.55564
      vertex -3.96041 -2.28654 5.55564
    endloop
  endfacet
  facet normal -0.588567 -0.393273 0.706346
    outer loop
      vertex -2.87702 -2.20761 6.63512
      vertex -3.58112 -2.06756 6.1264
      vertex -3.28061 -2.5173 6.1264
    endloop
  endfacet
  facet normal -0.4164 0.278235 0.865561
    outer loop
      vertex -2.4242 1.86015 7.07308
      vertex -2.64626 1.52782 7.07308
      vertex -2.10668 1.21629 7.4328
    endloop
  endfacet
  facet normal -0.49119 0.0976952 0.865556
    outer loop
      vertex -2.95152 0.790856 7.07308
      vertex -3.02949 0.39884 7.07308
      vertex -2.41178 0.317516 7.4328
    endloop
  endfacet
  facet normal -0.49974 -0.0327529 0.865556
    outer loop
      vertex -2.43259 0 7.4328
      vertex -3.02949 -0.39884 7.07308
      vertex -2.41178 -0.317516 7.4328
    endloop
  endfacet
  facet normal -0.506844 0.338667 0.792725
    outer loop
      vertex -2.87702 2.20761 6.63512
      vertex -3.14056 1.8132 6.63512
      vertex -2.64626 1.52782 7.07308
    endloop
  endfacet
  facet normal -0.751839 0.255222 0.607947
    outer loop
      vertex -3.82035 1.58244 6.1264
      vertex -4.22498 1.75004 5.55564
      vertex -3.99422 1.07025 6.1264
    endloop
  endfacet
  facet normal -0.849834 0.169044 0.499206
    outer loop
      vertex -4.53396 0.596907 5.55564
      vertex -4.45953 1.1354 5.5
      vertex -4.56581 0.601099 5.5
    endloop
  endfacet
  facet normal -0.849843 0.169044 0.499191
    outer loop
      vertex -4.45953 1.1354 5.5
      vertex -4.53396 0.596907 5.55564
      vertex -4.41726 1.1836 5.55564
    endloop
  endfacet
  facet normal -0.506843 0.338668 0.792726
    outer loop
      vertex -2.4242 1.86015 7.07308
      vertex -2.87702 2.20761 6.63512
      vertex -2.64626 1.52782 7.07308
    endloop
  endfacet
  facet normal -0.532196 0.466731 0.706349
    outer loop
      vertex -2.56425 2.56425 6.63512
      vertex -2.92397 2.92397 6.1264
      vertex -2.87702 2.20761 6.63512
    endloop
  endfacet
  facet normal -0.7121 0.351162 0.607947
    outer loop
      vertex -3.58112 2.06756 6.1264
      vertex -4.22498 1.75004 5.55564
      vertex -3.82035 1.58244 6.1264
    endloop
  endfacet
  facet normal -0.777187 0.383273 0.499082
    outer loop
      vertex -4.22917 1.81401 5.5
      vertex -3.96041 2.28654 5.55564
      vertex -3.98822 2.3026 5.5
    endloop
  endfacet
  facet normal -0.777156 0.383247 0.499149
    outer loop
      vertex -3.96041 2.28654 5.55564
      vertex -4.22917 1.81401 5.5
      vertex -4.22498 1.75004 5.55564
    endloop
  endfacet
  facet normal -0.23259 0.114699 0.965788
    outer loop
      vertex -1.53106 0.883958 7.70812
      vertex -1.63334 0.676552 7.70812
      vertex -0.99132 0.410618 7.89432
    endloop
  endfacet
  facet normal -0.245569 0.0833657 0.965788
    outer loop
      vertex -1.63334 0.676552 7.70812
      vertex -1.70768 0.45757 7.70812
      vertex -1.03644 0.277712 7.89432
    endloop
  endfacet
  facet normal -0.194978 0.170989 0.965788
    outer loop
      vertex -0.758723 0.758723 7.89432
      vertex -1.40258 1.07624 7.70812
      vertex -0.851265 0.653198 7.89432
    endloop
  endfacet
  facet normal -0.820544 0.27853 0.499128
    outer loop
      vertex -4.42976 1.24647 5.5
      vertex -4.22498 1.75004 5.55564
      vertex -4.25465 1.76234 5.5
    endloop
  endfacet
  facet normal -0.820565 0.278544 0.499085
    outer loop
      vertex -4.22498 1.75004 5.55564
      vertex -4.42976 1.24647 5.5
      vertex -4.41726 1.1836 5.55564
    endloop
  endfacet
  facet normal -0.777163 0.383242 0.499143
    outer loop
      vertex -4.22917 1.81401 5.5
      vertex -4.25465 1.76234 5.5
      vertex -4.22498 1.75004 5.55564
    endloop
  endfacet
  facet normal -0.864659 -0.0566731 0.499152
    outer loop
      vertex -4.56957 -0.543605 5.5
      vertex -4.57308 0 5.55564
      vertex -4.6052 0 5.5
    endloop
  endfacet
  facet normal -0.864681 -0.0566693 0.499114
    outer loop
      vertex -4.57308 0 5.55564
      vertex -4.56957 -0.543605 5.5
      vertex -4.53396 -0.596907 5.55564
    endloop
  endfacet
  facet normal -0.694268 0.138092 0.706345
    outer loop
      vertex -3.99422 1.07025 6.1264
      vertex -4.09974 0.539741 6.1264
      vertex -3.50284 0.938581 6.63512
    endloop
  endfacet
  facet normal -0.777156 -0.383247 0.499149
    outer loop
      vertex -4.22917 -1.81401 5.5
      vertex -3.96041 -2.28654 5.55564
      vertex -4.22498 -1.75004 5.55564
    endloop
  endfacet
  facet normal -0.777187 -0.383273 0.499082
    outer loop
      vertex -3.96041 -2.28654 5.55564
      vertex -4.22917 -1.81401 5.5
      vertex -3.98822 -2.3026 5.5
    endloop
  endfacet
  facet normal -0.751839 -0.255222 0.607947
    outer loop
      vertex -3.99422 -1.07025 6.1264
      vertex -4.22498 -1.75004 5.55564
      vertex -3.82035 -1.58244 6.1264
    endloop
  endfacet
  facet normal -0.49119 -0.0976952 0.865556
    outer loop
      vertex -2.41178 -0.317516 7.4328
      vertex -3.02949 -0.39884 7.07308
      vertex -2.95152 -0.790856 7.07308
    endloop
  endfacet
  facet normal -0.597867 -0.118913 0.792726
    outer loop
      vertex -3.02949 -0.39884 7.07308
      vertex -3.50284 -0.938581 6.63512
      vertex -2.95152 -0.790856 7.07308
    endloop
  endfacet
  facet normal -0.577227 -0.195948 0.792726
    outer loop
      vertex -2.82304 -1.16934 7.07308
      vertex -3.50284 -0.938581 6.63512
      vertex -3.35036 -1.38776 6.63512
    endloop
  endfacet
  facet normal -0.634869 -0.313077 0.706345
    outer loop
      vertex -3.35036 -1.38776 6.63512
      vertex -3.82035 -1.58244 6.1264
      vertex -3.14056 -1.8132 6.63512
    endloop
  endfacet
  facet normal -0.532202 -0.466729 0.706347
    outer loop
      vertex -2.87702 -2.20761 6.63512
      vertex -3.28061 -2.5173 6.1264
      vertex -2.92397 -2.92397 6.1264
    endloop
  endfacet
  facet normal -0.458302 -0.401927 0.792725
    outer loop
      vertex -2.4242 -1.86015 7.07308
      vertex -2.87702 -2.20761 6.63512
      vertex -2.56425 -2.56425 6.63512
    endloop
  endfacet
  facet normal -0.269606 -0.546716 0.792726
    outer loop
      vertex -1.52782 -2.64626 7.07308
      vertex -1.8132 -3.14056 6.63512
      vertex -1.38776 -3.35036 6.63512
    endloop
  endfacet
  facet normal -0.466731 -0.532196 0.706349
    outer loop
      vertex -2.56425 -2.56425 6.63512
      vertex -2.92397 -2.92397 6.1264
      vertex -2.20761 -2.87702 6.63512
    endloop
  endfacet
  facet normal -0.474228 -0.160981 0.865559
    outer loop
      vertex -2.3497 -0.6296 7.4328
      vertex -2.95152 -0.790856 7.07308
      vertex -2.82304 -1.16934 7.07308
    endloop
  endfacet
  facet normal 0.0420461 0.123851 0.99141
    outer loop
      vertex 0.277712 1.03644 7.89432
      vertex 0.0931015 0.34746 7.98822
      vertex 0.410618 0.99132 7.89432
    endloop
  endfacet
  facet normal -0.0505876 -0.254352 0.965788
    outer loop
      vertex -0.140054 -1.06382 7.89432
      vertex -0.45757 -1.70768 7.70812
      vertex -0.230759 -1.75279 7.70812
    endloop
  endfacet
  facet normal -0.118919 -0.597862 0.792729
    outer loop
      vertex -0.39884 -3.02949 7.07308
      vertex -0.938581 -3.50284 6.63512
      vertex -0.47334 -3.59538 6.63512
    endloop
  endfacet
  facet normal 0.383247 -0.777156 0.499149
    outer loop
      vertex 1.81401 -4.22917 5.5
      vertex 2.28654 -3.96041 5.55564
      vertex 1.75004 -4.22498 5.55564
    endloop
  endfacet
  facet normal 0.383273 -0.777187 0.499082
    outer loop
      vertex 2.28654 -3.96041 5.55564
      vertex 1.81401 -4.22917 5.5
      vertex 2.3026 -3.98822 5.5
    endloop
  endfacet
  facet normal 0.481405 -0.720528 0.499088
    outer loop
      vertex 2.35051 -3.95621 5.5
      vertex 2.28654 -3.96041 5.55564
      vertex 2.3026 -3.98822 5.5
    endloop
  endfacet
  facet normal 0.441112 -0.660168 0.607946
    outer loop
      vertex 2.5173 -3.28061 6.1264
      vertex 2.28654 -3.96041 5.55564
      vertex 2.78392 -3.62807 5.55564
    endloop
  endfacet
  facet normal 0.523505 -0.596945 0.607946
    outer loop
      vertex 3.23366 -3.23366 5.55564
      vertex 2.5173 -3.28061 6.1264
      vertex 2.78392 -3.62807 5.55564
    endloop
  endfacet
  facet normal 0.255216 -0.751845 0.607942
    outer loop
      vertex 1.75004 -4.22498 5.55564
      vertex 1.07025 -3.99422 6.1264
      vertex 1.1836 -4.41726 5.55564
    endloop
  endfacet
  facet normal 0.351162 -0.7121 0.607947
    outer loop
      vertex 2.06756 -3.58112 6.1264
      vertex 1.58244 -3.82035 6.1264
      vertex 1.75004 -4.22498 5.55564
    endloop
  endfacet
  facet normal 0.466731 -0.532196 0.706349
    outer loop
      vertex 2.56425 -2.56425 6.63512
      vertex 2.20761 -2.87702 6.63512
      vertex 2.92397 -2.92397 6.1264
    endloop
  endfacet
  facet normal -0.255222 -0.751839 0.607947
    outer loop
      vertex -1.58244 -3.82035 6.1264
      vertex -1.75004 -4.22498 5.55564
      vertex -1.07025 -3.99422 6.1264
    endloop
  endfacet
  facet normal -0.0565457 -0.864637 0.499204
    outer loop
      vertex -0.596907 -4.53396 5.55564
      vertex -0.601099 -4.56581 5.5
      vertex -0.543605 -4.56957 5.5
    endloop
  endfacet
  facet normal -0.169044 -0.849843 0.499191
    outer loop
      vertex -1.1354 -4.45953 5.5
      vertex -0.596907 -4.53396 5.55564
      vertex -1.1836 -4.41726 5.55564
    endloop
  endfacet
  facet normal -0.169044 -0.849834 0.499206
    outer loop
      vertex -0.596907 -4.53396 5.55564
      vertex -1.1354 -4.45953 5.5
      vertex -0.601099 -4.56581 5.5
    endloop
  endfacet
  facet normal -0.227542 -0.670299 0.706345
    outer loop
      vertex -0.938581 -3.50284 6.63512
      vertex -1.58244 -3.82035 6.1264
      vertex -1.07025 -3.99422 6.1264
    endloop
  endfacet
  facet normal 0.118919 -0.597862 0.792729
    outer loop
      vertex 0.938581 -3.50284 6.63512
      vertex 0.39884 -3.02949 7.07308
      vertex 0.47334 -3.59538 6.63512
    endloop
  endfacet
  facet normal 0.466729 -0.532202 0.706347
    outer loop
      vertex 2.92397 -2.92397 6.1264
      vertex 2.20761 -2.87702 6.63512
      vertex 2.5173 -3.28061 6.1264
    endloop
  endfacet
  facet normal -0.0398625 -0.60827 0.792729
    outer loop
      vertex -0.39884 -3.02949 7.07308
      vertex -0.47334 -3.59538 6.63512
      vertex 0 -3.6264 6.63512
    endloop
  endfacet
  facet normal -0.0398818 -0.608277 0.792722
    outer loop
      vertex 0 -3.05564 7.07308
      vertex -0.39884 -3.02949 7.07308
      vertex 0 -3.6264 6.63512
    endloop
  endfacet
  facet normal -0.123235 -0.363041 0.923588
    outer loop
      vertex -0.676552 -1.63334 7.70812
      vertex -0.93091 -2.24742 7.4328
      vertex -0.6296 -2.3497 7.4328
    endloop
  endfacet
  facet normal -0.0976952 -0.49119 0.865556
    outer loop
      vertex -0.317516 -2.41178 7.4328
      vertex -0.790856 -2.95152 7.07308
      vertex -0.39884 -3.02949 7.07308
    endloop
  endfacet
  facet normal -0.571342 -0.651501 0.499115
    outer loop
      vertex -3.23366 -3.23366 5.55564
      vertex -3.25637 -3.25637 5.5
      vertex -3.21305 -3.29436 5.5
    endloop
  endfacet
  facet normal 0.144078 -0.215627 0.965788
    outer loop
      vertex 0.653198 -0.851265 7.89432
      vertex 0.536498 -0.929242 7.89432
      vertex 1.07624 -1.40258 7.70812
    endloop
  endfacet
  facet normal 0.254351 -0.0505901 0.965788
    outer loop
      vertex 1.06382 -0.140054 7.89432
      vertex 1.03644 -0.277712 7.89432
      vertex 1.70768 -0.45757 7.70812
    endloop
  endfacet
  facet normal 0.343854 -0.169568 0.923586
    outer loop
      vertex 1.63334 -0.676552 7.70812
      vertex 1.53106 -0.883958 7.70812
      vertex 2.10668 -1.21629 7.4328
    endloop
  endfacet
  facet normal 0.449158 -0.22151 0.865558
    outer loop
      vertex 2.24742 -0.93091 7.4328
      vertex 2.10668 -1.21629 7.4328
      vertex 2.82304 -1.16934 7.07308
    endloop
  endfacet
  facet normal 0.416412 -0.278227 0.865558
    outer loop
      vertex 2.10668 -1.21629 7.4328
      vertex 1.9299 -1.48087 7.4328
      vertex 2.4242 -1.86015 7.07308
    endloop
  endfacet
  facet normal 0.449158 -0.221497 0.865561
    outer loop
      vertex 2.82304 -1.16934 7.07308
      vertex 2.10668 -1.21629 7.4328
      vertex 2.64626 -1.52782 7.07308
    endloop
  endfacet
  facet normal 0.343847 -0.169574 0.923587
    outer loop
      vertex 2.24742 -0.93091 7.4328
      vertex 1.63334 -0.676552 7.70812
      vertex 2.10668 -1.21629 7.4328
    endloop
  endfacet
  facet normal 0.215627 -0.144078 0.965788
    outer loop
      vertex 0.929242 -0.536498 7.89432
      vertex 0.851265 -0.653198 7.89432
      vertex 1.40258 -1.07624 7.70812
    endloop
  endfacet
  facet normal 0.254352 -0.0505876 0.965788
    outer loop
      vertex 1.75279 -0.230759 7.70812
      vertex 1.06382 -0.140054 7.89432
      vertex 1.70768 -0.45757 7.70812
    endloop
  endfacet
  facet normal 0.258779 -0.0169671 0.965788
    outer loop
      vertex 1.76792 0 7.70812
      vertex 1.06382 -0.140054 7.89432
      vertex 1.75279 -0.230759 7.70812
    endloop
  endfacet
  facet normal -0.383242 0.777163 0.499143
    outer loop
      vertex -1.76234 4.25465 5.5
      vertex -1.81401 4.22917 5.5
      vertex -1.75004 4.22498 5.55564
    endloop
  endfacet
  facet normal 0.532202 -0.466729 0.706347
    outer loop
      vertex 3.28061 -2.5173 6.1264
      vertex 2.87702 -2.20761 6.63512
      vertex 2.92397 -2.92397 6.1264
    endloop
  endfacet
  facet normal 0.596944 -0.523506 0.607947
    outer loop
      vertex 3.28061 -2.5173 6.1264
      vertex 2.92397 -2.92397 6.1264
      vertex 3.23366 -3.23366 5.55564
    endloop
  endfacet
  facet normal 0.597862 0.118919 0.792729
    outer loop
      vertex 3.50284 0.938581 6.63512
      vertex 3.02949 0.39884 7.07308
      vertex 3.59538 0.47334 6.63512
    endloop
  endfacet
  facet normal 0.694269 0.138095 0.706343
    outer loop
      vertex 4.09974 0.539741 6.1264
      vertex 3.50284 0.938581 6.63512
      vertex 3.59538 0.47334 6.63512
    endloop
  endfacet
  facet normal 0.694269 -0.138095 0.706343
    outer loop
      vertex 3.59538 -0.47334 6.63512
      vertex 3.50284 -0.938581 6.63512
      vertex 4.09974 -0.539741 6.1264
    endloop
  endfacet
  facet normal 0.597862 -0.118919 0.792729
    outer loop
      vertex 3.59538 -0.47334 6.63512
      vertex 3.02949 -0.39884 7.07308
      vertex 3.50284 -0.938581 6.63512
    endloop
  endfacet
  facet normal 0.670299 -0.227542 0.706345
    outer loop
      vertex 3.99422 -1.07025 6.1264
      vertex 3.50284 -0.938581 6.63512
      vertex 3.82035 -1.58244 6.1264
    endloop
  endfacet
  facet normal 0.670299 -0.227542 0.706345
    outer loop
      vertex 3.50284 -0.938581 6.63512
      vertex 3.35036 -1.38776 6.63512
      vertex 3.82035 -1.58244 6.1264
    endloop
  endfacet
  facet normal 0.864681 0.0566693 0.499114
    outer loop
      vertex 4.57308 0 5.55564
      vertex 4.56957 0.543605 5.5
      vertex 4.53396 0.596907 5.55564
    endloop
  endfacet
  facet normal 0.864659 0.0566731 0.499152
    outer loop
      vertex 4.56957 0.543605 5.5
      vertex 4.57308 0 5.55564
      vertex 4.6052 0 5.5
    endloop
  endfacet
  facet normal 0.864637 0.0565457 0.499204
    outer loop
      vertex 4.56581 0.601099 5.5
      vertex 4.53396 0.596907 5.55564
      vertex 4.56957 0.543605 5.5
    endloop
  endfacet
  facet normal 0.720528 -0.481405 0.499088
    outer loop
      vertex 3.96041 -2.28654 5.55564
      vertex 3.95621 -2.35051 5.5
      vertex 3.98822 -2.3026 5.5
    endloop
  endfacet
  facet normal 0.651502 -0.571349 0.499104
    outer loop
      vertex 3.62807 -2.78392 5.55564
      vertex 3.29436 -3.21305 5.5
      vertex 3.65355 -2.80347 5.5
    endloop
  endfacet
  facet normal 0.651499 -0.571347 0.499111
    outer loop
      vertex 3.29436 -3.21305 5.5
      vertex 3.62807 -2.78392 5.55564
      vertex 3.23366 -3.23366 5.55564
    endloop
  endfacet
  facet normal 0.634869 -0.313077 0.706346
    outer loop
      vertex 3.82035 -1.58244 6.1264
      vertex 3.14056 -1.8132 6.63512
      vertex 3.58112 -2.06756 6.1264
    endloop
  endfacet
  facet normal 0.634869 -0.313077 0.706345
    outer loop
      vertex 3.35036 -1.38776 6.63512
      vertex 3.14056 -1.8132 6.63512
      vertex 3.82035 -1.58244 6.1264
    endloop
  endfacet
  facet normal 0.144079 -0.215627 0.965788
    outer loop
      vertex 1.07624 -1.40258 7.70812
      vertex 0.536498 -0.929242 7.89432
      vertex 0.883958 -1.53106 7.70812
    endloop
  endfacet
  facet normal 0.288253 -0.252775 0.923588
    outer loop
      vertex 1.40258 -1.07624 7.70812
      vertex 1.25011 -1.25011 7.70812
      vertex 1.9299 -1.48087 7.4328
    endloop
  endfacet
  facet normal 0.128281 0.0255149 0.99141
    outer loop
      vertex 1.03644 0.277712 7.89432
      vertex 0.34746 0.0931015 7.98822
      vertex 1.06382 0.140054 7.89432
    endloop
  endfacet
  facet normal 0.254352 0.0505876 0.965788
    outer loop
      vertex 1.70768 0.45757 7.70812
      vertex 1.06382 0.140054 7.89432
      vertex 1.75279 0.230759 7.70812
    endloop
  endfacet
  facet normal 0.232588 0.114701 0.965788
    outer loop
      vertex 1.53106 0.883958 7.70812
      vertex 0.929242 0.536498 7.89432
      vertex 0.99132 0.410618 7.89432
    endloop
  endfacet
  facet normal -0.072666 -0.108752 0.991409
    outer loop
      vertex -0.218982 -0.285382 7.98822
      vertex -0.653198 -0.851265 7.89432
      vertex -0.536498 -0.929242 7.89432
    endloop
  endfacet
  facet normal -0.288253 -0.252775 0.923588
    outer loop
      vertex -1.40258 -1.07624 7.70812
      vertex -1.9299 -1.48087 7.4328
      vertex -1.25011 -1.25011 7.70812
    endloop
  endfacet
  facet normal 0.0862389 0.0983364 0.991409
    outer loop
      vertex 0.758723 0.758723 7.89432
      vertex 0.218982 0.285382 7.98822
      vertex 0.254358 0.254358 7.98822
    endloop
  endfacet
  facet normal 0.194978 0.170989 0.965788
    outer loop
      vertex 1.40258 1.07624 7.70812
      vertex 0.758723 0.758723 7.89432
      vertex 0.851265 0.653198 7.89432
    endloop
  endfacet
  facet normal 0.0833657 0.245569 0.965788
    outer loop
      vertex 0.45757 1.70768 7.70812
      vertex 0.277712 1.03644 7.89432
      vertex 0.676552 1.63334 7.70812
    endloop
  endfacet
  facet normal 0.123245 0.363041 0.923586
    outer loop
      vertex 0.6296 2.3497 7.4328
      vertex 0.45757 1.70768 7.70812
      vertex 0.676552 1.63334 7.70812
    endloop
  endfacet
  facet normal 0.0085532 0.130514 0.99141
    outer loop
      vertex 0.140054 1.06382 7.89432
      vertex 0 0.359716 7.98822
      vertex 0.0469522 0.356639 7.98822
    endloop
  endfacet
  facet normal 0.144078 0.215627 0.965788
    outer loop
      vertex 1.07624 1.40258 7.70812
      vertex 0.536498 0.929242 7.89432
      vertex 0.653198 0.851265 7.89432
    endloop
  endfacet
  facet normal -0.254351 -0.0505901 0.965788
    outer loop
      vertex -1.06382 -0.140054 7.89432
      vertex -1.70768 -0.45757 7.70812
      vertex -1.03644 -0.277712 7.89432
    endloop
  endfacet
  facet normal 0.108753 0.0726639 0.99141
    outer loop
      vertex 0.929242 0.536498 7.89432
      vertex 0.285382 0.218982 7.98822
      vertex 0.311523 0.179858 7.98822
    endloop
  endfacet
  facet normal 0.449158 0.22151 0.865558
    outer loop
      vertex 2.82304 1.16934 7.07308
      vertex 2.10668 1.21629 7.4328
      vertex 2.24742 0.93091 7.4328
    endloop
  endfacet
  facet normal 0.363041 0.123235 0.923588
    outer loop
      vertex 2.24742 0.93091 7.4328
      vertex 1.63334 0.676552 7.70812
      vertex 2.3497 0.6296 7.4328
    endloop
  endfacet
  facet normal 0.466731 0.532196 0.706349
    outer loop
      vertex 2.92397 2.92397 6.1264
      vertex 2.20761 2.87702 6.63512
      vertex 2.56425 2.56425 6.63512
    endloop
  endfacet
  facet normal 0.458302 0.401927 0.792725
    outer loop
      vertex 2.56425 2.56425 6.63512
      vertex 2.4242 1.86015 7.07308
      vertex 2.87702 2.20761 6.63512
    endloop
  endfacet
  facet normal 0.330206 0.376528 0.865558
    outer loop
      vertex 1.86015 2.4242 7.07308
      vertex 1.48087 1.9299 7.4328
      vertex 2.16066 2.16066 7.07308
    endloop
  endfacet
  facet normal 0.288248 0.252788 0.923586
    outer loop
      vertex 1.7201 1.7201 7.4328
      vertex 1.25011 1.25011 7.70812
      vertex 1.9299 1.48087 7.4328
    endloop
  endfacet
  facet normal 0.318779 0.212993 0.923587
    outer loop
      vertex 1.9299 1.48087 7.4328
      vertex 1.40258 1.07624 7.70812
      vertex 2.10668 1.21629 7.4328
    endloop
  endfacet
  facet normal 0.416412 0.278227 0.865558
    outer loop
      vertex 2.4242 1.86015 7.07308
      vertex 1.9299 1.48087 7.4328
      vertex 2.10668 1.21629 7.4328
    endloop
  endfacet
  facet normal 0.245569 0.0833657 0.965788
    outer loop
      vertex 1.63334 0.676552 7.70812
      vertex 1.03644 0.277712 7.89432
      vertex 1.70768 0.45757 7.70812
    endloop
  endfacet
  facet normal 0.376023 0.0747988 0.923586
    outer loop
      vertex 2.3497 0.6296 7.4328
      vertex 1.70768 0.45757 7.70812
      vertex 2.41178 0.317516 7.4328
    endloop
  endfacet
  facet normal 0.376021 0.0747861 0.923588
    outer loop
      vertex 2.41178 0.317516 7.4328
      vertex 1.70768 0.45757 7.70812
      vertex 1.75279 0.230759 7.70812
    endloop
  endfacet
  facet normal 0.382564 0.0250833 0.923588
    outer loop
      vertex 2.41178 0.317516 7.4328
      vertex 1.75279 0.230759 7.70812
      vertex 1.76792 0 7.70812
    endloop
  endfacet
  facet normal 0.0505901 0.254351 0.965788
    outer loop
      vertex 0.45757 1.70768 7.70812
      vertex 0.140054 1.06382 7.89432
      vertex 0.277712 1.03644 7.89432
    endloop
  endfacet
  facet normal 0.0747988 0.376023 0.923586
    outer loop
      vertex 0.6296 2.3497 7.4328
      vertex 0.317516 2.41178 7.4328
      vertex 0.45757 1.70768 7.70812
    endloop
  endfacet
  facet normal 0.227542 0.670299 0.706345
    outer loop
      vertex 1.58244 3.82035 6.1264
      vertex 0.938581 3.50284 6.63512
      vertex 1.38776 3.35036 6.63512
    endloop
  endfacet
  facet normal 0.0463011 0.706348 0.706348
    outer loop
      vertex 0 4.13512 6.1264
      vertex 0 3.6264 6.63512
      vertex 0.539741 4.09974 6.1264
    endloop
  endfacet
  facet normal -0.466731 0.532196 0.706349
    outer loop
      vertex -2.20761 2.87702 6.63512
      vertex -2.92397 2.92397 6.1264
      vertex -2.56425 2.56425 6.63512
    endloop
  endfacet
  facet normal -0.458302 0.401927 0.792725
    outer loop
      vertex -2.56425 2.56425 6.63512
      vertex -2.87702 2.20761 6.63512
      vertex -2.4242 1.86015 7.07308
    endloop
  endfacet
  facet normal -0.474231 0.160978 0.865558
    outer loop
      vertex -2.24742 0.93091 7.4328
      vertex -2.82304 1.16934 7.07308
      vertex -2.3497 0.6296 7.4328
    endloop
  endfacet
  facet normal -0.363041 0.123235 0.923588
    outer loop
      vertex -2.24742 0.93091 7.4328
      vertex -2.3497 0.6296 7.4328
      vertex -1.63334 0.676552 7.70812
    endloop
  endfacet
  facet normal -0.596944 0.523506 0.607947
    outer loop
      vertex -3.23366 3.23366 5.55564
      vertex -3.28061 2.5173 6.1264
      vertex -2.92397 2.92397 6.1264
    endloop
  endfacet
  facet normal -0.441115 0.660168 0.607944
    outer loop
      vertex -2.28654 3.96041 5.55564
      vertex -2.5173 3.28061 6.1264
      vertex -2.06756 3.58112 6.1264
    endloop
  endfacet
  facet normal -0.351165 0.7121 0.607945
    outer loop
      vertex -1.75004 4.22498 5.55564
      vertex -2.28654 3.96041 5.55564
      vertex -2.06756 3.58112 6.1264
    endloop
  endfacet
  facet normal -0.313077 0.634869 0.706345
    outer loop
      vertex -1.58244 3.82035 6.1264
      vertex -1.8132 3.14056 6.63512
      vertex -1.38776 3.35036 6.63512
    endloop
  endfacet
  facet normal -0.481424 0.720499 0.499112
    outer loop
      vertex -2.35051 3.95621 5.5
      vertex -2.78392 3.62807 5.55564
      vertex -2.28654 3.96041 5.55564
    endloop
  endfacet
  facet normal -0.481426 0.720501 0.499106
    outer loop
      vertex -2.78392 3.62807 5.55564
      vertex -2.35051 3.95621 5.5
      vertex -2.80347 3.65355 5.5
    endloop
  endfacet
  facet normal -0.596945 0.523505 0.607946
    outer loop
      vertex -3.23366 3.23366 5.55564
      vertex -3.62807 2.78392 5.55564
      vertex -3.28061 2.5173 6.1264
    endloop
  endfacet
  facet normal -0.169044 0.849834 0.499206
    outer loop
      vertex -1.1354 4.45953 5.5
      vertex -0.596907 4.53396 5.55564
      vertex -0.601099 4.56581 5.5
    endloop
  endfacet
  facet normal -0.169044 0.849843 0.499191
    outer loop
      vertex -0.596907 4.53396 5.55564
      vertex -1.1354 4.45953 5.5
      vertex -1.1836 4.41726 5.55564
    endloop
  endfacet
  facet normal -0.0566731 0.864659 0.499152
    outer loop
      vertex -0.543605 4.56957 5.5
      vertex 0 4.57308 5.55564
      vertex 0 4.6052 5.5
    endloop
  endfacet
  facet normal -0.0566693 0.864681 0.499114
    outer loop
      vertex 0 4.57308 5.55564
      vertex -0.543605 4.56957 5.5
      vertex -0.596907 4.53396 5.55564
    endloop
  endfacet
  facet normal 0.169036 0.849841 0.499196
    outer loop
      vertex 1.19191 4.44829 5.5
      vertex 1.1354 4.45953 5.5
      vertex 1.1836 4.41726 5.55564
    endloop
  endfacet
  facet normal -0.481405 0.720528 0.499088
    outer loop
      vertex -2.3026 3.98822 5.5
      vertex -2.35051 3.95621 5.5
      vertex -2.28654 3.96041 5.55564
    endloop
  endfacet
  facet normal 0.532202 0.466729 0.706347
    outer loop
      vertex 2.92397 2.92397 6.1264
      vertex 2.87702 2.20761 6.63512
      vertex 3.28061 2.5173 6.1264
    endloop
  endfacet
  facet normal 0.393273 0.588567 0.706346
    outer loop
      vertex 2.5173 3.28061 6.1264
      vertex 2.06756 3.58112 6.1264
      vertex 2.20761 2.87702 6.63512
    endloop
  endfacet
  facet normal 0.227542 0.670299 0.706345
    outer loop
      vertex 1.07025 3.99422 6.1264
      vertex 0.938581 3.50284 6.63512
      vertex 1.58244 3.82035 6.1264
    endloop
  endfacet
  facet normal 0.269606 0.546716 0.792726
    outer loop
      vertex 1.8132 3.14056 6.63512
      vertex 1.38776 3.35036 6.63512
      vertex 1.52782 2.64626 7.07308
    endloop
  endfacet
  facet normal 0.255216 0.751845 0.607942
    outer loop
      vertex 1.1836 4.41726 5.55564
      vertex 1.07025 3.99422 6.1264
      vertex 1.75004 4.22498 5.55564
    endloop
  endfacet
  facet normal 0.154891 0.778723 0.607947
    outer loop
      vertex 0.596907 4.53396 5.55564
      vertex 0.539741 4.09974 6.1264
      vertex 1.07025 3.99422 6.1264
    endloop
  endfacet
  facet normal 0.0519338 0.792278 0.607947
    outer loop
      vertex 0.596907 4.53396 5.55564
      vertex 0 4.13512 6.1264
      vertex 0.539741 4.09974 6.1264
    endloop
  endfacet
  facet normal 0.221497 0.449158 0.865561
    outer loop
      vertex 1.52782 2.64626 7.07308
      vertex 1.16934 2.82304 7.07308
      vertex 1.21629 2.10668 7.4328
    endloop
  endfacet
  facet normal 0.278235 0.4164 0.865561
    outer loop
      vertex 1.52782 2.64626 7.07308
      vertex 1.21629 2.10668 7.4328
      vertex 1.86015 2.4242 7.07308
    endloop
  endfacet
  facet normal 0.0976952 0.49119 0.865556
    outer loop
      vertex 0.39884 3.02949 7.07308
      vertex 0.317516 2.41178 7.4328
      vertex 0.790856 2.95152 7.07308
    endloop
  endfacet
  facet normal 0.0977064 0.491182 0.86556
    outer loop
      vertex 0.790856 2.95152 7.07308
      vertex 0.317516 2.41178 7.4328
      vertex 0.6296 2.3497 7.4328
    endloop
  endfacet
  facet normal 0.596944 0.523506 0.607947
    outer loop
      vertex 3.23366 3.23366 5.55564
      vertex 2.92397 2.92397 6.1264
      vertex 3.28061 2.5173 6.1264
    endloop
  endfacet
  facet normal 0.523506 0.596944 0.607947
    outer loop
      vertex 3.23366 3.23366 5.55564
      vertex 2.5173 3.28061 6.1264
      vertex 2.92397 2.92397 6.1264
    endloop
  endfacet
  facet normal 0.588567 0.393274 0.706346
    outer loop
      vertex 3.58112 2.06756 6.1264
      vertex 2.87702 2.20761 6.63512
      vertex 3.14056 1.8132 6.63512
    endloop
  endfacet
  facet normal 0.634869 0.313077 0.706346
    outer loop
      vertex 3.58112 2.06756 6.1264
      vertex 3.14056 1.8132 6.63512
      vertex 3.82035 1.58244 6.1264
    endloop
  endfacet
  facet normal 0.820467 0.278652 0.499186
    outer loop
      vertex 4.42976 1.24647 5.5
      vertex 4.41726 1.1836 5.55564
      vertex 4.44829 1.19191 5.5
    endloop
  endfacet
  facet normal 0.849841 0.169036 0.499196
    outer loop
      vertex 4.44829 1.19191 5.5
      vertex 4.41726 1.1836 5.55564
      vertex 4.45953 1.1354 5.5
    endloop
  endfacet
  facet normal 0.383273 0.777187 0.499082
    outer loop
      vertex 1.81401 4.22917 5.5
      vertex 2.28654 3.96041 5.55564
      vertex 2.3026 3.98822 5.5
    endloop
  endfacet
  facet normal 0.383247 0.777156 0.499149
    outer loop
      vertex 2.28654 3.96041 5.55564
      vertex 1.81401 4.22917 5.5
      vertex 1.75004 4.22498 5.55564
    endloop
  endfacet
  facet normal 0.351165 0.7121 0.607945
    outer loop
      vertex 2.28654 3.96041 5.55564
      vertex 1.75004 4.22498 5.55564
      vertex 2.06756 3.58112 6.1264
    endloop
  endfacet
  facet normal -0.523505 -0.596945 0.607946
    outer loop
      vertex -2.5173 -3.28061 6.1264
      vertex -3.23366 -3.23366 5.55564
      vertex -2.78392 -3.62807 5.55564
    endloop
  endfacet
  facet normal -0.393274 -0.588567 0.706346
    outer loop
      vertex -1.8132 -3.14056 6.63512
      vertex -2.20761 -2.87702 6.63512
      vertex -2.06756 -3.58112 6.1264
    endloop
  endfacet
  facet normal -0.258778 -0.0169619 0.965788
    outer loop
      vertex -1.073 0 7.89432
      vertex -1.76792 0 7.70812
      vertex -1.06382 -0.140054 7.89432
    endloop
  endfacet
  facet normal -0.491182 0.0977064 0.86556
    outer loop
      vertex -2.3497 0.6296 7.4328
      vertex -2.95152 0.790856 7.07308
      vertex -2.41178 0.317516 7.4328
    endloop
  endfacet
  facet normal -0.318777 0.213002 0.923586
    outer loop
      vertex -1.40258 1.07624 7.70812
      vertex -2.10668 1.21629 7.4328
      vertex -1.53106 0.883958 7.70812
    endloop
  endfacet
  facet normal -0.232588 0.114701 0.965788
    outer loop
      vertex -0.929242 0.536498 7.89432
      vertex -1.53106 0.883958 7.70812
      vertex -0.99132 0.410618 7.89432
    endloop
  endfacet
  facet normal -0.215627 0.144079 0.965788
    outer loop
      vertex -1.40258 1.07624 7.70812
      vertex -1.53106 0.883958 7.70812
      vertex -0.929242 0.536498 7.89432
    endloop
  endfacet
  facet normal -0.194981 0.170983 0.965788
    outer loop
      vertex -1.25011 1.25011 7.70812
      vertex -1.40258 1.07624 7.70812
      vertex -0.758723 0.758723 7.89432
    endloop
  endfacet
  facet normal -0.597867 0.118913 0.792726
    outer loop
      vertex -2.95152 0.790856 7.07308
      vertex -3.50284 0.938581 6.63512
      vertex -3.02949 0.39884 7.07308
    endloop
  endfacet
  facet normal -0.577226 0.195945 0.792726
    outer loop
      vertex -2.82304 1.16934 7.07308
      vertex -3.50284 0.938581 6.63512
      vertex -2.95152 0.790856 7.07308
    endloop
  endfacet
  facet normal -0.778723 0.154891 0.607947
    outer loop
      vertex -3.99422 1.07025 6.1264
      vertex -4.53396 0.596907 5.55564
      vertex -4.09974 0.539741 6.1264
    endloop
  endfacet
  facet normal -0.706355 -0.0462904 0.706343
    outer loop
      vertex -3.6264 0 6.63512
      vertex -4.09974 -0.539741 6.1264
      vertex -3.59538 -0.47334 6.63512
    endloop
  endfacet
  facet normal -0.660168 0.441115 0.607944
    outer loop
      vertex -3.28061 2.5173 6.1264
      vertex -3.96041 2.28654 5.55564
      vertex -3.58112 2.06756 6.1264
    endloop
  endfacet
  facet normal -0.7121 0.351165 0.607945
    outer loop
      vertex -3.96041 2.28654 5.55564
      vertex -4.22498 1.75004 5.55564
      vertex -3.58112 2.06756 6.1264
    endloop
  endfacet
  facet normal -0.123851 -0.0420461 0.99141
    outer loop
      vertex -0.34746 -0.0931015 7.98822
      vertex -1.03644 -0.277712 7.89432
      vertex -0.99132 -0.410618 7.89432
    endloop
  endfacet
  facet normal -0.258778 0.0169619 0.965788
    outer loop
      vertex -1.06382 0.140054 7.89432
      vertex -1.76792 0 7.70812
      vertex -1.073 0 7.89432
    endloop
  endfacet
  facet normal 0.108753 -0.0726639 0.99141
    outer loop
      vertex 0.311523 -0.179858 7.98822
      vertex 0.285382 -0.218982 7.98822
      vertex 0.929242 -0.536498 7.89432
    endloop
  endfacet
  facet normal 0.170983 0.194981 0.965788
    outer loop
      vertex 1.07624 1.40258 7.70812
      vertex 0.758723 0.758723 7.89432
      vertex 1.25011 1.25011 7.70812
    endloop
  endfacet
  facet normal -0.0983364 -0.0862389 0.991409
    outer loop
      vertex -0.285382 -0.218982 7.98822
      vertex -0.758723 -0.758723 7.89432
      vertex -0.254358 -0.254358 7.98822
    endloop
  endfacet
  facet normal -0.114699 0.23259 0.965788
    outer loop
      vertex -0.676552 1.63334 7.70812
      vertex -0.883958 1.53106 7.70812
      vertex -0.410618 0.99132 7.89432
    endloop
  endfacet
  facet normal -0.376527 0.330207 0.865558
    outer loop
      vertex -1.7201 1.7201 7.4328
      vertex -2.16066 2.16066 7.07308
      vertex -1.9299 1.48087 7.4328
    endloop
  endfacet
  facet normal -0.792278 0.0519338 0.607947
    outer loop
      vertex -4.09974 0.539741 6.1264
      vertex -4.53396 0.596907 5.55564
      vertex -4.13512 0 6.1264
    endloop
  endfacet
  facet normal -0.670299 0.227542 0.706345
    outer loop
      vertex -3.82035 1.58244 6.1264
      vertex -3.99422 1.07025 6.1264
      vertex -3.50284 0.938581 6.63512
    endloop
  endfacet
  facet normal -0.670299 -0.227542 0.706345
    outer loop
      vertex -3.50284 -0.938581 6.63512
      vertex -3.82035 -1.58244 6.1264
      vertex -3.35036 -1.38776 6.63512
    endloop
  endfacet
  facet normal -0.670299 -0.227542 0.706345
    outer loop
      vertex -3.50284 -0.938581 6.63512
      vertex -3.99422 -1.07025 6.1264
      vertex -3.82035 -1.58244 6.1264
    endloop
  endfacet
  facet normal -0.449158 -0.22151 0.865558
    outer loop
      vertex -2.24742 -0.93091 7.4328
      vertex -2.82304 -1.16934 7.07308
      vertex -2.10668 -1.21629 7.4328
    endloop
  endfacet
  facet normal -0.4164 -0.278235 0.865561
    outer loop
      vertex -2.10668 -1.21629 7.4328
      vertex -2.64626 -1.52782 7.07308
      vertex -2.4242 -1.86015 7.07308
    endloop
  endfacet
  facet normal -0.608277 -0.0398818 0.792722
    outer loop
      vertex -3.05564 0 7.07308
      vertex -3.6264 0 6.63512
      vertex -3.02949 -0.39884 7.07308
    endloop
  endfacet
  facet normal -0.60827 -0.0398625 0.792729
    outer loop
      vertex -3.02949 -0.39884 7.07308
      vertex -3.6264 0 6.63512
      vertex -3.59538 -0.47334 6.63512
    endloop
  endfacet
  facet normal -0.588567 -0.393274 0.706346
    outer loop
      vertex -3.14056 -1.8132 6.63512
      vertex -3.58112 -2.06756 6.1264
      vertex -2.87702 -2.20761 6.63512
    endloop
  endfacet
  facet normal -0.546716 -0.269606 0.792726
    outer loop
      vertex -2.64626 -1.52782 7.07308
      vertex -3.35036 -1.38776 6.63512
      vertex -3.14056 -1.8132 6.63512
    endloop
  endfacet
  facet normal -0.330207 -0.376527 0.865558
    outer loop
      vertex -1.7201 -1.7201 7.4328
      vertex -2.16066 -2.16066 7.07308
      vertex -1.48087 -1.9299 7.4328
    endloop
  endfacet
  facet normal -0.401925 -0.458308 0.792724
    outer loop
      vertex -2.16066 -2.16066 7.07308
      vertex -2.56425 -2.56425 6.63512
      vertex -1.86015 -2.4242 7.07308
    endloop
  endfacet
  facet normal -0.393273 -0.588567 0.706346
    outer loop
      vertex -2.20761 -2.87702 6.63512
      vertex -2.5173 -3.28061 6.1264
      vertex -2.06756 -3.58112 6.1264
    endloop
  endfacet
  facet normal -0.441115 -0.660168 0.607944
    outer loop
      vertex -2.06756 -3.58112 6.1264
      vertex -2.5173 -3.28061 6.1264
      vertex -2.28654 -3.96041 5.55564
    endloop
  endfacet
  facet normal -0.313077 -0.634869 0.706345
    outer loop
      vertex -1.38776 -3.35036 6.63512
      vertex -1.8132 -3.14056 6.63512
      vertex -1.58244 -3.82035 6.1264
    endloop
  endfacet
  facet normal -0.227542 -0.670299 0.706345
    outer loop
      vertex -1.38776 -3.35036 6.63512
      vertex -1.58244 -3.82035 6.1264
      vertex -0.938581 -3.50284 6.63512
    endloop
  endfacet
  facet normal -0.123245 -0.363041 0.923586
    outer loop
      vertex -0.45757 -1.70768 7.70812
      vertex -0.676552 -1.63334 7.70812
      vertex -0.6296 -2.3497 7.4328
    endloop
  endfacet
  facet normal -0.0578507 -0.117305 0.991409
    outer loop
      vertex -0.179858 -0.311523 7.98822
      vertex -0.410618 -0.99132 7.89432
      vertex -0.137657 -0.332335 7.98822
    endloop
  endfacet
  facet normal 0.0578495 -0.117306 0.99141
    outer loop
      vertex 0.536498 -0.929242 7.89432
      vertex 0.179858 -0.311523 7.98822
      vertex 0.410618 -0.99132 7.89432
    endloop
  endfacet
  facet normal -0.098337 0.0862384 0.991409
    outer loop
      vertex -0.758723 0.758723 7.89432
      vertex -0.851265 0.653198 7.89432
      vertex -0.285382 0.218982 7.98822
    endloop
  endfacet
  facet normal -0.491182 -0.0977064 0.86556
    outer loop
      vertex -2.41178 -0.317516 7.4328
      vertex -2.95152 -0.790856 7.07308
      vertex -2.3497 -0.6296 7.4328
    endloop
  endfacet
  facet normal -0.114701 -0.232588 0.965788
    outer loop
      vertex -0.536498 -0.929242 7.89432
      vertex -0.883958 -1.53106 7.70812
      vertex -0.410618 -0.99132 7.89432
    endloop
  endfacet
  facet normal 0.338668 -0.506843 0.792726
    outer loop
      vertex 1.86015 -2.4242 7.07308
      vertex 1.52782 -2.64626 7.07308
      vertex 2.20761 -2.87702 6.63512
    endloop
  endfacet
  facet normal 0.393274 -0.588567 0.706346
    outer loop
      vertex 2.20761 -2.87702 6.63512
      vertex 1.8132 -3.14056 6.63512
      vertex 2.06756 -3.58112 6.1264
    endloop
  endfacet
  facet normal 0.154891 -0.778723 0.607947
    outer loop
      vertex 1.07025 -3.99422 6.1264
      vertex 0.539741 -4.09974 6.1264
      vertex 0.596907 -4.53396 5.55564
    endloop
  endfacet
  facet normal 0.138092 -0.694268 0.706345
    outer loop
      vertex 0.938581 -3.50284 6.63512
      vertex 0.539741 -4.09974 6.1264
      vertex 1.07025 -3.99422 6.1264
    endloop
  endfacet
  facet normal -0.138095 -0.694269 0.706343
    outer loop
      vertex -0.47334 -3.59538 6.63512
      vertex -0.938581 -3.50284 6.63512
      vertex -0.539741 -4.09974 6.1264
    endloop
  endfacet
  facet normal -0.0519245 -0.792283 0.607941
    outer loop
      vertex 0 -4.13512 6.1264
      vertex -0.596907 -4.53396 5.55564
      vertex 0 -4.57308 5.55564
    endloop
  endfacet
  facet normal -0.255216 -0.751845 0.607942
    outer loop
      vertex -1.07025 -3.99422 6.1264
      vertex -1.75004 -4.22498 5.55564
      vertex -1.1836 -4.41726 5.55564
    endloop
  endfacet
  facet normal -0.27853 -0.820544 0.499128
    outer loop
      vertex -1.24647 -4.42976 5.5
      vertex -1.75004 -4.22498 5.55564
      vertex -1.76234 -4.25465 5.5
    endloop
  endfacet
  facet normal -0.278544 -0.820565 0.499085
    outer loop
      vertex -1.75004 -4.22498 5.55564
      vertex -1.24647 -4.42976 5.5
      vertex -1.1836 -4.41726 5.55564
    endloop
  endfacet
  facet normal 0.0977064 -0.491182 0.86556
    outer loop
      vertex 0.6296 -2.3497 7.4328
      vertex 0.317516 -2.41178 7.4328
      vertex 0.790856 -2.95152 7.07308
    endloop
  endfacet
  facet normal 0.269606 -0.546716 0.792726
    outer loop
      vertex 1.52782 -2.64626 7.07308
      vertex 1.38776 -3.35036 6.63512
      vertex 1.8132 -3.14056 6.63512
    endloop
  endfacet
  facet normal 0.0462904 -0.706355 0.706343
    outer loop
      vertex 0.47334 -3.59538 6.63512
      vertex 0 -3.6264 6.63512
      vertex 0.539741 -4.09974 6.1264
    endloop
  endfacet
  facet normal 0.138095 -0.694269 0.706343
    outer loop
      vertex 0.938581 -3.50284 6.63512
      vertex 0.47334 -3.59538 6.63512
      vertex 0.539741 -4.09974 6.1264
    endloop
  endfacet
  facet normal -0.154897 -0.778725 0.607943
    outer loop
      vertex -1.07025 -3.99422 6.1264
      vertex -1.1836 -4.41726 5.55564
      vertex -0.596907 -4.53396 5.55564
    endloop
  endfacet
  facet normal -0.138092 -0.694268 0.706345
    outer loop
      vertex -0.938581 -3.50284 6.63512
      vertex -1.07025 -3.99422 6.1264
      vertex -0.539741 -4.09974 6.1264
    endloop
  endfacet
  facet normal -0.195945 -0.577226 0.792726
    outer loop
      vertex -0.790856 -2.95152 7.07308
      vertex -1.16934 -2.82304 7.07308
      vertex -0.938581 -3.50284 6.63512
    endloop
  endfacet
  facet normal -0.160981 -0.474228 0.865559
    outer loop
      vertex -0.6296 -2.3497 7.4328
      vertex -1.16934 -2.82304 7.07308
      vertex -0.790856 -2.95152 7.07308
    endloop
  endfacet
  facet normal -0.651502 -0.571349 0.499104
    outer loop
      vertex -3.29436 -3.21305 5.5
      vertex -3.62807 -2.78392 5.55564
      vertex -3.65355 -2.80347 5.5
    endloop
  endfacet
  facet normal -0.651499 -0.571347 0.499111
    outer loop
      vertex -3.62807 -2.78392 5.55564
      vertex -3.29436 -3.21305 5.5
      vertex -3.23366 -3.23366 5.55564
    endloop
  endfacet
  facet normal -0.481426 -0.720501 0.499106
    outer loop
      vertex -2.35051 -3.95621 5.5
      vertex -2.78392 -3.62807 5.55564
      vertex -2.80347 -3.65355 5.5
    endloop
  endfacet
  facet normal -0.481424 -0.720499 0.499112
    outer loop
      vertex -2.78392 -3.62807 5.55564
      vertex -2.35051 -3.95621 5.5
      vertex -2.28654 -3.96041 5.55564
    endloop
  endfacet
  facet normal 0.169574 -0.343847 0.923587
    outer loop
      vertex 1.21629 -2.10668 7.4328
      vertex 0.676552 -1.63334 7.70812
      vertex 0.93091 -2.24742 7.4328
    endloop
  endfacet
  facet normal 0.213002 -0.318777 0.923586
    outer loop
      vertex 1.07624 -1.40258 7.70812
      vertex 0.883958 -1.53106 7.70812
      vertex 1.21629 -2.10668 7.4328
    endloop
  endfacet
  facet normal 0.506843 -0.338668 0.792726
    outer loop
      vertex 2.64626 -1.52782 7.07308
      vertex 2.4242 -1.86015 7.07308
      vertex 2.87702 -2.20761 6.63512
    endloop
  endfacet
  facet normal 0.376528 -0.330206 0.865558
    outer loop
      vertex 2.4242 -1.86015 7.07308
      vertex 1.9299 -1.48087 7.4328
      vertex 2.16066 -2.16066 7.07308
    endloop
  endfacet
  facet normal 0.318779 -0.212993 0.923587
    outer loop
      vertex 2.10668 -1.21629 7.4328
      vertex 1.40258 -1.07624 7.70812
      vertex 1.9299 -1.48087 7.4328
    endloop
  endfacet
  facet normal 0.098337 -0.0862384 0.991409
    outer loop
      vertex 0.851265 -0.653198 7.89432
      vertex 0.285382 -0.218982 7.98822
      vertex 0.758723 -0.758723 7.89432
    endloop
  endfacet
  facet normal 0.123853 -0.0420436 0.99141
    outer loop
      vertex 0.34746 -0.0931015 7.98822
      vertex 0.332335 -0.137657 7.98822
      vertex 0.99132 -0.410618 7.89432
    endloop
  endfacet
  facet normal 0.258778 -0.0169619 0.965788
    outer loop
      vertex 1.073 0 7.89432
      vertex 1.06382 -0.140054 7.89432
      vertex 1.76792 0 7.70812
    endloop
  endfacet
  facet normal 0.258779 0.0169671 0.965788
    outer loop
      vertex 1.75279 0.230759 7.70812
      vertex 1.06382 0.140054 7.89432
      vertex 1.76792 0 7.70812
    endloop
  endfacet
  facet normal 0.751839 -0.255222 0.607947
    outer loop
      vertex 3.99422 -1.07025 6.1264
      vertex 3.82035 -1.58244 6.1264
      vertex 4.22498 -1.75004 5.55564
    endloop
  endfacet
  facet normal 0.778725 -0.154897 0.607943
    outer loop
      vertex 4.53396 -0.596907 5.55564
      vertex 3.99422 -1.07025 6.1264
      vertex 4.41726 -1.1836 5.55564
    endloop
  endfacet
  facet normal 0.849841 -0.169036 0.499196
    outer loop
      vertex 4.45953 -1.1354 5.5
      vertex 4.41726 -1.1836 5.55564
      vertex 4.44829 -1.19191 5.5
    endloop
  endfacet
  facet normal 0.849834 -0.169044 0.499206
    outer loop
      vertex 4.53396 -0.596907 5.55564
      vertex 4.45953 -1.1354 5.5
      vertex 4.56581 -0.601099 5.5
    endloop
  endfacet
  facet normal 0.849843 -0.169044 0.499191
    outer loop
      vertex 4.45953 -1.1354 5.5
      vertex 4.53396 -0.596907 5.55564
      vertex 4.41726 -1.1836 5.55564
    endloop
  endfacet
  facet normal 0.778725 0.154897 0.607943
    outer loop
      vertex 4.41726 1.1836 5.55564
      vertex 3.99422 1.07025 6.1264
      vertex 4.53396 0.596907 5.55564
    endloop
  endfacet
  facet normal 0.778723 0.154891 0.607947
    outer loop
      vertex 4.53396 0.596907 5.55564
      vertex 3.99422 1.07025 6.1264
      vertex 4.09974 0.539741 6.1264
    endloop
  endfacet
  facet normal 0.660168 -0.441112 0.607946
    outer loop
      vertex 3.96041 -2.28654 5.55564
      vertex 3.28061 -2.5173 6.1264
      vertex 3.62807 -2.78392 5.55564
    endloop
  endfacet
  facet normal 0.596945 -0.523505 0.607946
    outer loop
      vertex 3.28061 -2.5173 6.1264
      vertex 3.23366 -3.23366 5.55564
      vertex 3.62807 -2.78392 5.55564
    endloop
  endfacet
  facet normal 0.114699 0.23259 0.965788
    outer loop
      vertex 0.676552 1.63334 7.70812
      vertex 0.410618 0.99132 7.89432
      vertex 0.883958 1.53106 7.70812
    endloop
  endfacet
  facet normal -0.108752 -0.072666 0.991409
    outer loop
      vertex -0.285382 -0.218982 7.98822
      vertex -0.929242 -0.536498 7.89432
      vertex -0.851265 -0.653198 7.89432
    endloop
  endfacet
  facet normal -0.0862389 0.0983364 0.991409
    outer loop
      vertex -0.218982 0.285382 7.98822
      vertex -0.758723 0.758723 7.89432
      vertex -0.254358 0.254358 7.98822
    endloop
  endfacet
  facet normal -0.130514 0.0085532 0.99141
    outer loop
      vertex -0.356639 0.0469522 7.98822
      vertex -1.06382 0.140054 7.89432
      vertex -0.359716 0 7.98822
    endloop
  endfacet
  facet normal 0.288253 0.252775 0.923588
    outer loop
      vertex 1.9299 1.48087 7.4328
      vertex 1.25011 1.25011 7.70812
      vertex 1.40258 1.07624 7.70812
    endloop
  endfacet
  facet normal -0.0726639 -0.108753 0.99141
    outer loop
      vertex -0.218982 -0.285382 7.98822
      vertex -0.536498 -0.929242 7.89432
      vertex -0.179858 -0.311523 7.98822
    endloop
  endfacet
  facet normal 0.170989 0.194978 0.965788
    outer loop
      vertex 1.07624 1.40258 7.70812
      vertex 0.653198 0.851265 7.89432
      vertex 0.758723 0.758723 7.89432
    endloop
  endfacet
  facet normal 0.0862384 0.098337 0.991409
    outer loop
      vertex 0.653198 0.851265 7.89432
      vertex 0.218982 0.285382 7.98822
      vertex 0.758723 0.758723 7.89432
    endloop
  endfacet
  facet normal 0.22151 0.449158 0.865558
    outer loop
      vertex 1.16934 2.82304 7.07308
      vertex 0.93091 2.24742 7.4328
      vertex 1.21629 2.10668 7.4328
    endloop
  endfacet
  facet normal 0.160978 0.474231 0.865558
    outer loop
      vertex 1.16934 2.82304 7.07308
      vertex 0.6296 2.3497 7.4328
      vertex 0.93091 2.24742 7.4328
    endloop
  endfacet
  facet normal 0.213002 0.318777 0.923586
    outer loop
      vertex 1.21629 2.10668 7.4328
      vertex 0.883958 1.53106 7.70812
      vertex 1.07624 1.40258 7.70812
    endloop
  endfacet
  facet normal 0.144079 0.215627 0.965788
    outer loop
      vertex 0.883958 1.53106 7.70812
      vertex 0.536498 0.929242 7.89432
      vertex 1.07624 1.40258 7.70812
    endloop
  endfacet
  facet normal 0.0255149 0.128281 0.99141
    outer loop
      vertex 0.140054 1.06382 7.89432
      vertex 0.0931015 0.34746 7.98822
      vertex 0.277712 1.03644 7.89432
    endloop
  endfacet
  facet normal 0.118913 0.597867 0.792726
    outer loop
      vertex 0.938581 3.50284 6.63512
      vertex 0.39884 3.02949 7.07308
      vertex 0.790856 2.95152 7.07308
    endloop
  endfacet
  facet normal -0.0578495 0.117306 0.99141
    outer loop
      vertex -0.410618 0.99132 7.89432
      vertex -0.536498 0.929242 7.89432
      vertex -0.179858 0.311523 7.98822
    endloop
  endfacet
  facet normal -0.0420436 0.123853 0.99141
    outer loop
      vertex -0.0931015 0.34746 7.98822
      vertex -0.410618 0.99132 7.89432
      vertex -0.137657 0.332335 7.98822
    endloop
  endfacet
  facet normal 0.098337 0.0862384 0.991409
    outer loop
      vertex 0.758723 0.758723 7.89432
      vertex 0.285382 0.218982 7.98822
      vertex 0.851265 0.653198 7.89432
    endloop
  endfacet
  facet normal -0.0255148 -0.128281 0.99141
    outer loop
      vertex -0.0931015 -0.34746 7.98822
      vertex -0.140054 -1.06382 7.89432
      vertex -0.0469522 -0.356639 7.98822
    endloop
  endfacet
  facet normal 0.49119 0.0976952 0.865556
    outer loop
      vertex 2.95152 0.790856 7.07308
      vertex 2.41178 0.317516 7.4328
      vertex 3.02949 0.39884 7.07308
    endloop
  endfacet
  facet normal 0.577227 0.195948 0.792726
    outer loop
      vertex 3.35036 1.38776 6.63512
      vertex 2.82304 1.16934 7.07308
      vertex 3.50284 0.938581 6.63512
    endloop
  endfacet
  facet normal 0.330207 0.376527 0.865558
    outer loop
      vertex 2.16066 2.16066 7.07308
      vertex 1.48087 1.9299 7.4328
      vertex 1.7201 1.7201 7.4328
    endloop
  endfacet
  facet normal 0.252788 0.288248 0.923586
    outer loop
      vertex 1.48087 1.9299 7.4328
      vertex 1.25011 1.25011 7.70812
      vertex 1.7201 1.7201 7.4328
    endloop
  endfacet
  facet normal -0.170983 0.194981 0.965788
    outer loop
      vertex -1.07624 1.40258 7.70812
      vertex -1.25011 1.25011 7.70812
      vertex -0.758723 0.758723 7.89432
    endloop
  endfacet
  facet normal -0.072666 0.108752 0.991409
    outer loop
      vertex -0.536498 0.929242 7.89432
      vertex -0.653198 0.851265 7.89432
      vertex -0.218982 0.285382 7.98822
    endloop
  endfacet
  facet normal -0.169568 0.343854 0.923586
    outer loop
      vertex -0.676552 1.63334 7.70812
      vertex -1.21629 2.10668 7.4328
      vertex -0.883958 1.53106 7.70812
    endloop
  endfacet
  facet normal -0.0833657 0.245569 0.965788
    outer loop
      vertex -0.45757 1.70768 7.70812
      vertex -0.676552 1.63334 7.70812
      vertex -0.277712 1.03644 7.89432
    endloop
  endfacet
  facet normal -0.195948 0.577227 0.792726
    outer loop
      vertex -0.938581 3.50284 6.63512
      vertex -1.38776 3.35036 6.63512
      vertex -1.16934 2.82304 7.07308
    endloop
  endfacet
  facet normal -0.0250736 0.382569 0.923587
    outer loop
      vertex 0 2.43259 7.4328
      vertex -0.317516 2.41178 7.4328
      vertex 0 1.76792 7.70812
    endloop
  endfacet
  facet normal -0.466729 0.532202 0.706347
    outer loop
      vertex -2.5173 3.28061 6.1264
      vertex -2.92397 2.92397 6.1264
      vertex -2.20761 2.87702 6.63512
    endloop
  endfacet
  facet normal -0.313077 0.634869 0.706346
    outer loop
      vertex -1.58244 3.82035 6.1264
      vertex -2.06756 3.58112 6.1264
      vertex -1.8132 3.14056 6.63512
    endloop
  endfacet
  facet normal -0.330206 0.376528 0.865558
    outer loop
      vertex -1.86015 2.4242 7.07308
      vertex -2.16066 2.16066 7.07308
      vertex -1.48087 1.9299 7.4328
    endloop
  endfacet
  facet normal -0.458308 0.401925 0.792724
    outer loop
      vertex -2.16066 2.16066 7.07308
      vertex -2.56425 2.56425 6.63512
      vertex -2.4242 1.86015 7.07308
    endloop
  endfacet
  facet normal -0.634869 0.313077 0.706346
    outer loop
      vertex -3.58112 2.06756 6.1264
      vertex -3.82035 1.58244 6.1264
      vertex -3.14056 1.8132 6.63512
    endloop
  endfacet
  facet normal -0.532202 0.466729 0.706347
    outer loop
      vertex -2.92397 2.92397 6.1264
      vertex -3.28061 2.5173 6.1264
      vertex -2.87702 2.20761 6.63512
    endloop
  endfacet
  facet normal -0.441112 0.660168 0.607946
    outer loop
      vertex -2.28654 3.96041 5.55564
      vertex -2.78392 3.62807 5.55564
      vertex -2.5173 3.28061 6.1264
    endloop
  endfacet
  facet normal -0.523506 0.596944 0.607947
    outer loop
      vertex -2.5173 3.28061 6.1264
      vertex -3.23366 3.23366 5.55564
      vertex -2.92397 2.92397 6.1264
    endloop
  endfacet
  facet normal -0.0463011 0.706348 0.706348
    outer loop
      vertex 0 4.13512 6.1264
      vertex -0.539741 4.09974 6.1264
      vertex 0 3.6264 6.63512
    endloop
  endfacet
  facet normal -0.154897 0.778725 0.607943
    outer loop
      vertex -0.596907 4.53396 5.55564
      vertex -1.1836 4.41726 5.55564
      vertex -1.07025 3.99422 6.1264
    endloop
  endfacet
  facet normal 0.0565457 0.864637 0.499204
    outer loop
      vertex 0.601099 4.56581 5.5
      vertex 0.543605 4.56957 5.5
      vertex 0.596907 4.53396 5.55564
    endloop
  endfacet
  facet normal -0.169036 0.849841 0.499196
    outer loop
      vertex -1.1354 4.45953 5.5
      vertex -1.19191 4.44829 5.5
      vertex -1.1836 4.41726 5.55564
    endloop
  endfacet
  facet normal -0.0565457 0.864637 0.499204
    outer loop
      vertex -0.543605 4.56957 5.5
      vertex -0.601099 4.56581 5.5
      vertex -0.596907 4.53396 5.55564
    endloop
  endfacet
  facet normal 0.338667 0.506844 0.792725
    outer loop
      vertex 1.8132 3.14056 6.63512
      vertex 1.52782 2.64626 7.07308
      vertex 2.20761 2.87702 6.63512
    endloop
  endfacet
  facet normal 0.393274 0.588567 0.706346
    outer loop
      vertex 2.06756 3.58112 6.1264
      vertex 1.8132 3.14056 6.63512
      vertex 2.20761 2.87702 6.63512
    endloop
  endfacet
  facet normal 0.27853 0.820544 0.499128
    outer loop
      vertex 1.24647 4.42976 5.5
      vertex 1.75004 4.22498 5.55564
      vertex 1.76234 4.25465 5.5
    endloop
  endfacet
  facet normal 0.278544 0.820565 0.499085
    outer loop
      vertex 1.75004 4.22498 5.55564
      vertex 1.24647 4.42976 5.5
      vertex 1.1836 4.41726 5.55564
    endloop
  endfacet
  facet normal 0.383242 0.777163 0.499143
    outer loop
      vertex 1.76234 4.25465 5.5
      vertex 1.75004 4.22498 5.55564
      vertex 1.81401 4.22917 5.5
    endloop
  endfacet
  facet normal 0.0462904 0.706355 0.706343
    outer loop
      vertex 0.539741 4.09974 6.1264
      vertex 0 3.6264 6.63512
      vertex 0.47334 3.59538 6.63512
    endloop
  endfacet
  facet normal 0.0398625 0.60827 0.792729
    outer loop
      vertex 0.47334 3.59538 6.63512
      vertex 0 3.6264 6.63512
      vertex 0.39884 3.02949 7.07308
    endloop
  endfacet
  facet normal -0.720528 -0.481405 0.499088
    outer loop
      vertex -3.96041 -2.28654 5.55564
      vertex -3.98822 -2.3026 5.5
      vertex -3.95621 -2.35051 5.5
    endloop
  endfacet
  facet normal -0.596945 -0.523505 0.607946
    outer loop
      vertex -3.28061 -2.5173 6.1264
      vertex -3.62807 -2.78392 5.55564
      vertex -3.23366 -3.23366 5.55564
    endloop
  endfacet
  facet normal -0.382564 -0.0250833 0.923588
    outer loop
      vertex -1.76792 0 7.70812
      vertex -2.41178 -0.317516 7.4328
      vertex -1.75279 -0.230759 7.70812
    endloop
  endfacet
  facet normal -0.49974 0.0327529 0.865556
    outer loop
      vertex -2.41178 0.317516 7.4328
      vertex -3.02949 0.39884 7.07308
      vertex -2.43259 0 7.4328
    endloop
  endfacet
  facet normal -0.376023 0.0747988 0.923586
    outer loop
      vertex -2.3497 0.6296 7.4328
      vertex -2.41178 0.317516 7.4328
      vertex -1.70768 0.45757 7.70812
    endloop
  endfacet
  facet normal -0.258779 -0.0169671 0.965788
    outer loop
      vertex -1.06382 -0.140054 7.89432
      vertex -1.76792 0 7.70812
      vertex -1.75279 -0.230759 7.70812
    endloop
  endfacet
  facet normal -0.117305 -0.0578507 0.991409
    outer loop
      vertex -0.332335 -0.137657 7.98822
      vertex -0.99132 -0.410618 7.89432
      vertex -0.311523 -0.179858 7.98822
    endloop
  endfacet
  facet normal -0.215627 0.144078 0.965788
    outer loop
      vertex -0.851265 0.653198 7.89432
      vertex -1.40258 1.07624 7.70812
      vertex -0.929242 0.536498 7.89432
    endloop
  endfacet
  facet normal -0.376528 0.330206 0.865558
    outer loop
      vertex -2.16066 2.16066 7.07308
      vertex -2.4242 1.86015 7.07308
      vertex -1.9299 1.48087 7.4328
    endloop
  endfacet
  facet normal -0.416412 0.278227 0.865558
    outer loop
      vertex -1.9299 1.48087 7.4328
      vertex -2.4242 1.86015 7.07308
      vertex -2.10668 1.21629 7.4328
    endloop
  endfacet
  facet normal -0.343847 0.169574 0.923587
    outer loop
      vertex -2.10668 1.21629 7.4328
      vertex -2.24742 0.93091 7.4328
      vertex -1.63334 0.676552 7.70812
    endloop
  endfacet
  facet normal -0.449158 0.22151 0.865558
    outer loop
      vertex -2.10668 1.21629 7.4328
      vertex -2.82304 1.16934 7.07308
      vertex -2.24742 0.93091 7.4328
    endloop
  endfacet
  facet normal -0.343854 0.169568 0.923586
    outer loop
      vertex -1.53106 0.883958 7.70812
      vertex -2.10668 1.21629 7.4328
      vertex -1.63334 0.676552 7.70812
    endloop
  endfacet
  facet normal -0.245568 0.0833674 0.965788
    outer loop
      vertex -0.99132 0.410618 7.89432
      vertex -1.63334 0.676552 7.70812
      vertex -1.03644 0.277712 7.89432
    endloop
  endfacet
  facet normal -0.864659 0.0566731 0.499152
    outer loop
      vertex -4.57308 0 5.55564
      vertex -4.56957 0.543605 5.5
      vertex -4.6052 0 5.5
    endloop
  endfacet
  facet normal -0.864681 0.0566693 0.499114
    outer loop
      vertex -4.56957 0.543605 5.5
      vertex -4.57308 0 5.55564
      vertex -4.53396 0.596907 5.55564
    endloop
  endfacet
  facet normal -0.597862 0.118919 0.792729
    outer loop
      vertex -3.50284 0.938581 6.63512
      vertex -3.59538 0.47334 6.63512
      vertex -3.02949 0.39884 7.07308
    endloop
  endfacet
  facet normal -0.706355 0.0462904 0.706343
    outer loop
      vertex -3.59538 0.47334 6.63512
      vertex -4.09974 0.539741 6.1264
      vertex -3.6264 0 6.63512
    endloop
  endfacet
  facet normal -0.694269 0.138095 0.706343
    outer loop
      vertex -3.50284 0.938581 6.63512
      vertex -4.09974 0.539741 6.1264
      vertex -3.59538 0.47334 6.63512
    endloop
  endfacet
  facet normal 0.00855467 0.130514 0.99141
    outer loop
      vertex 0 1.073 7.89432
      vertex 0 0.359716 7.98822
      vertex 0.140054 1.06382 7.89432
    endloop
  endfacet
  facet normal 0.0833674 0.245568 0.965788
    outer loop
      vertex 0.676552 1.63334 7.70812
      vertex 0.277712 1.03644 7.89432
      vertex 0.410618 0.99132 7.89432
    endloop
  endfacet
  facet normal -0.0255149 -0.128281 0.99141
    outer loop
      vertex -0.0931015 -0.34746 7.98822
      vertex -0.277712 -1.03644 7.89432
      vertex -0.140054 -1.06382 7.89432
    endloop
  endfacet
  facet normal -0.0085532 0.130514 0.99141
    outer loop
      vertex 0 0.359716 7.98822
      vertex -0.140054 1.06382 7.89432
      vertex -0.0469522 0.356639 7.98822
    endloop
  endfacet
  facet normal -0.820467 0.278652 0.499186
    outer loop
      vertex -4.42976 1.24647 5.5
      vertex -4.44829 1.19191 5.5
      vertex -4.41726 1.1836 5.55564
    endloop
  endfacet
  facet normal -0.849841 0.169036 0.499196
    outer loop
      vertex -4.44829 1.19191 5.5
      vertex -4.45953 1.1354 5.5
      vertex -4.41726 1.1836 5.55564
    endloop
  endfacet
  facet normal -0.720499 -0.481424 0.499112
    outer loop
      vertex -3.95621 -2.35051 5.5
      vertex -3.62807 -2.78392 5.55564
      vertex -3.96041 -2.28654 5.55564
    endloop
  endfacet
  facet normal -0.720501 -0.481426 0.499106
    outer loop
      vertex -3.62807 -2.78392 5.55564
      vertex -3.95621 -2.35051 5.5
      vertex -3.65355 -2.80347 5.5
    endloop
  endfacet
  facet normal -0.660168 -0.441112 0.607946
    outer loop
      vertex -3.28061 -2.5173 6.1264
      vertex -3.96041 -2.28654 5.55564
      vertex -3.62807 -2.78392 5.55564
    endloop
  endfacet
  facet normal -0.23259 -0.114699 0.965788
    outer loop
      vertex -0.99132 -0.410618 7.89432
      vertex -1.63334 -0.676552 7.70812
      vertex -1.53106 -0.883958 7.70812
    endloop
  endfacet
  facet normal -0.416412 -0.278227 0.865558
    outer loop
      vertex -2.10668 -1.21629 7.4328
      vertex -2.4242 -1.86015 7.07308
      vertex -1.9299 -1.48087 7.4328
    endloop
  endfacet
  facet normal -0.506844 -0.338667 0.792725
    outer loop
      vertex -2.64626 -1.52782 7.07308
      vertex -3.14056 -1.8132 6.63512
      vertex -2.87702 -2.20761 6.63512
    endloop
  endfacet
  facet normal -0.506843 -0.338668 0.792726
    outer loop
      vertex -2.64626 -1.52782 7.07308
      vertex -2.87702 -2.20761 6.63512
      vertex -2.4242 -1.86015 7.07308
    endloop
  endfacet
  facet normal -0.577226 -0.195945 0.792726
    outer loop
      vertex -2.95152 -0.790856 7.07308
      vertex -3.50284 -0.938581 6.63512
      vertex -2.82304 -1.16934 7.07308
    endloop
  endfacet
  facet normal -0.343847 -0.169574 0.923587
    outer loop
      vertex -1.63334 -0.676552 7.70812
      vertex -2.24742 -0.93091 7.4328
      vertex -2.10668 -1.21629 7.4328
    endloop
  endfacet
  facet normal -0.376527 -0.330207 0.865558
    outer loop
      vertex -1.9299 -1.48087 7.4328
      vertex -2.16066 -2.16066 7.07308
      vertex -1.7201 -1.7201 7.4328
    endloop
  endfacet
  facet normal -0.376528 -0.330206 0.865558
    outer loop
      vertex -1.9299 -1.48087 7.4328
      vertex -2.4242 -1.86015 7.07308
      vertex -2.16066 -2.16066 7.07308
    endloop
  endfacet
  facet normal -0.221497 -0.449158 0.865561
    outer loop
      vertex -1.21629 -2.10668 7.4328
      vertex -1.52782 -2.64626 7.07308
      vertex -1.16934 -2.82304 7.07308
    endloop
  endfacet
  facet normal -0.401927 -0.458302 0.792725
    outer loop
      vertex -1.86015 -2.4242 7.07308
      vertex -2.56425 -2.56425 6.63512
      vertex -2.20761 -2.87702 6.63512
    endloop
  endfacet
  facet normal -0.169574 -0.343847 0.923587
    outer loop
      vertex -0.676552 -1.63334 7.70812
      vertex -1.21629 -2.10668 7.4328
      vertex -0.93091 -2.24742 7.4328
    endloop
  endfacet
  facet normal 0.0983364 0.0862389 0.991409
    outer loop
      vertex 0.758723 0.758723 7.89432
      vertex 0.254358 0.254358 7.98822
      vertex 0.285382 0.218982 7.98822
    endloop
  endfacet
  facet normal -0.0747988 -0.376023 0.923586
    outer loop
      vertex -0.45757 -1.70768 7.70812
      vertex -0.6296 -2.3497 7.4328
      vertex -0.317516 -2.41178 7.4328
    endloop
  endfacet
  facet normal -0.00855467 -0.130514 0.99141
    outer loop
      vertex 0 -0.359716 7.98822
      vertex -0.140054 -1.06382 7.89432
      vertex 0 -1.073 7.89432
    endloop
  endfacet
  facet normal -0.245568 -0.0833674 0.965788
    outer loop
      vertex -1.03644 -0.277712 7.89432
      vertex -1.63334 -0.676552 7.70812
      vertex -0.99132 -0.410618 7.89432
    endloop
  endfacet
  facet normal -0.194981 -0.170983 0.965788
    outer loop
      vertex -0.758723 -0.758723 7.89432
      vertex -1.40258 -1.07624 7.70812
      vertex -1.25011 -1.25011 7.70812
    endloop
  endfacet
  facet normal 0.117306 0.0578495 0.99141
    outer loop
      vertex 0.929242 0.536498 7.89432
      vertex 0.311523 0.179858 7.98822
      vertex 0.99132 0.410618 7.89432
    endloop
  endfacet
  facet normal -0.0578495 -0.117306 0.99141
    outer loop
      vertex -0.179858 -0.311523 7.98822
      vertex -0.536498 -0.929242 7.89432
      vertex -0.410618 -0.99132 7.89432
    endloop
  endfacet
  facet normal -0.343854 -0.169568 0.923586
    outer loop
      vertex -1.63334 -0.676552 7.70812
      vertex -2.10668 -1.21629 7.4328
      vertex -1.53106 -0.883958 7.70812
    endloop
  endfacet
  facet normal -0.288248 -0.252788 0.923586
    outer loop
      vertex -1.25011 -1.25011 7.70812
      vertex -1.9299 -1.48087 7.4328
      vertex -1.7201 -1.7201 7.4328
    endloop
  endfacet
  facet normal -0.245569 -0.0833657 0.965788
    outer loop
      vertex -1.03644 -0.277712 7.89432
      vertex -1.70768 -0.45757 7.70812
      vertex -1.63334 -0.676552 7.70812
    endloop
  endfacet
  facet normal -0.254352 -0.0505876 0.965788
    outer loop
      vertex -1.06382 -0.140054 7.89432
      vertex -1.75279 -0.230759 7.70812
      vertex -1.70768 -0.45757 7.70812
    endloop
  endfacet
  facet normal -0.363041 -0.123235 0.923588
    outer loop
      vertex -1.63334 -0.676552 7.70812
      vertex -2.3497 -0.6296 7.4328
      vertex -2.24742 -0.93091 7.4328
    endloop
  endfacet
  facet normal -0.474231 -0.160978 0.865558
    outer loop
      vertex -2.3497 -0.6296 7.4328
      vertex -2.82304 -1.16934 7.07308
      vertex -2.24742 -0.93091 7.4328
    endloop
  endfacet
  facet normal 0.338667 -0.506844 0.792725
    outer loop
      vertex 2.20761 -2.87702 6.63512
      vertex 1.52782 -2.64626 7.07308
      vertex 1.8132 -3.14056 6.63512
    endloop
  endfacet
  facet normal 0.221497 -0.449158 0.865561
    outer loop
      vertex 1.21629 -2.10668 7.4328
      vertex 1.16934 -2.82304 7.07308
      vertex 1.52782 -2.64626 7.07308
    endloop
  endfacet
  facet normal 0.278652 -0.820467 0.499186
    outer loop
      vertex 1.24647 -4.42976 5.5
      vertex 1.1836 -4.41726 5.55564
      vertex 1.19191 -4.44829 5.5
    endloop
  endfacet
  facet normal 0.169044 -0.849834 0.499206
    outer loop
      vertex 1.1354 -4.45953 5.5
      vertex 0.596907 -4.53396 5.55564
      vertex 0.601099 -4.56581 5.5
    endloop
  endfacet
  facet normal 0.169044 -0.849843 0.499191
    outer loop
      vertex 0.596907 -4.53396 5.55564
      vertex 1.1354 -4.45953 5.5
      vertex 1.1836 -4.41726 5.55564
    endloop
  endfacet
  facet normal 0.0565457 -0.864637 0.499204
    outer loop
      vertex 0.596907 -4.53396 5.55564
      vertex 0.543605 -4.56957 5.5
      vertex 0.601099 -4.56581 5.5
    endloop
  endfacet
  facet normal -0.154891 -0.778723 0.607947
    outer loop
      vertex -0.539741 -4.09974 6.1264
      vertex -1.07025 -3.99422 6.1264
      vertex -0.596907 -4.53396 5.55564
    endloop
  endfacet
  facet normal -0.0519338 -0.792278 0.607947
    outer loop
      vertex -0.539741 -4.09974 6.1264
      vertex -0.596907 -4.53396 5.55564
      vertex 0 -4.13512 6.1264
    endloop
  endfacet
  facet normal 0.114699 -0.23259 0.965788
    outer loop
      vertex 0.883958 -1.53106 7.70812
      vertex 0.410618 -0.99132 7.89432
      vertex 0.676552 -1.63334 7.70812
    endloop
  endfacet
  facet normal 0.0169671 -0.258779 0.965788
    outer loop
      vertex 0.140054 -1.06382 7.89432
      vertex 0 -1.76792 7.70812
      vertex 0.230759 -1.75279 7.70812
    endloop
  endfacet
  facet normal 0.0398818 -0.608277 0.792722
    outer loop
      vertex 0 -3.05564 7.07308
      vertex 0 -3.6264 6.63512
      vertex 0.39884 -3.02949 7.07308
    endloop
  endfacet
  facet normal 0.118913 -0.597867 0.792726
    outer loop
      vertex 0.790856 -2.95152 7.07308
      vertex 0.39884 -3.02949 7.07308
      vertex 0.938581 -3.50284 6.63512
    endloop
  endfacet
  facet normal 0.22151 -0.449158 0.865558
    outer loop
      vertex 1.21629 -2.10668 7.4328
      vertex 0.93091 -2.24742 7.4328
      vertex 1.16934 -2.82304 7.07308
    endloop
  endfacet
  facet normal 0.160978 -0.474231 0.865558
    outer loop
      vertex 0.93091 -2.24742 7.4328
      vertex 0.6296 -2.3497 7.4328
      vertex 1.16934 -2.82304 7.07308
    endloop
  endfacet
  facet normal 0.0327651 -0.499734 0.865559
    outer loop
      vertex 0 -2.43259 7.4328
      vertex 0 -3.05564 7.07308
      vertex 0.39884 -3.02949 7.07308
    endloop
  endfacet
  facet normal 0.0327529 -0.49974 0.865556
    outer loop
      vertex 0.317516 -2.41178 7.4328
      vertex 0 -2.43259 7.4328
      vertex 0.39884 -3.02949 7.07308
    endloop
  endfacet
  facet normal -0.338667 -0.506844 0.792725
    outer loop
      vertex -1.52782 -2.64626 7.07308
      vertex -2.20761 -2.87702 6.63512
      vertex -1.8132 -3.14056 6.63512
    endloop
  endfacet
  facet normal -0.118913 -0.597867 0.792726
    outer loop
      vertex -0.790856 -2.95152 7.07308
      vertex -0.938581 -3.50284 6.63512
      vertex -0.39884 -3.02949 7.07308
    endloop
  endfacet
  facet normal -0.571347 -0.651499 0.499111
    outer loop
      vertex -3.21305 -3.29436 5.5
      vertex -2.78392 -3.62807 5.55564
      vertex -3.23366 -3.23366 5.55564
    endloop
  endfacet
  facet normal -0.571349 -0.651502 0.499104
    outer loop
      vertex -2.78392 -3.62807 5.55564
      vertex -3.21305 -3.29436 5.5
      vertex -2.80347 -3.65355 5.5
    endloop
  endfacet
  facet normal 0.194978 -0.170989 0.965788
    outer loop
      vertex 0.851265 -0.653198 7.89432
      vertex 0.758723 -0.758723 7.89432
      vertex 1.40258 -1.07624 7.70812
    endloop
  endfacet
  facet normal -0.00855467 0.130514 0.99141
    outer loop
      vertex 0 1.073 7.89432
      vertex -0.140054 1.06382 7.89432
      vertex 0 0.359716 7.98822
    endloop
  endfacet
  facet normal 0.0420436 -0.123853 0.99141
    outer loop
      vertex 0.137657 -0.332335 7.98822
      vertex 0.0931015 -0.34746 7.98822
      vertex 0.410618 -0.99132 7.89432
    endloop
  endfacet
  facet normal 0.0250833 -0.382564 0.923588
    outer loop
      vertex 0.230759 -1.75279 7.70812
      vertex 0 -1.76792 7.70812
      vertex 0.317516 -2.41178 7.4328
    endloop
  endfacet
  facet normal 0.0747988 -0.376023 0.923586
    outer loop
      vertex 0.45757 -1.70768 7.70812
      vertex 0.317516 -2.41178 7.4328
      vertex 0.6296 -2.3497 7.4328
    endloop
  endfacet
  facet normal 0.401927 -0.458302 0.792725
    outer loop
      vertex 2.56425 -2.56425 6.63512
      vertex 1.86015 -2.4242 7.07308
      vertex 2.20761 -2.87702 6.63512
    endloop
  endfacet
  facet normal 0.401925 -0.458308 0.792724
    outer loop
      vertex 2.16066 -2.16066 7.07308
      vertex 1.86015 -2.4242 7.07308
      vertex 2.56425 -2.56425 6.63512
    endloop
  endfacet
  facet normal 0.4164 -0.278235 0.865561
    outer loop
      vertex 2.64626 -1.52782 7.07308
      vertex 2.10668 -1.21629 7.4328
      vertex 2.4242 -1.86015 7.07308
    endloop
  endfacet
  facet normal 0.318777 -0.213002 0.923586
    outer loop
      vertex 1.53106 -0.883958 7.70812
      vertex 1.40258 -1.07624 7.70812
      vertex 2.10668 -1.21629 7.4328
    endloop
  endfacet
  facet normal 0.252775 -0.288253 0.923588
    outer loop
      vertex 1.25011 -1.25011 7.70812
      vertex 1.07624 -1.40258 7.70812
      vertex 1.48087 -1.9299 7.4328
    endloop
  endfacet
  facet normal 0.212993 -0.318779 0.923587
    outer loop
      vertex 1.48087 -1.9299 7.4328
      vertex 1.07624 -1.40258 7.70812
      vertex 1.21629 -2.10668 7.4328
    endloop
  endfacet
  facet normal 0.215627 -0.144079 0.965788
    outer loop
      vertex 1.53106 -0.883958 7.70812
      vertex 0.929242 -0.536498 7.89432
      vertex 1.40258 -1.07624 7.70812
    endloop
  endfacet
  facet normal 0.0983364 -0.0862389 0.991409
    outer loop
      vertex 0.285382 -0.218982 7.98822
      vertex 0.254358 -0.254358 7.98822
      vertex 0.758723 -0.758723 7.89432
    endloop
  endfacet
  facet normal 0.0085532 -0.130514 0.99141
    outer loop
      vertex 0.0469522 -0.356639 7.98822
      vertex 0 -0.359716 7.98822
      vertex 0.140054 -1.06382 7.89432
    endloop
  endfacet
  facet normal 0.108752 -0.072666 0.991409
    outer loop
      vertex 0.929242 -0.536498 7.89432
      vertex 0.285382 -0.218982 7.98822
      vertex 0.851265 -0.653198 7.89432
    endloop
  endfacet
  facet normal 0.245568 -0.0833674 0.965788
    outer loop
      vertex 1.03644 -0.277712 7.89432
      vertex 0.99132 -0.410618 7.89432
      vertex 1.63334 -0.676552 7.70812
    endloop
  endfacet
  facet normal 0.128281 -0.0255149 0.99141
    outer loop
      vertex 1.06382 -0.140054 7.89432
      vertex 0.34746 -0.0931015 7.98822
      vertex 1.03644 -0.277712 7.89432
    endloop
  endfacet
  facet normal -0.0255148 0.128281 0.99141
    outer loop
      vertex -0.0469522 0.356639 7.98822
      vertex -0.140054 1.06382 7.89432
      vertex -0.0931015 0.34746 7.98822
    endloop
  endfacet
  facet normal -0.0255149 0.128281 0.99141
    outer loop
      vertex -0.140054 1.06382 7.89432
      vertex -0.277712 1.03644 7.89432
      vertex -0.0931015 0.34746 7.98822
    endloop
  endfacet
  facet normal 0.130514 0.0085532 0.99141
    outer loop
      vertex 1.06382 0.140054 7.89432
      vertex 0.356639 0.0469522 7.98822
      vertex 0.359716 0 7.98822
    endloop
  endfacet
  facet normal 0.258778 0.0169619 0.965788
    outer loop
      vertex 1.76792 0 7.70812
      vertex 1.06382 0.140054 7.89432
      vertex 1.073 0 7.89432
    endloop
  endfacet
  facet normal -0.571349 0.651502 0.499104
    outer loop
      vertex -3.21305 3.29436 5.5
      vertex -2.78392 3.62807 5.55564
      vertex -2.80347 3.65355 5.5
    endloop
  endfacet
  facet normal -0.571347 0.651499 0.499111
    outer loop
      vertex -2.78392 3.62807 5.55564
      vertex -3.21305 3.29436 5.5
      vertex -3.23366 3.23366 5.55564
    endloop
  endfacet
  facet normal -0.571342 0.651501 0.499115
    outer loop
      vertex -3.21305 3.29436 5.5
      vertex -3.25637 3.25637 5.5
      vertex -3.23366 3.23366 5.55564
    endloop
  endfacet
  facet normal 0.706348 0.0463011 0.706348
    outer loop
      vertex 4.09974 0.539741 6.1264
      vertex 3.6264 0 6.63512
      vertex 4.13512 0 6.1264
    endloop
  endfacet
  facet normal 0.792278 -0.0519338 0.607947
    outer loop
      vertex 4.13512 0 6.1264
      vertex 4.09974 -0.539741 6.1264
      vertex 4.53396 -0.596907 5.55564
    endloop
  endfacet
  facet normal 0.778723 -0.154891 0.607947
    outer loop
      vertex 4.09974 -0.539741 6.1264
      vertex 3.99422 -1.07025 6.1264
      vertex 4.53396 -0.596907 5.55564
    endloop
  endfacet
  facet normal 0.694268 -0.138092 0.706345
    outer loop
      vertex 4.09974 -0.539741 6.1264
      vertex 3.50284 -0.938581 6.63512
      vertex 3.99422 -1.07025 6.1264
    endloop
  endfacet
  facet normal 0.0578507 0.117305 0.991409
    outer loop
      vertex 0.410618 0.99132 7.89432
      vertex 0.137657 0.332335 7.98822
      vertex 0.179858 0.311523 7.98822
    endloop
  endfacet
  facet normal 0.0255148 0.128281 0.99141
    outer loop
      vertex 0.140054 1.06382 7.89432
      vertex 0.0469522 0.356639 7.98822
      vertex 0.0931015 0.34746 7.98822
    endloop
  endfacet
  facet normal 0.215627 0.144078 0.965788
    outer loop
      vertex 1.40258 1.07624 7.70812
      vertex 0.851265 0.653198 7.89432
      vertex 0.929242 0.536498 7.89432
    endloop
  endfacet
  facet normal 0.169568 0.343854 0.923586
    outer loop
      vertex 1.21629 2.10668 7.4328
      vertex 0.676552 1.63334 7.70812
      vertex 0.883958 1.53106 7.70812
    endloop
  endfacet
  facet normal 0.169574 0.343847 0.923587
    outer loop
      vertex 0.93091 2.24742 7.4328
      vertex 0.676552 1.63334 7.70812
      vertex 1.21629 2.10668 7.4328
    endloop
  endfacet
  facet normal 0.0420436 0.123853 0.99141
    outer loop
      vertex 0.410618 0.99132 7.89432
      vertex 0.0931015 0.34746 7.98822
      vertex 0.137657 0.332335 7.98822
    endloop
  endfacet
  facet normal 0.0726639 0.108753 0.99141
    outer loop
      vertex 0.536498 0.929242 7.89432
      vertex 0.179858 0.311523 7.98822
      vertex 0.218982 0.285382 7.98822
    endloop
  endfacet
  facet normal -0.0862389 -0.0983364 0.991409
    outer loop
      vertex -0.254358 -0.254358 7.98822
      vertex -0.758723 -0.758723 7.89432
      vertex -0.218982 -0.285382 7.98822
    endloop
  endfacet
  facet normal -0.0862384 -0.098337 0.991409
    outer loop
      vertex -0.218982 -0.285382 7.98822
      vertex -0.758723 -0.758723 7.89432
      vertex -0.653198 -0.851265 7.89432
    endloop
  endfacet
  facet normal 0.0169619 0.258778 0.965788
    outer loop
      vertex 0 1.76792 7.70812
      vertex 0 1.073 7.89432
      vertex 0.140054 1.06382 7.89432
    endloop
  endfacet
  facet normal 0.0505876 0.254352 0.965788
    outer loop
      vertex 0.230759 1.75279 7.70812
      vertex 0.140054 1.06382 7.89432
      vertex 0.45757 1.70768 7.70812
    endloop
  endfacet
  facet normal -0.0420461 0.123851 0.99141
    outer loop
      vertex -0.277712 1.03644 7.89432
      vertex -0.410618 0.99132 7.89432
      vertex -0.0931015 0.34746 7.98822
    endloop
  endfacet
  facet normal 0.0862384 -0.098337 0.991409
    outer loop
      vertex 0.758723 -0.758723 7.89432
      vertex 0.218982 -0.285382 7.98822
      vertex 0.653198 -0.851265 7.89432
    endloop
  endfacet
  facet normal -0.0578507 0.117305 0.991409
    outer loop
      vertex -0.137657 0.332335 7.98822
      vertex -0.410618 0.99132 7.89432
      vertex -0.179858 0.311523 7.98822
    endloop
  endfacet
  facet normal -0.114701 0.232588 0.965788
    outer loop
      vertex -0.410618 0.99132 7.89432
      vertex -0.883958 1.53106 7.70812
      vertex -0.536498 0.929242 7.89432
    endloop
  endfacet
  facet normal -0.0983364 0.0862389 0.991409
    outer loop
      vertex -0.254358 0.254358 7.98822
      vertex -0.758723 0.758723 7.89432
      vertex -0.285382 0.218982 7.98822
    endloop
  endfacet
  facet normal 0.108752 0.072666 0.991409
    outer loop
      vertex 0.851265 0.653198 7.89432
      vertex 0.285382 0.218982 7.98822
      vertex 0.929242 0.536498 7.89432
    endloop
  endfacet
  facet normal 0.597867 0.118913 0.792726
    outer loop
      vertex 3.50284 0.938581 6.63512
      vertex 2.95152 0.790856 7.07308
      vertex 3.02949 0.39884 7.07308
    endloop
  endfacet
  facet normal 0.577226 0.195945 0.792726
    outer loop
      vertex 3.50284 0.938581 6.63512
      vertex 2.82304 1.16934 7.07308
      vertex 2.95152 0.790856 7.07308
    endloop
  endfacet
  facet normal -0.0862384 0.098337 0.991409
    outer loop
      vertex -0.653198 0.851265 7.89432
      vertex -0.758723 0.758723 7.89432
      vertex -0.218982 0.285382 7.98822
    endloop
  endfacet
  facet normal -0.144079 0.215627 0.965788
    outer loop
      vertex -0.883958 1.53106 7.70812
      vertex -1.07624 1.40258 7.70812
      vertex -0.536498 0.929242 7.89432
    endloop
  endfacet
  facet normal -0.252775 0.288253 0.923588
    outer loop
      vertex -1.07624 1.40258 7.70812
      vertex -1.48087 1.9299 7.4328
      vertex -1.25011 1.25011 7.70812
    endloop
  endfacet
  facet normal -0.212993 0.318779 0.923587
    outer loop
      vertex -1.21629 2.10668 7.4328
      vertex -1.48087 1.9299 7.4328
      vertex -1.07624 1.40258 7.70812
    endloop
  endfacet
  facet normal -0.0833674 0.245568 0.965788
    outer loop
      vertex -0.277712 1.03644 7.89432
      vertex -0.676552 1.63334 7.70812
      vertex -0.410618 0.99132 7.89432
    endloop
  endfacet
  facet normal -0.0977064 0.491182 0.86556
    outer loop
      vertex -0.317516 2.41178 7.4328
      vertex -0.790856 2.95152 7.07308
      vertex -0.6296 2.3497 7.4328
    endloop
  endfacet
  facet normal -0.0747988 0.376023 0.923586
    outer loop
      vertex -0.317516 2.41178 7.4328
      vertex -0.6296 2.3497 7.4328
      vertex -0.45757 1.70768 7.70812
    endloop
  endfacet
  facet normal -0.0747861 0.376021 0.923588
    outer loop
      vertex -0.317516 2.41178 7.4328
      vertex -0.45757 1.70768 7.70812
      vertex -0.230759 1.75279 7.70812
    endloop
  endfacet
  facet normal -0.169574 0.343847 0.923587
    outer loop
      vertex -0.93091 2.24742 7.4328
      vertex -1.21629 2.10668 7.4328
      vertex -0.676552 1.63334 7.70812
    endloop
  endfacet
  facet normal -0.195945 0.577226 0.792726
    outer loop
      vertex -0.938581 3.50284 6.63512
      vertex -1.16934 2.82304 7.07308
      vertex -0.790856 2.95152 7.07308
    endloop
  endfacet
  facet normal -0.393273 0.588567 0.706346
    outer loop
      vertex -2.06756 3.58112 6.1264
      vertex -2.5173 3.28061 6.1264
      vertex -2.20761 2.87702 6.63512
    endloop
  endfacet
  facet normal -0.401925 0.458308 0.792724
    outer loop
      vertex -1.86015 2.4242 7.07308
      vertex -2.56425 2.56425 6.63512
      vertex -2.16066 2.16066 7.07308
    endloop
  endfacet
  facet normal -0.278227 0.416412 0.865558
    outer loop
      vertex -1.21629 2.10668 7.4328
      vertex -1.86015 2.4242 7.07308
      vertex -1.48087 1.9299 7.4328
    endloop
  endfacet
  facet normal -0.278235 0.4164 0.865561
    outer loop
      vertex -1.52782 2.64626 7.07308
      vertex -1.86015 2.4242 7.07308
      vertex -1.21629 2.10668 7.4328
    endloop
  endfacet
  facet normal -0.588567 0.393274 0.706346
    outer loop
      vertex -2.87702 2.20761 6.63512
      vertex -3.58112 2.06756 6.1264
      vertex -3.14056 1.8132 6.63512
    endloop
  endfacet
  facet normal -0.588567 0.393273 0.706346
    outer loop
      vertex -3.28061 2.5173 6.1264
      vertex -3.58112 2.06756 6.1264
      vertex -2.87702 2.20761 6.63512
    endloop
  endfacet
  facet normal -0.401927 0.458302 0.792725
    outer loop
      vertex -2.20761 2.87702 6.63512
      vertex -2.56425 2.56425 6.63512
      vertex -1.86015 2.4242 7.07308
    endloop
  endfacet
  facet normal -0.338668 0.506843 0.792726
    outer loop
      vertex -1.52782 2.64626 7.07308
      vertex -2.20761 2.87702 6.63512
      vertex -1.86015 2.4242 7.07308
    endloop
  endfacet
  facet normal -0.227542 0.670299 0.706345
    outer loop
      vertex -0.938581 3.50284 6.63512
      vertex -1.58244 3.82035 6.1264
      vertex -1.38776 3.35036 6.63512
    endloop
  endfacet
  facet normal -0.227542 0.670299 0.706345
    outer loop
      vertex -1.07025 3.99422 6.1264
      vertex -1.58244 3.82035 6.1264
      vertex -0.938581 3.50284 6.63512
    endloop
  endfacet
  facet normal -0.0519338 0.792278 0.607947
    outer loop
      vertex 0 4.13512 6.1264
      vertex -0.596907 4.53396 5.55564
      vertex -0.539741 4.09974 6.1264
    endloop
  endfacet
  facet normal -0.154891 0.778723 0.607947
    outer loop
      vertex -0.596907 4.53396 5.55564
      vertex -1.07025 3.99422 6.1264
      vertex -0.539741 4.09974 6.1264
    endloop
  endfacet
  facet normal -0.278544 0.820565 0.499085
    outer loop
      vertex -1.24647 4.42976 5.5
      vertex -1.75004 4.22498 5.55564
      vertex -1.1836 4.41726 5.55564
    endloop
  endfacet
  facet normal -0.27853 0.820544 0.499128
    outer loop
      vertex -1.75004 4.22498 5.55564
      vertex -1.24647 4.42976 5.5
      vertex -1.76234 4.25465 5.5
    endloop
  endfacet
  facet normal -0.255216 0.751845 0.607942
    outer loop
      vertex -1.1836 4.41726 5.55564
      vertex -1.75004 4.22498 5.55564
      vertex -1.07025 3.99422 6.1264
    endloop
  endfacet
  facet normal -0.0398625 0.60827 0.792729
    outer loop
      vertex 0 3.6264 6.63512
      vertex -0.47334 3.59538 6.63512
      vertex -0.39884 3.02949 7.07308
    endloop
  endfacet
  facet normal -0.0462904 0.706355 0.706343
    outer loop
      vertex 0 3.6264 6.63512
      vertex -0.539741 4.09974 6.1264
      vertex -0.47334 3.59538 6.63512
    endloop
  endfacet
  facet normal 0.138092 0.694268 0.706345
    outer loop
      vertex 1.07025 3.99422 6.1264
      vertex 0.539741 4.09974 6.1264
      vertex 0.938581 3.50284 6.63512
    endloop
  endfacet
  facet normal 0.138095 0.694269 0.706343
    outer loop
      vertex 0.539741 4.09974 6.1264
      vertex 0.47334 3.59538 6.63512
      vertex 0.938581 3.50284 6.63512
    endloop
  endfacet
  facet normal -0.382564 0.0250833 0.923588
    outer loop
      vertex -1.75279 0.230759 7.70812
      vertex -2.41178 0.317516 7.4328
      vertex -1.76792 0 7.70812
    endloop
  endfacet
  facet normal -0.382569 0.0250736 0.923587
    outer loop
      vertex -2.41178 0.317516 7.4328
      vertex -2.43259 0 7.4328
      vertex -1.76792 0 7.70812
    endloop
  endfacet
  facet normal -0.117305 0.0578507 0.991409
    outer loop
      vertex -0.311523 0.179858 7.98822
      vertex -0.99132 0.410618 7.89432
      vertex -0.332335 0.137657 7.98822
    endloop
  endfacet
  facet normal -0.117306 0.0578495 0.99141
    outer loop
      vertex -0.929242 0.536498 7.89432
      vertex -0.99132 0.410618 7.89432
      vertex -0.311523 0.179858 7.98822
    endloop
  endfacet
  facet normal -0.318779 0.212993 0.923587
    outer loop
      vertex -1.9299 1.48087 7.4328
      vertex -2.10668 1.21629 7.4328
      vertex -1.40258 1.07624 7.70812
    endloop
  endfacet
  facet normal -0.288253 0.252775 0.923588
    outer loop
      vertex -1.25011 1.25011 7.70812
      vertex -1.9299 1.48087 7.4328
      vertex -1.40258 1.07624 7.70812
    endloop
  endfacet
  facet normal -0.634869 0.313077 0.706345
    outer loop
      vertex -3.14056 1.8132 6.63512
      vertex -3.82035 1.58244 6.1264
      vertex -3.35036 1.38776 6.63512
    endloop
  endfacet
  facet normal -0.670299 0.227542 0.706345
    outer loop
      vertex -3.35036 1.38776 6.63512
      vertex -3.82035 1.58244 6.1264
      vertex -3.50284 0.938581 6.63512
    endloop
  endfacet
  facet normal -0.792283 -0.0519245 0.607941
    outer loop
      vertex -4.13512 0 6.1264
      vertex -4.57308 0 5.55564
      vertex -4.53396 -0.596907 5.55564
    endloop
  endfacet
  facet normal -0.792283 0.0519245 0.607941
    outer loop
      vertex -4.53396 0.596907 5.55564
      vertex -4.57308 0 5.55564
      vertex -4.13512 0 6.1264
    endloop
  endfacet
  facet normal -0.123853 -0.0420436 0.99141
    outer loop
      vertex -0.34746 -0.0931015 7.98822
      vertex -0.99132 -0.410618 7.89432
      vertex -0.332335 -0.137657 7.98822
    endloop
  endfacet
  facet normal -0.213002 -0.318777 0.923586
    outer loop
      vertex -1.07624 -1.40258 7.70812
      vertex -1.21629 -2.10668 7.4328
      vertex -0.883958 -1.53106 7.70812
    endloop
  endfacet
  facet normal -0.252788 -0.288248 0.923586
    outer loop
      vertex -1.25011 -1.25011 7.70812
      vertex -1.7201 -1.7201 7.4328
      vertex -1.48087 -1.9299 7.4328
    endloop
  endfacet
  facet normal -0.0169619 -0.258778 0.965788
    outer loop
      vertex 0 -1.073 7.89432
      vertex -0.140054 -1.06382 7.89432
      vertex 0 -1.76792 7.70812
    endloop
  endfacet
  facet normal 0.0169619 -0.258778 0.965788
    outer loop
      vertex 0 -1.073 7.89432
      vertex 0 -1.76792 7.70812
      vertex 0.140054 -1.06382 7.89432
    endloop
  endfacet
  facet normal -0.0833674 -0.245568 0.965788
    outer loop
      vertex -0.410618 -0.99132 7.89432
      vertex -0.676552 -1.63334 7.70812
      vertex -0.277712 -1.03644 7.89432
    endloop
  endfacet
  facet normal -0.0833657 -0.245569 0.965788
    outer loop
      vertex -0.277712 -1.03644 7.89432
      vertex -0.676552 -1.63334 7.70812
      vertex -0.45757 -1.70768 7.70812
    endloop
  endfacet
  facet normal -0.170989 -0.194978 0.965788
    outer loop
      vertex -0.758723 -0.758723 7.89432
      vertex -1.07624 -1.40258 7.70812
      vertex -0.653198 -0.851265 7.89432
    endloop
  endfacet
  facet normal -0.144079 -0.215627 0.965788
    outer loop
      vertex -0.536498 -0.929242 7.89432
      vertex -1.07624 -1.40258 7.70812
      vertex -0.883958 -1.53106 7.70812
    endloop
  endfacet
  facet normal 0.128281 -0.0255148 0.99141
    outer loop
      vertex 0.356639 -0.0469522 7.98822
      vertex 0.34746 -0.0931015 7.98822
      vertex 1.06382 -0.140054 7.89432
    endloop
  endfacet
  facet normal 0.130514 -0.0085532 0.99141
    outer loop
      vertex 0.359716 0 7.98822
      vertex 0.356639 -0.0469522 7.98822
      vertex 1.06382 -0.140054 7.89432
    endloop
  endfacet
  facet normal -0.0505901 -0.254351 0.965788
    outer loop
      vertex -0.277712 -1.03644 7.89432
      vertex -0.45757 -1.70768 7.70812
      vertex -0.140054 -1.06382 7.89432
    endloop
  endfacet
  facet normal -0.170983 -0.194981 0.965788
    outer loop
      vertex -0.758723 -0.758723 7.89432
      vertex -1.25011 -1.25011 7.70812
      vertex -1.07624 -1.40258 7.70812
    endloop
  endfacet
  facet normal -0.169568 -0.343854 0.923586
    outer loop
      vertex -0.883958 -1.53106 7.70812
      vertex -1.21629 -2.10668 7.4328
      vertex -0.676552 -1.63334 7.70812
    endloop
  endfacet
  facet normal -0.318777 -0.213002 0.923586
    outer loop
      vertex -1.53106 -0.883958 7.70812
      vertex -2.10668 -1.21629 7.4328
      vertex -1.40258 -1.07624 7.70812
    endloop
  endfacet
  facet normal -0.318779 -0.212993 0.923587
    outer loop
      vertex -1.40258 -1.07624 7.70812
      vertex -2.10668 -1.21629 7.4328
      vertex -1.9299 -1.48087 7.4328
    endloop
  endfacet
  facet normal -0.128281 -0.0255149 0.99141
    outer loop
      vertex -0.34746 -0.0931015 7.98822
      vertex -1.06382 -0.140054 7.89432
      vertex -1.03644 -0.277712 7.89432
    endloop
  endfacet
  facet normal -0.363041 -0.123245 0.923586
    outer loop
      vertex -1.70768 -0.45757 7.70812
      vertex -2.3497 -0.6296 7.4328
      vertex -1.63334 -0.676552 7.70812
    endloop
  endfacet
  facet normal -0.376023 -0.0747988 0.923586
    outer loop
      vertex -1.70768 -0.45757 7.70812
      vertex -2.41178 -0.317516 7.4328
      vertex -2.3497 -0.6296 7.4328
    endloop
  endfacet
  facet normal 0.269606 -0.546716 0.792725
    outer loop
      vertex 1.52782 -2.64626 7.07308
      vertex 1.16934 -2.82304 7.07308
      vertex 1.38776 -3.35036 6.63512
    endloop
  endfacet
  facet normal 0.195948 -0.577227 0.792726
    outer loop
      vertex 1.16934 -2.82304 7.07308
      vertex 0.938581 -3.50284 6.63512
      vertex 1.38776 -3.35036 6.63512
    endloop
  endfacet
  facet normal -0.0250736 -0.382569 0.923587
    outer loop
      vertex 0 -1.76792 7.70812
      vertex -0.317516 -2.41178 7.4328
      vertex 0 -2.43259 7.4328
    endloop
  endfacet
  facet normal -0.0327529 -0.49974 0.865556
    outer loop
      vertex -0.317516 -2.41178 7.4328
      vertex -0.39884 -3.02949 7.07308
      vertex 0 -2.43259 7.4328
    endloop
  endfacet
  facet normal 0.195945 -0.577226 0.792726
    outer loop
      vertex 1.16934 -2.82304 7.07308
      vertex 0.790856 -2.95152 7.07308
      vertex 0.938581 -3.50284 6.63512
    endloop
  endfacet
  facet normal 0.160981 -0.474228 0.865559
    outer loop
      vertex 1.16934 -2.82304 7.07308
      vertex 0.6296 -2.3497 7.4328
      vertex 0.790856 -2.95152 7.07308
    endloop
  endfacet
  facet normal -0.269606 -0.546716 0.792725
    outer loop
      vertex -1.16934 -2.82304 7.07308
      vertex -1.52782 -2.64626 7.07308
      vertex -1.38776 -3.35036 6.63512
    endloop
  endfacet
  facet normal -0.195948 -0.577227 0.792726
    outer loop
      vertex -1.16934 -2.82304 7.07308
      vertex -1.38776 -3.35036 6.63512
      vertex -0.938581 -3.50284 6.63512
    endloop
  endfacet
  facet normal 0.0255148 -0.128281 0.99141
    outer loop
      vertex 0.0931015 -0.34746 7.98822
      vertex 0.0469522 -0.356639 7.98822
      vertex 0.140054 -1.06382 7.89432
    endloop
  endfacet
  facet normal 0.330207 -0.376527 0.865558
    outer loop
      vertex 1.7201 -1.7201 7.4328
      vertex 1.48087 -1.9299 7.4328
      vertex 2.16066 -2.16066 7.07308
    endloop
  endfacet
  facet normal 0.252788 -0.288248 0.923586
    outer loop
      vertex 1.7201 -1.7201 7.4328
      vertex 1.25011 -1.25011 7.70812
      vertex 1.48087 -1.9299 7.4328
    endloop
  endfacet
  facet normal 0.170989 -0.194978 0.965788
    outer loop
      vertex 0.758723 -0.758723 7.89432
      vertex 0.653198 -0.851265 7.89432
      vertex 1.07624 -1.40258 7.70812
    endloop
  endfacet
  facet normal 0.170983 -0.194981 0.965788
    outer loop
      vertex 1.25011 -1.25011 7.70812
      vertex 0.758723 -0.758723 7.89432
      vertex 1.07624 -1.40258 7.70812
    endloop
  endfacet
  facet normal -0.117306 -0.0578495 0.99141
    outer loop
      vertex -0.311523 -0.179858 7.98822
      vertex -0.99132 -0.410618 7.89432
      vertex -0.929242 -0.536498 7.89432
    endloop
  endfacet
  facet normal 0.0420461 -0.123851 0.99141
    outer loop
      vertex 0.410618 -0.99132 7.89432
      vertex 0.0931015 -0.34746 7.98822
      vertex 0.277712 -1.03644 7.89432
    endloop
  endfacet
  facet normal 0.0505901 -0.254351 0.965788
    outer loop
      vertex 0.277712 -1.03644 7.89432
      vertex 0.140054 -1.06382 7.89432
      vertex 0.45757 -1.70768 7.70812
    endloop
  endfacet
  facet normal 0.123245 -0.363041 0.923586
    outer loop
      vertex 0.676552 -1.63334 7.70812
      vertex 0.45757 -1.70768 7.70812
      vertex 0.6296 -2.3497 7.4328
    endloop
  endfacet
  facet normal 0.0747861 -0.376021 0.923588
    outer loop
      vertex 0.45757 -1.70768 7.70812
      vertex 0.230759 -1.75279 7.70812
      vertex 0.317516 -2.41178 7.4328
    endloop
  endfacet
  facet normal 0.0505876 -0.254352 0.965788
    outer loop
      vertex 0.45757 -1.70768 7.70812
      vertex 0.140054 -1.06382 7.89432
      vertex 0.230759 -1.75279 7.70812
    endloop
  endfacet
  facet normal 0.288248 -0.252788 0.923586
    outer loop
      vertex 1.9299 -1.48087 7.4328
      vertex 1.25011 -1.25011 7.70812
      vertex 1.7201 -1.7201 7.4328
    endloop
  endfacet
  facet normal 0.376527 -0.330207 0.865558
    outer loop
      vertex 1.9299 -1.48087 7.4328
      vertex 1.7201 -1.7201 7.4328
      vertex 2.16066 -2.16066 7.07308
    endloop
  endfacet
  facet normal 0.232588 -0.114701 0.965788
    outer loop
      vertex 0.99132 -0.410618 7.89432
      vertex 0.929242 -0.536498 7.89432
      vertex 1.53106 -0.883958 7.70812
    endloop
  endfacet
  facet normal 0.072666 -0.108752 0.991409
    outer loop
      vertex 0.653198 -0.851265 7.89432
      vertex 0.218982 -0.285382 7.98822
      vertex 0.536498 -0.929242 7.89432
    endloop
  endfacet
  facet normal 0.0862389 -0.0983364 0.991409
    outer loop
      vertex 0.254358 -0.254358 7.98822
      vertex 0.218982 -0.285382 7.98822
      vertex 0.758723 -0.758723 7.89432
    endloop
  endfacet
  facet normal 0.130514 0.00855467 0.99141
    outer loop
      vertex 1.06382 0.140054 7.89432
      vertex 0.359716 0 7.98822
      vertex 1.073 0 7.89432
    endloop
  endfacet
  facet normal 0.130514 -0.00855467 0.99141
    outer loop
      vertex 1.073 0 7.89432
      vertex 0.359716 0 7.98822
      vertex 1.06382 -0.140054 7.89432
    endloop
  endfacet
  facet normal 0.706348 -0.0463011 0.706348
    outer loop
      vertex 4.13512 0 6.1264
      vertex 3.6264 0 6.63512
      vertex 4.09974 -0.539741 6.1264
    endloop
  endfacet
  facet normal 0.706355 -0.0462904 0.706343
    outer loop
      vertex 3.6264 0 6.63512
      vertex 3.59538 -0.47334 6.63512
      vertex 4.09974 -0.539741 6.1264
    endloop
  endfacet
  facet normal 0.0578495 0.117306 0.99141
    outer loop
      vertex 0.410618 0.99132 7.89432
      vertex 0.179858 0.311523 7.98822
      vertex 0.536498 0.929242 7.89432
    endloop
  endfacet
  facet normal 0.114701 0.232588 0.965788
    outer loop
      vertex 0.883958 1.53106 7.70812
      vertex 0.410618 0.99132 7.89432
      vertex 0.536498 0.929242 7.89432
    endloop
  endfacet
  facet normal -0.0169671 0.258779 0.965788
    outer loop
      vertex 0 1.76792 7.70812
      vertex -0.230759 1.75279 7.70812
      vertex -0.140054 1.06382 7.89432
    endloop
  endfacet
  facet normal -0.0169619 0.258778 0.965788
    outer loop
      vertex 0 1.76792 7.70812
      vertex -0.140054 1.06382 7.89432
      vertex 0 1.073 7.89432
    endloop
  endfacet
  facet normal 0.491182 0.0977064 0.86556
    outer loop
      vertex 2.95152 0.790856 7.07308
      vertex 2.3497 0.6296 7.4328
      vertex 2.41178 0.317516 7.4328
    endloop
  endfacet
  facet normal 0.474228 0.160981 0.865559
    outer loop
      vertex 2.82304 1.16934 7.07308
      vertex 2.3497 0.6296 7.4328
      vertex 2.95152 0.790856 7.07308
    endloop
  endfacet
  facet normal -0.144078 0.215627 0.965788
    outer loop
      vertex -0.536498 0.929242 7.89432
      vertex -1.07624 1.40258 7.70812
      vertex -0.653198 0.851265 7.89432
    endloop
  endfacet
  facet normal -0.170989 0.194978 0.965788
    outer loop
      vertex -0.653198 0.851265 7.89432
      vertex -1.07624 1.40258 7.70812
      vertex -0.758723 0.758723 7.89432
    endloop
  endfacet
  facet normal -0.330207 0.376527 0.865558
    outer loop
      vertex -1.48087 1.9299 7.4328
      vertex -2.16066 2.16066 7.07308
      vertex -1.7201 1.7201 7.4328
    endloop
  endfacet
  facet normal -0.252788 0.288248 0.923586
    outer loop
      vertex -1.48087 1.9299 7.4328
      vertex -1.7201 1.7201 7.4328
      vertex -1.25011 1.25011 7.70812
    endloop
  endfacet
  facet normal 0.0398818 0.608277 0.792722
    outer loop
      vertex 0 3.6264 6.63512
      vertex 0 3.05564 7.07308
      vertex 0.39884 3.02949 7.07308
    endloop
  endfacet
  facet normal -0.0398818 0.608277 0.792722
    outer loop
      vertex 0 3.6264 6.63512
      vertex -0.39884 3.02949 7.07308
      vertex 0 3.05564 7.07308
    endloop
  endfacet
  facet normal -0.0505901 0.254351 0.965788
    outer loop
      vertex -0.140054 1.06382 7.89432
      vertex -0.45757 1.70768 7.70812
      vertex -0.277712 1.03644 7.89432
    endloop
  endfacet
  facet normal -0.0505876 0.254352 0.965788
    outer loop
      vertex -0.230759 1.75279 7.70812
      vertex -0.45757 1.70768 7.70812
      vertex -0.140054 1.06382 7.89432
    endloop
  endfacet
  facet normal -0.123245 0.363041 0.923586
    outer loop
      vertex -0.6296 2.3497 7.4328
      vertex -0.676552 1.63334 7.70812
      vertex -0.45757 1.70768 7.70812
    endloop
  endfacet
  facet normal -0.0976952 0.49119 0.865556
    outer loop
      vertex -0.39884 3.02949 7.07308
      vertex -0.790856 2.95152 7.07308
      vertex -0.317516 2.41178 7.4328
    endloop
  endfacet
  facet normal -0.160981 0.474228 0.865559
    outer loop
      vertex -0.790856 2.95152 7.07308
      vertex -1.16934 2.82304 7.07308
      vertex -0.6296 2.3497 7.4328
    endloop
  endfacet
  facet normal -0.123235 0.363041 0.923588
    outer loop
      vertex -0.6296 2.3497 7.4328
      vertex -0.93091 2.24742 7.4328
      vertex -0.676552 1.63334 7.70812
    endloop
  endfacet
  facet normal -0.393274 0.588567 0.706346
    outer loop
      vertex -2.06756 3.58112 6.1264
      vertex -2.20761 2.87702 6.63512
      vertex -1.8132 3.14056 6.63512
    endloop
  endfacet
  facet normal -0.338667 0.506844 0.792725
    outer loop
      vertex -1.8132 3.14056 6.63512
      vertex -2.20761 2.87702 6.63512
      vertex -1.52782 2.64626 7.07308
    endloop
  endfacet
  facet normal -0.138095 0.694269 0.706343
    outer loop
      vertex -0.539741 4.09974 6.1264
      vertex -0.938581 3.50284 6.63512
      vertex -0.47334 3.59538 6.63512
    endloop
  endfacet
  facet normal -0.118919 0.597862 0.792729
    outer loop
      vertex -0.47334 3.59538 6.63512
      vertex -0.938581 3.50284 6.63512
      vertex -0.39884 3.02949 7.07308
    endloop
  endfacet
  facet normal -0.258779 0.0169671 0.965788
    outer loop
      vertex -1.75279 0.230759 7.70812
      vertex -1.76792 0 7.70812
      vertex -1.06382 0.140054 7.89432
    endloop
  endfacet
  facet normal -0.254352 0.0505876 0.965788
    outer loop
      vertex -1.70768 0.45757 7.70812
      vertex -1.75279 0.230759 7.70812
      vertex -1.06382 0.140054 7.89432
    endloop
  endfacet
  facet normal -0.792278 -0.0519338 0.607947
    outer loop
      vertex -4.13512 0 6.1264
      vertex -4.53396 -0.596907 5.55564
      vertex -4.09974 -0.539741 6.1264
    endloop
  endfacet
  facet normal -0.706348 0.0463011 0.706348
    outer loop
      vertex -4.09974 0.539741 6.1264
      vertex -4.13512 0 6.1264
      vertex -3.6264 0 6.63512
    endloop
  endfacet
  facet normal -0.0250833 -0.382564 0.923588
    outer loop
      vertex -0.230759 -1.75279 7.70812
      vertex -0.317516 -2.41178 7.4328
      vertex 0 -1.76792 7.70812
    endloop
  endfacet
  facet normal -0.0169671 -0.258779 0.965788
    outer loop
      vertex -0.140054 -1.06382 7.89432
      vertex -0.230759 -1.75279 7.70812
      vertex 0 -1.76792 7.70812
    endloop
  endfacet
  facet normal -0.0085532 -0.130514 0.99141
    outer loop
      vertex -0.0469522 -0.356639 7.98822
      vertex -0.140054 -1.06382 7.89432
      vertex 0 -0.359716 7.98822
    endloop
  endfacet
  facet normal 0 0 1
    outer loop
      vertex 0.356639 0.0469522 7.98822
      vertex 0.356639 -0.0469522 7.98822
      vertex 0.359716 0 7.98822
    endloop
  endfacet
  facet normal 0 0 1
    outer loop
      vertex 0.34746 0.0931015 7.98822
      vertex 0.356639 -0.0469522 7.98822
      vertex 0.356639 0.0469522 7.98822
    endloop
  endfacet
  facet normal 0 0 1
    outer loop
      vertex 0.34746 0.0931015 7.98822
      vertex 0.34746 -0.0931015 7.98822
      vertex 0.356639 -0.0469522 7.98822
    endloop
  endfacet
  facet normal 0 0 1
    outer loop
      vertex 0.332335 0.137657 7.98822
      vertex 0.34746 -0.0931015 7.98822
      vertex 0.34746 0.0931015 7.98822
    endloop
  endfacet
  facet normal 0 0 1
    outer loop
      vertex 0.332335 0.137657 7.98822
      vertex 0.332335 -0.137657 7.98822
      vertex 0.34746 -0.0931015 7.98822
    endloop
  endfacet
  facet normal 0 0 1
    outer loop
      vertex 0.311523 0.179858 7.98822
      vertex 0.332335 -0.137657 7.98822
      vertex 0.332335 0.137657 7.98822
    endloop
  endfacet
  facet normal 0 0 1
    outer loop
      vertex 0.311523 0.179858 7.98822
      vertex 0.311523 -0.179858 7.98822
      vertex 0.332335 -0.137657 7.98822
    endloop
  endfacet
  facet normal 0 0 1
    outer loop
      vertex 0.285382 0.218982 7.98822
      vertex 0.311523 -0.179858 7.98822
      vertex 0.311523 0.179858 7.98822
    endloop
  endfacet
  facet normal 0 0 1
    outer loop
      vertex 0.285382 0.218982 7.98822
      vertex 0.285382 -0.218982 7.98822
      vertex 0.311523 -0.179858 7.98822
    endloop
  endfacet
  facet normal 0 0 1
    outer loop
      vertex 0.254358 0.254358 7.98822
      vertex 0.285382 -0.218982 7.98822
      vertex 0.285382 0.218982 7.98822
    endloop
  endfacet
  facet normal 0 0 1
    outer loop
      vertex 0.254358 0.254358 7.98822
      vertex 0.254358 -0.254358 7.98822
      vertex 0.285382 -0.218982 7.98822
    endloop
  endfacet
  facet normal 0 0 1
    outer loop
      vertex 0.218982 0.285382 7.98822
      vertex 0.254358 -0.254358 7.98822
      vertex 0.254358 0.254358 7.98822
    endloop
  endfacet
  facet normal 0 0 1
    outer loop
      vertex 0.218982 0.285382 7.98822
      vertex 0.218982 -0.285382 7.98822
      vertex 0.254358 -0.254358 7.98822
    endloop
  endfacet
  facet normal 0 0 1
    outer loop
      vertex 0.179858 0.311523 7.98822
      vertex 0.218982 -0.285382 7.98822
      vertex 0.218982 0.285382 7.98822
    endloop
  endfacet
  facet normal 0 0 1
    outer loop
      vertex 0.179858 0.311523 7.98822
      vertex 0.179858 -0.311523 7.98822
      vertex 0.218982 -0.285382 7.98822
    endloop
  endfacet
  facet normal 0 0 1
    outer loop
      vertex 0.137657 0.332335 7.98822
      vertex 0.179858 -0.311523 7.98822
      vertex 0.179858 0.311523 7.98822
    endloop
  endfacet
  facet normal 0 0 1
    outer loop
      vertex 0.137657 0.332335 7.98822
      vertex 0.137657 -0.332335 7.98822
      vertex 0.179858 -0.311523 7.98822
    endloop
  endfacet
  facet normal 0 0 1
    outer loop
      vertex 0.0931015 0.34746 7.98822
      vertex 0.137657 -0.332335 7.98822
      vertex 0.137657 0.332335 7.98822
    endloop
  endfacet
  facet normal 0 0 1
    outer loop
      vertex 0.0931015 0.34746 7.98822
      vertex 0.0931015 -0.34746 7.98822
      vertex 0.137657 -0.332335 7.98822
    endloop
  endfacet
  facet normal 0 0 1
    outer loop
      vertex 0.0469522 0.356639 7.98822
      vertex 0.0931015 -0.34746 7.98822
      vertex 0.0931015 0.34746 7.98822
    endloop
  endfacet
  facet normal 0 0 1
    outer loop
      vertex 0.0469522 0.356639 7.98822
      vertex 0.0469522 -0.356639 7.98822
      vertex 0.0931015 -0.34746 7.98822
    endloop
  endfacet
  facet normal 0 0 1
    outer loop
      vertex 0 0.359716 7.98822
      vertex 0.0469522 -0.356639 7.98822
      vertex 0.0469522 0.356639 7.98822
    endloop
  endfacet
  facet normal 0 0 1
    outer loop
      vertex 0 0.359716 7.98822
      vertex 0 -0.359716 7.98822
      vertex 0.0469522 -0.356639 7.98822
    endloop
  endfacet
  facet normal -0 0 1
    outer loop
      vertex -0.0469522 0.356639 7.98822
      vertex 0 -0.359716 7.98822
      vertex 0 0.359716 7.98822
    endloop
  endfacet
  facet normal 0 0 1
    outer loop
      vertex -0.0469522 0.356639 7.98822
      vertex -0.0469522 -0.356639 7.98822
      vertex 0 -0.359716 7.98822
    endloop
  endfacet
  facet normal -0 0 1
    outer loop
      vertex -0.0931015 0.34746 7.98822
      vertex -0.0469522 -0.356639 7.98822
      vertex -0.0469522 0.356639 7.98822
    endloop
  endfacet
  facet normal 0 0 1
    outer loop
      vertex -0.0931015 0.34746 7.98822
      vertex -0.0931015 -0.34746 7.98822
      vertex -0.0469522 -0.356639 7.98822
    endloop
  endfacet
  facet normal -0 0 1
    outer loop
      vertex -0.137657 0.332335 7.98822
      vertex -0.0931015 -0.34746 7.98822
      vertex -0.0931015 0.34746 7.98822
    endloop
  endfacet
  facet normal 0 0 1
    outer loop
      vertex -0.137657 0.332335 7.98822
      vertex -0.137657 -0.332335 7.98822
      vertex -0.0931015 -0.34746 7.98822
    endloop
  endfacet
  facet normal -0 0 1
    outer loop
      vertex -0.179858 0.311523 7.98822
      vertex -0.137657 -0.332335 7.98822
      vertex -0.137657 0.332335 7.98822
    endloop
  endfacet
  facet normal 0 0 1
    outer loop
      vertex -0.179858 0.311523 7.98822
      vertex -0.179858 -0.311523 7.98822
      vertex -0.137657 -0.332335 7.98822
    endloop
  endfacet
  facet normal -0 0 1
    outer loop
      vertex -0.218982 0.285382 7.98822
      vertex -0.179858 -0.311523 7.98822
      vertex -0.179858 0.311523 7.98822
    endloop
  endfacet
  facet normal 0 0 1
    outer loop
      vertex -0.218982 0.285382 7.98822
      vertex -0.218982 -0.285382 7.98822
      vertex -0.179858 -0.311523 7.98822
    endloop
  endfacet
  facet normal -0 0 1
    outer loop
      vertex -0.254358 0.254358 7.98822
      vertex -0.218982 -0.285382 7.98822
      vertex -0.218982 0.285382 7.98822
    endloop
  endfacet
  facet normal 0 0 1
    outer loop
      vertex -0.254358 0.254358 7.98822
      vertex -0.254358 -0.254358 7.98822
      vertex -0.218982 -0.285382 7.98822
    endloop
  endfacet
  facet normal -0 0 1
    outer loop
      vertex -0.285382 0.218982 7.98822
      vertex -0.254358 -0.254358 7.98822
      vertex -0.254358 0.254358 7.98822
    endloop
  endfacet
  facet normal 0 0 1
    outer loop
      vertex -0.285382 0.218982 7.98822
      vertex -0.285382 -0.218982 7.98822
      vertex -0.254358 -0.254358 7.98822
    endloop
  endfacet
  facet normal -0 0 1
    outer loop
      vertex -0.311523 0.179858 7.98822
      vertex -0.285382 -0.218982 7.98822
      vertex -0.285382 0.218982 7.98822
    endloop
  endfacet
  facet normal 0 0 1
    outer loop
      vertex -0.311523 0.179858 7.98822
      vertex -0.311523 -0.179858 7.98822
      vertex -0.285382 -0.218982 7.98822
    endloop
  endfacet
  facet normal -0 0 1
    outer loop
      vertex -0.332335 0.137657 7.98822
      vertex -0.311523 -0.179858 7.98822
      vertex -0.311523 0.179858 7.98822
    endloop
  endfacet
  facet normal 0 0 1
    outer loop
      vertex -0.332335 0.137657 7.98822
      vertex -0.332335 -0.137657 7.98822
      vertex -0.311523 -0.179858 7.98822
    endloop
  endfacet
  facet normal -0 0 1
    outer loop
      vertex -0.34746 0.0931015 7.98822
      vertex -0.332335 -0.137657 7.98822
      vertex -0.332335 0.137657 7.98822
    endloop
  endfacet
  facet normal 0 0 1
    outer loop
      vertex -0.34746 0.0931015 7.98822
      vertex -0.34746 -0.0931015 7.98822
      vertex -0.332335 -0.137657 7.98822
    endloop
  endfacet
  facet normal -0 0 1
    outer loop
      vertex -0.356639 0.0469522 7.98822
      vertex -0.34746 -0.0931015 7.98822
      vertex -0.34746 0.0931015 7.98822
    endloop
  endfacet
  facet normal 0 0 1
    outer loop
      vertex -0.356639 0.0469522 7.98822
      vertex -0.356639 -0.0469522 7.98822
      vertex -0.34746 -0.0931015 7.98822
    endloop
  endfacet
  facet normal 0 -0 1
    outer loop
      vertex -0.356639 -0.0469522 7.98822
      vertex -0.356639 0.0469522 7.98822
      vertex -0.359716 0 7.98822
    endloop
  endfacet
  facet normal -0.128281 -0.0255148 0.99141
    outer loop
      vertex -0.356639 -0.0469522 7.98822
      vertex -1.06382 -0.140054 7.89432
      vertex -0.34746 -0.0931015 7.98822
    endloop
  endfacet
  facet normal 0.0726639 -0.108753 0.99141
    outer loop
      vertex 0.218982 -0.285382 7.98822
      vertex 0.179858 -0.311523 7.98822
      vertex 0.536498 -0.929242 7.89432
    endloop
  endfacet
  facet normal -0.252775 -0.288253 0.923588
    outer loop
      vertex -1.25011 -1.25011 7.70812
      vertex -1.48087 -1.9299 7.4328
      vertex -1.07624 -1.40258 7.70812
    endloop
  endfacet
  facet normal -0.212993 -0.318779 0.923587
    outer loop
      vertex -1.07624 -1.40258 7.70812
      vertex -1.48087 -1.9299 7.4328
      vertex -1.21629 -2.10668 7.4328
    endloop
  endfacet
  facet normal -0.278235 -0.4164 0.865561
    outer loop
      vertex -1.21629 -2.10668 7.4328
      vertex -1.86015 -2.4242 7.07308
      vertex -1.52782 -2.64626 7.07308
    endloop
  endfacet
  facet normal -0.338668 -0.506843 0.792726
    outer loop
      vertex -1.86015 -2.4242 7.07308
      vertex -2.20761 -2.87702 6.63512
      vertex -1.52782 -2.64626 7.07308
    endloop
  endfacet
  facet normal -0.108753 -0.0726639 0.99141
    outer loop
      vertex -0.311523 -0.179858 7.98822
      vertex -0.929242 -0.536498 7.89432
      vertex -0.285382 -0.218982 7.98822
    endloop
  endfacet
  facet normal 0.278227 -0.416412 0.865558
    outer loop
      vertex 1.48087 -1.9299 7.4328
      vertex 1.21629 -2.10668 7.4328
      vertex 1.86015 -2.4242 7.07308
    endloop
  endfacet
  facet normal 0.330206 -0.376528 0.865558
    outer loop
      vertex 2.16066 -2.16066 7.07308
      vertex 1.48087 -1.9299 7.4328
      vertex 1.86015 -2.4242 7.07308
    endloop
  endfacet
  facet normal 0.0833657 -0.245569 0.965788
    outer loop
      vertex 0.676552 -1.63334 7.70812
      vertex 0.277712 -1.03644 7.89432
      vertex 0.45757 -1.70768 7.70812
    endloop
  endfacet
  facet normal 0.0833674 -0.245568 0.965788
    outer loop
      vertex 0.410618 -0.99132 7.89432
      vertex 0.277712 -1.03644 7.89432
      vertex 0.676552 -1.63334 7.70812
    endloop
  endfacet
  facet normal 0.117306 -0.0578495 0.99141
    outer loop
      vertex 0.99132 -0.410618 7.89432
      vertex 0.311523 -0.179858 7.98822
      vertex 0.929242 -0.536498 7.89432
    endloop
  endfacet
  facet normal 0.117305 -0.0578507 0.991409
    outer loop
      vertex 0.332335 -0.137657 7.98822
      vertex 0.311523 -0.179858 7.98822
      vertex 0.99132 -0.410618 7.89432
    endloop
  endfacet
  facet normal 0.0250833 0.382564 0.923588
    outer loop
      vertex 0.317516 2.41178 7.4328
      vertex 0 1.76792 7.70812
      vertex 0.230759 1.75279 7.70812
    endloop
  endfacet
  facet normal 0.0169671 0.258779 0.965788
    outer loop
      vertex 0.230759 1.75279 7.70812
      vertex 0 1.76792 7.70812
      vertex 0.140054 1.06382 7.89432
    endloop
  endfacet
  facet normal 0.0327651 0.499734 0.865559
    outer loop
      vertex 0 3.05564 7.07308
      vertex 0 2.43259 7.4328
      vertex 0.39884 3.02949 7.07308
    endloop
  endfacet
  facet normal -0.0327651 0.499734 0.865559
    outer loop
      vertex 0 3.05564 7.07308
      vertex -0.39884 3.02949 7.07308
      vertex 0 2.43259 7.4328
    endloop
  endfacet
  facet normal -0.160978 0.474231 0.865558
    outer loop
      vertex -0.6296 2.3497 7.4328
      vertex -1.16934 2.82304 7.07308
      vertex -0.93091 2.24742 7.4328
    endloop
  endfacet
  facet normal -0.22151 0.449158 0.865558
    outer loop
      vertex -1.16934 2.82304 7.07308
      vertex -1.21629 2.10668 7.4328
      vertex -0.93091 2.24742 7.4328
    endloop
  endfacet
  facet normal -0.694268 -0.138092 0.706345
    outer loop
      vertex -3.50284 -0.938581 6.63512
      vertex -4.09974 -0.539741 6.1264
      vertex -3.99422 -1.07025 6.1264
    endloop
  endfacet
  facet normal -0.694269 -0.138095 0.706343
    outer loop
      vertex -3.59538 -0.47334 6.63512
      vertex -4.09974 -0.539741 6.1264
      vertex -3.50284 -0.938581 6.63512
    endloop
  endfacet
  facet normal -0.215627 -0.144079 0.965788
    outer loop
      vertex -0.929242 -0.536498 7.89432
      vertex -1.53106 -0.883958 7.70812
      vertex -1.40258 -1.07624 7.70812
    endloop
  endfacet
  facet normal -0.232588 -0.114701 0.965788
    outer loop
      vertex -0.99132 -0.410618 7.89432
      vertex -1.53106 -0.883958 7.70812
      vertex -0.929242 -0.536498 7.89432
    endloop
  endfacet
  facet normal -0.194978 -0.170989 0.965788
    outer loop
      vertex -0.851265 -0.653198 7.89432
      vertex -1.40258 -1.07624 7.70812
      vertex -0.758723 -0.758723 7.89432
    endloop
  endfacet
  facet normal -0.098337 -0.0862384 0.991409
    outer loop
      vertex -0.285382 -0.218982 7.98822
      vertex -0.851265 -0.653198 7.89432
      vertex -0.758723 -0.758723 7.89432
    endloop
  endfacet
  facet normal 0.0578507 -0.117305 0.991409
    outer loop
      vertex 0.179858 -0.311523 7.98822
      vertex 0.137657 -0.332335 7.98822
      vertex 0.410618 -0.99132 7.89432
    endloop
  endfacet
  facet normal 0 0 -1
    outer loop
      vertex 2.6 0 5.5
      vertex 4.6052 0 5.5
      vertex 4.56957 -0.543605 5.5
    endloop
  endfacet
  facet normal 0 0 -1
    outer loop
      vertex 2.57776 -0.339368 5.5
      vertex 4.56957 -0.543605 5.5
      vertex 4.56581 -0.601099 5.5
    endloop
  endfacet
  facet normal 0 0 -1
    outer loop
      vertex 4.6052 0 5.5
      vertex 2.6 0 5.5
      vertex 4.56957 0.543605 5.5
    endloop
  endfacet
  facet normal 0 0 -1
    outer loop
      vertex 2.57776 -0.339368 5.5
      vertex 4.56581 -0.601099 5.5
      vertex 4.45953 -1.1354 5.5
    endloop
  endfacet
  facet normal 0 0 -1
    outer loop
      vertex 2.57776 0.339368 5.5
      vertex 4.56957 0.543605 5.5
      vertex 2.6 0 5.5
    endloop
  endfacet
  facet normal 0 0 -1
    outer loop
      vertex 4.42976 -1.24647 5.5
      vertex 4.45953 -1.1354 5.5
      vertex 4.44829 -1.19191 5.5
    endloop
  endfacet
  facet normal -0 0 -1
    outer loop
      vertex 4.56957 0.543605 5.5
      vertex 2.57776 0.339368 5.5
      vertex 4.56581 0.601099 5.5
    endloop
  endfacet
  facet normal -0 0 -1
    outer loop
      vertex 4.45953 -1.1354 5.5
      vertex 4.42976 -1.24647 5.5
      vertex 2.51141 -0.672929 5.5
    endloop
  endfacet
  facet normal -0 0 -1
    outer loop
      vertex 4.56581 0.601099 5.5
      vertex 2.57776 0.339368 5.5
      vertex 4.45953 1.1354 5.5
    endloop
  endfacet
  facet normal 0 0 -1
    outer loop
      vertex 2.40209 -0.994976 5.5
      vertex 4.42976 -1.24647 5.5
      vertex 4.25465 -1.76234 5.5
    endloop
  endfacet
  facet normal 0 0 -1
    outer loop
      vertex 2.51141 0.672929 5.5
      vertex 4.45953 1.1354 5.5
      vertex 2.57776 0.339368 5.5
    endloop
  endfacet
  facet normal 0 0 -1
    outer loop
      vertex 2.40209 -0.994976 5.5
      vertex 4.25465 -1.76234 5.5
      vertex 4.22917 -1.81401 5.5
    endloop
  endfacet
  facet normal 0 -0 -1
    outer loop
      vertex 4.42976 1.24647 5.5
      vertex 4.45953 1.1354 5.5
      vertex 2.51141 0.672929 5.5
    endloop
  endfacet
  facet normal 0 0 -1
    outer loop
      vertex 2.25167 -1.3 5.5
      vertex 4.22917 -1.81401 5.5
      vertex 3.98822 -2.3026 5.5
    endloop
  endfacet
  facet normal 0 0 -1
    outer loop
      vertex 4.45953 1.1354 5.5
      vertex 4.42976 1.24647 5.5
      vertex 4.44829 1.19191 5.5
    endloop
  endfacet
  facet normal 0 0 -1
    outer loop
      vertex 2.25167 -1.3 5.5
      vertex 3.98822 -2.3026 5.5
      vertex 3.95621 -2.35051 5.5
    endloop
  endfacet
  facet normal 0 0 -1
    outer loop
      vertex 2.40209 0.994976 5.5
      vertex 4.42976 1.24647 5.5
      vertex 2.51141 0.672929 5.5
    endloop
  endfacet
  facet normal 0 0 -1
    outer loop
      vertex 2.06272 -1.58278 5.5
      vertex 3.95621 -2.35051 5.5
      vertex 3.65355 -2.80347 5.5
    endloop
  endfacet
  facet normal -0 0 -1
    outer loop
      vertex 4.42976 1.24647 5.5
      vertex 2.40209 0.994976 5.5
      vertex 4.25465 1.76234 5.5
    endloop
  endfacet
  facet normal 0 0 -1
    outer loop
      vertex 2.06272 -1.58278 5.5
      vertex 3.65355 -2.80347 5.5
      vertex 3.29436 -3.21305 5.5
    endloop
  endfacet
  facet normal -0 0 -1
    outer loop
      vertex 4.25465 1.76234 5.5
      vertex 2.40209 0.994976 5.5
      vertex 4.22917 1.81401 5.5
    endloop
  endfacet
  facet normal 0 0 -1
    outer loop
      vertex 3.21305 -3.29436 5.5
      vertex 3.29436 -3.21305 5.5
      vertex 3.25637 -3.25637 5.5
    endloop
  endfacet
  facet normal 0 0 -1
    outer loop
      vertex 2.25167 1.3 5.5
      vertex 4.22917 1.81401 5.5
      vertex 2.40209 0.994976 5.5
    endloop
  endfacet
  facet normal -0 0 -1
    outer loop
      vertex 3.29436 -3.21305 5.5
      vertex 3.21305 -3.29436 5.5
      vertex 1.83848 -1.83848 5.5
    endloop
  endfacet
  facet normal -0 0 -1
    outer loop
      vertex 4.22917 1.81401 5.5
      vertex 2.25167 1.3 5.5
      vertex 3.98822 2.3026 5.5
    endloop
  endfacet
  facet normal 0 0 -1
    outer loop
      vertex 1.58278 -2.06272 5.5
      vertex 3.21305 -3.29436 5.5
      vertex 2.80347 -3.65355 5.5
    endloop
  endfacet
  facet normal -0 0 -1
    outer loop
      vertex 3.98822 2.3026 5.5
      vertex 2.25167 1.3 5.5
      vertex 3.95621 2.35051 5.5
    endloop
  endfacet
  facet normal 0 0 -1
    outer loop
      vertex 2.06272 1.58278 5.5
      vertex 3.95621 2.35051 5.5
      vertex 2.25167 1.3 5.5
    endloop
  endfacet
  facet normal 0 0 -1
    outer loop
      vertex 4.56957 -0.543605 5.5
      vertex 2.57776 -0.339368 5.5
      vertex 2.6 0 5.5
    endloop
  endfacet
  facet normal 0 0 -1
    outer loop
      vertex 4.45953 -1.1354 5.5
      vertex 2.51141 -0.672929 5.5
      vertex 2.57776 -0.339368 5.5
    endloop
  endfacet
  facet normal 0 0 -1
    outer loop
      vertex 4.42976 -1.24647 5.5
      vertex 2.40209 -0.994976 5.5
      vertex 2.51141 -0.672929 5.5
    endloop
  endfacet
  facet normal 0 0 -1
    outer loop
      vertex 1.58278 -2.06272 5.5
      vertex 2.80347 -3.65355 5.5
      vertex 2.35051 -3.95621 5.5
    endloop
  endfacet
  facet normal 0 0 -1
    outer loop
      vertex 1.3 -2.25167 5.5
      vertex 2.35051 -3.95621 5.5
      vertex 2.3026 -3.98822 5.5
    endloop
  endfacet
  facet normal 0 0 -1
    outer loop
      vertex 4.22917 -1.81401 5.5
      vertex 2.25167 -1.3 5.5
      vertex 2.40209 -0.994976 5.5
    endloop
  endfacet
  facet normal 0 0 -1
    outer loop
      vertex 3.95621 -2.35051 5.5
      vertex 2.06272 -1.58278 5.5
      vertex 2.25167 -1.3 5.5
    endloop
  endfacet
  facet normal 0 0 -1
    outer loop
      vertex 3.29436 -3.21305 5.5
      vertex 1.83848 -1.83848 5.5
      vertex 2.06272 -1.58278 5.5
    endloop
  endfacet
  facet normal 0 0 -1
    outer loop
      vertex 1.3 -2.25167 5.5
      vertex 2.3026 -3.98822 5.5
      vertex 1.81401 -4.22917 5.5
    endloop
  endfacet
  facet normal 0 0 -1
    outer loop
      vertex 0.994976 -2.40209 5.5
      vertex 1.81401 -4.22917 5.5
      vertex 1.76234 -4.25465 5.5
    endloop
  endfacet
  facet normal 0 0 -1
    outer loop
      vertex 3.21305 -3.29436 5.5
      vertex 1.58278 -2.06272 5.5
      vertex 1.83848 -1.83848 5.5
    endloop
  endfacet
  facet normal 0 0 -1
    outer loop
      vertex 2.35051 -3.95621 5.5
      vertex 1.3 -2.25167 5.5
      vertex 1.58278 -2.06272 5.5
    endloop
  endfacet
  facet normal 0 0 -1
    outer loop
      vertex 0.994976 -2.40209 5.5
      vertex 1.76234 -4.25465 5.5
      vertex 1.24647 -4.42976 5.5
    endloop
  endfacet
  facet normal 0 0 -1
    outer loop
      vertex 1.1354 -4.45953 5.5
      vertex 1.24647 -4.42976 5.5
      vertex 1.19191 -4.44829 5.5
    endloop
  endfacet
  facet normal -0 0 -1
    outer loop
      vertex 1.24647 -4.42976 5.5
      vertex 1.1354 -4.45953 5.5
      vertex 0.672929 -2.51141 5.5
    endloop
  endfacet
  facet normal 0 0 -1
    outer loop
      vertex 1.81401 -4.22917 5.5
      vertex 0.994976 -2.40209 5.5
      vertex 1.3 -2.25167 5.5
    endloop
  endfacet
  facet normal 0 0 -1
    outer loop
      vertex 1.24647 -4.42976 5.5
      vertex 0.672929 -2.51141 5.5
      vertex 0.994976 -2.40209 5.5
    endloop
  endfacet
  facet normal 0 0 -1
    outer loop
      vertex 0.339368 -2.57776 5.5
      vertex 1.1354 -4.45953 5.5
      vertex 0.601099 -4.56581 5.5
    endloop
  endfacet
  facet normal 0 0 -1
    outer loop
      vertex 0.339368 -2.57776 5.5
      vertex 0.601099 -4.56581 5.5
      vertex 0.543605 -4.56957 5.5
    endloop
  endfacet
  facet normal 0 0 -1
    outer loop
      vertex 1.1354 -4.45953 5.5
      vertex 0.339368 -2.57776 5.5
      vertex 0.672929 -2.51141 5.5
    endloop
  endfacet
  facet normal 0 0 -1
    outer loop
      vertex 0 -2.6 5.5
      vertex 0.543605 -4.56957 5.5
      vertex 0 -4.6052 5.5
    endloop
  endfacet
  facet normal 0 0 -1
    outer loop
      vertex 0.543605 -4.56957 5.5
      vertex 0 -2.6 5.5
      vertex 0.339368 -2.57776 5.5
    endloop
  endfacet
  facet normal 0 0 -1
    outer loop
      vertex -0.543605 -4.56957 5.5
      vertex 0 -2.6 5.5
      vertex 0 -4.6052 5.5
    endloop
  endfacet
  facet normal -0 0 -1
    outer loop
      vertex 0 -2.6 5.5
      vertex -0.543605 -4.56957 5.5
      vertex -0.339368 -2.57776 5.5
    endloop
  endfacet
  facet normal 0 0 -1
    outer loop
      vertex -0.601099 -4.56581 5.5
      vertex -0.339368 -2.57776 5.5
      vertex -0.543605 -4.56957 5.5
    endloop
  endfacet
  facet normal 0 0 -1
    outer loop
      vertex -1.1354 -4.45953 5.5
      vertex -0.339368 -2.57776 5.5
      vertex -0.601099 -4.56581 5.5
    endloop
  endfacet
  facet normal -0 0 -1
    outer loop
      vertex -0.339368 -2.57776 5.5
      vertex -1.1354 -4.45953 5.5
      vertex -0.672929 -2.51141 5.5
    endloop
  endfacet
  facet normal 0 0 -1
    outer loop
      vertex -1.24647 -4.42976 5.5
      vertex -0.672929 -2.51141 5.5
      vertex -1.1354 -4.45953 5.5
    endloop
  endfacet
  facet normal 0 0 -1
    outer loop
      vertex -1.24647 -4.42976 5.5
      vertex -1.1354 -4.45953 5.5
      vertex -1.19191 -4.44829 5.5
    endloop
  endfacet
  facet normal -0 0 -1
    outer loop
      vertex -0.672929 -2.51141 5.5
      vertex -1.24647 -4.42976 5.5
      vertex -0.994976 -2.40209 5.5
    endloop
  endfacet
  facet normal 0 0 -1
    outer loop
      vertex -1.76234 -4.25465 5.5
      vertex -0.994976 -2.40209 5.5
      vertex -1.24647 -4.42976 5.5
    endloop
  endfacet
  facet normal 0 0 -1
    outer loop
      vertex -1.81401 -4.22917 5.5
      vertex -0.994976 -2.40209 5.5
      vertex -1.76234 -4.25465 5.5
    endloop
  endfacet
  facet normal -0 0 -1
    outer loop
      vertex -0.994976 -2.40209 5.5
      vertex -1.81401 -4.22917 5.5
      vertex -1.3 -2.25167 5.5
    endloop
  endfacet
  facet normal 0 0 -1
    outer loop
      vertex -2.3026 -3.98822 5.5
      vertex -1.3 -2.25167 5.5
      vertex -1.81401 -4.22917 5.5
    endloop
  endfacet
  facet normal 0 0 -1
    outer loop
      vertex -2.35051 -3.95621 5.5
      vertex -1.3 -2.25167 5.5
      vertex -2.3026 -3.98822 5.5
    endloop
  endfacet
  facet normal -0 0 -1
    outer loop
      vertex -1.3 -2.25167 5.5
      vertex -2.35051 -3.95621 5.5
      vertex -1.58278 -2.06272 5.5
    endloop
  endfacet
  facet normal 0 0 -1
    outer loop
      vertex -2.80347 -3.65355 5.5
      vertex -1.58278 -2.06272 5.5
      vertex -2.35051 -3.95621 5.5
    endloop
  endfacet
  facet normal 0 0 -1
    outer loop
      vertex -3.21305 -3.29436 5.5
      vertex -1.58278 -2.06272 5.5
      vertex -2.80347 -3.65355 5.5
    endloop
  endfacet
  facet normal -0 0 -1
    outer loop
      vertex -1.58278 -2.06272 5.5
      vertex -3.21305 -3.29436 5.5
      vertex -1.83848 -1.83848 5.5
    endloop
  endfacet
  facet normal 0 0 -1
    outer loop
      vertex -3.29436 -3.21305 5.5
      vertex -1.83848 -1.83848 5.5
      vertex -3.21305 -3.29436 5.5
    endloop
  endfacet
  facet normal -0 0 -1
    outer loop
      vertex -1.83848 -1.83848 5.5
      vertex -3.29436 -3.21305 5.5
      vertex -2.06272 -1.58278 5.5
    endloop
  endfacet
  facet normal 0 0 -1
    outer loop
      vertex -3.65355 -2.80347 5.5
      vertex -2.06272 -1.58278 5.5
      vertex -3.29436 -3.21305 5.5
    endloop
  endfacet
  facet normal 0 0 -1
    outer loop
      vertex -3.95621 -2.35051 5.5
      vertex -2.06272 -1.58278 5.5
      vertex -3.65355 -2.80347 5.5
    endloop
  endfacet
  facet normal -0 0 -1
    outer loop
      vertex -2.06272 -1.58278 5.5
      vertex -3.95621 -2.35051 5.5
      vertex -2.25167 -1.3 5.5
    endloop
  endfacet
  facet normal -0 0 -1
    outer loop
      vertex 3.95621 2.35051 5.5
      vertex 2.06272 1.58278 5.5
      vertex 3.65355 2.80347 5.5
    endloop
  endfacet
  facet normal -0 0 -1
    outer loop
      vertex 3.65355 2.80347 5.5
      vertex 2.06272 1.58278 5.5
      vertex 3.29436 3.21305 5.5
    endloop
  endfacet
  facet normal 0 0 -1
    outer loop
      vertex 1.83848 1.83848 5.5
      vertex 3.29436 3.21305 5.5
      vertex 2.06272 1.58278 5.5
    endloop
  endfacet
  facet normal 0 -0 -1
    outer loop
      vertex 3.21305 3.29436 5.5
      vertex 3.29436 3.21305 5.5
      vertex 1.83848 1.83848 5.5
    endloop
  endfacet
  facet normal 0 0 -1
    outer loop
      vertex 3.29436 3.21305 5.5
      vertex 3.21305 3.29436 5.5
      vertex 3.25637 3.25637 5.5
    endloop
  endfacet
  facet normal 0 0 -1
    outer loop
      vertex 1.58278 2.06272 5.5
      vertex 3.21305 3.29436 5.5
      vertex 1.83848 1.83848 5.5
    endloop
  endfacet
  facet normal -0 0 -1
    outer loop
      vertex 3.21305 3.29436 5.5
      vertex 1.58278 2.06272 5.5
      vertex 2.80347 3.65355 5.5
    endloop
  endfacet
  facet normal -0 0 -1
    outer loop
      vertex 2.80347 3.65355 5.5
      vertex 1.58278 2.06272 5.5
      vertex 2.35051 3.95621 5.5
    endloop
  endfacet
  facet normal 0 0 -1
    outer loop
      vertex 1.3 2.25167 5.5
      vertex 2.35051 3.95621 5.5
      vertex 1.58278 2.06272 5.5
    endloop
  endfacet
  facet normal -0 0 -1
    outer loop
      vertex 2.35051 3.95621 5.5
      vertex 1.3 2.25167 5.5
      vertex 2.3026 3.98822 5.5
    endloop
  endfacet
  facet normal -0 0 -1
    outer loop
      vertex 2.3026 3.98822 5.5
      vertex 1.3 2.25167 5.5
      vertex 1.81401 4.22917 5.5
    endloop
  endfacet
  facet normal 0 0 -1
    outer loop
      vertex 0.994976 2.40209 5.5
      vertex 1.81401 4.22917 5.5
      vertex 1.3 2.25167 5.5
    endloop
  endfacet
  facet normal -0 0 -1
    outer loop
      vertex 1.81401 4.22917 5.5
      vertex 0.994976 2.40209 5.5
      vertex 1.76234 4.25465 5.5
    endloop
  endfacet
  facet normal -0 0 -1
    outer loop
      vertex 1.76234 4.25465 5.5
      vertex 0.994976 2.40209 5.5
      vertex 1.24647 4.42976 5.5
    endloop
  endfacet
  facet normal 0 0 -1
    outer loop
      vertex 0.672929 2.51141 5.5
      vertex 1.24647 4.42976 5.5
      vertex 0.994976 2.40209 5.5
    endloop
  endfacet
  facet normal 0 -0 -1
    outer loop
      vertex 1.1354 4.45953 5.5
      vertex 1.24647 4.42976 5.5
      vertex 0.672929 2.51141 5.5
    endloop
  endfacet
  facet normal 0 0 -1
    outer loop
      vertex 1.24647 4.42976 5.5
      vertex 1.1354 4.45953 5.5
      vertex 1.19191 4.44829 5.5
    endloop
  endfacet
  facet normal 0 0 -1
    outer loop
      vertex 0.339368 2.57776 5.5
      vertex 1.1354 4.45953 5.5
      vertex 0.672929 2.51141 5.5
    endloop
  endfacet
  facet normal -0 0 -1
    outer loop
      vertex 1.1354 4.45953 5.5
      vertex 0.339368 2.57776 5.5
      vertex 0.601099 4.56581 5.5
    endloop
  endfacet
  facet normal -0 0 -1
    outer loop
      vertex 0.601099 4.56581 5.5
      vertex 0.339368 2.57776 5.5
      vertex 0.543605 4.56957 5.5
    endloop
  endfacet
  facet normal 0 0 -1
    outer loop
      vertex 0 2.6 5.5
      vertex 0.543605 4.56957 5.5
      vertex 0.339368 2.57776 5.5
    endloop
  endfacet
  facet normal 0 0 -1
    outer loop
      vertex 0 2.6 5.5
      vertex 0 4.6052 5.5
      vertex 0.543605 4.56957 5.5
    endloop
  endfacet
  facet normal 0 0 -1
    outer loop
      vertex -0.543605 4.56957 5.5
      vertex 0 2.6 5.5
      vertex -0.339368 2.57776 5.5
    endloop
  endfacet
  facet normal 0 0 -1
    outer loop
      vertex 0 2.6 5.5
      vertex -0.543605 4.56957 5.5
      vertex 0 4.6052 5.5
    endloop
  endfacet
  facet normal 0 0 -1
    outer loop
      vertex -0.339368 2.57776 5.5
      vertex -0.601099 4.56581 5.5
      vertex -0.543605 4.56957 5.5
    endloop
  endfacet
  facet normal 0 0 -1
    outer loop
      vertex -1.1354 4.45953 5.5
      vertex -0.339368 2.57776 5.5
      vertex -0.672929 2.51141 5.5
    endloop
  endfacet
  facet normal 0 0 -1
    outer loop
      vertex -1.24647 4.42976 5.5
      vertex -0.672929 2.51141 5.5
      vertex -0.994976 2.40209 5.5
    endloop
  endfacet
  facet normal 0 0 -1
    outer loop
      vertex -0.339368 2.57776 5.5
      vertex -1.1354 4.45953 5.5
      vertex -0.601099 4.56581 5.5
    endloop
  endfacet
  facet normal 0 0 -1
    outer loop
      vertex -0.672929 2.51141 5.5
      vertex -1.24647 4.42976 5.5
      vertex -1.1354 4.45953 5.5
    endloop
  endfacet
  facet normal 0 0 -1
    outer loop
      vertex -1.1354 4.45953 5.5
      vertex -1.24647 4.42976 5.5
      vertex -1.19191 4.44829 5.5
    endloop
  endfacet
  facet normal 0 0 -1
    outer loop
      vertex -1.81401 4.22917 5.5
      vertex -0.994976 2.40209 5.5
      vertex -1.3 2.25167 5.5
    endloop
  endfacet
  facet normal 0 0 -1
    outer loop
      vertex -2.35051 3.95621 5.5
      vertex -1.3 2.25167 5.5
      vertex -1.58278 2.06272 5.5
    endloop
  endfacet
  facet normal 0 0 -1
    outer loop
      vertex -0.994976 2.40209 5.5
      vertex -1.76234 4.25465 5.5
      vertex -1.24647 4.42976 5.5
    endloop
  endfacet
  facet normal 0 0 -1
    outer loop
      vertex -0.994976 2.40209 5.5
      vertex -1.81401 4.22917 5.5
      vertex -1.76234 4.25465 5.5
    endloop
  endfacet
  facet normal 0 0 -1
    outer loop
      vertex -3.21305 3.29436 5.5
      vertex -1.58278 2.06272 5.5
      vertex -1.83848 1.83848 5.5
    endloop
  endfacet
  facet normal 0 0 -1
    outer loop
      vertex -3.29436 3.21305 5.5
      vertex -1.83848 1.83848 5.5
      vertex -2.06272 1.58278 5.5
    endloop
  endfacet
  facet normal 0 0 -1
    outer loop
      vertex -3.95621 2.35051 5.5
      vertex -2.06272 1.58278 5.5
      vertex -2.25167 1.3 5.5
    endloop
  endfacet
  facet normal 0 0 -1
    outer loop
      vertex -1.3 2.25167 5.5
      vertex -2.3026 3.98822 5.5
      vertex -1.81401 4.22917 5.5
    endloop
  endfacet
  facet normal 0 0 -1
    outer loop
      vertex -1.3 2.25167 5.5
      vertex -2.35051 3.95621 5.5
      vertex -2.3026 3.98822 5.5
    endloop
  endfacet
  facet normal 0 0 -1
    outer loop
      vertex -4.22917 1.81401 5.5
      vertex -2.25167 1.3 5.5
      vertex -2.40209 0.994976 5.5
    endloop
  endfacet
  facet normal 0 0 -1
    outer loop
      vertex -4.42976 1.24647 5.5
      vertex -2.40209 0.994976 5.5
      vertex -2.51141 0.672929 5.5
    endloop
  endfacet
  facet normal 0 0 -1
    outer loop
      vertex -4.45953 1.1354 5.5
      vertex -2.51141 0.672929 5.5
      vertex -2.57776 0.339368 5.5
    endloop
  endfacet
  facet normal 0 0 -1
    outer loop
      vertex -4.56957 0.543605 5.5
      vertex -2.57776 0.339368 5.5
      vertex -2.6 0 5.5
    endloop
  endfacet
  facet normal 0 0 -1
    outer loop
      vertex -1.58278 2.06272 5.5
      vertex -2.80347 3.65355 5.5
      vertex -2.35051 3.95621 5.5
    endloop
  endfacet
  facet normal 0 0 -1
    outer loop
      vertex -3.98822 -2.3026 5.5
      vertex -2.25167 -1.3 5.5
      vertex -3.95621 -2.35051 5.5
    endloop
  endfacet
  facet normal 0 0 -1
    outer loop
      vertex -4.22917 -1.81401 5.5
      vertex -2.25167 -1.3 5.5
      vertex -3.98822 -2.3026 5.5
    endloop
  endfacet
  facet normal 0 0 -1
    outer loop
      vertex -1.58278 2.06272 5.5
      vertex -3.21305 3.29436 5.5
      vertex -2.80347 3.65355 5.5
    endloop
  endfacet
  facet normal 0 0 -1
    outer loop
      vertex -3.29436 -3.21305 5.5
      vertex -3.21305 -3.29436 5.5
      vertex -3.25637 -3.25637 5.5
    endloop
  endfacet
  facet normal -0 0 -1
    outer loop
      vertex -2.25167 -1.3 5.5
      vertex -4.22917 -1.81401 5.5
      vertex -2.40209 -0.994976 5.5
    endloop
  endfacet
  facet normal 0 0 -1
    outer loop
      vertex -1.83848 1.83848 5.5
      vertex -3.29436 3.21305 5.5
      vertex -3.21305 3.29436 5.5
    endloop
  endfacet
  facet normal 0 0 -1
    outer loop
      vertex -3.21305 3.29436 5.5
      vertex -3.29436 3.21305 5.5
      vertex -3.25637 3.25637 5.5
    endloop
  endfacet
  facet normal 0 0 -1
    outer loop
      vertex -4.25465 -1.76234 5.5
      vertex -2.40209 -0.994976 5.5
      vertex -4.22917 -1.81401 5.5
    endloop
  endfacet
  facet normal 0 0 -1
    outer loop
      vertex -4.42976 -1.24647 5.5
      vertex -2.40209 -0.994976 5.5
      vertex -4.25465 -1.76234 5.5
    endloop
  endfacet
  facet normal 0 0 -1
    outer loop
      vertex -2.06272 1.58278 5.5
      vertex -3.95621 2.35051 5.5
      vertex -3.65355 2.80347 5.5
    endloop
  endfacet
  facet normal 0 0 -1
    outer loop
      vertex -2.06272 1.58278 5.5
      vertex -3.65355 2.80347 5.5
      vertex -3.29436 3.21305 5.5
    endloop
  endfacet
  facet normal -0 0 -1
    outer loop
      vertex -2.40209 -0.994976 5.5
      vertex -4.42976 -1.24647 5.5
      vertex -2.51141 -0.672929 5.5
    endloop
  endfacet
  facet normal 0 0 -1
    outer loop
      vertex -4.45953 -1.1354 5.5
      vertex -2.51141 -0.672929 5.5
      vertex -4.42976 -1.24647 5.5
    endloop
  endfacet
  facet normal 0 0 -1
    outer loop
      vertex -2.25167 1.3 5.5
      vertex -4.22917 1.81401 5.5
      vertex -3.98822 2.3026 5.5
    endloop
  endfacet
  facet normal 0 0 -1
    outer loop
      vertex -2.25167 1.3 5.5
      vertex -3.98822 2.3026 5.5
      vertex -3.95621 2.35051 5.5
    endloop
  endfacet
  facet normal -0 0 -1
    outer loop
      vertex -2.51141 -0.672929 5.5
      vertex -4.45953 -1.1354 5.5
      vertex -2.57776 -0.339368 5.5
    endloop
  endfacet
  facet normal 0 0 -1
    outer loop
      vertex -4.56581 -0.601099 5.5
      vertex -2.57776 -0.339368 5.5
      vertex -4.45953 -1.1354 5.5
    endloop
  endfacet
  facet normal 0 0 -1
    outer loop
      vertex -2.40209 0.994976 5.5
      vertex -4.42976 1.24647 5.5
      vertex -4.25465 1.76234 5.5
    endloop
  endfacet
  facet normal 0 0 -1
    outer loop
      vertex -2.40209 0.994976 5.5
      vertex -4.25465 1.76234 5.5
      vertex -4.22917 1.81401 5.5
    endloop
  endfacet
  facet normal 0 0 -1
    outer loop
      vertex -4.45953 -1.1354 5.5
      vertex -4.42976 -1.24647 5.5
      vertex -4.44829 -1.19191 5.5
    endloop
  endfacet
  facet normal 0 0 -1
    outer loop
      vertex -4.56957 -0.543605 5.5
      vertex -2.57776 -0.339368 5.5
      vertex -4.56581 -0.601099 5.5
    endloop
  endfacet
  facet normal 0 0 -1
    outer loop
      vertex -2.51141 0.672929 5.5
      vertex -4.45953 1.1354 5.5
      vertex -4.42976 1.24647 5.5
    endloop
  endfacet
  facet normal 0 0 -1
    outer loop
      vertex -4.42976 1.24647 5.5
      vertex -4.45953 1.1354 5.5
      vertex -4.44829 1.19191 5.5
    endloop
  endfacet
  facet normal -0 0 -1
    outer loop
      vertex -2.57776 -0.339368 5.5
      vertex -4.56957 -0.543605 5.5
      vertex -2.6 0 5.5
    endloop
  endfacet
  facet normal 0 0 -1
    outer loop
      vertex -4.6052 0 5.5
      vertex -2.6 0 5.5
      vertex -4.56957 -0.543605 5.5
    endloop
  endfacet
  facet normal 0 0 -1
    outer loop
      vertex -2.57776 0.339368 5.5
      vertex -4.56957 0.543605 5.5
      vertex -4.56581 0.601099 5.5
    endloop
  endfacet
  facet normal 0 0 -1
    outer loop
      vertex -2.57776 0.339368 5.5
      vertex -4.56581 0.601099 5.5
      vertex -4.45953 1.1354 5.5
    endloop
  endfacet
  facet normal 0 0 -1
    outer loop
      vertex -2.6 0 5.5
      vertex -4.6052 0 5.5
      vertex -4.56957 0.543605 5.5
    endloop
  endfacet
  facet normal 0.980785 0.195092 0
    outer loop
      vertex 2.57776 0.339368 5.5
      vertex 2.51141 0.672929 4.7
      vertex 2.51141 0.672929 5.5
    endloop
  endfacet
  facet normal 0.980785 0.195092 0
    outer loop
      vertex 2.51141 0.672929 4.7
      vertex 2.57776 0.339368 5.5
      vertex 2.57776 0.339368 4.7
    endloop
  endfacet
  facet normal 0.99786 0.0653933 0
    outer loop
      vertex 2.6 0 5.5
      vertex 2.57776 0.339368 4.7
      vertex 2.57776 0.339368 5.5
    endloop
  endfacet
  facet normal 0.99786 0.0653933 0
    outer loop
      vertex 2.57776 0.339368 4.7
      vertex 2.6 0 5.5
      vertex 2.6 0 4.7
    endloop
  endfacet
  facet normal 0.94693 0.321439 0
    outer loop
      vertex 2.51141 0.672929 5.5
      vertex 2.40209 0.994976 4.7
      vertex 2.40209 0.994976 5.5
    endloop
  endfacet
  facet normal 0.94693 0.321439 0
    outer loop
      vertex 2.40209 0.994976 4.7
      vertex 2.51141 0.672929 5.5
      vertex 2.51141 0.672929 4.7
    endloop
  endfacet
  facet normal -0.659341 0.751844 0
    outer loop
      vertex -1.58278 2.06272 4.7
      vertex -1.83848 1.83848 5.5
      vertex -1.58278 2.06272 5.5
    endloop
  endfacet
  facet normal -0.659341 0.751844 0
    outer loop
      vertex -1.83848 1.83848 5.5
      vertex -1.58278 2.06272 4.7
      vertex -1.83848 1.83848 4.7
    endloop
  endfacet
  facet normal 0.0653933 0.99786 -0
    outer loop
      vertex 0.339368 2.57776 4.7
      vertex 0 2.6 5.5
      vertex 0.339368 2.57776 5.5
    endloop
  endfacet
  facet normal 0.0653933 0.99786 0
    outer loop
      vertex 0 2.6 5.5
      vertex 0.339368 2.57776 4.7
      vertex 0 2.6 4.7
    endloop
  endfacet
  facet normal -0.94693 0.321439 0
    outer loop
      vertex -2.51141 0.672929 4.7
      vertex -2.40209 0.994976 5.5
      vertex -2.40209 0.994976 4.7
    endloop
  endfacet
  facet normal -0.94693 0.321439 0
    outer loop
      vertex -2.40209 0.994976 5.5
      vertex -2.51141 0.672929 4.7
      vertex -2.51141 0.672929 5.5
    endloop
  endfacet
  facet normal 0.980785 -0.195092 0
    outer loop
      vertex 2.51141 -0.672929 5.5
      vertex 2.57776 -0.339368 4.7
      vertex 2.57776 -0.339368 5.5
    endloop
  endfacet
  facet normal 0.980785 -0.195092 0
    outer loop
      vertex 2.57776 -0.339368 4.7
      vertex 2.51141 -0.672929 5.5
      vertex 2.51141 -0.672929 4.7
    endloop
  endfacet
  facet normal -0.831466 -0.555575 0
    outer loop
      vertex -2.06272 -1.58278 4.7
      vertex -2.25167 -1.3 5.5
      vertex -2.25167 -1.3 4.7
    endloop
  endfacet
  facet normal -0.831466 -0.555575 0
    outer loop
      vertex -2.25167 -1.3 5.5
      vertex -2.06272 -1.58278 4.7
      vertex -2.06272 -1.58278 5.5
    endloop
  endfacet
  facet normal -0.980785 0.195092 0
    outer loop
      vertex -2.57776 0.339368 4.7
      vertex -2.51141 0.672929 5.5
      vertex -2.51141 0.672929 4.7
    endloop
  endfacet
  facet normal -0.980785 0.195092 0
    outer loop
      vertex -2.51141 0.672929 5.5
      vertex -2.57776 0.339368 4.7
      vertex -2.57776 0.339368 5.5
    endloop
  endfacet
  facet normal -0.555575 0.831466 0
    outer loop
      vertex -1.3 2.25167 4.7
      vertex -1.58278 2.06272 5.5
      vertex -1.3 2.25167 5.5
    endloop
  endfacet
  facet normal -0.555575 0.831466 0
    outer loop
      vertex -1.58278 2.06272 5.5
      vertex -1.3 2.25167 4.7
      vertex -1.58278 2.06272 4.7
    endloop
  endfacet
  facet normal -0.94693 -0.321439 0
    outer loop
      vertex -2.40209 -0.994976 4.7
      vertex -2.51141 -0.672929 5.5
      vertex -2.51141 -0.672929 4.7
    endloop
  endfacet
  facet normal -0.94693 -0.321439 0
    outer loop
      vertex -2.51141 -0.672929 5.5
      vertex -2.40209 -0.994976 4.7
      vertex -2.40209 -0.994976 5.5
    endloop
  endfacet
  facet normal -0.980785 -0.195092 0
    outer loop
      vertex -2.51141 -0.672929 4.7
      vertex -2.57776 -0.339368 5.5
      vertex -2.57776 -0.339368 4.7
    endloop
  endfacet
  facet normal -0.980785 -0.195092 0
    outer loop
      vertex -2.57776 -0.339368 5.5
      vertex -2.51141 -0.672929 4.7
      vertex -2.51141 -0.672929 5.5
    endloop
  endfacet
  facet normal 0.321439 -0.94693 0
    outer loop
      vertex 0.672929 -2.51141 4.7
      vertex 0.994976 -2.40209 5.5
      vertex 0.672929 -2.51141 5.5
    endloop
  endfacet
  facet normal 0.321439 -0.94693 0
    outer loop
      vertex 0.994976 -2.40209 5.5
      vertex 0.672929 -2.51141 4.7
      vertex 0.994976 -2.40209 4.7
    endloop
  endfacet
  facet normal -0.751844 0.659341 0
    outer loop
      vertex -2.06272 1.58278 4.7
      vertex -1.83848 1.83848 5.5
      vertex -1.83848 1.83848 4.7
    endloop
  endfacet
  facet normal -0.751844 0.659341 0
    outer loop
      vertex -1.83848 1.83848 5.5
      vertex -2.06272 1.58278 4.7
      vertex -2.06272 1.58278 5.5
    endloop
  endfacet
  facet normal 0.195092 -0.980785 0
    outer loop
      vertex 0.339368 -2.57776 4.7
      vertex 0.672929 -2.51141 5.5
      vertex 0.339368 -2.57776 5.5
    endloop
  endfacet
  facet normal 0.195092 -0.980785 0
    outer loop
      vertex 0.672929 -2.51141 5.5
      vertex 0.339368 -2.57776 4.7
      vertex 0.672929 -2.51141 4.7
    endloop
  endfacet
  facet normal -0.321439 0.94693 0
    outer loop
      vertex -0.672929 2.51141 4.7
      vertex -0.994976 2.40209 5.5
      vertex -0.672929 2.51141 5.5
    endloop
  endfacet
  facet normal -0.321439 0.94693 0
    outer loop
      vertex -0.994976 2.40209 5.5
      vertex -0.672929 2.51141 4.7
      vertex -0.994976 2.40209 4.7
    endloop
  endfacet
  facet normal 0.896874 0.442286 0
    outer loop
      vertex 2.40209 0.994976 5.5
      vertex 2.25167 1.3 4.7
      vertex 2.25167 1.3 5.5
    endloop
  endfacet
  facet normal 0.896874 0.442286 0
    outer loop
      vertex 2.25167 1.3 4.7
      vertex 2.40209 0.994976 5.5
      vertex 2.40209 0.994976 4.7
    endloop
  endfacet
  facet normal -0.99786 -0.0653933 0
    outer loop
      vertex -2.57776 -0.339368 4.7
      vertex -2.6 0 5.5
      vertex -2.6 0 4.7
    endloop
  endfacet
  facet normal -0.99786 -0.0653933 0
    outer loop
      vertex -2.6 0 5.5
      vertex -2.57776 -0.339368 4.7
      vertex -2.57776 -0.339368 5.5
    endloop
  endfacet
  facet normal -0.0653933 -0.99786 0
    outer loop
      vertex -0.339368 -2.57776 4.7
      vertex 0 -2.6 5.5
      vertex -0.339368 -2.57776 5.5
    endloop
  endfacet
  facet normal -0.0653933 -0.99786 -0
    outer loop
      vertex 0 -2.6 5.5
      vertex -0.339368 -2.57776 4.7
      vertex 0 -2.6 4.7
    endloop
  endfacet
  facet normal 0.195092 0.980785 -0
    outer loop
      vertex 0.672929 2.51141 4.7
      vertex 0.339368 2.57776 5.5
      vertex 0.672929 2.51141 5.5
    endloop
  endfacet
  facet normal 0.195092 0.980785 0
    outer loop
      vertex 0.339368 2.57776 5.5
      vertex 0.672929 2.51141 4.7
      vertex 0.339368 2.57776 4.7
    endloop
  endfacet
  facet normal 0.831466 -0.555575 0
    outer loop
      vertex 2.06272 -1.58278 5.5
      vertex 2.25167 -1.3 4.7
      vertex 2.25167 -1.3 5.5
    endloop
  endfacet
  facet normal 0.831466 -0.555575 0
    outer loop
      vertex 2.25167 -1.3 4.7
      vertex 2.06272 -1.58278 5.5
      vertex 2.06272 -1.58278 4.7
    endloop
  endfacet
  facet normal -0.751844 -0.659341 0
    outer loop
      vertex -1.83848 -1.83848 4.7
      vertex -2.06272 -1.58278 5.5
      vertex -2.06272 -1.58278 4.7
    endloop
  endfacet
  facet normal -0.751844 -0.659341 0
    outer loop
      vertex -2.06272 -1.58278 5.5
      vertex -1.83848 -1.83848 4.7
      vertex -1.83848 -1.83848 5.5
    endloop
  endfacet
  facet normal -0.195092 -0.980785 0
    outer loop
      vertex -0.672929 -2.51141 4.7
      vertex -0.339368 -2.57776 5.5
      vertex -0.672929 -2.51141 5.5
    endloop
  endfacet
  facet normal -0.195092 -0.980785 -0
    outer loop
      vertex -0.339368 -2.57776 5.5
      vertex -0.672929 -2.51141 4.7
      vertex -0.339368 -2.57776 4.7
    endloop
  endfacet
  facet normal 0.555575 0.831466 -0
    outer loop
      vertex 1.58278 2.06272 4.7
      vertex 1.3 2.25167 5.5
      vertex 1.58278 2.06272 5.5
    endloop
  endfacet
  facet normal 0.555575 0.831466 0
    outer loop
      vertex 1.3 2.25167 5.5
      vertex 1.58278 2.06272 4.7
      vertex 1.3 2.25167 4.7
    endloop
  endfacet
  facet normal 0.99786 -0.0653933 0
    outer loop
      vertex 2.57776 -0.339368 5.5
      vertex 2.6 0 4.7
      vertex 2.6 0 5.5
    endloop
  endfacet
  facet normal 0.99786 -0.0653933 0
    outer loop
      vertex 2.6 0 4.7
      vertex 2.57776 -0.339368 5.5
      vertex 2.57776 -0.339368 4.7
    endloop
  endfacet
  facet normal -0.195092 0.980785 0
    outer loop
      vertex -0.339368 2.57776 4.7
      vertex -0.672929 2.51141 5.5
      vertex -0.339368 2.57776 5.5
    endloop
  endfacet
  facet normal -0.195092 0.980785 0
    outer loop
      vertex -0.672929 2.51141 5.5
      vertex -0.339368 2.57776 4.7
      vertex -0.672929 2.51141 4.7
    endloop
  endfacet
  facet normal 0.751844 0.659341 0
    outer loop
      vertex 2.06272 1.58278 5.5
      vertex 1.83848 1.83848 4.7
      vertex 1.83848 1.83848 5.5
    endloop
  endfacet
  facet normal 0.751844 0.659341 0
    outer loop
      vertex 1.83848 1.83848 4.7
      vertex 2.06272 1.58278 5.5
      vertex 2.06272 1.58278 4.7
    endloop
  endfacet
  facet normal 0.659341 0.751844 -0
    outer loop
      vertex 1.83848 1.83848 4.7
      vertex 1.58278 2.06272 5.5
      vertex 1.83848 1.83848 5.5
    endloop
  endfacet
  facet normal 0.659341 0.751844 0
    outer loop
      vertex 1.58278 2.06272 5.5
      vertex 1.83848 1.83848 4.7
      vertex 1.58278 2.06272 4.7
    endloop
  endfacet
  facet normal -0.896874 -0.442286 0
    outer loop
      vertex -2.25167 -1.3 4.7
      vertex -2.40209 -0.994976 5.5
      vertex -2.40209 -0.994976 4.7
    endloop
  endfacet
  facet normal -0.896874 -0.442286 0
    outer loop
      vertex -2.40209 -0.994976 5.5
      vertex -2.25167 -1.3 4.7
      vertex -2.25167 -1.3 5.5
    endloop
  endfacet
  facet normal -0.321439 -0.94693 0
    outer loop
      vertex -0.994976 -2.40209 4.7
      vertex -0.672929 -2.51141 5.5
      vertex -0.994976 -2.40209 5.5
    endloop
  endfacet
  facet normal -0.321439 -0.94693 -0
    outer loop
      vertex -0.672929 -2.51141 5.5
      vertex -0.994976 -2.40209 4.7
      vertex -0.672929 -2.51141 4.7
    endloop
  endfacet
  facet normal 0.0653933 -0.99786 0
    outer loop
      vertex 0 -2.6 4.7
      vertex 0.339368 -2.57776 5.5
      vertex 0 -2.6 5.5
    endloop
  endfacet
  facet normal 0.0653933 -0.99786 0
    outer loop
      vertex 0.339368 -2.57776 5.5
      vertex 0 -2.6 4.7
      vertex 0.339368 -2.57776 4.7
    endloop
  endfacet
  facet normal 0.555575 -0.831466 0
    outer loop
      vertex 1.3 -2.25167 4.7
      vertex 1.58278 -2.06272 5.5
      vertex 1.3 -2.25167 5.5
    endloop
  endfacet
  facet normal 0.555575 -0.831466 0
    outer loop
      vertex 1.58278 -2.06272 5.5
      vertex 1.3 -2.25167 4.7
      vertex 1.58278 -2.06272 4.7
    endloop
  endfacet
  facet normal 0.94693 -0.321439 0
    outer loop
      vertex 2.40209 -0.994976 5.5
      vertex 2.51141 -0.672929 4.7
      vertex 2.51141 -0.672929 5.5
    endloop
  endfacet
  facet normal 0.94693 -0.321439 0
    outer loop
      vertex 2.51141 -0.672929 4.7
      vertex 2.40209 -0.994976 5.5
      vertex 2.40209 -0.994976 4.7
    endloop
  endfacet
  facet normal 0.442286 0.896874 -0
    outer loop
      vertex 1.3 2.25167 4.7
      vertex 0.994976 2.40209 5.5
      vertex 1.3 2.25167 5.5
    endloop
  endfacet
  facet normal 0.442286 0.896874 0
    outer loop
      vertex 0.994976 2.40209 5.5
      vertex 1.3 2.25167 4.7
      vertex 0.994976 2.40209 4.7
    endloop
  endfacet
  facet normal 0.831466 0.555575 0
    outer loop
      vertex 2.25167 1.3 5.5
      vertex 2.06272 1.58278 4.7
      vertex 2.06272 1.58278 5.5
    endloop
  endfacet
  facet normal 0.831466 0.555575 0
    outer loop
      vertex 2.06272 1.58278 4.7
      vertex 2.25167 1.3 5.5
      vertex 2.25167 1.3 4.7
    endloop
  endfacet
  facet normal 0.659341 -0.751844 0
    outer loop
      vertex 1.58278 -2.06272 4.7
      vertex 1.83848 -1.83848 5.5
      vertex 1.58278 -2.06272 5.5
    endloop
  endfacet
  facet normal 0.659341 -0.751844 0
    outer loop
      vertex 1.83848 -1.83848 5.5
      vertex 1.58278 -2.06272 4.7
      vertex 1.83848 -1.83848 4.7
    endloop
  endfacet
  facet normal 0.751844 -0.659341 0
    outer loop
      vertex 1.83848 -1.83848 5.5
      vertex 2.06272 -1.58278 4.7
      vertex 2.06272 -1.58278 5.5
    endloop
  endfacet
  facet normal 0.751844 -0.659341 0
    outer loop
      vertex 2.06272 -1.58278 4.7
      vertex 1.83848 -1.83848 5.5
      vertex 1.83848 -1.83848 4.7
    endloop
  endfacet
  facet normal 0.321439 0.94693 -0
    outer loop
      vertex 0.994976 2.40209 4.7
      vertex 0.672929 2.51141 5.5
      vertex 0.994976 2.40209 5.5
    endloop
  endfacet
  facet normal 0.321439 0.94693 0
    outer loop
      vertex 0.672929 2.51141 5.5
      vertex 0.994976 2.40209 4.7
      vertex 0.672929 2.51141 4.7
    endloop
  endfacet
  facet normal -0.0653933 0.99786 0
    outer loop
      vertex 0 2.6 4.7
      vertex -0.339368 2.57776 5.5
      vertex 0 2.6 5.5
    endloop
  endfacet
  facet normal -0.0653933 0.99786 0
    outer loop
      vertex -0.339368 2.57776 5.5
      vertex 0 2.6 4.7
      vertex -0.339368 2.57776 4.7
    endloop
  endfacet
  facet normal -0.659341 -0.751844 0
    outer loop
      vertex -1.83848 -1.83848 4.7
      vertex -1.58278 -2.06272 5.5
      vertex -1.83848 -1.83848 5.5
    endloop
  endfacet
  facet normal -0.659341 -0.751844 -0
    outer loop
      vertex -1.58278 -2.06272 5.5
      vertex -1.83848 -1.83848 4.7
      vertex -1.58278 -2.06272 4.7
    endloop
  endfacet
  facet normal 0.896874 -0.442286 0
    outer loop
      vertex 2.25167 -1.3 5.5
      vertex 2.40209 -0.994976 4.7
      vertex 2.40209 -0.994976 5.5
    endloop
  endfacet
  facet normal 0.896874 -0.442286 0
    outer loop
      vertex 2.40209 -0.994976 4.7
      vertex 2.25167 -1.3 5.5
      vertex 2.25167 -1.3 4.7
    endloop
  endfacet
  facet normal -0.99786 0.0653933 0
    outer loop
      vertex -2.6 0 4.7
      vertex -2.57776 0.339368 5.5
      vertex -2.57776 0.339368 4.7
    endloop
  endfacet
  facet normal -0.99786 0.0653933 0
    outer loop
      vertex -2.57776 0.339368 5.5
      vertex -2.6 0 4.7
      vertex -2.6 0 5.5
    endloop
  endfacet
  facet normal 0.442286 -0.896874 0
    outer loop
      vertex 0.994976 -2.40209 4.7
      vertex 1.3 -2.25167 5.5
      vertex 0.994976 -2.40209 5.5
    endloop
  endfacet
  facet normal 0.442286 -0.896874 0
    outer loop
      vertex 1.3 -2.25167 5.5
      vertex 0.994976 -2.40209 4.7
      vertex 1.3 -2.25167 4.7
    endloop
  endfacet
  facet normal -0.442286 -0.896874 0
    outer loop
      vertex -1.3 -2.25167 4.7
      vertex -0.994976 -2.40209 5.5
      vertex -1.3 -2.25167 5.5
    endloop
  endfacet
  facet normal -0.442286 -0.896874 -0
    outer loop
      vertex -0.994976 -2.40209 5.5
      vertex -1.3 -2.25167 4.7
      vertex -0.994976 -2.40209 4.7
    endloop
  endfacet
  facet normal -0.442286 0.896874 0
    outer loop
      vertex -0.994976 2.40209 4.7
      vertex -1.3 2.25167 5.5
      vertex -0.994976 2.40209 5.5
    endloop
  endfacet
  facet normal -0.442286 0.896874 0
    outer loop
      vertex -1.3 2.25167 5.5
      vertex -0.994976 2.40209 4.7
      vertex -1.3 2.25167 4.7
    endloop
  endfacet
  facet normal 0 0 -1
    outer loop
      vertex 1.8 0 4.7
      vertex 2.6 0 4.7
      vertex 2.57776 -0.339368 4.7
    endloop
  endfacet
  facet normal 0 0 -1
    outer loop
      vertex 1.7846 -0.234946 4.7
      vertex 2.57776 -0.339368 4.7
      vertex 2.51141 -0.672929 4.7
    endloop
  endfacet
  facet normal 0 0 -1
    outer loop
      vertex 2.6 0 4.7
      vertex 1.8 0 4.7
      vertex 2.57776 0.339368 4.7
    endloop
  endfacet
  facet normal 0 0 -1
    outer loop
      vertex 1.73867 -0.465874 4.7
      vertex 2.51141 -0.672929 4.7
      vertex 2.40209 -0.994976 4.7
    endloop
  endfacet
  facet normal 0 0 -1
    outer loop
      vertex 1.7846 0.234946 4.7
      vertex 2.57776 0.339368 4.7
      vertex 1.8 0 4.7
    endloop
  endfacet
  facet normal 0 0 -1
    outer loop
      vertex 1.66298 -0.688829 4.7
      vertex 2.40209 -0.994976 4.7
      vertex 2.25167 -1.3 4.7
    endloop
  endfacet
  facet normal -0 0 -1
    outer loop
      vertex 2.57776 0.339368 4.7
      vertex 1.7846 0.234946 4.7
      vertex 2.51141 0.672929 4.7
    endloop
  endfacet
  facet normal 0 0 -1
    outer loop
      vertex 1.55885 -0.9 4.7
      vertex 2.25167 -1.3 4.7
      vertex 2.06272 -1.58278 4.7
    endloop
  endfacet
  facet normal 0 0 -1
    outer loop
      vertex 1.73867 0.465874 4.7
      vertex 2.51141 0.672929 4.7
      vertex 1.7846 0.234946 4.7
    endloop
  endfacet
  facet normal 0 0 -1
    outer loop
      vertex 1.42804 -1.09577 4.7
      vertex 2.06272 -1.58278 4.7
      vertex 1.83848 -1.83848 4.7
    endloop
  endfacet
  facet normal -0 0 -1
    outer loop
      vertex 2.51141 0.672929 4.7
      vertex 1.73867 0.465874 4.7
      vertex 2.40209 0.994976 4.7
    endloop
  endfacet
  facet normal 0 0 -1
    outer loop
      vertex 1.66298 0.688829 4.7
      vertex 2.40209 0.994976 4.7
      vertex 1.73867 0.465874 4.7
    endloop
  endfacet
  facet normal 0 0 -1
    outer loop
      vertex 2.57776 -0.339368 4.7
      vertex 1.7846 -0.234946 4.7
      vertex 1.8 0 4.7
    endloop
  endfacet
  facet normal 0 0 -1
    outer loop
      vertex 2.51141 -0.672929 4.7
      vertex 1.73867 -0.465874 4.7
      vertex 1.7846 -0.234946 4.7
    endloop
  endfacet
  facet normal 0 0 -1
    outer loop
      vertex 2.40209 -0.994976 4.7
      vertex 1.66298 -0.688829 4.7
      vertex 1.73867 -0.465874 4.7
    endloop
  endfacet
  facet normal 0 0 -1
    outer loop
      vertex 1.27279 -1.27279 4.7
      vertex 1.83848 -1.83848 4.7
      vertex 1.58278 -2.06272 4.7
    endloop
  endfacet
  facet normal 0 0 -1
    outer loop
      vertex 2.25167 -1.3 4.7
      vertex 1.55885 -0.9 4.7
      vertex 1.66298 -0.688829 4.7
    endloop
  endfacet
  facet normal 0 0 -1
    outer loop
      vertex 2.06272 -1.58278 4.7
      vertex 1.42804 -1.09577 4.7
      vertex 1.55885 -0.9 4.7
    endloop
  endfacet
  facet normal 0 0 -1
    outer loop
      vertex 1.09577 -1.42804 4.7
      vertex 1.58278 -2.06272 4.7
      vertex 1.3 -2.25167 4.7
    endloop
  endfacet
  facet normal 0 0 -1
    outer loop
      vertex 1.83848 -1.83848 4.7
      vertex 1.27279 -1.27279 4.7
      vertex 1.42804 -1.09577 4.7
    endloop
  endfacet
  facet normal 0 0 -1
    outer loop
      vertex 1.58278 -2.06272 4.7
      vertex 1.09577 -1.42804 4.7
      vertex 1.27279 -1.27279 4.7
    endloop
  endfacet
  facet normal 0 0 -1
    outer loop
      vertex 0.9 -1.55885 4.7
      vertex 1.3 -2.25167 4.7
      vertex 0.994976 -2.40209 4.7
    endloop
  endfacet
  facet normal 0 0 -1
    outer loop
      vertex 1.3 -2.25167 4.7
      vertex 0.9 -1.55885 4.7
      vertex 1.09577 -1.42804 4.7
    endloop
  endfacet
  facet normal 0 0 -1
    outer loop
      vertex 0.994976 -2.40209 4.7
      vertex 0.688829 -1.66298 4.7
      vertex 0.9 -1.55885 4.7
    endloop
  endfacet
  facet normal 0 0 -1
    outer loop
      vertex 0.672929 -2.51141 4.7
      vertex 0.688829 -1.66298 4.7
      vertex 0.994976 -2.40209 4.7
    endloop
  endfacet
  facet normal 0 0 -1
    outer loop
      vertex 0.672929 -2.51141 4.7
      vertex 0.465874 -1.73867 4.7
      vertex 0.688829 -1.66298 4.7
    endloop
  endfacet
  facet normal 0 0 -1
    outer loop
      vertex 0.339368 -2.57776 4.7
      vertex 0.465874 -1.73867 4.7
      vertex 0.672929 -2.51141 4.7
    endloop
  endfacet
  facet normal 0 0 -1
    outer loop
      vertex 0.339368 -2.57776 4.7
      vertex 0.234946 -1.7846 4.7
      vertex 0.465874 -1.73867 4.7
    endloop
  endfacet
  facet normal 0 0 -1
    outer loop
      vertex 0 -2.6 4.7
      vertex 0.234946 -1.7846 4.7
      vertex 0.339368 -2.57776 4.7
    endloop
  endfacet
  facet normal 0 0 -1
    outer loop
      vertex 0 -2.6 4.7
      vertex 0 -1.8 4.7
      vertex 0.234946 -1.7846 4.7
    endloop
  endfacet
  facet normal 0 0 -1
    outer loop
      vertex 0 -2.6 4.7
      vertex -0.234946 -1.7846 4.7
      vertex 0 -1.8 4.7
    endloop
  endfacet
  facet normal 0 0 -1
    outer loop
      vertex -0.339368 -2.57776 4.7
      vertex -0.234946 -1.7846 4.7
      vertex 0 -2.6 4.7
    endloop
  endfacet
  facet normal 0 0 -1
    outer loop
      vertex -0.339368 -2.57776 4.7
      vertex -0.465874 -1.73867 4.7
      vertex -0.234946 -1.7846 4.7
    endloop
  endfacet
  facet normal 0 0 -1
    outer loop
      vertex -0.672929 -2.51141 4.7
      vertex -0.465874 -1.73867 4.7
      vertex -0.339368 -2.57776 4.7
    endloop
  endfacet
  facet normal 0 0 -1
    outer loop
      vertex -0.672929 -2.51141 4.7
      vertex -0.688829 -1.66298 4.7
      vertex -0.465874 -1.73867 4.7
    endloop
  endfacet
  facet normal 0 0 -1
    outer loop
      vertex -0.994976 -2.40209 4.7
      vertex -0.688829 -1.66298 4.7
      vertex -0.672929 -2.51141 4.7
    endloop
  endfacet
  facet normal -0 0 -1
    outer loop
      vertex -0.688829 -1.66298 4.7
      vertex -0.994976 -2.40209 4.7
      vertex -0.9 -1.55885 4.7
    endloop
  endfacet
  facet normal 0 0 -1
    outer loop
      vertex -1.3 -2.25167 4.7
      vertex -0.9 -1.55885 4.7
      vertex -0.994976 -2.40209 4.7
    endloop
  endfacet
  facet normal -0 0 -1
    outer loop
      vertex -0.9 -1.55885 4.7
      vertex -1.3 -2.25167 4.7
      vertex -1.09577 -1.42804 4.7
    endloop
  endfacet
  facet normal 0 0 -1
    outer loop
      vertex -1.58278 -2.06272 4.7
      vertex -1.09577 -1.42804 4.7
      vertex -1.3 -2.25167 4.7
    endloop
  endfacet
  facet normal -0 0 -1
    outer loop
      vertex -1.09577 -1.42804 4.7
      vertex -1.58278 -2.06272 4.7
      vertex -1.27279 -1.27279 4.7
    endloop
  endfacet
  facet normal 0 0 -1
    outer loop
      vertex -1.83848 -1.83848 4.7
      vertex -1.27279 -1.27279 4.7
      vertex -1.58278 -2.06272 4.7
    endloop
  endfacet
  facet normal -0 0 -1
    outer loop
      vertex -1.27279 -1.27279 4.7
      vertex -1.83848 -1.83848 4.7
      vertex -1.42804 -1.09577 4.7
    endloop
  endfacet
  facet normal 0 0 -1
    outer loop
      vertex -2.06272 -1.58278 4.7
      vertex -1.42804 -1.09577 4.7
      vertex -1.83848 -1.83848 4.7
    endloop
  endfacet
  facet normal -0 0 -1
    outer loop
      vertex -1.42804 -1.09577 4.7
      vertex -2.06272 -1.58278 4.7
      vertex -1.55885 -0.9 4.7
    endloop
  endfacet
  facet normal 0 0 -1
    outer loop
      vertex -2.25167 -1.3 4.7
      vertex -1.55885 -0.9 4.7
      vertex -2.06272 -1.58278 4.7
    endloop
  endfacet
  facet normal 0 0 -1
    outer loop
      vertex -2.40209 -0.994976 4.7
      vertex -1.66298 -0.688829 4.7
      vertex -2.25167 -1.3 4.7
    endloop
  endfacet
  facet normal -0 0 -1
    outer loop
      vertex -1.55885 -0.9 4.7
      vertex -2.25167 -1.3 4.7
      vertex -1.66298 -0.688829 4.7
    endloop
  endfacet
  facet normal -0 0 -1
    outer loop
      vertex 2.40209 0.994976 4.7
      vertex 1.66298 0.688829 4.7
      vertex 2.25167 1.3 4.7
    endloop
  endfacet
  facet normal 0 0 -1
    outer loop
      vertex 1.55885 0.9 4.7
      vertex 2.25167 1.3 4.7
      vertex 1.66298 0.688829 4.7
    endloop
  endfacet
  facet normal -0 0 -1
    outer loop
      vertex 2.25167 1.3 4.7
      vertex 1.55885 0.9 4.7
      vertex 2.06272 1.58278 4.7
    endloop
  endfacet
  facet normal 0 0 -1
    outer loop
      vertex 1.42804 1.09577 4.7
      vertex 2.06272 1.58278 4.7
      vertex 1.55885 0.9 4.7
    endloop
  endfacet
  facet normal -0 0 -1
    outer loop
      vertex 2.06272 1.58278 4.7
      vertex 1.42804 1.09577 4.7
      vertex 1.83848 1.83848 4.7
    endloop
  endfacet
  facet normal 0 0 -1
    outer loop
      vertex 1.27279 1.27279 4.7
      vertex 1.83848 1.83848 4.7
      vertex 1.42804 1.09577 4.7
    endloop
  endfacet
  facet normal -0 0 -1
    outer loop
      vertex 1.83848 1.83848 4.7
      vertex 1.27279 1.27279 4.7
      vertex 1.58278 2.06272 4.7
    endloop
  endfacet
  facet normal 0 0 -1
    outer loop
      vertex 1.09577 1.42804 4.7
      vertex 1.58278 2.06272 4.7
      vertex 1.27279 1.27279 4.7
    endloop
  endfacet
  facet normal -0 0 -1
    outer loop
      vertex 1.58278 2.06272 4.7
      vertex 1.09577 1.42804 4.7
      vertex 1.3 2.25167 4.7
    endloop
  endfacet
  facet normal 0 0 -1
    outer loop
      vertex 0.9 1.55885 4.7
      vertex 1.3 2.25167 4.7
      vertex 1.09577 1.42804 4.7
    endloop
  endfacet
  facet normal -0 0 -1
    outer loop
      vertex 1.3 2.25167 4.7
      vertex 0.9 1.55885 4.7
      vertex 0.994976 2.40209 4.7
    endloop
  endfacet
  facet normal 0 0 -1
    outer loop
      vertex 0.688829 1.66298 4.7
      vertex 0.994976 2.40209 4.7
      vertex 0.9 1.55885 4.7
    endloop
  endfacet
  facet normal 0 0 -1
    outer loop
      vertex 0.688829 1.66298 4.7
      vertex 0.672929 2.51141 4.7
      vertex 0.994976 2.40209 4.7
    endloop
  endfacet
  facet normal 0 0 -1
    outer loop
      vertex 0.465874 1.73867 4.7
      vertex 0.672929 2.51141 4.7
      vertex 0.688829 1.66298 4.7
    endloop
  endfacet
  facet normal 0 0 -1
    outer loop
      vertex 0.465874 1.73867 4.7
      vertex 0.339368 2.57776 4.7
      vertex 0.672929 2.51141 4.7
    endloop
  endfacet
  facet normal 0 0 -1
    outer loop
      vertex 0.234946 1.7846 4.7
      vertex 0.339368 2.57776 4.7
      vertex 0.465874 1.73867 4.7
    endloop
  endfacet
  facet normal 0 0 -1
    outer loop
      vertex 0 1.8 4.7
      vertex 0.339368 2.57776 4.7
      vertex 0.234946 1.7846 4.7
    endloop
  endfacet
  facet normal 0 0 -1
    outer loop
      vertex 0 1.8 4.7
      vertex 0 2.6 4.7
      vertex 0.339368 2.57776 4.7
    endloop
  endfacet
  facet normal 0 0 -1
    outer loop
      vertex -0.234946 1.7846 4.7
      vertex 0 2.6 4.7
      vertex 0 1.8 4.7
    endloop
  endfacet
  facet normal 0 0 -1
    outer loop
      vertex -0.234946 1.7846 4.7
      vertex -0.339368 2.57776 4.7
      vertex 0 2.6 4.7
    endloop
  endfacet
  facet normal 0 0 -1
    outer loop
      vertex -0.465874 1.73867 4.7
      vertex -0.339368 2.57776 4.7
      vertex -0.234946 1.7846 4.7
    endloop
  endfacet
  facet normal 0 0 -1
    outer loop
      vertex -0.465874 1.73867 4.7
      vertex -0.672929 2.51141 4.7
      vertex -0.339368 2.57776 4.7
    endloop
  endfacet
  facet normal 0 0 -1
    outer loop
      vertex -0.688829 1.66298 4.7
      vertex -0.672929 2.51141 4.7
      vertex -0.465874 1.73867 4.7
    endloop
  endfacet
  facet normal 0 0 -1
    outer loop
      vertex -0.994976 2.40209 4.7
      vertex -0.688829 1.66298 4.7
      vertex -0.9 1.55885 4.7
    endloop
  endfacet
  facet normal 0 0 -1
    outer loop
      vertex -0.688829 1.66298 4.7
      vertex -0.994976 2.40209 4.7
      vertex -0.672929 2.51141 4.7
    endloop
  endfacet
  facet normal 0 0 -1
    outer loop
      vertex -1.3 2.25167 4.7
      vertex -0.9 1.55885 4.7
      vertex -1.09577 1.42804 4.7
    endloop
  endfacet
  facet normal 0 0 -1
    outer loop
      vertex -1.58278 2.06272 4.7
      vertex -1.09577 1.42804 4.7
      vertex -1.27279 1.27279 4.7
    endloop
  endfacet
  facet normal 0 0 -1
    outer loop
      vertex -0.9 1.55885 4.7
      vertex -1.3 2.25167 4.7
      vertex -0.994976 2.40209 4.7
    endloop
  endfacet
  facet normal 0 0 -1
    outer loop
      vertex -1.83848 1.83848 4.7
      vertex -1.27279 1.27279 4.7
      vertex -1.42804 1.09577 4.7
    endloop
  endfacet
  facet normal 0 0 -1
    outer loop
      vertex -2.06272 1.58278 4.7
      vertex -1.42804 1.09577 4.7
      vertex -1.55885 0.9 4.7
    endloop
  endfacet
  facet normal 0 0 -1
    outer loop
      vertex -1.09577 1.42804 4.7
      vertex -1.58278 2.06272 4.7
      vertex -1.3 2.25167 4.7
    endloop
  endfacet
  facet normal 0 0 -1
    outer loop
      vertex -2.25167 1.3 4.7
      vertex -1.55885 0.9 4.7
      vertex -1.66298 0.688829 4.7
    endloop
  endfacet
  facet normal 0 0 -1
    outer loop
      vertex -2.40209 0.994976 4.7
      vertex -1.66298 0.688829 4.7
      vertex -1.73867 0.465874 4.7
    endloop
  endfacet
  facet normal 0 0 -1
    outer loop
      vertex -2.51141 0.672929 4.7
      vertex -1.73867 0.465874 4.7
      vertex -1.7846 0.234946 4.7
    endloop
  endfacet
  facet normal 0 0 -1
    outer loop
      vertex -1.27279 1.27279 4.7
      vertex -1.83848 1.83848 4.7
      vertex -1.58278 2.06272 4.7
    endloop
  endfacet
  facet normal 0 0 -1
    outer loop
      vertex -2.57776 0.339368 4.7
      vertex -1.7846 0.234946 4.7
      vertex -1.8 0 4.7
    endloop
  endfacet
  facet normal -0 0 -1
    outer loop
      vertex -1.66298 -0.688829 4.7
      vertex -2.40209 -0.994976 4.7
      vertex -1.73867 -0.465874 4.7
    endloop
  endfacet
  facet normal 0 0 -1
    outer loop
      vertex -2.51141 -0.672929 4.7
      vertex -1.73867 -0.465874 4.7
      vertex -2.40209 -0.994976 4.7
    endloop
  endfacet
  facet normal 0 0 -1
    outer loop
      vertex -1.42804 1.09577 4.7
      vertex -2.06272 1.58278 4.7
      vertex -1.83848 1.83848 4.7
    endloop
  endfacet
  facet normal -0 0 -1
    outer loop
      vertex -1.73867 -0.465874 4.7
      vertex -2.51141 -0.672929 4.7
      vertex -1.7846 -0.234946 4.7
    endloop
  endfacet
  facet normal 0 0 -1
    outer loop
      vertex -1.55885 0.9 4.7
      vertex -2.25167 1.3 4.7
      vertex -2.06272 1.58278 4.7
    endloop
  endfacet
  facet normal 0 0 -1
    outer loop
      vertex -2.57776 -0.339368 4.7
      vertex -1.7846 -0.234946 4.7
      vertex -2.51141 -0.672929 4.7
    endloop
  endfacet
  facet normal 0 0 -1
    outer loop
      vertex -1.66298 0.688829 4.7
      vertex -2.40209 0.994976 4.7
      vertex -2.25167 1.3 4.7
    endloop
  endfacet
  facet normal -0 0 -1
    outer loop
      vertex -1.7846 -0.234946 4.7
      vertex -2.57776 -0.339368 4.7
      vertex -1.8 0 4.7
    endloop
  endfacet
  facet normal 0 0 -1
    outer loop
      vertex -1.73867 0.465874 4.7
      vertex -2.51141 0.672929 4.7
      vertex -2.40209 0.994976 4.7
    endloop
  endfacet
  facet normal 0 0 -1
    outer loop
      vertex -2.6 0 4.7
      vertex -1.8 0 4.7
      vertex -2.57776 -0.339368 4.7
    endloop
  endfacet
  facet normal 0 0 -1
    outer loop
      vertex -1.7846 0.234946 4.7
      vertex -2.57776 0.339368 4.7
      vertex -2.51141 0.672929 4.7
    endloop
  endfacet
  facet normal 0 0 -1
    outer loop
      vertex -1.8 0 4.7
      vertex -2.6 0 4.7
      vertex -2.57776 0.339368 4.7
    endloop
  endfacet
  facet normal -0.896874 0.442286 0
    outer loop
      vertex -2.40209 0.994976 4.7
      vertex -2.25167 1.3 5.5
      vertex -2.25167 1.3 4.7
    endloop
  endfacet
  facet normal -0.896874 0.442286 0
    outer loop
      vertex -2.25167 1.3 5.5
      vertex -2.40209 0.994976 4.7
      vertex -2.40209 0.994976 5.5
    endloop
  endfacet
  facet normal -0.831466 0.555575 0
    outer loop
      vertex -2.25167 1.3 4.7
      vertex -2.06272 1.58278 5.5
      vertex -2.06272 1.58278 4.7
    endloop
  endfacet
  facet normal -0.831466 0.555575 0
    outer loop
      vertex -2.06272 1.58278 5.5
      vertex -2.25167 1.3 4.7
      vertex -2.25167 1.3 5.5
    endloop
  endfacet
  facet normal -0.555575 -0.831466 0
    outer loop
      vertex -1.58278 -2.06272 4.7
      vertex -1.3 -2.25167 5.5
      vertex -1.58278 -2.06272 5.5
    endloop
  endfacet
  facet normal -0.555575 -0.831466 -0
    outer loop
      vertex -1.3 -2.25167 5.5
      vertex -1.58278 -2.06272 4.7
      vertex -1.3 -2.25167 4.7
    endloop
  endfacet
  facet normal 0.997859 0.0654066 0
    outer loop
      vertex 1.8 0 4.7
      vertex 1.7846 0.234946 0
      vertex 1.7846 0.234946 4.7
    endloop
  endfacet
  facet normal 0.997859 0.0654066 0
    outer loop
      vertex 1.7846 0.234946 0
      vertex 1.8 0 4.7
      vertex 1.8 0 0
    endloop
  endfacet
  facet normal 0.442261 0.896886 -0
    outer loop
      vertex 0.9 1.55885 0
      vertex 0.688829 1.66298 4.7
      vertex 0.9 1.55885 4.7
    endloop
  endfacet
  facet normal 0.442261 0.896886 0
    outer loop
      vertex 0.688829 1.66298 4.7
      vertex 0.9 1.55885 0
      vertex 0.688829 1.66298 0
    endloop
  endfacet
  facet normal -0.946921 -0.321466 0
    outer loop
      vertex -1.66298 -0.688829 0
      vertex -1.73867 -0.465874 4.7
      vertex -1.73867 -0.465874 0
    endloop
  endfacet
  facet normal -0.946921 -0.321466 0
    outer loop
      vertex -1.73867 -0.465874 4.7
      vertex -1.66298 -0.688829 0
      vertex -1.66298 -0.688829 4.7
    endloop
  endfacet
  facet normal 0.946921 0.321466 0
    outer loop
      vertex 1.73867 0.465874 4.7
      vertex 1.66298 0.688829 0
      vertex 1.66298 0.688829 4.7
    endloop
  endfacet
  facet normal 0.946921 0.321466 0
    outer loop
      vertex 1.66298 0.688829 0
      vertex 1.73867 0.465874 4.7
      vertex 1.73867 0.465874 0
    endloop
  endfacet
  facet normal 0.896886 -0.442261 0
    outer loop
      vertex 1.55885 -0.9 4.7
      vertex 1.66298 -0.688829 0
      vertex 1.66298 -0.688829 4.7
    endloop
  endfacet
  facet normal 0.896886 -0.442261 0
    outer loop
      vertex 1.66298 -0.688829 0
      vertex 1.55885 -0.9 4.7
      vertex 1.55885 -0.9 0
    endloop
  endfacet
  facet normal 0.997859 -0.0654066 0
    outer loop
      vertex 1.7846 -0.234946 4.7
      vertex 1.8 0 0
      vertex 1.8 0 4.7
    endloop
  endfacet
  facet normal 0.997859 -0.0654066 0
    outer loop
      vertex 1.8 0 0
      vertex 1.7846 -0.234946 4.7
      vertex 1.7846 -0.234946 0
    endloop
  endfacet
  facet normal 0.896886 0.442261 0
    outer loop
      vertex 1.66298 0.688829 4.7
      vertex 1.55885 0.9 0
      vertex 1.55885 0.9 4.7
    endloop
  endfacet
  facet normal 0.896886 0.442261 0
    outer loop
      vertex 1.55885 0.9 0
      vertex 1.66298 0.688829 4.7
      vertex 1.66298 0.688829 0
    endloop
  endfacet
  facet normal -0.997859 0.0654066 0
    outer loop
      vertex -1.8 0 0
      vertex -1.7846 0.234946 4.7
      vertex -1.7846 0.234946 0
    endloop
  endfacet
  facet normal -0.997859 0.0654066 0
    outer loop
      vertex -1.7846 0.234946 4.7
      vertex -1.8 0 0
      vertex -1.8 0 4.7
    endloop
  endfacet
  facet normal -0.980789 0.195072 0
    outer loop
      vertex -1.7846 0.234946 0
      vertex -1.73867 0.465874 4.7
      vertex -1.73867 0.465874 0
    endloop
  endfacet
  facet normal -0.980789 0.195072 0
    outer loop
      vertex -1.73867 0.465874 4.7
      vertex -1.7846 0.234946 0
      vertex -1.7846 0.234946 4.7
    endloop
  endfacet
  facet normal 0.555572 -0.831468 0
    outer loop
      vertex 0.9 -1.55885 0
      vertex 1.09577 -1.42804 4.7
      vertex 0.9 -1.55885 4.7
    endloop
  endfacet
  facet normal 0.555572 -0.831468 0
    outer loop
      vertex 1.09577 -1.42804 4.7
      vertex 0.9 -1.55885 0
      vertex 1.09577 -1.42804 0
    endloop
  endfacet
  facet normal 0.555572 0.831468 -0
    outer loop
      vertex 1.09577 1.42804 0
      vertex 0.9 1.55885 4.7
      vertex 1.09577 1.42804 4.7
    endloop
  endfacet
  facet normal 0.555572 0.831468 0
    outer loop
      vertex 0.9 1.55885 4.7
      vertex 1.09577 1.42804 0
      vertex 0.9 1.55885 0
    endloop
  endfacet
  facet normal 0.195072 -0.980789 0
    outer loop
      vertex 0.234946 -1.7846 0
      vertex 0.465874 -1.73867 4.7
      vertex 0.234946 -1.7846 4.7
    endloop
  endfacet
  facet normal 0.195072 -0.980789 0
    outer loop
      vertex 0.465874 -1.73867 4.7
      vertex 0.234946 -1.7846 0
      vertex 0.465874 -1.73867 0
    endloop
  endfacet
  facet normal -0.195072 -0.980789 0
    outer loop
      vertex -0.465874 -1.73867 0
      vertex -0.234946 -1.7846 4.7
      vertex -0.465874 -1.73867 4.7
    endloop
  endfacet
  facet normal -0.195072 -0.980789 -0
    outer loop
      vertex -0.234946 -1.7846 4.7
      vertex -0.465874 -1.73867 0
      vertex -0.234946 -1.7846 0
    endloop
  endfacet
  facet normal -0.321466 -0.946921 0
    outer loop
      vertex -0.688829 -1.66298 0
      vertex -0.465874 -1.73867 4.7
      vertex -0.688829 -1.66298 4.7
    endloop
  endfacet
  facet normal -0.321466 -0.946921 -0
    outer loop
      vertex -0.465874 -1.73867 4.7
      vertex -0.688829 -1.66298 0
      vertex -0.465874 -1.73867 0
    endloop
  endfacet
  facet normal -0.442261 0.896886 0
    outer loop
      vertex -0.688829 1.66298 0
      vertex -0.9 1.55885 4.7
      vertex -0.688829 1.66298 4.7
    endloop
  endfacet
  facet normal -0.442261 0.896886 0
    outer loop
      vertex -0.9 1.55885 4.7
      vertex -0.688829 1.66298 0
      vertex -0.9 1.55885 0
    endloop
  endfacet
  facet normal -0.896886 0.442261 0
    outer loop
      vertex -1.66298 0.688829 0
      vertex -1.55885 0.9 4.7
      vertex -1.55885 0.9 0
    endloop
  endfacet
  facet normal -0.896886 0.442261 0
    outer loop
      vertex -1.55885 0.9 4.7
      vertex -1.66298 0.688829 0
      vertex -1.66298 0.688829 4.7
    endloop
  endfacet
  facet normal -0.997859 -0.0654066 0
    outer loop
      vertex -1.7846 -0.234946 0
      vertex -1.8 0 4.7
      vertex -1.8 0 0
    endloop
  endfacet
  facet normal -0.997859 -0.0654066 0
    outer loop
      vertex -1.8 0 4.7
      vertex -1.7846 -0.234946 0
      vertex -1.7846 -0.234946 4.7
    endloop
  endfacet
  facet normal -0.751824 -0.659364 0
    outer loop
      vertex -1.27279 -1.27279 0
      vertex -1.42804 -1.09577 4.7
      vertex -1.42804 -1.09577 0
    endloop
  endfacet
  facet normal -0.751824 -0.659364 0
    outer loop
      vertex -1.42804 -1.09577 4.7
      vertex -1.27279 -1.27279 0
      vertex -1.27279 -1.27279 4.7
    endloop
  endfacet
  facet normal -0.980789 -0.195072 0
    outer loop
      vertex -1.73867 -0.465874 0
      vertex -1.7846 -0.234946 4.7
      vertex -1.7846 -0.234946 0
    endloop
  endfacet
  facet normal -0.980789 -0.195072 0
    outer loop
      vertex -1.7846 -0.234946 4.7
      vertex -1.73867 -0.465874 0
      vertex -1.73867 -0.465874 4.7
    endloop
  endfacet
  facet normal 0.0654066 0.997859 -0
    outer loop
      vertex 0.234946 1.7846 0
      vertex 0 1.8 4.7
      vertex 0.234946 1.7846 4.7
    endloop
  endfacet
  facet normal 0.0654066 0.997859 0
    outer loop
      vertex 0 1.8 4.7
      vertex 0.234946 1.7846 0
      vertex 0 1.8 0
    endloop
  endfacet
  facet normal 0.751824 0.659364 0
    outer loop
      vertex 1.42804 1.09577 4.7
      vertex 1.27279 1.27279 0
      vertex 1.27279 1.27279 4.7
    endloop
  endfacet
  facet normal 0.751824 0.659364 0
    outer loop
      vertex 1.27279 1.27279 0
      vertex 1.42804 1.09577 4.7
      vertex 1.42804 1.09577 0
    endloop
  endfacet
  facet normal 0.980789 0.195072 0
    outer loop
      vertex 1.7846 0.234946 4.7
      vertex 1.73867 0.465874 0
      vertex 1.73867 0.465874 4.7
    endloop
  endfacet
  facet normal 0.980789 0.195072 0
    outer loop
      vertex 1.73867 0.465874 0
      vertex 1.7846 0.234946 4.7
      vertex 1.7846 0.234946 0
    endloop
  endfacet
  facet normal -0.659364 -0.751824 0
    outer loop
      vertex -1.27279 -1.27279 0
      vertex -1.09577 -1.42804 4.7
      vertex -1.27279 -1.27279 4.7
    endloop
  endfacet
  facet normal -0.659364 -0.751824 -0
    outer loop
      vertex -1.09577 -1.42804 4.7
      vertex -1.27279 -1.27279 0
      vertex -1.09577 -1.42804 0
    endloop
  endfacet
  facet normal -0.0654066 -0.997859 0
    outer loop
      vertex -0.234946 -1.7846 0
      vertex 0 -1.8 4.7
      vertex -0.234946 -1.7846 4.7
    endloop
  endfacet
  facet normal -0.0654066 -0.997859 -0
    outer loop
      vertex 0 -1.8 4.7
      vertex -0.234946 -1.7846 0
      vertex 0 -1.8 0
    endloop
  endfacet
  facet normal 0.659364 0.751824 -0
    outer loop
      vertex 1.27279 1.27279 0
      vertex 1.09577 1.42804 4.7
      vertex 1.27279 1.27279 4.7
    endloop
  endfacet
  facet normal 0.659364 0.751824 0
    outer loop
      vertex 1.09577 1.42804 4.7
      vertex 1.27279 1.27279 0
      vertex 1.09577 1.42804 0
    endloop
  endfacet
  facet normal 0 0 -1
    outer loop
      vertex 1.7846 -0.234946 0
      vertex 1.7846 0.234946 0
      vertex 1.8 0 0
    endloop
  endfacet
  facet normal 0 0 -1
    outer loop
      vertex 1.73867 -0.465874 0
      vertex 1.7846 0.234946 0
      vertex 1.7846 -0.234946 0
    endloop
  endfacet
  facet normal 0 0 -1
    outer loop
      vertex 1.73867 -0.465874 0
      vertex 1.73867 0.465874 0
      vertex 1.7846 0.234946 0
    endloop
  endfacet
  facet normal 0 0 -1
    outer loop
      vertex 1.66298 -0.688829 0
      vertex 1.73867 0.465874 0
      vertex 1.73867 -0.465874 0
    endloop
  endfacet
  facet normal 0 0 -1
    outer loop
      vertex 1.66298 -0.688829 0
      vertex 1.66298 0.688829 0
      vertex 1.73867 0.465874 0
    endloop
  endfacet
  facet normal 0 0 -1
    outer loop
      vertex 1.55885 -0.9 0
      vertex 1.66298 0.688829 0
      vertex 1.66298 -0.688829 0
    endloop
  endfacet
  facet normal 0 0 -1
    outer loop
      vertex 1.55885 -0.9 0
      vertex 1.55885 0.9 0
      vertex 1.66298 0.688829 0
    endloop
  endfacet
  facet normal 0 0 -1
    outer loop
      vertex 1.42804 -1.09577 0
      vertex 1.55885 0.9 0
      vertex 1.55885 -0.9 0
    endloop
  endfacet
  facet normal 0 0 -1
    outer loop
      vertex 1.42804 -1.09577 0
      vertex 1.42804 1.09577 0
      vertex 1.55885 0.9 0
    endloop
  endfacet
  facet normal 0 0 -1
    outer loop
      vertex 1.27279 -1.27279 0
      vertex 1.42804 1.09577 0
      vertex 1.42804 -1.09577 0
    endloop
  endfacet
  facet normal 0 0 -1
    outer loop
      vertex 1.27279 -1.27279 0
      vertex 1.27279 1.27279 0
      vertex 1.42804 1.09577 0
    endloop
  endfacet
  facet normal 0 0 -1
    outer loop
      vertex 1.09577 -1.42804 0
      vertex 1.27279 1.27279 0
      vertex 1.27279 -1.27279 0
    endloop
  endfacet
  facet normal 0 0 -1
    outer loop
      vertex 1.09577 -1.42804 0
      vertex 1.09577 1.42804 0
      vertex 1.27279 1.27279 0
    endloop
  endfacet
  facet normal 0 0 -1
    outer loop
      vertex 0.9 -1.55885 0
      vertex 1.09577 1.42804 0
      vertex 1.09577 -1.42804 0
    endloop
  endfacet
  facet normal 0 0 -1
    outer loop
      vertex 0.9 -1.55885 0
      vertex 0.9 1.55885 0
      vertex 1.09577 1.42804 0
    endloop
  endfacet
  facet normal 0 0 -1
    outer loop
      vertex 0.688829 -1.66298 0
      vertex 0.9 1.55885 0
      vertex 0.9 -1.55885 0
    endloop
  endfacet
  facet normal 0 0 -1
    outer loop
      vertex 0.688829 -1.66298 0
      vertex 0.688829 1.66298 0
      vertex 0.9 1.55885 0
    endloop
  endfacet
  facet normal 0 0 -1
    outer loop
      vertex 0.465874 -1.73867 0
      vertex 0.688829 1.66298 0
      vertex 0.688829 -1.66298 0
    endloop
  endfacet
  facet normal 0 0 -1
    outer loop
      vertex 0.465874 -1.73867 0
      vertex 0.465874 1.73867 0
      vertex 0.688829 1.66298 0
    endloop
  endfacet
  facet normal 0 0 -1
    outer loop
      vertex 0.234946 -1.7846 0
      vertex 0.465874 1.73867 0
      vertex 0.465874 -1.73867 0
    endloop
  endfacet
  facet normal 0 0 -1
    outer loop
      vertex 0.234946 -1.7846 0
      vertex 0.234946 1.7846 0
      vertex 0.465874 1.73867 0
    endloop
  endfacet
  facet normal 0 0 -1
    outer loop
      vertex 0 -1.8 0
      vertex 0.234946 1.7846 0
      vertex 0.234946 -1.7846 0
    endloop
  endfacet
  facet normal 0 0 -1
    outer loop
      vertex 0 -1.8 0
      vertex 0 1.8 0
      vertex 0.234946 1.7846 0
    endloop
  endfacet
  facet normal 0 0 -1
    outer loop
      vertex -0.234946 -1.7846 0
      vertex 0 1.8 0
      vertex 0 -1.8 0
    endloop
  endfacet
  facet normal 0 0 -1
    outer loop
      vertex -0.234946 -1.7846 0
      vertex -0.234946 1.7846 0
      vertex 0 1.8 0
    endloop
  endfacet
  facet normal 0 0 -1
    outer loop
      vertex -0.465874 -1.73867 0
      vertex -0.234946 1.7846 0
      vertex -0.234946 -1.7846 0
    endloop
  endfacet
  facet normal 0 0 -1
    outer loop
      vertex -0.465874 -1.73867 0
      vertex -0.465874 1.73867 0
      vertex -0.234946 1.7846 0
    endloop
  endfacet
  facet normal 0 0 -1
    outer loop
      vertex -0.688829 -1.66298 0
      vertex -0.465874 1.73867 0
      vertex -0.465874 -1.73867 0
    endloop
  endfacet
  facet normal 0 0 -1
    outer loop
      vertex -0.688829 -1.66298 0
      vertex -0.688829 1.66298 0
      vertex -0.465874 1.73867 0
    endloop
  endfacet
  facet normal 0 0 -1
    outer loop
      vertex -0.9 -1.55885 0
      vertex -0.688829 1.66298 0
      vertex -0.688829 -1.66298 0
    endloop
  endfacet
  facet normal 0 0 -1
    outer loop
      vertex -0.9 -1.55885 0
      vertex -0.9 1.55885 0
      vertex -0.688829 1.66298 0
    endloop
  endfacet
  facet normal 0 0 -1
    outer loop
      vertex -1.09577 -1.42804 0
      vertex -0.9 1.55885 0
      vertex -0.9 -1.55885 0
    endloop
  endfacet
  facet normal 0 0 -1
    outer loop
      vertex -1.09577 -1.42804 0
      vertex -1.09577 1.42804 0
      vertex -0.9 1.55885 0
    endloop
  endfacet
  facet normal 0 0 -1
    outer loop
      vertex -1.27279 -1.27279 0
      vertex -1.09577 1.42804 0
      vertex -1.09577 -1.42804 0
    endloop
  endfacet
  facet normal 0 0 -1
    outer loop
      vertex -1.27279 -1.27279 0
      vertex -1.27279 1.27279 0
      vertex -1.09577 1.42804 0
    endloop
  endfacet
  facet normal 0 0 -1
    outer loop
      vertex -1.42804 -1.09577 0
      vertex -1.27279 1.27279 0
      vertex -1.27279 -1.27279 0
    endloop
  endfacet
  facet normal 0 0 -1
    outer loop
      vertex -1.42804 -1.09577 0
      vertex -1.42804 1.09577 0
      vertex -1.27279 1.27279 0
    endloop
  endfacet
  facet normal 0 0 -1
    outer loop
      vertex -1.55885 -0.9 0
      vertex -1.42804 1.09577 0
      vertex -1.42804 -1.09577 0
    endloop
  endfacet
  facet normal 0 0 -1
    outer loop
      vertex -1.55885 -0.9 0
      vertex -1.55885 0.9 0
      vertex -1.42804 1.09577 0
    endloop
  endfacet
  facet normal 0 0 -1
    outer loop
      vertex -1.66298 -0.688829 0
      vertex -1.55885 0.9 0
      vertex -1.55885 -0.9 0
    endloop
  endfacet
  facet normal 0 0 -1
    outer loop
      vertex -1.66298 -0.688829 0
      vertex -1.66298 0.688829 0
      vertex -1.55885 0.9 0
    endloop
  endfacet
  facet normal 0 0 -1
    outer loop
      vertex -1.73867 -0.465874 0
      vertex -1.66298 0.688829 0
      vertex -1.66298 -0.688829 0
    endloop
  endfacet
  facet normal 0 0 -1
    outer loop
      vertex -1.73867 -0.465874 0
      vertex -1.73867 0.465874 0
      vertex -1.66298 0.688829 0
    endloop
  endfacet
  facet normal 0 0 -1
    outer loop
      vertex -1.7846 -0.234946 0
      vertex -1.73867 0.465874 0
      vertex -1.73867 -0.465874 0
    endloop
  endfacet
  facet normal 0 0 -1
    outer loop
      vertex -1.7846 -0.234946 0
      vertex -1.7846 0.234946 0
      vertex -1.73867 0.465874 0
    endloop
  endfacet
  facet normal 0 -0 -1
    outer loop
      vertex -1.7846 0.234946 0
      vertex -1.7846 -0.234946 0
      vertex -1.8 0 0
    endloop
  endfacet
  facet normal 0.831468 -0.555572 0
    outer loop
      vertex 1.42804 -1.09577 4.7
      vertex 1.55885 -0.9 0
      vertex 1.55885 -0.9 4.7
    endloop
  endfacet
  facet normal 0.831468 -0.555572 0
    outer loop
      vertex 1.55885 -0.9 0
      vertex 1.42804 -1.09577 4.7
      vertex 1.42804 -1.09577 0
    endloop
  endfacet
  facet normal -0.321466 0.946921 0
    outer loop
      vertex -0.465874 1.73867 0
      vertex -0.688829 1.66298 4.7
      vertex -0.465874 1.73867 4.7
    endloop
  endfacet
  facet normal -0.321466 0.946921 0
    outer loop
      vertex -0.688829 1.66298 4.7
      vertex -0.465874 1.73867 0
      vertex -0.688829 1.66298 0
    endloop
  endfacet
  facet normal 0.659364 -0.751824 0
    outer loop
      vertex 1.09577 -1.42804 0
      vertex 1.27279 -1.27279 4.7
      vertex 1.09577 -1.42804 4.7
    endloop
  endfacet
  facet normal 0.659364 -0.751824 0
    outer loop
      vertex 1.27279 -1.27279 4.7
      vertex 1.09577 -1.42804 0
      vertex 1.27279 -1.27279 0
    endloop
  endfacet
  facet normal 0.321466 -0.946921 0
    outer loop
      vertex 0.465874 -1.73867 0
      vertex 0.688829 -1.66298 4.7
      vertex 0.465874 -1.73867 4.7
    endloop
  endfacet
  facet normal 0.321466 -0.946921 0
    outer loop
      vertex 0.688829 -1.66298 4.7
      vertex 0.465874 -1.73867 0
      vertex 0.688829 -1.66298 0
    endloop
  endfacet
  facet normal -0.555572 0.831468 0
    outer loop
      vertex -0.9 1.55885 0
      vertex -1.09577 1.42804 4.7
      vertex -0.9 1.55885 4.7
    endloop
  endfacet
  facet normal -0.555572 0.831468 0
    outer loop
      vertex -1.09577 1.42804 4.7
      vertex -0.9 1.55885 0
      vertex -1.09577 1.42804 0
    endloop
  endfacet
  facet normal -0.659364 0.751824 0
    outer loop
      vertex -1.09577 1.42804 0
      vertex -1.27279 1.27279 4.7
      vertex -1.09577 1.42804 4.7
    endloop
  endfacet
  facet normal -0.659364 0.751824 0
    outer loop
      vertex -1.27279 1.27279 4.7
      vertex -1.09577 1.42804 0
      vertex -1.27279 1.27279 0
    endloop
  endfacet
  facet normal 0.831468 0.555572 0
    outer loop
      vertex 1.55885 0.9 4.7
      vertex 1.42804 1.09577 0
      vertex 1.42804 1.09577 4.7
    endloop
  endfacet
  facet normal 0.831468 0.555572 0
    outer loop
      vertex 1.42804 1.09577 0
      vertex 1.55885 0.9 4.7
      vertex 1.55885 0.9 0
    endloop
  endfacet
  facet normal -0.751824 0.659364 0
    outer loop
      vertex -1.42804 1.09577 0
      vertex -1.27279 1.27279 4.7
      vertex -1.27279 1.27279 0
    endloop
  endfacet
  facet normal -0.751824 0.659364 0
    outer loop
      vertex -1.27279 1.27279 4.7
      vertex -1.42804 1.09577 0
      vertex -1.42804 1.09577 4.7
    endloop
  endfacet
  facet normal -0.831468 0.555572 0
    outer loop
      vertex -1.55885 0.9 0
      vertex -1.42804 1.09577 4.7
      vertex -1.42804 1.09577 0
    endloop
  endfacet
  facet normal -0.831468 0.555572 0
    outer loop
      vertex -1.42804 1.09577 4.7
      vertex -1.55885 0.9 0
      vertex -1.55885 0.9 4.7
    endloop
  endfacet
  facet normal 0.751824 -0.659364 0
    outer loop
      vertex 1.27279 -1.27279 4.7
      vertex 1.42804 -1.09577 0
      vertex 1.42804 -1.09577 4.7
    endloop
  endfacet
  facet normal 0.751824 -0.659364 0
    outer loop
      vertex 1.42804 -1.09577 0
      vertex 1.27279 -1.27279 4.7
      vertex 1.27279 -1.27279 0
    endloop
  endfacet
  facet normal 0.442261 -0.896886 0
    outer loop
      vertex 0.688829 -1.66298 0
      vertex 0.9 -1.55885 4.7
      vertex 0.688829 -1.66298 4.7
    endloop
  endfacet
  facet normal 0.442261 -0.896886 0
    outer loop
      vertex 0.9 -1.55885 4.7
      vertex 0.688829 -1.66298 0
      vertex 0.9 -1.55885 0
    endloop
  endfacet
  facet normal 0.195072 0.980789 -0
    outer loop
      vertex 0.465874 1.73867 0
      vertex 0.234946 1.7846 4.7
      vertex 0.465874 1.73867 4.7
    endloop
  endfacet
  facet normal 0.195072 0.980789 0
    outer loop
      vertex 0.234946 1.7846 4.7
      vertex 0.465874 1.73867 0
      vertex 0.234946 1.7846 0
    endloop
  endfacet
  facet normal -0.195072 0.980789 0
    outer loop
      vertex -0.234946 1.7846 0
      vertex -0.465874 1.73867 4.7
      vertex -0.234946 1.7846 4.7
    endloop
  endfacet
  facet normal -0.195072 0.980789 0
    outer loop
      vertex -0.465874 1.73867 4.7
      vertex -0.234946 1.7846 0
      vertex -0.465874 1.73867 0
    endloop
  endfacet
  facet normal -0.946921 0.321466 0
    outer loop
      vertex -1.73867 0.465874 0
      vertex -1.66298 0.688829 4.7
      vertex -1.66298 0.688829 0
    endloop
  endfacet
  facet normal -0.946921 0.321466 0
    outer loop
      vertex -1.66298 0.688829 4.7
      vertex -1.73867 0.465874 0
      vertex -1.73867 0.465874 4.7
    endloop
  endfacet
  facet normal -0.896886 -0.442261 0
    outer loop
      vertex -1.55885 -0.9 0
      vertex -1.66298 -0.688829 4.7
      vertex -1.66298 -0.688829 0
    endloop
  endfacet
  facet normal -0.896886 -0.442261 0
    outer loop
      vertex -1.66298 -0.688829 4.7
      vertex -1.55885 -0.9 0
      vertex -1.55885 -0.9 4.7
    endloop
  endfacet
  facet normal -0.442261 -0.896886 0
    outer loop
      vertex -0.9 -1.55885 0
      vertex -0.688829 -1.66298 4.7
      vertex -0.9 -1.55885 4.7
    endloop
  endfacet
  facet normal -0.442261 -0.896886 -0
    outer loop
      vertex -0.688829 -1.66298 4.7
      vertex -0.9 -1.55885 0
      vertex -0.688829 -1.66298 0
    endloop
  endfacet
  facet normal 0.321466 0.946921 -0
    outer loop
      vertex 0.688829 1.66298 0
      vertex 0.465874 1.73867 4.7
      vertex 0.688829 1.66298 4.7
    endloop
  endfacet
  facet normal 0.321466 0.946921 0
    outer loop
      vertex 0.465874 1.73867 4.7
      vertex 0.688829 1.66298 0
      vertex 0.465874 1.73867 0
    endloop
  endfacet
  facet normal -0.555572 -0.831468 0
    outer loop
      vertex -1.09577 -1.42804 0
      vertex -0.9 -1.55885 4.7
      vertex -1.09577 -1.42804 4.7
    endloop
  endfacet
  facet normal -0.555572 -0.831468 -0
    outer loop
      vertex -0.9 -1.55885 4.7
      vertex -1.09577 -1.42804 0
      vertex -0.9 -1.55885 0
    endloop
  endfacet
  facet normal 0.0654066 -0.997859 0
    outer loop
      vertex 0 -1.8 0
      vertex 0.234946 -1.7846 4.7
      vertex 0 -1.8 4.7
    endloop
  endfacet
  facet normal 0.0654066 -0.997859 0
    outer loop
      vertex 0.234946 -1.7846 4.7
      vertex 0 -1.8 0
      vertex 0.234946 -1.7846 0
    endloop
  endfacet
  facet normal 0.946921 -0.321466 0
    outer loop
      vertex 1.66298 -0.688829 4.7
      vertex 1.73867 -0.465874 0
      vertex 1.73867 -0.465874 4.7
    endloop
  endfacet
  facet normal 0.946921 -0.321466 0
    outer loop
      vertex 1.73867 -0.465874 0
      vertex 1.66298 -0.688829 4.7
      vertex 1.66298 -0.688829 0
    endloop
  endfacet
  facet normal 0.980789 -0.195072 0
    outer loop
      vertex 1.73867 -0.465874 4.7
      vertex 1.7846 -0.234946 0
      vertex 1.7846 -0.234946 4.7
    endloop
  endfacet
  facet normal 0.980789 -0.195072 0
    outer loop
      vertex 1.7846 -0.234946 0
      vertex 1.73867 -0.465874 4.7
      vertex 1.73867 -0.465874 0
    endloop
  endfacet
  facet normal -0.0654066 0.997859 0
    outer loop
      vertex 0 1.8 0
      vertex -0.234946 1.7846 4.7
      vertex 0 1.8 4.7
    endloop
  endfacet
  facet normal -0.0654066 0.997859 0
    outer loop
      vertex -0.234946 1.7846 4.7
      vertex 0 1.8 0
      vertex -0.234946 1.7846 0
    endloop
  endfacet
  facet normal -0.831468 -0.555572 0
    outer loop
      vertex -1.42804 -1.09577 0
      vertex -1.55885 -0.9 4.7
      vertex -1.55885 -0.9 0
    endloop
  endfacet
  facet normal -0.831468 -0.555572 0
    outer loop
      vertex -1.55885 -0.9 4.7
      vertex -1.42804 -1.09577 0
      vertex -1.42804 -1.09577 4.7
    endloop
  endfacet
  facet normal 0.351115 0.712122 0.607948
    outer loop
      vertex 16.75 4.22498 5.55564
      vertex 16.5824 3.82035 6.1264
      vertex 17.0676 3.58112 6.1264
    endloop
  endfacet
  facet normal -0.130511 -0.00857312 0.99141
    outer loop
      vertex 14.6403 0 7.98822
      vertex 13.927 0 7.89432
      vertex 13.9362 -0.140054 7.89432
    endloop
  endfacet
  facet normal -0.254322 0.0506212 0.965794
    outer loop
      vertex 13.9636 0.277712 7.89432
      vertex 13.2923 0.45757 7.70812
      vertex 13.9362 0.140054 7.89432
    endloop
  endfacet
  facet normal -0.820779 -0.278307 0.498866
    outer loop
      vertex 10.5827 -1.1836 5.55564
      vertex 10.5517 -1.19191 5.5
      vertex 10.5702 -1.24647 5.5
    endloop
  endfacet
  facet normal 0.751801 -0.255228 0.607991
    outer loop
      vertex 19.4173 -1.1836 5.55564
      vertex 18.9942 -1.07025 6.1264
      vertex 19.225 -1.75004 5.55564
    endloop
  endfacet
  facet normal 0.820368 0.278455 0.499459
    outer loop
      vertex 19.225 1.75004 5.55564
      vertex 19.4298 1.24647 5.5
      vertex 19.2547 1.76234 5.5
    endloop
  endfacet
  facet normal 0.820545 0.278566 0.499106
    outer loop
      vertex 19.4298 1.24647 5.5
      vertex 19.225 1.75004 5.55564
      vertex 19.4173 1.1836 5.55564
    endloop
  endfacet
  facet normal 0.0519251 -0.792283 0.607941
    outer loop
      vertex 15 -4.13512 6.1264
      vertex 15 -4.57308 5.55564
      vertex 15.5969 -4.53396 5.55564
    endloop
  endfacet
  facet normal -0.751801 0.255228 0.607991
    outer loop
      vertex 10.775 1.75004 5.55564
      vertex 10.5827 1.1836 5.55564
      vertex 11.0058 1.07025 6.1264
    endloop
  endfacet
  facet normal 0.712077 0.351253 0.60792
    outer loop
      vertex 19.225 1.75004 5.55564
      vertex 18.5811 2.06756 6.1264
      vertex 18.8204 1.58244 6.1264
    endloop
  endfacet
  facet normal -0.351115 -0.712122 0.607948
    outer loop
      vertex 13.4176 -3.82035 6.1264
      vertex 12.9324 -3.58112 6.1264
      vertex 13.25 -4.22498 5.55564
    endloop
  endfacet
  facet normal -0.597844 -0.118993 0.792732
    outer loop
      vertex 11.9705 -0.39884 7.07308
      vertex 11.4046 -0.47334 6.63512
      vertex 11.4972 -0.938581 6.63512
    endloop
  endfacet
  facet normal 0.0255252 -0.128279 0.99141
    outer loop
      vertex 15.2777 -1.03644 7.89432
      vertex 15.0931 -0.34746 7.98822
      vertex 15.1401 -1.06382 7.89432
    endloop
  endfacet
  facet normal 0.123869 0.0420334 0.991408
    outer loop
      vertex 15.9913 0.410618 7.89432
      vertex 15.3475 0.0931015 7.98822
      vertex 16.0364 0.277712 7.89432
    endloop
  endfacet
  facet normal 0.215598 0.144082 0.965794
    outer loop
      vertex 16.4026 1.07624 7.70812
      vertex 15.9292 0.536498 7.89432
      vertex 16.5311 0.883958 7.70812
    endloop
  endfacet
  facet normal 0.123869 -0.0420334 0.991408
    outer loop
      vertex 16.0364 -0.277712 7.89432
      vertex 15.3475 -0.0931015 7.98822
      vertex 15.9913 -0.410618 7.89432
    endloop
  endfacet
  facet normal 0.712078 0.351194 0.607954
    outer loop
      vertex 18.9604 2.28654 5.55564
      vertex 18.5811 2.06756 6.1264
      vertex 19.225 1.75004 5.55564
    endloop
  endfacet
  facet normal 0.523481 -0.59696 0.607952
    outer loop
      vertex 17.924 -2.92397 6.1264
      vertex 17.5173 -3.28061 6.1264
      vertex 18.2337 -3.23366 5.55564
    endloop
  endfacet
  facet normal -0.706361 -0.0463281 0.706334
    outer loop
      vertex 11.3736 0 6.63512
      vertex 10.8649 0 6.1264
      vertex 10.9003 -0.539741 6.1264
    endloop
  endfacet
  facet normal -0.255218 0.751841 0.607947
    outer loop
      vertex 13.9298 3.99422 6.1264
      vertex 13.25 4.22498 5.55564
      vertex 13.4176 3.82035 6.1264
    endloop
  endfacet
  facet normal 0.278538 -0.82049 0.499212
    outer loop
      vertex 16.2465 -4.42976 5.5
      vertex 16.75 -4.22498 5.55564
      vertex 16.1836 -4.41726 5.55564
    endloop
  endfacet
  facet normal 0.278564 -0.820532 0.499129
    outer loop
      vertex 16.75 -4.22498 5.55564
      vertex 16.2465 -4.42976 5.5
      vertex 16.7623 -4.25465 5.5
    endloop
  endfacet
  facet normal -0.0462943 -0.706354 0.706343
    outer loop
      vertex 14.5267 -3.59538 6.63512
      vertex 14.4603 -4.09974 6.1264
      vertex 15 -3.6264 6.63512
    endloop
  endfacet
  facet normal 0.474232 -0.161008 0.865552
    outer loop
      vertex 17.9515 -0.790856 7.07308
      vertex 17.3497 -0.6296 7.4328
      vertex 17.823 -1.16934 7.07308
    endloop
  endfacet
  facet normal 0.634864 0.313074 0.706352
    outer loop
      vertex 18.8204 1.58244 6.1264
      vertex 18.1406 1.8132 6.63512
      vertex 18.3504 1.38776 6.63512
    endloop
  endfacet
  facet normal 0.546718 -0.269485 0.792766
    outer loop
      vertex 17.823 -1.16934 7.07308
      vertex 17.6463 -1.52782 7.07308
      vertex 18.3504 -1.38776 6.63512
    endloop
  endfacet
  facet normal 0.491186 -0.0977387 0.865554
    outer loop
      vertex 17.4118 -0.317516 7.4328
      vertex 17.3497 -0.6296 7.4328
      vertex 17.9515 -0.790856 7.07308
    endloop
  endfacet
  facet normal 0.195934 0.577214 0.792739
    outer loop
      vertex 16.3878 3.35036 6.63512
      vertex 15.9386 3.50284 6.63512
      vertex 16.1693 2.82304 7.07308
    endloop
  endfacet
  facet normal -0.720453 0.481299 0.499298
    outer loop
      vertex 11.0438 2.35051 5.5
      vertex 11.3719 2.78392 5.55564
      vertex 11.3464 2.80347 5.5
    endloop
  endfacet
  facet normal -0.720543 0.481395 0.499076
    outer loop
      vertex 11.3719 2.78392 5.55564
      vertex 11.0438 2.35051 5.5
      vertex 11.0396 2.28654 5.55564
    endloop
  endfacet
  facet normal -0.382554 -0.0250605 0.923593
    outer loop
      vertex 13.2321 0 7.70812
      vertex 12.5674 0 7.4328
      vertex 12.5882 -0.317516 7.4328
    endloop
  endfacet
  facet normal 0.123775 0.0422255 0.991412
    outer loop
      vertex 15.9913 0.410618 7.89432
      vertex 15.3323 0.137657 7.98822
      vertex 15.3475 0.0931015 7.98822
    endloop
  endfacet
  facet normal -0.820545 -0.278566 0.499106
    outer loop
      vertex 10.5702 -1.24647 5.5
      vertex 10.775 -1.75004 5.55564
      vertex 10.5827 -1.1836 5.55564
    endloop
  endfacet
  facet normal -0.820368 -0.278455 0.499459
    outer loop
      vertex 10.775 -1.75004 5.55564
      vertex 10.5702 -1.24647 5.5
      vertex 10.7453 -1.76234 5.5
    endloop
  endfacet
  facet normal -0.05667 -0.864681 0.499115
    outer loop
      vertex 14.4564 -4.56957 5.5
      vertex 15 -4.57308 5.55564
      vertex 14.4031 -4.53396 5.55564
    endloop
  endfacet
  facet normal -0.0566736 -0.864659 0.499152
    outer loop
      vertex 15 -4.57308 5.55564
      vertex 14.4564 -4.56957 5.5
      vertex 15 -4.6052 5.5
    endloop
  endfacet
  facet normal -0.0726982 0.108737 0.991409
    outer loop
      vertex 14.8201 0.311523 7.98822
      vertex 14.4635 0.929242 7.89432
      vertex 14.781 0.285382 7.98822
    endloop
  endfacet
  facet normal 0.499765 -0.0327045 0.865544
    outer loop
      vertex 18.0556 0 7.07308
      vertex 17.4326 0 7.4328
      vertex 18.0295 -0.39884 7.07308
    endloop
  endfacet
  facet normal 0.820779 -0.278307 0.498866
    outer loop
      vertex 19.4483 -1.19191 5.5
      vertex 19.4173 -1.1836 5.55564
      vertex 19.4298 -1.24647 5.5
    endloop
  endfacet
  facet normal 0.651463 -0.571459 0.49903
    outer loop
      vertex 18.2944 -3.21305 5.5
      vertex 18.2337 -3.23366 5.55564
      vertex 18.2564 -3.25637 5.5
    endloop
  endfacet
  facet normal -0.546718 -0.269485 0.792766
    outer loop
      vertex 12.177 -1.16934 7.07308
      vertex 11.6496 -1.38776 6.63512
      vertex 12.3537 -1.52782 7.07308
    endloop
  endfacet
  facet normal -0.31303 -0.63488 0.706356
    outer loop
      vertex 13.1868 -3.14056 6.63512
      vertex 12.9324 -3.58112 6.1264
      vertex 13.4176 -3.82035 6.1264
    endloop
  endfacet
  facet normal 0.571187 -0.651349 0.49949
    outer loop
      vertex 18.2131 -3.29436 5.5
      vertex 17.7839 -3.62807 5.55564
      vertex 17.8035 -3.65355 5.5
    endloop
  endfacet
  facet normal 0.571259 -0.651485 0.499231
    outer loop
      vertex 17.7839 -3.62807 5.55564
      vertex 18.2131 -3.29436 5.5
      vertex 18.2337 -3.23366 5.55564
    endloop
  endfacet
  facet normal 0.232627 0.114628 0.965787
    outer loop
      vertex 16.5311 0.883958 7.70812
      vertex 15.9913 0.410618 7.89432
      vertex 16.6333 0.676552 7.70812
    endloop
  endfacet
  facet normal 0.351176 -0.712121 0.607914
    outer loop
      vertex 17.0676 -3.58112 6.1264
      vertex 16.75 -4.22498 5.55564
      vertex 17.2865 -3.96041 5.55564
    endloop
  endfacet
  facet normal 0.597869 -0.118959 0.792718
    outer loop
      vertex 18.0295 -0.39884 7.07308
      vertex 17.9515 -0.790856 7.07308
      vertex 18.5028 -0.938581 6.63512
    endloop
  endfacet
  facet normal 0.382554 -0.0250605 0.923593
    outer loop
      vertex 17.4326 0 7.4328
      vertex 16.7679 0 7.70812
      vertex 17.4118 -0.317516 7.4328
    endloop
  endfacet
  facet normal 0.245587 0.083337 0.965786
    outer loop
      vertex 16.6333 0.676552 7.70812
      vertex 15.9913 0.410618 7.89432
      vertex 16.0364 0.277712 7.89432
    endloop
  endfacet
  facet normal -0.123869 0.0420334 0.991408
    outer loop
      vertex 14.0087 0.410618 7.89432
      vertex 13.9636 0.277712 7.89432
      vertex 14.6525 0.0931015 7.98822
    endloop
  endfacet
  facet normal -0.376019 0.074769 0.923591
    outer loop
      vertex 13.2923 0.45757 7.70812
      vertex 12.5882 0.317516 7.4328
      vertex 13.2472 0.230759 7.70812
    endloop
  endfacet
  facet normal 0.523471 0.596986 0.607937
    outer loop
      vertex 17.7839 3.62807 5.55564
      vertex 17.5173 3.28061 6.1264
      vertex 18.2337 3.23366 5.55564
    endloop
  endfacet
  facet normal 0.252734 0.288257 0.923598
    outer loop
      vertex 16.4809 1.9299 7.4328
      vertex 16.0762 1.40258 7.70812
      vertex 16.2501 1.25011 7.70812
    endloop
  endfacet
  facet normal 0.571259 0.651485 0.499231
    outer loop
      vertex 18.2131 3.29436 5.5
      vertex 17.7839 3.62807 5.55564
      vertex 18.2337 3.23366 5.55564
    endloop
  endfacet
  facet normal 0.571187 0.651349 0.49949
    outer loop
      vertex 17.7839 3.62807 5.55564
      vertex 18.2131 3.29436 5.5
      vertex 17.8035 3.65355 5.5
    endloop
  endfacet
  facet normal 0.720642 0.481331 0.498994
    outer loop
      vertex 18.9882 2.3026 5.5
      vertex 18.9562 2.35051 5.5
      vertex 18.9604 2.28654 5.55564
    endloop
  endfacet
  facet normal -0.751801 -0.255228 0.607991
    outer loop
      vertex 11.0058 -1.07025 6.1264
      vertex 10.5827 -1.1836 5.55564
      vertex 10.775 -1.75004 5.55564
    endloop
  endfacet
  facet normal -0.651463 -0.571459 0.49903
    outer loop
      vertex 11.7663 -3.23366 5.55564
      vertex 11.7056 -3.21305 5.5
      vertex 11.7436 -3.25637 5.5
    endloop
  endfacet
  facet normal -0.546716 0.269606 0.792726
    outer loop
      vertex 11.8594 1.8132 6.63512
      vertex 11.6496 1.38776 6.63512
      vertex 12.3537 1.52782 7.07308
    endloop
  endfacet
  facet normal 0.00855186 -0.130514 0.99141
    outer loop
      vertex 15 -0.359716 7.98822
      vertex 15 -1.073 7.89432
      vertex 15.1401 -1.06382 7.89432
    endloop
  endfacet
  facet normal -0.608266 0.0398366 0.792733
    outer loop
      vertex 11.4046 0.47334 6.63512
      vertex 11.3736 0 6.63512
      vertex 11.9705 0.39884 7.07308
    endloop
  endfacet
  facet normal -0.776885 -0.383406 0.49945
    outer loop
      vertex 10.775 -1.75004 5.55564
      vertex 10.7453 -1.76234 5.5
      vertex 10.7708 -1.81401 5.5
    endloop
  endfacet
  facet normal -0.712077 -0.351253 0.60792
    outer loop
      vertex 11.1796 -1.58244 6.1264
      vertex 10.775 -1.75004 5.55564
      vertex 11.4189 -2.06756 6.1264
    endloop
  endfacet
  facet normal -0.449192 -0.221413 0.865565
    outer loop
      vertex 12.8933 -1.21629 7.4328
      vertex 12.177 -1.16934 7.07308
      vertex 12.3537 -1.52782 7.07308
    endloop
  endfacet
  facet normal 0.363024 -0.123253 0.923592
    outer loop
      vertex 17.3497 -0.6296 7.4328
      vertex 16.6333 -0.676552 7.70812
      vertex 17.2474 -0.93091 7.4328
    endloop
  endfacet
  facet normal -0.330207 -0.376517 0.865562
    outer loop
      vertex 13.5191 -1.9299 7.4328
      vertex 12.8393 -2.16066 7.07308
      vertex 13.1398 -2.4242 7.07308
    endloop
  endfacet
  facet normal -0.351176 -0.712121 0.607914
    outer loop
      vertex 12.9324 -3.58112 6.1264
      vertex 12.7135 -3.96041 5.55564
      vertex 13.25 -4.22498 5.55564
    endloop
  endfacet
  facet normal -0.383062 -0.777248 0.499148
    outer loop
      vertex 13.25 -4.22498 5.55564
      vertex 13.186 -4.22917 5.5
      vertex 13.2377 -4.25465 5.5
    endloop
  endfacet
  facet normal 0.313112 -0.63488 0.70632
    outer loop
      vertex 16.8132 -3.14056 6.63512
      vertex 16.3878 -3.35036 6.63512
      vertex 16.5824 -3.82035 6.1264
    endloop
  endfacet
  facet normal 0.474231 -0.16101 0.865553
    outer loop
      vertex 17.3497 -0.6296 7.4328
      vertex 17.2474 -0.93091 7.4328
      vertex 17.823 -1.16934 7.07308
    endloop
  endfacet
  facet normal 0.608266 -0.0398366 0.792733
    outer loop
      vertex 18.6264 0 6.63512
      vertex 18.0295 -0.39884 7.07308
      vertex 18.5954 -0.47334 6.63512
    endloop
  endfacet
  facet normal 0.776885 -0.383406 0.49945
    outer loop
      vertex 19.2547 -1.76234 5.5
      vertex 19.225 -1.75004 5.55564
      vertex 19.2292 -1.81401 5.5
    endloop
  endfacet
  facet normal 0.506811 0.338722 0.792723
    outer loop
      vertex 17.877 2.20761 6.63512
      vertex 17.6463 1.52782 7.07308
      vertex 18.1406 1.8132 6.63512
    endloop
  endfacet
  facet normal 0.588557 -0.393356 0.706309
    outer loop
      vertex 18.1406 -1.8132 6.63512
      vertex 17.877 -2.20761 6.63512
      vertex 18.5811 -2.06756 6.1264
    endloop
  endfacet
  facet normal 0.506811 -0.338722 0.792723
    outer loop
      vertex 18.1406 -1.8132 6.63512
      vertex 17.6463 -1.52782 7.07308
      vertex 17.877 -2.20761 6.63512
    endloop
  endfacet
  facet normal 0.588569 -0.39326 0.706352
    outer loop
      vertex 18.5811 -2.06756 6.1264
      vertex 17.877 -2.20761 6.63512
      vertex 18.2806 -2.5173 6.1264
    endloop
  endfacet
  facet normal 0.577214 -0.19584 0.792762
    outer loop
      vertex 18.5028 -0.938581 6.63512
      vertex 17.823 -1.16934 7.07308
      vertex 18.3504 -1.38776 6.63512
    endloop
  endfacet
  facet normal 0.41637 0.278265 0.865566
    outer loop
      vertex 17.4242 1.86015 7.07308
      vertex 17.1067 1.21629 7.4328
      vertex 17.6463 1.52782 7.07308
    endloop
  endfacet
  facet normal 0.49119 -0.0977329 0.865552
    outer loop
      vertex 18.0295 -0.39884 7.07308
      vertex 17.4118 -0.317516 7.4328
      vertex 17.9515 -0.790856 7.07308
    endloop
  endfacet
  facet normal 0.128306 0.0253002 0.991412
    outer loop
      vertex 16.0638 0.140054 7.89432
      vertex 15.3475 0.0931015 7.98822
      vertex 15.3566 0.0469522 7.98822
    endloop
  endfacet
  facet normal 0.254322 0.0506212 0.965794
    outer loop
      vertex 16.7077 0.45757 7.70812
      vertex 16.0364 0.277712 7.89432
      vertex 16.0638 0.140054 7.89432
    endloop
  endfacet
  facet normal 0.546716 0.269606 0.792726
    outer loop
      vertex 18.1406 1.8132 6.63512
      vertex 17.6463 1.52782 7.07308
      vertex 18.3504 1.38776 6.63512
    endloop
  endfacet
  facet normal 0.212972 0.318771 0.923595
    outer loop
      vertex 16.2163 2.10668 7.4328
      vertex 16.0762 1.40258 7.70812
      vertex 16.4809 1.9299 7.4328
    endloop
  endfacet
  facet normal -0.288246 0.252786 0.923588
    outer loop
      vertex 13.2799 1.7201 7.4328
      vertex 13.0701 1.48087 7.4328
      vertex 13.7499 1.25011 7.70812
    endloop
  endfacet
  facet normal 0.278209 0.416417 0.865561
    outer loop
      vertex 16.8602 2.4242 7.07308
      vertex 16.2163 2.10668 7.4328
      vertex 16.4809 1.9299 7.4328
    endloop
  endfacet
  facet normal 0.0726668 0.108753 0.991409
    outer loop
      vertex 15.5365 0.929242 7.89432
      vertex 15.219 0.285382 7.98822
      vertex 15.6532 0.851265 7.89432
    endloop
  endfacet
  facet normal 0.114684 -0.232591 0.965789
    outer loop
      vertex 15.5365 -0.929242 7.89432
      vertex 15.4106 -0.99132 7.89432
      vertex 15.884 -1.53106 7.70812
    endloop
  endfacet
  facet normal -0.351115 0.712122 0.607948
    outer loop
      vertex 13.25 4.22498 5.55564
      vertex 12.9324 3.58112 6.1264
      vertex 13.4176 3.82035 6.1264
    endloop
  endfacet
  facet normal 0.401905 0.458354 0.792707
    outer loop
      vertex 17.2076 2.87702 6.63512
      vertex 16.8602 2.4242 7.07308
      vertex 17.5643 2.56425 6.63512
    endloop
  endfacet
  facet normal 0.66017 0.441101 0.607952
    outer loop
      vertex 18.9604 2.28654 5.55564
      vertex 18.2806 2.5173 6.1264
      vertex 18.5811 2.06756 6.1264
    endloop
  endfacet
  facet normal 0.751891 0.255137 0.607919
    outer loop
      vertex 19.225 1.75004 5.55564
      vertex 18.8204 1.58244 6.1264
      vertex 18.9942 1.07025 6.1264
    endloop
  endfacet
  facet normal 0.441159 0.660175 0.607904
    outer loop
      vertex 17.2865 3.96041 5.55564
      vertex 17.0676 3.58112 6.1264
      vertex 17.5173 3.28061 6.1264
    endloop
  endfacet
  facet normal 0.651503 0.571336 0.499119
    outer loop
      vertex 18.6281 2.78392 5.55564
      vertex 18.2944 3.21305 5.5
      vertex 18.2337 3.23366 5.55564
    endloop
  endfacet
  facet normal 0.651418 0.571291 0.49928
    outer loop
      vertex 18.2944 3.21305 5.5
      vertex 18.6281 2.78392 5.55564
      vertex 18.6536 2.80347 5.5
    endloop
  endfacet
  facet normal 0.720453 0.481299 0.499298
    outer loop
      vertex 18.6281 2.78392 5.55564
      vertex 18.9562 2.35051 5.5
      vertex 18.6536 2.80347 5.5
    endloop
  endfacet
  facet normal 0.720543 0.481395 0.499076
    outer loop
      vertex 18.9562 2.35051 5.5
      vertex 18.6281 2.78392 5.55564
      vertex 18.9604 2.28654 5.55564
    endloop
  endfacet
  facet normal -0.481392 -0.720358 0.499345
    outer loop
      vertex 12.7135 -3.96041 5.55564
      vertex 12.6495 -3.95621 5.5
      vertex 12.6974 -3.98822 5.5
    endloop
  endfacet
  facet normal -0.449192 0.221413 0.865565
    outer loop
      vertex 12.3537 1.52782 7.07308
      vertex 12.177 1.16934 7.07308
      vertex 12.8933 1.21629 7.4328
    endloop
  endfacet
  facet normal -0.269623 0.5467 0.792731
    outer loop
      vertex 13.6122 3.35036 6.63512
      vertex 13.1868 3.14056 6.63512
      vertex 13.4722 2.64626 7.07308
    endloop
  endfacet
  facet normal 0.0747907 0.376026 0.923586
    outer loop
      vertex 15.3175 2.41178 7.4328
      vertex 15.2308 1.75279 7.70812
      vertex 15.4576 1.70768 7.70812
    endloop
  endfacet
  facet normal -0.213072 0.318746 0.923581
    outer loop
      vertex 14.116 1.53106 7.70812
      vertex 13.7837 2.10668 7.4328
      vertex 13.9238 1.40258 7.70812
    endloop
  endfacet
  facet normal -0.720642 0.481331 0.498994
    outer loop
      vertex 11.0438 2.35051 5.5
      vertex 11.0118 2.3026 5.5
      vertex 11.0396 2.28654 5.55564
    endloop
  endfacet
  facet normal -0.864923 -0.0571661 0.498638
    outer loop
      vertex 10.466 -0.596907 5.55564
      vertex 10.4304 -0.543605 5.5
      vertex 10.4342 -0.601099 5.5
    endloop
  endfacet
  facet normal -0.778686 -0.15489 0.607994
    outer loop
      vertex 11.0058 -1.07025 6.1264
      vertex 10.466 -0.596907 5.55564
      vertex 10.5827 -1.1836 5.55564
    endloop
  endfacet
  facet normal -0.778676 -0.154852 0.608016
    outer loop
      vertex 10.9003 -0.539741 6.1264
      vertex 10.466 -0.596907 5.55564
      vertex 11.0058 -1.07025 6.1264
    endloop
  endfacet
  facet normal 0.0976754 -0.491196 0.865555
    outer loop
      vertex 15.7909 -2.95152 7.07308
      vertex 15.3175 -2.41178 7.4328
      vertex 15.3988 -3.02949 7.07308
    endloop
  endfacet
  facet normal -0.114697 -0.23258 0.965791
    outer loop
      vertex 14.5894 -0.99132 7.89432
      vertex 14.116 -1.53106 7.70812
      vertex 14.3234 -1.63334 7.70812
    endloop
  endfacet
  facet normal 0.117315 0.0578219 0.99141
    outer loop
      vertex 15.9913 0.410618 7.89432
      vertex 15.3115 0.179858 7.98822
      vertex 15.3323 0.137657 7.98822
    endloop
  endfacet
  facet normal -0.130502 -0.00861636 0.991411
    outer loop
      vertex 14.6403 0 7.98822
      vertex 13.9362 -0.140054 7.89432
      vertex 14.6434 -0.0469522 7.98822
    endloop
  endfacet
  facet normal -0.499765 0.0327045 0.865544
    outer loop
      vertex 11.9705 0.39884 7.07308
      vertex 11.9444 0 7.07308
      vertex 12.5674 0 7.4328
    endloop
  endfacet
  facet normal -0.169067 -0.849848 0.499174
    outer loop
      vertex 13.8164 -4.41726 5.55564
      vertex 13.8081 -4.44829 5.5
      vertex 13.8646 -4.45953 5.5
    endloop
  endfacet
  facet normal 0.481352 -0.72042 0.499295
    outer loop
      vertex 17.3505 -3.95621 5.5
      vertex 17.7839 -3.62807 5.55564
      vertex 17.2865 -3.96041 5.55564
    endloop
  endfacet
  facet normal 0.481293 -0.720366 0.49943
    outer loop
      vertex 17.7839 -3.62807 5.55564
      vertex 17.3505 -3.95621 5.5
      vertex 17.8035 -3.65355 5.5
    endloop
  endfacet
  facet normal 0.0398659 -0.608269 0.792729
    outer loop
      vertex 15.3988 -3.02949 7.07308
      vertex 15 -3.6264 6.63512
      vertex 15.4733 -3.59538 6.63512
    endloop
  endfacet
  facet normal -0.441104 -0.660183 0.607936
    outer loop
      vertex 12.4827 -3.28061 6.1264
      vertex 12.2161 -3.62807 5.55564
      vertex 12.7135 -3.96041 5.55564
    endloop
  endfacet
  facet normal -0.0977006 -0.491178 0.865562
    outer loop
      vertex 14.3704 -2.3497 7.4328
      vertex 14.2091 -2.95152 7.07308
      vertex 14.6825 -2.41178 7.4328
    endloop
  endfacet
  facet normal -0.458336 -0.401888 0.792726
    outer loop
      vertex 12.5758 -1.86015 7.07308
      vertex 12.4357 -2.56425 6.63512
      vertex 12.8393 -2.16066 7.07308
    endloop
  endfacet
  facet normal -0.532258 -0.466681 0.706336
    outer loop
      vertex 12.123 -2.20761 6.63512
      vertex 12.076 -2.92397 6.1264
      vertex 12.4357 -2.56425 6.63512
    endloop
  endfacet
  facet normal -0.383214 -0.777083 0.499289
    outer loop
      vertex 13.186 -4.22917 5.5
      vertex 12.7135 -3.96041 5.55564
      vertex 12.6974 -3.98822 5.5
    endloop
  endfacet
  facet normal -0.383208 -0.777076 0.499304
    outer loop
      vertex 12.7135 -3.96041 5.55564
      vertex 13.186 -4.22917 5.5
      vertex 13.25 -4.22498 5.55564
    endloop
  endfacet
  facet normal 0.363025 -0.123339 0.92358
    outer loop
      vertex 16.7077 -0.45757 7.70812
      vertex 16.6333 -0.676552 7.70812
      vertex 17.3497 -0.6296 7.4328
    endloop
  endfacet
  facet normal -0.130511 0.00857312 0.99141
    outer loop
      vertex 13.9362 0.140054 7.89432
      vertex 13.927 0 7.89432
      vertex 14.6403 0 7.98822
    endloop
  endfacet
  facet normal 0.31303 -0.63488 0.706356
    outer loop
      vertex 16.8132 -3.14056 6.63512
      vertex 16.5824 -3.82035 6.1264
      vertex 17.0676 -3.58112 6.1264
    endloop
  endfacet
  facet normal 0.441159 -0.660175 0.607904
    outer loop
      vertex 17.5173 -3.28061 6.1264
      vertex 17.0676 -3.58112 6.1264
      vertex 17.2865 -3.96041 5.55564
    endloop
  endfacet
  facet normal 0.0566736 -0.864659 0.499152
    outer loop
      vertex 15.5436 -4.56957 5.5
      vertex 15 -4.57308 5.55564
      vertex 15 -4.6052 5.5
    endloop
  endfacet
  facet normal 0.05667 -0.864681 0.499115
    outer loop
      vertex 15 -4.57308 5.55564
      vertex 15.5436 -4.56957 5.5
      vertex 15.5969 -4.53396 5.55564
    endloop
  endfacet
  facet normal 0.660175 0.441063 0.607974
    outer loop
      vertex 18.6281 2.78392 5.55564
      vertex 18.2806 2.5173 6.1264
      vertex 18.9604 2.28654 5.55564
    endloop
  endfacet
  facet normal 0.69426 0.138064 0.706358
    outer loop
      vertex 18.9942 1.07025 6.1264
      vertex 18.5028 0.938581 6.63512
      vertex 19.0997 0.539741 6.1264
    endloop
  endfacet
  facet normal 0.706399 0.0462635 0.7063
    outer loop
      vertex 19.0997 0.539741 6.1264
      vertex 18.5954 0.47334 6.63512
      vertex 18.6264 0 6.63512
    endloop
  endfacet
  facet normal 0.608266 0.0398366 0.792733
    outer loop
      vertex 18.5954 0.47334 6.63512
      vertex 18.0295 0.39884 7.07308
      vertex 18.6264 0 6.63512
    endloop
  endfacet
  facet normal 0.608253 -0.0398039 0.792745
    outer loop
      vertex 18.0556 0 7.07308
      vertex 18.0295 -0.39884 7.07308
      vertex 18.6264 0 6.63512
    endloop
  endfacet
  facet normal 0.499748 -0.0327377 0.865552
    outer loop
      vertex 17.4326 0 7.4328
      vertex 17.4118 -0.317516 7.4328
      vertex 18.0295 -0.39884 7.07308
    endloop
  endfacet
  facet normal 0.792257 0.0518963 0.607976
    outer loop
      vertex 19.534 0.596907 5.55564
      vertex 19.1351 0 6.1264
      vertex 19.5731 0 5.55564
    endloop
  endfacet
  facet normal 0.864923 -0.0571661 0.498638
    outer loop
      vertex 19.5696 -0.543605 5.5
      vertex 19.534 -0.596907 5.55564
      vertex 19.5658 -0.601099 5.5
    endloop
  endfacet
  facet normal 0.712078 -0.351194 0.607954
    outer loop
      vertex 19.225 -1.75004 5.55564
      vertex 18.5811 -2.06756 6.1264
      vertex 18.9604 -2.28654 5.55564
    endloop
  endfacet
  facet normal 0.458336 -0.401888 0.792726
    outer loop
      vertex 17.4242 -1.86015 7.07308
      vertex 17.1607 -2.16066 7.07308
      vertex 17.5643 -2.56425 6.63512
    endloop
  endfacet
  facet normal 0.532258 -0.466681 0.706336
    outer loop
      vertex 17.877 -2.20761 6.63512
      vertex 17.5643 -2.56425 6.63512
      vertex 17.924 -2.92397 6.1264
    endloop
  endfacet
  facet normal 0.820545 -0.278566 0.499106
    outer loop
      vertex 19.225 -1.75004 5.55564
      vertex 19.4298 -1.24647 5.5
      vertex 19.4173 -1.1836 5.55564
    endloop
  endfacet
  facet normal 0.820368 -0.278455 0.499459
    outer loop
      vertex 19.4298 -1.24647 5.5
      vertex 19.225 -1.75004 5.55564
      vertex 19.2547 -1.76234 5.5
    endloop
  endfacet
  facet normal 0.474231 0.16101 0.865553
    outer loop
      vertex 17.823 1.16934 7.07308
      vertex 17.2474 0.93091 7.4328
      vertex 17.3497 0.6296 7.4328
    endloop
  endfacet
  facet normal 0.376026 -0.0748236 0.923583
    outer loop
      vertex 17.4118 -0.317516 7.4328
      vertex 16.7077 -0.45757 7.70812
      vertex 17.3497 -0.6296 7.4328
    endloop
  endfacet
  facet normal 0.499765 0.0327045 0.865544
    outer loop
      vertex 18.0295 0.39884 7.07308
      vertex 17.4326 0 7.4328
      vertex 18.0556 0 7.07308
    endloop
  endfacet
  facet normal 0.608253 0.0398039 0.792745
    outer loop
      vertex 18.6264 0 6.63512
      vertex 18.0295 0.39884 7.07308
      vertex 18.0556 0 7.07308
    endloop
  endfacet
  facet normal 0.363025 0.123339 0.92358
    outer loop
      vertex 17.3497 0.6296 7.4328
      vertex 16.6333 0.676552 7.70812
      vertex 16.7077 0.45757 7.70812
    endloop
  endfacet
  facet normal 0.343856 0.16953 0.923592
    outer loop
      vertex 17.1067 1.21629 7.4328
      vertex 16.6333 0.676552 7.70812
      vertex 17.2474 0.93091 7.4328
    endloop
  endfacet
  facet normal 0.194961 0.170998 0.96579
    outer loop
      vertex 16.2501 1.25011 7.70812
      vertex 15.7587 0.758723 7.89432
      vertex 16.4026 1.07624 7.70812
    endloop
  endfacet
  facet normal 0.34392 0.169468 0.92358
    outer loop
      vertex 17.1067 1.21629 7.4328
      vertex 16.5311 0.883958 7.70812
      vertex 16.6333 0.676552 7.70812
    endloop
  endfacet
  facet normal 0.506822 0.338715 0.792719
    outer loop
      vertex 17.877 2.20761 6.63512
      vertex 17.4242 1.86015 7.07308
      vertex 17.6463 1.52782 7.07308
    endloop
  endfacet
  facet normal 0.0519251 0.792283 0.607941
    outer loop
      vertex 15 4.57308 5.55564
      vertex 15 4.13512 6.1264
      vertex 15.5969 4.53396 5.55564
    endloop
  endfacet
  facet normal 0.05667 0.864681 0.499115
    outer loop
      vertex 15.5436 4.56957 5.5
      vertex 15 4.57308 5.55564
      vertex 15.5969 4.53396 5.55564
    endloop
  endfacet
  facet normal 0.0566736 0.864659 0.499152
    outer loop
      vertex 15 4.57308 5.55564
      vertex 15.5436 4.56957 5.5
      vertex 15 4.6052 5.5
    endloop
  endfacet
  facet normal 0.118905 0.597864 0.792729
    outer loop
      vertex 15.4733 3.59538 6.63512
      vertex 15.3988 3.02949 7.07308
      vertex 15.9386 3.50284 6.63512
    endloop
  endfacet
  facet normal -0.128306 0.0253002 0.991412
    outer loop
      vertex 14.6525 0.0931015 7.98822
      vertex 13.9362 0.140054 7.89432
      vertex 14.6434 0.0469522 7.98822
    endloop
  endfacet
  facet normal -0.144083 -0.215634 0.965786
    outer loop
      vertex 14.3468 -0.851265 7.89432
      vertex 13.9238 -1.40258 7.70812
      vertex 14.4635 -0.929242 7.89432
    endloop
  endfacet
  facet normal -0.546718 0.269485 0.792766
    outer loop
      vertex 12.3537 1.52782 7.07308
      vertex 11.6496 1.38776 6.63512
      vertex 12.177 1.16934 7.07308
    endloop
  endfacet
  facet normal -0.523471 0.596986 0.607937
    outer loop
      vertex 12.2161 3.62807 5.55564
      vertex 11.7663 3.23366 5.55564
      vertex 12.4827 3.28061 6.1264
    endloop
  endfacet
  facet normal -0.025079 0.382567 0.923587
    outer loop
      vertex 15 1.76792 7.70812
      vertex 14.6825 2.41178 7.4328
      vertex 14.7692 1.75279 7.70812
    endloop
  endfacet
  facet normal 0.0327546 0.499741 0.865556
    outer loop
      vertex 15.3988 3.02949 7.07308
      vertex 15 2.43259 7.4328
      vertex 15.3175 2.41178 7.4328
    endloop
  endfacet
  facet normal -0.278475 0.820547 0.499154
    outer loop
      vertex 13.8081 4.44829 5.5
      vertex 13.7535 4.42976 5.5
      vertex 13.8164 4.41726 5.55564
    endloop
  endfacet
  facet normal 0.338633 0.506897 0.792707
    outer loop
      vertex 17.2076 2.87702 6.63512
      vertex 16.5278 2.64626 7.07308
      vertex 16.8602 2.4242 7.07308
    endloop
  endfacet
  facet normal 0.278475 0.820547 0.499154
    outer loop
      vertex 16.1919 4.44829 5.5
      vertex 16.1836 4.41726 5.55564
      vertex 16.2465 4.42976 5.5
    endloop
  endfacet
  facet normal 0.161011 0.47421 0.865563
    outer loop
      vertex 15.7909 2.95152 7.07308
      vertex 15.6296 2.3497 7.4328
      vertex 16.1693 2.82304 7.07308
    endloop
  endfacet
  facet normal 0.401929 0.458297 0.792727
    outer loop
      vertex 17.5643 2.56425 6.63512
      vertex 16.8602 2.4242 7.07308
      vertex 17.1607 2.16066 7.07308
    endloop
  endfacet
  facet normal 0.466706 0.532215 0.706352
    outer loop
      vertex 17.5173 3.28061 6.1264
      vertex 17.2076 2.87702 6.63512
      vertex 17.924 2.92397 6.1264
    endloop
  endfacet
  facet normal 0.651463 0.571459 0.49903
    outer loop
      vertex 18.2564 3.25637 5.5
      vertex 18.2337 3.23366 5.55564
      vertex 18.2944 3.21305 5.5
    endloop
  endfacet
  facet normal 0.776885 0.383406 0.49945
    outer loop
      vertex 19.2292 1.81401 5.5
      vertex 19.225 1.75004 5.55564
      vertex 19.2547 1.76234 5.5
    endloop
  endfacet
  facet normal 0.792221 0.0519594 0.608018
    outer loop
      vertex 19.534 0.596907 5.55564
      vertex 19.0997 0.539741 6.1264
      vertex 19.1351 0 6.1264
    endloop
  endfacet
  facet normal 0.571518 0.651401 0.499043
    outer loop
      vertex 18.2564 3.25637 5.5
      vertex 18.2131 3.29436 5.5
      vertex 18.2337 3.23366 5.55564
    endloop
  endfacet
  facet normal 0.481293 0.720366 0.49943
    outer loop
      vertex 17.3505 3.95621 5.5
      vertex 17.7839 3.62807 5.55564
      vertex 17.8035 3.65355 5.5
    endloop
  endfacet
  facet normal 0.481352 0.72042 0.499295
    outer loop
      vertex 17.7839 3.62807 5.55564
      vertex 17.3505 3.95621 5.5
      vertex 17.2865 3.96041 5.55564
    endloop
  endfacet
  facet normal 0.154894 0.778719 0.607951
    outer loop
      vertex 16.1836 4.41726 5.55564
      vertex 15.5969 4.53396 5.55564
      vertex 16.0702 3.99422 6.1264
    endloop
  endfacet
  facet normal 0.0250748 0.382569 0.923587
    outer loop
      vertex 15 2.43259 7.4328
      vertex 15 1.76792 7.70812
      vertex 15.3175 2.41178 7.4328
    endloop
  endfacet
  facet normal 0.588569 0.39326 0.706352
    outer loop
      vertex 18.2806 2.5173 6.1264
      vertex 17.877 2.20761 6.63512
      vertex 18.5811 2.06756 6.1264
    endloop
  endfacet
  facet normal 0.777208 0.383363 0.498979
    outer loop
      vertex 18.9604 2.28654 5.55564
      vertex 19.2292 1.81401 5.5
      vertex 18.9882 2.3026 5.5
    endloop
  endfacet
  facet normal 0.77707 0.383248 0.499283
    outer loop
      vertex 19.2292 1.81401 5.5
      vertex 18.9604 2.28654 5.55564
      vertex 19.225 1.75004 5.55564
    endloop
  endfacet
  facet normal -0.523481 -0.59696 0.607952
    outer loop
      vertex 12.076 -2.92397 6.1264
      vertex 11.7663 -3.23366 5.55564
      vertex 12.4827 -3.28061 6.1264
    endloop
  endfacet
  facet normal -0.66017 -0.441101 0.607952
    outer loop
      vertex 11.4189 -2.06756 6.1264
      vertex 11.0396 -2.28654 5.55564
      vertex 11.7194 -2.5173 6.1264
    endloop
  endfacet
  facet normal -0.499765 -0.0327045 0.865544
    outer loop
      vertex 12.5674 0 7.4328
      vertex 11.9444 0 7.07308
      vertex 11.9705 -0.39884 7.07308
    endloop
  endfacet
  facet normal -0.634864 -0.313166 0.706311
    outer loop
      vertex 11.8594 -1.8132 6.63512
      vertex 11.1796 -1.58244 6.1264
      vertex 11.4189 -2.06756 6.1264
    endloop
  endfacet
  facet normal -0.778686 0.15489 0.607994
    outer loop
      vertex 10.5827 1.1836 5.55564
      vertex 10.466 0.596907 5.55564
      vertex 11.0058 1.07025 6.1264
    endloop
  endfacet
  facet normal -0.474232 0.161008 0.865552
    outer loop
      vertex 12.177 1.16934 7.07308
      vertex 12.0485 0.790856 7.07308
      vertex 12.6503 0.6296 7.4328
    endloop
  endfacet
  facet normal -0.363025 0.123339 0.92358
    outer loop
      vertex 13.3667 0.676552 7.70812
      vertex 12.6503 0.6296 7.4328
      vertex 13.2923 0.45757 7.70812
    endloop
  endfacet
  facet normal -0.123775 0.0422255 0.991412
    outer loop
      vertex 14.6677 0.137657 7.98822
      vertex 14.0087 0.410618 7.89432
      vertex 14.6525 0.0931015 7.98822
    endloop
  endfacet
  facet normal -0.0327546 0.499741 0.865556
    outer loop
      vertex 15 2.43259 7.4328
      vertex 14.6012 3.02949 7.07308
      vertex 14.6825 2.41178 7.4328
    endloop
  endfacet
  facet normal -0.221491 0.449171 0.865556
    outer loop
      vertex 13.8307 2.82304 7.07308
      vertex 13.4722 2.64626 7.07308
      vertex 13.7837 2.10668 7.4328
    endloop
  endfacet
  facet normal -0.577214 0.19584 0.792762
    outer loop
      vertex 11.6496 1.38776 6.63512
      vertex 11.4972 0.938581 6.63512
      vertex 12.177 1.16934 7.07308
    endloop
  endfacet
  facet normal -0.608253 0.0398039 0.792745
    outer loop
      vertex 11.9705 0.39884 7.07308
      vertex 11.3736 0 6.63512
      vertex 11.9444 0 7.07308
    endloop
  endfacet
  facet normal -0.864923 0.0571661 0.498638
    outer loop
      vertex 10.4342 0.601099 5.5
      vertex 10.4304 0.543605 5.5
      vertex 10.466 0.596907 5.55564
    endloop
  endfacet
  facet normal -0.850152 -0.169139 0.498632
    outer loop
      vertex 10.5405 -1.1354 5.5
      vertex 10.466 -0.596907 5.55564
      vertex 10.4342 -0.601099 5.5
    endloop
  endfacet
  facet normal -0.850296 -0.169134 0.498387
    outer loop
      vertex 10.466 -0.596907 5.55564
      vertex 10.5405 -1.1354 5.5
      vertex 10.5827 -1.1836 5.55564
    endloop
  endfacet
  facet normal -0.85016 -0.168497 0.498835
    outer loop
      vertex 10.5827 -1.1836 5.55564
      vertex 10.5405 -1.1354 5.5
      vertex 10.5517 -1.19191 5.5
    endloop
  endfacet
  facet normal -0.278209 -0.416417 0.865561
    outer loop
      vertex 13.5191 -1.9299 7.4328
      vertex 13.1398 -2.4242 7.07308
      vertex 13.7837 -2.10668 7.4328
    endloop
  endfacet
  facet normal -0.376019 -0.074769 0.923591
    outer loop
      vertex 13.2472 -0.230759 7.70812
      vertex 12.5882 -0.317516 7.4328
      vertex 13.2923 -0.45757 7.70812
    endloop
  endfacet
  facet normal -0.466706 -0.532215 0.706352
    outer loop
      vertex 12.7924 -2.87702 6.63512
      vertex 12.076 -2.92397 6.1264
      vertex 12.4827 -3.28061 6.1264
    endloop
  endfacet
  facet normal -0.160985 -0.474234 0.865555
    outer loop
      vertex 14.0691 -2.24742 7.4328
      vertex 13.8307 -2.82304 7.07308
      vertex 14.3704 -2.3497 7.4328
    endloop
  endfacet
  facet normal -0.215703 -0.143987 0.965785
    outer loop
      vertex 14.0708 -0.536498 7.89432
      vertex 13.5974 -1.07624 7.70812
      vertex 14.1487 -0.653198 7.89432
    endloop
  endfacet
  facet normal 0.169575 -0.343858 0.923583
    outer loop
      vertex 15.884 -1.53106 7.70812
      vertex 15.6766 -1.63334 7.70812
      vertex 16.2163 -2.10668 7.4328
    endloop
  endfacet
  facet normal 0.0250748 -0.382569 0.923587
    outer loop
      vertex 15 -1.76792 7.70812
      vertex 15 -2.43259 7.4328
      vertex 15.3175 -2.41178 7.4328
    endloop
  endfacet
  facet normal 0.123241 -0.363049 0.923584
    outer loop
      vertex 15.6766 -1.63334 7.70812
      vertex 15.6296 -2.3497 7.4328
      vertex 15.9309 -2.24742 7.4328
    endloop
  endfacet
  facet normal 0.227539 -0.67032 0.706327
    outer loop
      vertex 16.3878 -3.35036 6.63512
      vertex 15.9386 -3.50284 6.63512
      vertex 16.5824 -3.82035 6.1264
    endloop
  endfacet
  facet normal 0.393294 -0.588547 0.706351
    outer loop
      vertex 17.2076 -2.87702 6.63512
      vertex 17.0676 -3.58112 6.1264
      vertex 17.5173 -3.28061 6.1264
    endloop
  endfacet
  facet normal 0.227543 -0.670315 0.70633
    outer loop
      vertex 16.5824 -3.82035 6.1264
      vertex 15.9386 -3.50284 6.63512
      vertex 16.0702 -3.99422 6.1264
    endloop
  endfacet
  facet normal 0.255218 -0.751841 0.607947
    outer loop
      vertex 16.5824 -3.82035 6.1264
      vertex 16.0702 -3.99422 6.1264
      vertex 16.75 -4.22498 5.55564
    endloop
  endfacet
  facet normal 0.169067 -0.849848 0.499174
    outer loop
      vertex 16.1836 -4.41726 5.55564
      vertex 16.1354 -4.45953 5.5
      vertex 16.1919 -4.44829 5.5
    endloop
  endfacet
  facet normal 0.0519376 -0.792276 0.607949
    outer loop
      vertex 15.5397 -4.09974 6.1264
      vertex 15 -4.13512 6.1264
      vertex 15.5969 -4.53396 5.55564
    endloop
  endfacet
  facet normal -0.278475 -0.820547 0.499154
    outer loop
      vertex 13.8164 -4.41726 5.55564
      vertex 13.7535 -4.42976 5.5
      vertex 13.8081 -4.44829 5.5
    endloop
  endfacet
  facet normal 0.154894 -0.778719 0.607951
    outer loop
      vertex 16.0702 -3.99422 6.1264
      vertex 15.5969 -4.53396 5.55564
      vertex 16.1836 -4.41726 5.55564
    endloop
  endfacet
  facet normal -0.0463046 -0.706348 0.706348
    outer loop
      vertex 15 -3.6264 6.63512
      vertex 14.4603 -4.09974 6.1264
      vertex 15 -4.13512 6.1264
    endloop
  endfacet
  facet normal -0.0747907 -0.376026 0.923586
    outer loop
      vertex 14.7692 -1.75279 7.70812
      vertex 14.5424 -1.70768 7.70812
      vertex 14.6825 -2.41178 7.4328
    endloop
  endfacet
  facet normal -0.2215 -0.44917 0.865554
    outer loop
      vertex 14.0691 -2.24742 7.4328
      vertex 13.7837 -2.10668 7.4328
      vertex 13.8307 -2.82304 7.07308
    endloop
  endfacet
  facet normal 0.376019 -0.074769 0.923591
    outer loop
      vertex 16.7528 -0.230759 7.70812
      vertex 16.7077 -0.45757 7.70812
      vertex 17.4118 -0.317516 7.4328
    endloop
  endfacet
  facet normal 0.245533 -0.0834209 0.965792
    outer loop
      vertex 16.7077 -0.45757 7.70812
      vertex 16.0364 -0.277712 7.89432
      vertex 16.6333 -0.676552 7.70812
    endloop
  endfacet
  facet normal 0.194961 -0.170998 0.96579
    outer loop
      vertex 16.4026 -1.07624 7.70812
      vertex 15.7587 -0.758723 7.89432
      vertex 16.2501 -1.25011 7.70812
    endloop
  endfacet
  facet normal -0.0327684 -0.499733 0.865559
    outer loop
      vertex 15 -2.43259 7.4328
      vertex 14.6012 -3.02949 7.07308
      vertex 15 -3.05564 7.07308
    endloop
  endfacet
  facet normal 0.232627 -0.114628 0.965787
    outer loop
      vertex 16.6333 -0.676552 7.70812
      vertex 15.9913 -0.410618 7.89432
      vertex 16.5311 -0.883958 7.70812
    endloop
  endfacet
  facet normal -0.108786 0.072617 0.991409
    outer loop
      vertex 14.1487 0.653198 7.89432
      vertex 14.0708 0.536498 7.89432
      vertex 14.7146 0.218982 7.98822
    endloop
  endfacet
  facet normal -0.651463 0.571459 0.49903
    outer loop
      vertex 11.7436 3.25637 5.5
      vertex 11.7056 3.21305 5.5
      vertex 11.7663 3.23366 5.55564
    endloop
  endfacet
  facet normal 0.720543 -0.481395 0.499076
    outer loop
      vertex 18.6281 -2.78392 5.55564
      vertex 18.9562 -2.35051 5.5
      vertex 18.9604 -2.28654 5.55564
    endloop
  endfacet
  facet normal 0.720453 -0.481299 0.499298
    outer loop
      vertex 18.9562 -2.35051 5.5
      vertex 18.6281 -2.78392 5.55564
      vertex 18.6536 -2.80347 5.5
    endloop
  endfacet
  facet normal 0.66017 -0.441101 0.607952
    outer loop
      vertex 18.5811 -2.06756 6.1264
      vertex 18.2806 -2.5173 6.1264
      vertex 18.9604 -2.28654 5.55564
    endloop
  endfacet
  facet normal 0.571518 -0.651401 0.499043
    outer loop
      vertex 18.2337 -3.23366 5.55564
      vertex 18.2131 -3.29436 5.5
      vertex 18.2564 -3.25637 5.5
    endloop
  endfacet
  facet normal 0.383062 -0.777248 0.499148
    outer loop
      vertex 16.814 -4.22917 5.5
      vertex 16.75 -4.22498 5.55564
      vertex 16.7623 -4.25465 5.5
    endloop
  endfacet
  facet normal 0.0463046 -0.706348 0.706348
    outer loop
      vertex 15 -3.6264 6.63512
      vertex 15 -4.13512 6.1264
      vertex 15.5397 -4.09974 6.1264
    endloop
  endfacet
  facet normal 0.458336 0.401888 0.792726
    outer loop
      vertex 17.5643 2.56425 6.63512
      vertex 17.1607 2.16066 7.07308
      vertex 17.4242 1.86015 7.07308
    endloop
  endfacet
  facet normal 0.449192 0.221413 0.865565
    outer loop
      vertex 17.6463 1.52782 7.07308
      vertex 17.1067 1.21629 7.4328
      vertex 17.823 1.16934 7.07308
    endloop
  endfacet
  facet normal 0.670333 0.227434 0.706348
    outer loop
      vertex 18.8204 1.58244 6.1264
      vertex 18.3504 1.38776 6.63512
      vertex 18.5028 0.938581 6.63512
    endloop
  endfacet
  facet normal 0.670312 0.227455 0.706361
    outer loop
      vertex 18.8204 1.58244 6.1264
      vertex 18.5028 0.938581 6.63512
      vertex 18.9942 1.07025 6.1264
    endloop
  endfacet
  facet normal 0.546716 -0.269606 0.792726
    outer loop
      vertex 18.3504 -1.38776 6.63512
      vertex 17.6463 -1.52782 7.07308
      vertex 18.1406 -1.8132 6.63512
    endloop
  endfacet
  facet normal 0.864795 -0.0566343 0.49892
    outer loop
      vertex 19.5731 0 5.55564
      vertex 19.5696 -0.543605 5.5
      vertex 19.6052 0 5.5
    endloop
  endfacet
  facet normal 0.864738 -0.0566441 0.499019
    outer loop
      vertex 19.5696 -0.543605 5.5
      vertex 19.5731 0 5.55564
      vertex 19.534 -0.596907 5.55564
    endloop
  endfacet
  facet normal 0.712077 -0.351253 0.60792
    outer loop
      vertex 18.8204 -1.58244 6.1264
      vertex 18.5811 -2.06756 6.1264
      vertex 19.225 -1.75004 5.55564
    endloop
  endfacet
  facet normal 0.57723 -0.195977 0.792716
    outer loop
      vertex 17.9515 -0.790856 7.07308
      vertex 17.823 -1.16934 7.07308
      vertex 18.5028 -0.938581 6.63512
    endloop
  endfacet
  facet normal 0.792257 -0.0518963 0.607976
    outer loop
      vertex 19.5731 0 5.55564
      vertex 19.1351 0 6.1264
      vertex 19.534 -0.596907 5.55564
    endloop
  endfacet
  facet normal 0.77707 -0.383248 0.499283
    outer loop
      vertex 18.9604 -2.28654 5.55564
      vertex 19.2292 -1.81401 5.5
      vertex 19.225 -1.75004 5.55564
    endloop
  endfacet
  facet normal 0.777208 -0.383363 0.498979
    outer loop
      vertex 19.2292 -1.81401 5.5
      vertex 18.9604 -2.28654 5.55564
      vertex 18.9882 -2.3026 5.5
    endloop
  endfacet
  facet normal 0.458352 -0.401881 0.79272
    outer loop
      vertex 17.877 -2.20761 6.63512
      vertex 17.4242 -1.86015 7.07308
      vertex 17.5643 -2.56425 6.63512
    endloop
  endfacet
  facet normal 0.278199 -0.416434 0.865557
    outer loop
      vertex 16.8602 -2.4242 7.07308
      vertex 16.2163 -2.10668 7.4328
      vertex 16.5278 -2.64626 7.07308
    endloop
  endfacet
  facet normal -0.042048 -0.123852 0.991409
    outer loop
      vertex 14.9069 -0.34746 7.98822
      vertex 14.5894 -0.99132 7.89432
      vertex 14.7223 -1.03644 7.89432
    endloop
  endfacet
  facet normal 0.382566 -0.0250337 0.923589
    outer loop
      vertex 16.7679 0 7.70812
      vertex 16.7528 -0.230759 7.70812
      vertex 17.4118 -0.317516 7.4328
    endloop
  endfacet
  facet normal 0.31877 0.21303 0.923582
    outer loop
      vertex 17.1067 1.21629 7.4328
      vertex 16.4026 1.07624 7.70812
      vertex 16.5311 0.883958 7.70812
    endloop
  endfacet
  facet normal -0.0420079 -0.123871 0.991409
    outer loop
      vertex 14.8623 -0.332335 7.98822
      vertex 14.5894 -0.99132 7.89432
      vertex 14.9069 -0.34746 7.98822
    endloop
  endfacet
  facet normal -0.12829 0.0255354 0.991408
    outer loop
      vertex 13.9636 0.277712 7.89432
      vertex 13.9362 0.140054 7.89432
      vertex 14.6525 0.0931015 7.98822
    endloop
  endfacet
  facet normal 0.376513 0.330195 0.865569
    outer loop
      vertex 17.1607 2.16066 7.07308
      vertex 16.7201 1.7201 7.4328
      vertex 16.9299 1.48087 7.4328
    endloop
  endfacet
  facet normal -0.108803 0.0725832 0.99141
    outer loop
      vertex 14.7146 0.218982 7.98822
      vertex 14.0708 0.536498 7.89432
      vertex 14.6885 0.179858 7.98822
    endloop
  endfacet
  facet normal 0.376552 0.330177 0.865559
    outer loop
      vertex 17.1607 2.16066 7.07308
      vertex 16.9299 1.48087 7.4328
      vertex 17.4242 1.86015 7.07308
    endloop
  endfacet
  facet normal 0.382554 0.0250605 0.923593
    outer loop
      vertex 17.4118 0.317516 7.4328
      vertex 16.7679 0 7.70812
      vertex 17.4326 0 7.4328
    endloop
  endfacet
  facet normal 0.499748 0.0327377 0.865552
    outer loop
      vertex 18.0295 0.39884 7.07308
      vertex 17.4118 0.317516 7.4328
      vertex 17.4326 0 7.4328
    endloop
  endfacet
  facet normal 0.546718 0.269485 0.792766
    outer loop
      vertex 18.3504 1.38776 6.63512
      vertex 17.6463 1.52782 7.07308
      vertex 17.823 1.16934 7.07308
    endloop
  endfacet
  facet normal -0.118889 0.597876 0.792723
    outer loop
      vertex 14.6012 3.02949 7.07308
      vertex 14.0614 3.50284 6.63512
      vertex 14.2091 2.95152 7.07308
    endloop
  endfacet
  facet normal -0.269584 0.546701 0.792744
    outer loop
      vertex 13.6122 3.35036 6.63512
      vertex 13.4722 2.64626 7.07308
      vertex 13.8307 2.82304 7.07308
    endloop
  endfacet
  facet normal -0.651418 0.571291 0.49928
    outer loop
      vertex 11.3719 2.78392 5.55564
      vertex 11.7056 3.21305 5.5
      vertex 11.3464 2.80347 5.5
    endloop
  endfacet
  facet normal -0.651503 0.571336 0.499119
    outer loop
      vertex 11.7056 3.21305 5.5
      vertex 11.3719 2.78392 5.55564
      vertex 11.7663 3.23366 5.55564
    endloop
  endfacet
  facet normal -0.660175 0.441063 0.607974
    outer loop
      vertex 11.3719 2.78392 5.55564
      vertex 11.0396 2.28654 5.55564
      vertex 11.7194 2.5173 6.1264
    endloop
  endfacet
  facet normal -0.138096 0.694276 0.706335
    outer loop
      vertex 14.4603 4.09974 6.1264
      vertex 13.9298 3.99422 6.1264
      vertex 14.0614 3.50284 6.63512
    endloop
  endfacet
  facet normal -0.0519251 0.792283 0.607941
    outer loop
      vertex 15 4.57308 5.55564
      vertex 14.4031 4.53396 5.55564
      vertex 15 4.13512 6.1264
    endloop
  endfacet
  facet normal -0.383208 0.777076 0.499304
    outer loop
      vertex 13.186 4.22917 5.5
      vertex 12.7135 3.96041 5.55564
      vertex 13.25 4.22498 5.55564
    endloop
  endfacet
  facet normal -0.383214 0.777083 0.499289
    outer loop
      vertex 12.7135 3.96041 5.55564
      vertex 13.186 4.22917 5.5
      vertex 12.6974 3.98822 5.5
    endloop
  endfacet
  facet normal 0.169041 0.849843 0.499192
    outer loop
      vertex 16.1354 4.45953 5.5
      vertex 15.5969 4.53396 5.55564
      vertex 16.1836 4.41726 5.55564
    endloop
  endfacet
  facet normal 0.169042 0.849823 0.499224
    outer loop
      vertex 15.5969 4.53396 5.55564
      vertex 16.1354 4.45953 5.5
      vertex 15.6011 4.56581 5.5
    endloop
  endfacet
  facet normal 0.31303 0.63488 0.706356
    outer loop
      vertex 17.0676 3.58112 6.1264
      vertex 16.5824 3.82035 6.1264
      vertex 16.8132 3.14056 6.63512
    endloop
  endfacet
  facet normal 0.269584 0.546701 0.792744
    outer loop
      vertex 16.3878 3.35036 6.63512
      vertex 16.1693 2.82304 7.07308
      vertex 16.5278 2.64626 7.07308
    endloop
  endfacet
  facet normal 0.195986 0.57722 0.792721
    outer loop
      vertex 15.9386 3.50284 6.63512
      vertex 15.7909 2.95152 7.07308
      vertex 16.1693 2.82304 7.07308
    endloop
  endfacet
  facet normal 0.255218 0.751841 0.607947
    outer loop
      vertex 16.75 4.22498 5.55564
      vertex 16.0702 3.99422 6.1264
      vertex 16.5824 3.82035 6.1264
    endloop
  endfacet
  facet normal 0.313112 0.63488 0.70632
    outer loop
      vertex 16.5824 3.82035 6.1264
      vertex 16.3878 3.35036 6.63512
      vertex 16.8132 3.14056 6.63512
    endloop
  endfacet
  facet normal 0.123241 0.363049 0.923584
    outer loop
      vertex 15.9309 2.24742 7.4328
      vertex 15.6296 2.3497 7.4328
      vertex 15.6766 1.63334 7.70812
    endloop
  endfacet
  facet normal 0.596936 0.523484 0.607973
    outer loop
      vertex 18.6281 2.78392 5.55564
      vertex 18.2337 3.23366 5.55564
      vertex 18.2806 2.5173 6.1264
    endloop
  endfacet
  facet normal 0.532258 0.466681 0.706336
    outer loop
      vertex 17.924 2.92397 6.1264
      vertex 17.5643 2.56425 6.63512
      vertex 17.877 2.20761 6.63512
    endloop
  endfacet
  facet normal 0.751801 0.255228 0.607991
    outer loop
      vertex 19.225 1.75004 5.55564
      vertex 18.9942 1.07025 6.1264
      vertex 19.4173 1.1836 5.55564
    endloop
  endfacet
  facet normal 0.850296 0.169134 0.498387
    outer loop
      vertex 19.534 0.596907 5.55564
      vertex 19.4595 1.1354 5.5
      vertex 19.4173 1.1836 5.55564
    endloop
  endfacet
  facet normal 0.850152 0.169139 0.498632
    outer loop
      vertex 19.4595 1.1354 5.5
      vertex 19.534 0.596907 5.55564
      vertex 19.5658 0.601099 5.5
    endloop
  endfacet
  facet normal 0.481392 0.720358 0.499345
    outer loop
      vertex 17.3026 3.98822 5.5
      vertex 17.2865 3.96041 5.55564
      vertex 17.3505 3.95621 5.5
    endloop
  endfacet
  facet normal 0.441104 0.660183 0.607936
    outer loop
      vertex 17.7839 3.62807 5.55564
      vertex 17.2865 3.96041 5.55564
      vertex 17.5173 3.28061 6.1264
    endloop
  endfacet
  facet normal -0.59697 -0.52347 0.607952
    outer loop
      vertex 12.076 -2.92397 6.1264
      vertex 11.7194 -2.5173 6.1264
      vertex 11.7663 -3.23366 5.55564
    endloop
  endfacet
  facet normal -0.712078 -0.351194 0.607954
    outer loop
      vertex 11.4189 -2.06756 6.1264
      vertex 10.775 -1.75004 5.55564
      vertex 11.0396 -2.28654 5.55564
    endloop
  endfacet
  facet normal -0.588569 -0.39326 0.706352
    outer loop
      vertex 12.123 -2.20761 6.63512
      vertex 11.4189 -2.06756 6.1264
      vertex 11.7194 -2.5173 6.1264
    endloop
  endfacet
  facet normal -0.41637 0.278265 0.865566
    outer loop
      vertex 12.5758 1.86015 7.07308
      vertex 12.3537 1.52782 7.07308
      vertex 12.8933 1.21629 7.4328
    endloop
  endfacet
  facet normal -0.49119 0.0977329 0.865552
    outer loop
      vertex 12.0485 0.790856 7.07308
      vertex 11.9705 0.39884 7.07308
      vertex 12.5882 0.317516 7.4328
    endloop
  endfacet
  facet normal -0.499748 -0.0327377 0.865552
    outer loop
      vertex 12.5674 0 7.4328
      vertex 11.9705 -0.39884 7.07308
      vertex 12.5882 -0.317516 7.4328
    endloop
  endfacet
  facet normal -0.506811 0.338722 0.792723
    outer loop
      vertex 12.123 2.20761 6.63512
      vertex 11.8594 1.8132 6.63512
      vertex 12.3537 1.52782 7.07308
    endloop
  endfacet
  facet normal -0.751891 0.255137 0.607919
    outer loop
      vertex 11.1796 1.58244 6.1264
      vertex 10.775 1.75004 5.55564
      vertex 11.0058 1.07025 6.1264
    endloop
  endfacet
  facet normal -0.850152 0.169139 0.498632
    outer loop
      vertex 10.466 0.596907 5.55564
      vertex 10.5405 1.1354 5.5
      vertex 10.4342 0.601099 5.5
    endloop
  endfacet
  facet normal -0.850296 0.169134 0.498387
    outer loop
      vertex 10.5405 1.1354 5.5
      vertex 10.466 0.596907 5.55564
      vertex 10.5827 1.1836 5.55564
    endloop
  endfacet
  facet normal -0.506822 0.338715 0.792719
    outer loop
      vertex 12.5758 1.86015 7.07308
      vertex 12.123 2.20761 6.63512
      vertex 12.3537 1.52782 7.07308
    endloop
  endfacet
  facet normal -0.532258 0.466681 0.706336
    outer loop
      vertex 12.4357 2.56425 6.63512
      vertex 12.076 2.92397 6.1264
      vertex 12.123 2.20761 6.63512
    endloop
  endfacet
  facet normal -0.712077 0.351253 0.60792
    outer loop
      vertex 11.4189 2.06756 6.1264
      vertex 10.775 1.75004 5.55564
      vertex 11.1796 1.58244 6.1264
    endloop
  endfacet
  facet normal -0.777208 0.383363 0.498979
    outer loop
      vertex 10.7708 1.81401 5.5
      vertex 11.0396 2.28654 5.55564
      vertex 11.0118 2.3026 5.5
    endloop
  endfacet
  facet normal -0.77707 0.383248 0.499283
    outer loop
      vertex 11.0396 2.28654 5.55564
      vertex 10.7708 1.81401 5.5
      vertex 10.775 1.75004 5.55564
    endloop
  endfacet
  facet normal -0.232627 0.114628 0.965787
    outer loop
      vertex 13.4689 0.883958 7.70812
      vertex 13.3667 0.676552 7.70812
      vertex 14.0087 0.410618 7.89432
    endloop
  endfacet
  facet normal -0.245533 0.0834209 0.965792
    outer loop
      vertex 13.3667 0.676552 7.70812
      vertex 13.2923 0.45757 7.70812
      vertex 13.9636 0.277712 7.89432
    endloop
  endfacet
  facet normal -0.194931 0.171056 0.965786
    outer loop
      vertex 14.2413 0.758723 7.89432
      vertex 13.5974 1.07624 7.70812
      vertex 14.1487 0.653198 7.89432
    endloop
  endfacet
  facet normal -0.820368 0.278455 0.499459
    outer loop
      vertex 10.5702 1.24647 5.5
      vertex 10.775 1.75004 5.55564
      vertex 10.7453 1.76234 5.5
    endloop
  endfacet
  facet normal -0.820545 0.278566 0.499106
    outer loop
      vertex 10.775 1.75004 5.55564
      vertex 10.5702 1.24647 5.5
      vertex 10.5827 1.1836 5.55564
    endloop
  endfacet
  facet normal -0.776885 0.383406 0.49945
    outer loop
      vertex 10.7708 1.81401 5.5
      vertex 10.7453 1.76234 5.5
      vertex 10.775 1.75004 5.55564
    endloop
  endfacet
  facet normal -0.864795 -0.0566343 0.49892
    outer loop
      vertex 10.4304 -0.543605 5.5
      vertex 10.4269 0 5.55564
      vertex 10.3948 0 5.5
    endloop
  endfacet
  facet normal -0.864738 -0.0566441 0.499019
    outer loop
      vertex 10.4269 0 5.55564
      vertex 10.4304 -0.543605 5.5
      vertex 10.466 -0.596907 5.55564
    endloop
  endfacet
  facet normal -0.69426 0.138064 0.706358
    outer loop
      vertex 11.0058 1.07025 6.1264
      vertex 10.9003 0.539741 6.1264
      vertex 11.4972 0.938581 6.63512
    endloop
  endfacet
  facet normal -0.77707 -0.383248 0.499283
    outer loop
      vertex 10.7708 -1.81401 5.5
      vertex 11.0396 -2.28654 5.55564
      vertex 10.775 -1.75004 5.55564
    endloop
  endfacet
  facet normal -0.777208 -0.383363 0.498979
    outer loop
      vertex 11.0396 -2.28654 5.55564
      vertex 10.7708 -1.81401 5.5
      vertex 11.0118 -2.3026 5.5
    endloop
  endfacet
  facet normal -0.751891 -0.255137 0.607919
    outer loop
      vertex 11.0058 -1.07025 6.1264
      vertex 10.775 -1.75004 5.55564
      vertex 11.1796 -1.58244 6.1264
    endloop
  endfacet
  facet normal -0.49119 -0.0977329 0.865552
    outer loop
      vertex 12.5882 -0.317516 7.4328
      vertex 11.9705 -0.39884 7.07308
      vertex 12.0485 -0.790856 7.07308
    endloop
  endfacet
  facet normal -0.597869 -0.118959 0.792718
    outer loop
      vertex 11.9705 -0.39884 7.07308
      vertex 11.4972 -0.938581 6.63512
      vertex 12.0485 -0.790856 7.07308
    endloop
  endfacet
  facet normal -0.577214 -0.19584 0.792762
    outer loop
      vertex 12.177 -1.16934 7.07308
      vertex 11.4972 -0.938581 6.63512
      vertex 11.6496 -1.38776 6.63512
    endloop
  endfacet
  facet normal -0.634864 -0.313074 0.706352
    outer loop
      vertex 11.6496 -1.38776 6.63512
      vertex 11.1796 -1.58244 6.1264
      vertex 11.8594 -1.8132 6.63512
    endloop
  endfacet
  facet normal -0.532223 -0.466695 0.706353
    outer loop
      vertex 12.123 -2.20761 6.63512
      vertex 11.7194 -2.5173 6.1264
      vertex 12.076 -2.92397 6.1264
    endloop
  endfacet
  facet normal -0.458352 -0.401881 0.79272
    outer loop
      vertex 12.5758 -1.86015 7.07308
      vertex 12.123 -2.20761 6.63512
      vertex 12.4357 -2.56425 6.63512
    endloop
  endfacet
  facet normal -0.269623 -0.5467 0.792731
    outer loop
      vertex 13.4722 -2.64626 7.07308
      vertex 13.1868 -3.14056 6.63512
      vertex 13.6122 -3.35036 6.63512
    endloop
  endfacet
  facet normal -0.466694 -0.532243 0.706338
    outer loop
      vertex 12.4357 -2.56425 6.63512
      vertex 12.076 -2.92397 6.1264
      vertex 12.7924 -2.87702 6.63512
    endloop
  endfacet
  facet normal -0.474232 -0.161008 0.865552
    outer loop
      vertex 12.6503 -0.6296 7.4328
      vertex 12.0485 -0.790856 7.07308
      vertex 12.177 -1.16934 7.07308
    endloop
  endfacet
  facet normal 0.042048 0.123852 0.991409
    outer loop
      vertex 15.2777 1.03644 7.89432
      vertex 15.0931 0.34746 7.98822
      vertex 15.4106 0.99132 7.89432
    endloop
  endfacet
  facet normal -0.0505901 -0.254352 0.965788
    outer loop
      vertex 14.8599 -1.06382 7.89432
      vertex 14.5424 -1.70768 7.70812
      vertex 14.7692 -1.75279 7.70812
    endloop
  endfacet
  facet normal -0.118905 -0.597864 0.792729
    outer loop
      vertex 14.6012 -3.02949 7.07308
      vertex 14.0614 -3.50284 6.63512
      vertex 14.5267 -3.59538 6.63512
    endloop
  endfacet
  facet normal 0.383208 -0.777076 0.499304
    outer loop
      vertex 16.814 -4.22917 5.5
      vertex 17.2865 -3.96041 5.55564
      vertex 16.75 -4.22498 5.55564
    endloop
  endfacet
  facet normal 0.383214 -0.777083 0.499289
    outer loop
      vertex 17.2865 -3.96041 5.55564
      vertex 16.814 -4.22917 5.5
      vertex 17.3026 -3.98822 5.5
    endloop
  endfacet
  facet normal 0.481392 -0.720358 0.499345
    outer loop
      vertex 17.3505 -3.95621 5.5
      vertex 17.2865 -3.96041 5.55564
      vertex 17.3026 -3.98822 5.5
    endloop
  endfacet
  facet normal 0.441104 -0.660183 0.607936
    outer loop
      vertex 17.5173 -3.28061 6.1264
      vertex 17.2865 -3.96041 5.55564
      vertex 17.7839 -3.62807 5.55564
    endloop
  endfacet
  facet normal 0.523471 -0.596986 0.607937
    outer loop
      vertex 18.2337 -3.23366 5.55564
      vertex 17.5173 -3.28061 6.1264
      vertex 17.7839 -3.62807 5.55564
    endloop
  endfacet
  facet normal 0.255229 -0.75183 0.607956
    outer loop
      vertex 16.75 -4.22498 5.55564
      vertex 16.0702 -3.99422 6.1264
      vertex 16.1836 -4.41726 5.55564
    endloop
  endfacet
  facet normal 0.351115 -0.712122 0.607948
    outer loop
      vertex 17.0676 -3.58112 6.1264
      vertex 16.5824 -3.82035 6.1264
      vertex 16.75 -4.22498 5.55564
    endloop
  endfacet
  facet normal 0.466694 -0.532243 0.706338
    outer loop
      vertex 17.5643 -2.56425 6.63512
      vertex 17.2076 -2.87702 6.63512
      vertex 17.924 -2.92397 6.1264
    endloop
  endfacet
  facet normal -0.255218 -0.751841 0.607947
    outer loop
      vertex 13.4176 -3.82035 6.1264
      vertex 13.25 -4.22498 5.55564
      vertex 13.9298 -3.99422 6.1264
    endloop
  endfacet
  facet normal -0.0565396 -0.864634 0.49921
    outer loop
      vertex 14.4031 -4.53396 5.55564
      vertex 14.3989 -4.56581 5.5
      vertex 14.4564 -4.56957 5.5
    endloop
  endfacet
  facet normal -0.169041 -0.849843 0.499192
    outer loop
      vertex 13.8646 -4.45953 5.5
      vertex 14.4031 -4.53396 5.55564
      vertex 13.8164 -4.41726 5.55564
    endloop
  endfacet
  facet normal -0.169042 -0.849823 0.499224
    outer loop
      vertex 14.4031 -4.53396 5.55564
      vertex 13.8646 -4.45953 5.5
      vertex 14.3989 -4.56581 5.5
    endloop
  endfacet
  facet normal -0.227543 -0.670315 0.70633
    outer loop
      vertex 14.0614 -3.50284 6.63512
      vertex 13.4176 -3.82035 6.1264
      vertex 13.9298 -3.99422 6.1264
    endloop
  endfacet
  facet normal 0.118905 -0.597864 0.792729
    outer loop
      vertex 15.9386 -3.50284 6.63512
      vertex 15.3988 -3.02949 7.07308
      vertex 15.4733 -3.59538 6.63512
    endloop
  endfacet
  facet normal 0.466706 -0.532215 0.706352
    outer loop
      vertex 17.924 -2.92397 6.1264
      vertex 17.2076 -2.87702 6.63512
      vertex 17.5173 -3.28061 6.1264
    endloop
  endfacet
  facet normal -0.0398659 -0.608269 0.792729
    outer loop
      vertex 14.6012 -3.02949 7.07308
      vertex 14.5267 -3.59538 6.63512
      vertex 15 -3.6264 6.63512
    endloop
  endfacet
  facet normal -0.0398858 -0.608277 0.792722
    outer loop
      vertex 15 -3.05564 7.07308
      vertex 14.6012 -3.02949 7.07308
      vertex 15 -3.6264 6.63512
    endloop
  endfacet
  facet normal -0.123241 -0.363049 0.923584
    outer loop
      vertex 14.3234 -1.63334 7.70812
      vertex 14.0691 -2.24742 7.4328
      vertex 14.3704 -2.3497 7.4328
    endloop
  endfacet
  facet normal -0.0976754 -0.491196 0.865555
    outer loop
      vertex 14.6825 -2.41178 7.4328
      vertex 14.2091 -2.95152 7.07308
      vertex 14.6012 -3.02949 7.07308
    endloop
  endfacet
  facet normal -0.571518 -0.651401 0.499043
    outer loop
      vertex 11.7663 -3.23366 5.55564
      vertex 11.7436 -3.25637 5.5
      vertex 11.7869 -3.29436 5.5
    endloop
  endfacet
  facet normal 0.144083 -0.215634 0.965786
    outer loop
      vertex 15.6532 -0.851265 7.89432
      vertex 15.5365 -0.929242 7.89432
      vertex 16.0762 -1.40258 7.70812
    endloop
  endfacet
  facet normal 0.254322 -0.0506212 0.965794
    outer loop
      vertex 16.0638 -0.140054 7.89432
      vertex 16.0364 -0.277712 7.89432
      vertex 16.7077 -0.45757 7.70812
    endloop
  endfacet
  facet normal 0.34392 -0.169468 0.92358
    outer loop
      vertex 16.6333 -0.676552 7.70812
      vertex 16.5311 -0.883958 7.70812
      vertex 17.1067 -1.21629 7.4328
    endloop
  endfacet
  facet normal 0.44919 -0.221463 0.865554
    outer loop
      vertex 17.2474 -0.93091 7.4328
      vertex 17.1067 -1.21629 7.4328
      vertex 17.823 -1.16934 7.07308
    endloop
  endfacet
  facet normal 0.416397 -0.278248 0.865559
    outer loop
      vertex 17.1067 -1.21629 7.4328
      vertex 16.9299 -1.48087 7.4328
      vertex 17.4242 -1.86015 7.07308
    endloop
  endfacet
  facet normal 0.449192 -0.221413 0.865565
    outer loop
      vertex 17.823 -1.16934 7.07308
      vertex 17.1067 -1.21629 7.4328
      vertex 17.6463 -1.52782 7.07308
    endloop
  endfacet
  facet normal 0.343856 -0.16953 0.923592
    outer loop
      vertex 17.2474 -0.93091 7.4328
      vertex 16.6333 -0.676552 7.70812
      vertex 17.1067 -1.21629 7.4328
    endloop
  endfacet
  facet normal 0.215703 -0.143987 0.965785
    outer loop
      vertex 15.9292 -0.536498 7.89432
      vertex 15.8513 -0.653198 7.89432
      vertex 16.4026 -1.07624 7.70812
    endloop
  endfacet
  facet normal 0.254344 -0.0505747 0.965791
    outer loop
      vertex 16.7528 -0.230759 7.70812
      vertex 16.0638 -0.140054 7.89432
      vertex 16.7077 -0.45757 7.70812
    endloop
  endfacet
  facet normal 0.258772 -0.0169331 0.96579
    outer loop
      vertex 16.7679 0 7.70812
      vertex 16.0638 -0.140054 7.89432
      vertex 16.7528 -0.230759 7.70812
    endloop
  endfacet
  facet normal -0.383062 0.777248 0.499148
    outer loop
      vertex 13.2377 4.25465 5.5
      vertex 13.186 4.22917 5.5
      vertex 13.25 4.22498 5.55564
    endloop
  endfacet
  facet normal 0.532223 -0.466695 0.706353
    outer loop
      vertex 18.2806 -2.5173 6.1264
      vertex 17.877 -2.20761 6.63512
      vertex 17.924 -2.92397 6.1264
    endloop
  endfacet
  facet normal 0.59697 -0.52347 0.607952
    outer loop
      vertex 18.2806 -2.5173 6.1264
      vertex 17.924 -2.92397 6.1264
      vertex 18.2337 -3.23366 5.55564
    endloop
  endfacet
  facet normal 0.597844 0.118993 0.792732
    outer loop
      vertex 18.5028 0.938581 6.63512
      vertex 18.0295 0.39884 7.07308
      vertex 18.5954 0.47334 6.63512
    endloop
  endfacet
  facet normal 0.694294 0.13819 0.706299
    outer loop
      vertex 19.0997 0.539741 6.1264
      vertex 18.5028 0.938581 6.63512
      vertex 18.5954 0.47334 6.63512
    endloop
  endfacet
  facet normal 0.694294 -0.13819 0.706299
    outer loop
      vertex 18.5954 -0.47334 6.63512
      vertex 18.5028 -0.938581 6.63512
      vertex 19.0997 -0.539741 6.1264
    endloop
  endfacet
  facet normal 0.597844 -0.118993 0.792732
    outer loop
      vertex 18.5954 -0.47334 6.63512
      vertex 18.0295 -0.39884 7.07308
      vertex 18.5028 -0.938581 6.63512
    endloop
  endfacet
  facet normal 0.670312 -0.227455 0.706361
    outer loop
      vertex 18.9942 -1.07025 6.1264
      vertex 18.5028 -0.938581 6.63512
      vertex 18.8204 -1.58244 6.1264
    endloop
  endfacet
  facet normal 0.670333 -0.227434 0.706348
    outer loop
      vertex 18.5028 -0.938581 6.63512
      vertex 18.3504 -1.38776 6.63512
      vertex 18.8204 -1.58244 6.1264
    endloop
  endfacet
  facet normal 0.864738 0.0566441 0.499019
    outer loop
      vertex 19.5731 0 5.55564
      vertex 19.5696 0.543605 5.5
      vertex 19.534 0.596907 5.55564
    endloop
  endfacet
  facet normal 0.864795 0.0566343 0.49892
    outer loop
      vertex 19.5696 0.543605 5.5
      vertex 19.5731 0 5.55564
      vertex 19.6052 0 5.5
    endloop
  endfacet
  facet normal 0.864923 0.0571661 0.498638
    outer loop
      vertex 19.5658 0.601099 5.5
      vertex 19.534 0.596907 5.55564
      vertex 19.5696 0.543605 5.5
    endloop
  endfacet
  facet normal 0.720642 -0.481331 0.498994
    outer loop
      vertex 18.9604 -2.28654 5.55564
      vertex 18.9562 -2.35051 5.5
      vertex 18.9882 -2.3026 5.5
    endloop
  endfacet
  facet normal 0.651418 -0.571291 0.49928
    outer loop
      vertex 18.6281 -2.78392 5.55564
      vertex 18.2944 -3.21305 5.5
      vertex 18.6536 -2.80347 5.5
    endloop
  endfacet
  facet normal 0.651503 -0.571336 0.499119
    outer loop
      vertex 18.2944 -3.21305 5.5
      vertex 18.6281 -2.78392 5.55564
      vertex 18.2337 -3.23366 5.55564
    endloop
  endfacet
  facet normal 0.634864 -0.313166 0.706311
    outer loop
      vertex 18.8204 -1.58244 6.1264
      vertex 18.1406 -1.8132 6.63512
      vertex 18.5811 -2.06756 6.1264
    endloop
  endfacet
  facet normal 0.634864 -0.313074 0.706352
    outer loop
      vertex 18.3504 -1.38776 6.63512
      vertex 18.1406 -1.8132 6.63512
      vertex 18.8204 -1.58244 6.1264
    endloop
  endfacet
  facet normal 0.144119 -0.215595 0.965789
    outer loop
      vertex 16.0762 -1.40258 7.70812
      vertex 15.5365 -0.929242 7.89432
      vertex 15.884 -1.53106 7.70812
    endloop
  endfacet
  facet normal 0.288236 -0.252809 0.923584
    outer loop
      vertex 16.4026 -1.07624 7.70812
      vertex 16.2501 -1.25011 7.70812
      vertex 16.9299 -1.48087 7.4328
    endloop
  endfacet
  facet normal 0.12829 0.0255354 0.991408
    outer loop
      vertex 16.0364 0.277712 7.89432
      vertex 15.3475 0.0931015 7.98822
      vertex 16.0638 0.140054 7.89432
    endloop
  endfacet
  facet normal 0.254344 0.0505747 0.965791
    outer loop
      vertex 16.7077 0.45757 7.70812
      vertex 16.0638 0.140054 7.89432
      vertex 16.7528 0.230759 7.70812
    endloop
  endfacet
  facet normal 0.232547 0.114722 0.965795
    outer loop
      vertex 16.5311 0.883958 7.70812
      vertex 15.9292 0.536498 7.89432
      vertex 15.9913 0.410618 7.89432
    endloop
  endfacet
  facet normal -0.0726668 -0.108753 0.991409
    outer loop
      vertex 14.781 -0.285382 7.98822
      vertex 14.3468 -0.851265 7.89432
      vertex 14.4635 -0.929242 7.89432
    endloop
  endfacet
  facet normal -0.288236 -0.252809 0.923584
    outer loop
      vertex 13.5974 -1.07624 7.70812
      vertex 13.0701 -1.48087 7.4328
      vertex 13.7499 -1.25011 7.70812
    endloop
  endfacet
  facet normal 0.0862129 0.0983734 0.991408
    outer loop
      vertex 15.7587 0.758723 7.89432
      vertex 15.219 0.285382 7.98822
      vertex 15.2544 0.254358 7.98822
    endloop
  endfacet
  facet normal 0.194931 0.171056 0.965786
    outer loop
      vertex 16.4026 1.07624 7.70812
      vertex 15.7587 0.758723 7.89432
      vertex 15.8513 0.653198 7.89432
    endloop
  endfacet
  facet normal 0.0833579 0.245566 0.965789
    outer loop
      vertex 15.4576 1.70768 7.70812
      vertex 15.2777 1.03644 7.89432
      vertex 15.6766 1.63334 7.70812
    endloop
  endfacet
  facet normal 0.123238 0.363049 0.923584
    outer loop
      vertex 15.6296 2.3497 7.4328
      vertex 15.4576 1.70768 7.70812
      vertex 15.6766 1.63334 7.70812
    endloop
  endfacet
  facet normal 0.00854458 0.130515 0.991409
    outer loop
      vertex 15.1401 1.06382 7.89432
      vertex 15 0.359716 7.98822
      vertex 15.047 0.356639 7.98822
    endloop
  endfacet
  facet normal 0.144083 0.215634 0.965786
    outer loop
      vertex 16.0762 1.40258 7.70812
      vertex 15.5365 0.929242 7.89432
      vertex 15.6532 0.851265 7.89432
    endloop
  endfacet
  facet normal -0.254322 -0.0506212 0.965794
    outer loop
      vertex 13.9362 -0.140054 7.89432
      vertex 13.2923 -0.45757 7.70812
      vertex 13.9636 -0.277712 7.89432
    endloop
  endfacet
  facet normal 0.108803 0.0725832 0.99141
    outer loop
      vertex 15.9292 0.536498 7.89432
      vertex 15.2854 0.218982 7.98822
      vertex 15.3115 0.179858 7.98822
    endloop
  endfacet
  facet normal 0.44919 0.221463 0.865554
    outer loop
      vertex 17.823 1.16934 7.07308
      vertex 17.1067 1.21629 7.4328
      vertex 17.2474 0.93091 7.4328
    endloop
  endfacet
  facet normal 0.363024 0.123253 0.923592
    outer loop
      vertex 17.2474 0.93091 7.4328
      vertex 16.6333 0.676552 7.70812
      vertex 17.3497 0.6296 7.4328
    endloop
  endfacet
  facet normal 0.466694 0.532243 0.706338
    outer loop
      vertex 17.924 2.92397 6.1264
      vertex 17.2076 2.87702 6.63512
      vertex 17.5643 2.56425 6.63512
    endloop
  endfacet
  facet normal 0.458352 0.401881 0.79272
    outer loop
      vertex 17.5643 2.56425 6.63512
      vertex 17.4242 1.86015 7.07308
      vertex 17.877 2.20761 6.63512
    endloop
  endfacet
  facet normal 0.330207 0.376517 0.865562
    outer loop
      vertex 16.8602 2.4242 7.07308
      vertex 16.4809 1.9299 7.4328
      vertex 17.1607 2.16066 7.07308
    endloop
  endfacet
  facet normal 0.288246 0.252786 0.923588
    outer loop
      vertex 16.7201 1.7201 7.4328
      vertex 16.2501 1.25011 7.70812
      vertex 16.9299 1.48087 7.4328
    endloop
  endfacet
  facet normal 0.318774 0.213014 0.923584
    outer loop
      vertex 16.9299 1.48087 7.4328
      vertex 16.4026 1.07624 7.70812
      vertex 17.1067 1.21629 7.4328
    endloop
  endfacet
  facet normal 0.416397 0.278248 0.865559
    outer loop
      vertex 17.4242 1.86015 7.07308
      vertex 16.9299 1.48087 7.4328
      vertex 17.1067 1.21629 7.4328
    endloop
  endfacet
  facet normal 0.245533 0.0834209 0.965792
    outer loop
      vertex 16.6333 0.676552 7.70812
      vertex 16.0364 0.277712 7.89432
      vertex 16.7077 0.45757 7.70812
    endloop
  endfacet
  facet normal 0.376026 0.0748236 0.923583
    outer loop
      vertex 17.3497 0.6296 7.4328
      vertex 16.7077 0.45757 7.70812
      vertex 17.4118 0.317516 7.4328
    endloop
  endfacet
  facet normal 0.376019 0.074769 0.923591
    outer loop
      vertex 17.4118 0.317516 7.4328
      vertex 16.7077 0.45757 7.70812
      vertex 16.7528 0.230759 7.70812
    endloop
  endfacet
  facet normal 0.382566 0.0250337 0.923589
    outer loop
      vertex 17.4118 0.317516 7.4328
      vertex 16.7528 0.230759 7.70812
      vertex 16.7679 0 7.70812
    endloop
  endfacet
  facet normal 0.0506098 0.254343 0.965789
    outer loop
      vertex 15.4576 1.70768 7.70812
      vertex 15.1401 1.06382 7.89432
      vertex 15.2777 1.03644 7.89432
    endloop
  endfacet
  facet normal 0.0747957 0.376027 0.923585
    outer loop
      vertex 15.6296 2.3497 7.4328
      vertex 15.3175 2.41178 7.4328
      vertex 15.4576 1.70768 7.70812
    endloop
  endfacet
  facet normal 0.227539 0.67032 0.706327
    outer loop
      vertex 16.5824 3.82035 6.1264
      vertex 15.9386 3.50284 6.63512
      vertex 16.3878 3.35036 6.63512
    endloop
  endfacet
  facet normal 0.0463046 0.706348 0.706348
    outer loop
      vertex 15 4.13512 6.1264
      vertex 15 3.6264 6.63512
      vertex 15.5397 4.09974 6.1264
    endloop
  endfacet
  facet normal -0.466694 0.532243 0.706338
    outer loop
      vertex 12.7924 2.87702 6.63512
      vertex 12.076 2.92397 6.1264
      vertex 12.4357 2.56425 6.63512
    endloop
  endfacet
  facet normal -0.458352 0.401881 0.79272
    outer loop
      vertex 12.4357 2.56425 6.63512
      vertex 12.123 2.20761 6.63512
      vertex 12.5758 1.86015 7.07308
    endloop
  endfacet
  facet normal -0.474231 0.16101 0.865553
    outer loop
      vertex 12.7526 0.93091 7.4328
      vertex 12.177 1.16934 7.07308
      vertex 12.6503 0.6296 7.4328
    endloop
  endfacet
  facet normal -0.363024 0.123253 0.923592
    outer loop
      vertex 12.7526 0.93091 7.4328
      vertex 12.6503 0.6296 7.4328
      vertex 13.3667 0.676552 7.70812
    endloop
  endfacet
  facet normal -0.59697 0.52347 0.607952
    outer loop
      vertex 11.7663 3.23366 5.55564
      vertex 11.7194 2.5173 6.1264
      vertex 12.076 2.92397 6.1264
    endloop
  endfacet
  facet normal -0.441159 0.660175 0.607904
    outer loop
      vertex 12.7135 3.96041 5.55564
      vertex 12.4827 3.28061 6.1264
      vertex 12.9324 3.58112 6.1264
    endloop
  endfacet
  facet normal -0.351176 0.712121 0.607914
    outer loop
      vertex 13.25 4.22498 5.55564
      vertex 12.7135 3.96041 5.55564
      vertex 12.9324 3.58112 6.1264
    endloop
  endfacet
  facet normal -0.313112 0.63488 0.70632
    outer loop
      vertex 13.4176 3.82035 6.1264
      vertex 13.1868 3.14056 6.63512
      vertex 13.6122 3.35036 6.63512
    endloop
  endfacet
  facet normal -0.481352 0.72042 0.499295
    outer loop
      vertex 12.6495 3.95621 5.5
      vertex 12.2161 3.62807 5.55564
      vertex 12.7135 3.96041 5.55564
    endloop
  endfacet
  facet normal -0.481293 0.720366 0.49943
    outer loop
      vertex 12.2161 3.62807 5.55564
      vertex 12.6495 3.95621 5.5
      vertex 12.1965 3.65355 5.5
    endloop
  endfacet
  facet normal -0.596936 0.523484 0.607973
    outer loop
      vertex 11.7663 3.23366 5.55564
      vertex 11.3719 2.78392 5.55564
      vertex 11.7194 2.5173 6.1264
    endloop
  endfacet
  facet normal -0.169042 0.849823 0.499224
    outer loop
      vertex 13.8646 4.45953 5.5
      vertex 14.4031 4.53396 5.55564
      vertex 14.3989 4.56581 5.5
    endloop
  endfacet
  facet normal -0.169041 0.849843 0.499192
    outer loop
      vertex 14.4031 4.53396 5.55564
      vertex 13.8646 4.45953 5.5
      vertex 13.8164 4.41726 5.55564
    endloop
  endfacet
  facet normal -0.0566736 0.864659 0.499152
    outer loop
      vertex 14.4564 4.56957 5.5
      vertex 15 4.57308 5.55564
      vertex 15 4.6052 5.5
    endloop
  endfacet
  facet normal -0.05667 0.864681 0.499115
    outer loop
      vertex 15 4.57308 5.55564
      vertex 14.4564 4.56957 5.5
      vertex 14.4031 4.53396 5.55564
    endloop
  endfacet
  facet normal 0.169067 0.849848 0.499174
    outer loop
      vertex 16.1919 4.44829 5.5
      vertex 16.1354 4.45953 5.5
      vertex 16.1836 4.41726 5.55564
    endloop
  endfacet
  facet normal -0.481392 0.720358 0.499345
    outer loop
      vertex 12.6974 3.98822 5.5
      vertex 12.6495 3.95621 5.5
      vertex 12.7135 3.96041 5.55564
    endloop
  endfacet
  facet normal 0.532223 0.466695 0.706353
    outer loop
      vertex 17.924 2.92397 6.1264
      vertex 17.877 2.20761 6.63512
      vertex 18.2806 2.5173 6.1264
    endloop
  endfacet
  facet normal 0.393294 0.588547 0.706351
    outer loop
      vertex 17.5173 3.28061 6.1264
      vertex 17.0676 3.58112 6.1264
      vertex 17.2076 2.87702 6.63512
    endloop
  endfacet
  facet normal 0.227543 0.670315 0.70633
    outer loop
      vertex 16.0702 3.99422 6.1264
      vertex 15.9386 3.50284 6.63512
      vertex 16.5824 3.82035 6.1264
    endloop
  endfacet
  facet normal 0.269623 0.5467 0.792731
    outer loop
      vertex 16.8132 3.14056 6.63512
      vertex 16.3878 3.35036 6.63512
      vertex 16.5278 2.64626 7.07308
    endloop
  endfacet
  facet normal 0.255229 0.75183 0.607956
    outer loop
      vertex 16.1836 4.41726 5.55564
      vertex 16.0702 3.99422 6.1264
      vertex 16.75 4.22498 5.55564
    endloop
  endfacet
  facet normal 0.154892 0.778718 0.607952
    outer loop
      vertex 15.5969 4.53396 5.55564
      vertex 15.5397 4.09974 6.1264
      vertex 16.0702 3.99422 6.1264
    endloop
  endfacet
  facet normal 0.0519376 0.792276 0.607949
    outer loop
      vertex 15.5969 4.53396 5.55564
      vertex 15 4.13512 6.1264
      vertex 15.5397 4.09974 6.1264
    endloop
  endfacet
  facet normal 0.221491 0.449171 0.865556
    outer loop
      vertex 16.5278 2.64626 7.07308
      vertex 16.1693 2.82304 7.07308
      vertex 16.2163 2.10668 7.4328
    endloop
  endfacet
  facet normal 0.278199 0.416434 0.865557
    outer loop
      vertex 16.5278 2.64626 7.07308
      vertex 16.2163 2.10668 7.4328
      vertex 16.8602 2.4242 7.07308
    endloop
  endfacet
  facet normal 0.0976754 0.491196 0.865555
    outer loop
      vertex 15.3988 3.02949 7.07308
      vertex 15.3175 2.41178 7.4328
      vertex 15.7909 2.95152 7.07308
    endloop
  endfacet
  facet normal 0.0977006 0.491178 0.865562
    outer loop
      vertex 15.7909 2.95152 7.07308
      vertex 15.3175 2.41178 7.4328
      vertex 15.6296 2.3497 7.4328
    endloop
  endfacet
  facet normal 0.59697 0.52347 0.607952
    outer loop
      vertex 18.2337 3.23366 5.55564
      vertex 17.924 2.92397 6.1264
      vertex 18.2806 2.5173 6.1264
    endloop
  endfacet
  facet normal 0.523481 0.59696 0.607952
    outer loop
      vertex 18.2337 3.23366 5.55564
      vertex 17.5173 3.28061 6.1264
      vertex 17.924 2.92397 6.1264
    endloop
  endfacet
  facet normal 0.588557 0.393356 0.706309
    outer loop
      vertex 18.5811 2.06756 6.1264
      vertex 17.877 2.20761 6.63512
      vertex 18.1406 1.8132 6.63512
    endloop
  endfacet
  facet normal 0.634864 0.313166 0.706311
    outer loop
      vertex 18.5811 2.06756 6.1264
      vertex 18.1406 1.8132 6.63512
      vertex 18.8204 1.58244 6.1264
    endloop
  endfacet
  facet normal 0.820779 0.278307 0.498866
    outer loop
      vertex 19.4298 1.24647 5.5
      vertex 19.4173 1.1836 5.55564
      vertex 19.4483 1.19191 5.5
    endloop
  endfacet
  facet normal 0.85016 0.168497 0.498835
    outer loop
      vertex 19.4483 1.19191 5.5
      vertex 19.4173 1.1836 5.55564
      vertex 19.4595 1.1354 5.5
    endloop
  endfacet
  facet normal 0.383214 0.777083 0.499289
    outer loop
      vertex 16.814 4.22917 5.5
      vertex 17.2865 3.96041 5.55564
      vertex 17.3026 3.98822 5.5
    endloop
  endfacet
  facet normal 0.383208 0.777076 0.499304
    outer loop
      vertex 17.2865 3.96041 5.55564
      vertex 16.814 4.22917 5.5
      vertex 16.75 4.22498 5.55564
    endloop
  endfacet
  facet normal 0.351176 0.712121 0.607914
    outer loop
      vertex 17.2865 3.96041 5.55564
      vertex 16.75 4.22498 5.55564
      vertex 17.0676 3.58112 6.1264
    endloop
  endfacet
  facet normal -0.523471 -0.596986 0.607937
    outer loop
      vertex 12.4827 -3.28061 6.1264
      vertex 11.7663 -3.23366 5.55564
      vertex 12.2161 -3.62807 5.55564
    endloop
  endfacet
  facet normal -0.393272 -0.58855 0.706361
    outer loop
      vertex 13.1868 -3.14056 6.63512
      vertex 12.7924 -2.87702 6.63512
      vertex 12.9324 -3.58112 6.1264
    endloop
  endfacet
  facet normal -0.258784 -0.0169993 0.965786
    outer loop
      vertex 13.927 0 7.89432
      vertex 13.2321 0 7.70812
      vertex 13.9362 -0.140054 7.89432
    endloop
  endfacet
  facet normal -0.491186 0.0977387 0.865554
    outer loop
      vertex 12.6503 0.6296 7.4328
      vertex 12.0485 0.790856 7.07308
      vertex 12.5882 0.317516 7.4328
    endloop
  endfacet
  facet normal -0.31877 0.21303 0.923582
    outer loop
      vertex 13.5974 1.07624 7.70812
      vertex 12.8933 1.21629 7.4328
      vertex 13.4689 0.883958 7.70812
    endloop
  endfacet
  facet normal -0.232547 0.114722 0.965795
    outer loop
      vertex 14.0708 0.536498 7.89432
      vertex 13.4689 0.883958 7.70812
      vertex 14.0087 0.410618 7.89432
    endloop
  endfacet
  facet normal -0.215598 0.144082 0.965794
    outer loop
      vertex 13.5974 1.07624 7.70812
      vertex 13.4689 0.883958 7.70812
      vertex 14.0708 0.536498 7.89432
    endloop
  endfacet
  facet normal -0.194961 0.170998 0.96579
    outer loop
      vertex 13.7499 1.25011 7.70812
      vertex 13.5974 1.07624 7.70812
      vertex 14.2413 0.758723 7.89432
    endloop
  endfacet
  facet normal -0.597869 0.118959 0.792718
    outer loop
      vertex 12.0485 0.790856 7.07308
      vertex 11.4972 0.938581 6.63512
      vertex 11.9705 0.39884 7.07308
    endloop
  endfacet
  facet normal -0.57723 0.195977 0.792716
    outer loop
      vertex 12.177 1.16934 7.07308
      vertex 11.4972 0.938581 6.63512
      vertex 12.0485 0.790856 7.07308
    endloop
  endfacet
  facet normal -0.778676 0.154852 0.608016
    outer loop
      vertex 11.0058 1.07025 6.1264
      vertex 10.466 0.596907 5.55564
      vertex 10.9003 0.539741 6.1264
    endloop
  endfacet
  facet normal -0.706399 -0.0462635 0.7063
    outer loop
      vertex 11.3736 0 6.63512
      vertex 10.9003 -0.539741 6.1264
      vertex 11.4046 -0.47334 6.63512
    endloop
  endfacet
  facet normal -0.66017 0.441101 0.607952
    outer loop
      vertex 11.7194 2.5173 6.1264
      vertex 11.0396 2.28654 5.55564
      vertex 11.4189 2.06756 6.1264
    endloop
  endfacet
  facet normal -0.712078 0.351194 0.607954
    outer loop
      vertex 11.0396 2.28654 5.55564
      vertex 10.775 1.75004 5.55564
      vertex 11.4189 2.06756 6.1264
    endloop
  endfacet
  facet normal -0.123869 -0.0420334 0.991408
    outer loop
      vertex 14.6525 -0.0931015 7.98822
      vertex 13.9636 -0.277712 7.89432
      vertex 14.0087 -0.410618 7.89432
    endloop
  endfacet
  facet normal -0.258784 0.0169993 0.965786
    outer loop
      vertex 13.9362 0.140054 7.89432
      vertex 13.2321 0 7.70812
      vertex 13.927 0 7.89432
    endloop
  endfacet
  facet normal 0.108803 -0.0725832 0.99141
    outer loop
      vertex 15.3115 -0.179858 7.98822
      vertex 15.2854 -0.218982 7.98822
      vertex 15.9292 -0.536498 7.89432
    endloop
  endfacet
  facet normal 0.170965 0.194994 0.965789
    outer loop
      vertex 16.0762 1.40258 7.70812
      vertex 15.7587 0.758723 7.89432
      vertex 16.2501 1.25011 7.70812
    endloop
  endfacet
  facet normal -0.0983786 -0.0862092 0.991408
    outer loop
      vertex 14.7146 -0.218982 7.98822
      vertex 14.2413 -0.758723 7.89432
      vertex 14.7456 -0.254358 7.98822
    endloop
  endfacet
  facet normal -0.114697 0.23258 0.965791
    outer loop
      vertex 14.3234 1.63334 7.70812
      vertex 14.116 1.53106 7.70812
      vertex 14.5894 0.99132 7.89432
    endloop
  endfacet
  facet normal -0.376513 0.330195 0.865569
    outer loop
      vertex 13.2799 1.7201 7.4328
      vertex 12.8393 2.16066 7.07308
      vertex 13.0701 1.48087 7.4328
    endloop
  endfacet
  facet normal -0.792221 0.0519594 0.608018
    outer loop
      vertex 10.9003 0.539741 6.1264
      vertex 10.466 0.596907 5.55564
      vertex 10.8649 0 6.1264
    endloop
  endfacet
  facet normal -0.670312 0.227455 0.706361
    outer loop
      vertex 11.1796 1.58244 6.1264
      vertex 11.0058 1.07025 6.1264
      vertex 11.4972 0.938581 6.63512
    endloop
  endfacet
  facet normal -0.670333 -0.227434 0.706348
    outer loop
      vertex 11.4972 -0.938581 6.63512
      vertex 11.1796 -1.58244 6.1264
      vertex 11.6496 -1.38776 6.63512
    endloop
  endfacet
  facet normal -0.670312 -0.227455 0.706361
    outer loop
      vertex 11.4972 -0.938581 6.63512
      vertex 11.0058 -1.07025 6.1264
      vertex 11.1796 -1.58244 6.1264
    endloop
  endfacet
  facet normal -0.44919 -0.221463 0.865554
    outer loop
      vertex 12.7526 -0.93091 7.4328
      vertex 12.177 -1.16934 7.07308
      vertex 12.8933 -1.21629 7.4328
    endloop
  endfacet
  facet normal -0.41637 -0.278265 0.865566
    outer loop
      vertex 12.8933 -1.21629 7.4328
      vertex 12.3537 -1.52782 7.07308
      vertex 12.5758 -1.86015 7.07308
    endloop
  endfacet
  facet normal -0.608253 -0.0398039 0.792745
    outer loop
      vertex 11.9444 0 7.07308
      vertex 11.3736 0 6.63512
      vertex 11.9705 -0.39884 7.07308
    endloop
  endfacet
  facet normal -0.608266 -0.0398366 0.792733
    outer loop
      vertex 11.9705 -0.39884 7.07308
      vertex 11.3736 0 6.63512
      vertex 11.4046 -0.47334 6.63512
    endloop
  endfacet
  facet normal -0.588557 -0.393356 0.706309
    outer loop
      vertex 11.8594 -1.8132 6.63512
      vertex 11.4189 -2.06756 6.1264
      vertex 12.123 -2.20761 6.63512
    endloop
  endfacet
  facet normal -0.546716 -0.269606 0.792726
    outer loop
      vertex 12.3537 -1.52782 7.07308
      vertex 11.6496 -1.38776 6.63512
      vertex 11.8594 -1.8132 6.63512
    endloop
  endfacet
  facet normal -0.330219 -0.376493 0.865568
    outer loop
      vertex 13.2799 -1.7201 7.4328
      vertex 12.8393 -2.16066 7.07308
      vertex 13.5191 -1.9299 7.4328
    endloop
  endfacet
  facet normal -0.401929 -0.458297 0.792727
    outer loop
      vertex 12.8393 -2.16066 7.07308
      vertex 12.4357 -2.56425 6.63512
      vertex 13.1398 -2.4242 7.07308
    endloop
  endfacet
  facet normal -0.393294 -0.588547 0.706351
    outer loop
      vertex 12.7924 -2.87702 6.63512
      vertex 12.4827 -3.28061 6.1264
      vertex 12.9324 -3.58112 6.1264
    endloop
  endfacet
  facet normal -0.441159 -0.660175 0.607904
    outer loop
      vertex 12.9324 -3.58112 6.1264
      vertex 12.4827 -3.28061 6.1264
      vertex 12.7135 -3.96041 5.55564
    endloop
  endfacet
  facet normal -0.313112 -0.63488 0.70632
    outer loop
      vertex 13.6122 -3.35036 6.63512
      vertex 13.1868 -3.14056 6.63512
      vertex 13.4176 -3.82035 6.1264
    endloop
  endfacet
  facet normal -0.227539 -0.67032 0.706327
    outer loop
      vertex 13.6122 -3.35036 6.63512
      vertex 13.4176 -3.82035 6.1264
      vertex 14.0614 -3.50284 6.63512
    endloop
  endfacet
  facet normal -0.123238 -0.363049 0.923584
    outer loop
      vertex 14.5424 -1.70768 7.70812
      vertex 14.3234 -1.63334 7.70812
      vertex 14.3704 -2.3497 7.4328
    endloop
  endfacet
  facet normal -0.057854 -0.117309 0.991409
    outer loop
      vertex 14.8201 -0.311523 7.98822
      vertex 14.5894 -0.99132 7.89432
      vertex 14.8623 -0.332335 7.98822
    endloop
  endfacet
  facet normal 0.0578438 -0.117313 0.991409
    outer loop
      vertex 15.5365 -0.929242 7.89432
      vertex 15.1799 -0.311523 7.98822
      vertex 15.4106 -0.99132 7.89432
    endloop
  endfacet
  facet normal -0.0983105 0.0862691 0.991409
    outer loop
      vertex 14.2413 0.758723 7.89432
      vertex 14.1487 0.653198 7.89432
      vertex 14.7146 0.218982 7.98822
    endloop
  endfacet
  facet normal -0.491186 -0.0977387 0.865554
    outer loop
      vertex 12.5882 -0.317516 7.4328
      vertex 12.0485 -0.790856 7.07308
      vertex 12.6503 -0.6296 7.4328
    endloop
  endfacet
  facet normal -0.114684 -0.232591 0.965789
    outer loop
      vertex 14.4635 -0.929242 7.89432
      vertex 14.116 -1.53106 7.70812
      vertex 14.5894 -0.99132 7.89432
    endloop
  endfacet
  facet normal 0.338633 -0.506897 0.792707
    outer loop
      vertex 16.8602 -2.4242 7.07308
      vertex 16.5278 -2.64626 7.07308
      vertex 17.2076 -2.87702 6.63512
    endloop
  endfacet
  facet normal 0.393272 -0.58855 0.706361
    outer loop
      vertex 17.2076 -2.87702 6.63512
      vertex 16.8132 -3.14056 6.63512
      vertex 17.0676 -3.58112 6.1264
    endloop
  endfacet
  facet normal 0.154892 -0.778718 0.607952
    outer loop
      vertex 16.0702 -3.99422 6.1264
      vertex 15.5397 -4.09974 6.1264
      vertex 15.5969 -4.53396 5.55564
    endloop
  endfacet
  facet normal 0.138096 -0.694276 0.706335
    outer loop
      vertex 15.9386 -3.50284 6.63512
      vertex 15.5397 -4.09974 6.1264
      vertex 16.0702 -3.99422 6.1264
    endloop
  endfacet
  facet normal -0.138078 -0.694271 0.706344
    outer loop
      vertex 14.5267 -3.59538 6.63512
      vertex 14.0614 -3.50284 6.63512
      vertex 14.4603 -4.09974 6.1264
    endloop
  endfacet
  facet normal -0.0519251 -0.792283 0.607941
    outer loop
      vertex 15 -4.13512 6.1264
      vertex 14.4031 -4.53396 5.55564
      vertex 15 -4.57308 5.55564
    endloop
  endfacet
  facet normal -0.255229 -0.75183 0.607956
    outer loop
      vertex 13.9298 -3.99422 6.1264
      vertex 13.25 -4.22498 5.55564
      vertex 13.8164 -4.41726 5.55564
    endloop
  endfacet
  facet normal -0.278564 -0.820532 0.499129
    outer loop
      vertex 13.7535 -4.42976 5.5
      vertex 13.25 -4.22498 5.55564
      vertex 13.2377 -4.25465 5.5
    endloop
  endfacet
  facet normal -0.278538 -0.82049 0.499212
    outer loop
      vertex 13.25 -4.22498 5.55564
      vertex 13.7535 -4.42976 5.5
      vertex 13.8164 -4.41726 5.55564
    endloop
  endfacet
  facet normal 0.0977006 -0.491178 0.865562
    outer loop
      vertex 15.6296 -2.3497 7.4328
      vertex 15.3175 -2.41178 7.4328
      vertex 15.7909 -2.95152 7.07308
    endloop
  endfacet
  facet normal 0.269623 -0.5467 0.792731
    outer loop
      vertex 16.5278 -2.64626 7.07308
      vertex 16.3878 -3.35036 6.63512
      vertex 16.8132 -3.14056 6.63512
    endloop
  endfacet
  facet normal 0.0462943 -0.706354 0.706343
    outer loop
      vertex 15.4733 -3.59538 6.63512
      vertex 15 -3.6264 6.63512
      vertex 15.5397 -4.09974 6.1264
    endloop
  endfacet
  facet normal 0.138078 -0.694271 0.706344
    outer loop
      vertex 15.9386 -3.50284 6.63512
      vertex 15.4733 -3.59538 6.63512
      vertex 15.5397 -4.09974 6.1264
    endloop
  endfacet
  facet normal -0.154894 -0.778719 0.607951
    outer loop
      vertex 13.9298 -3.99422 6.1264
      vertex 13.8164 -4.41726 5.55564
      vertex 14.4031 -4.53396 5.55564
    endloop
  endfacet
  facet normal -0.138096 -0.694276 0.706335
    outer loop
      vertex 14.0614 -3.50284 6.63512
      vertex 13.9298 -3.99422 6.1264
      vertex 14.4603 -4.09974 6.1264
    endloop
  endfacet
  facet normal -0.195986 -0.57722 0.792721
    outer loop
      vertex 14.2091 -2.95152 7.07308
      vertex 13.8307 -2.82304 7.07308
      vertex 14.0614 -3.50284 6.63512
    endloop
  endfacet
  facet normal -0.161011 -0.47421 0.865563
    outer loop
      vertex 14.3704 -2.3497 7.4328
      vertex 13.8307 -2.82304 7.07308
      vertex 14.2091 -2.95152 7.07308
    endloop
  endfacet
  facet normal -0.651418 -0.571291 0.49928
    outer loop
      vertex 11.7056 -3.21305 5.5
      vertex 11.3719 -2.78392 5.55564
      vertex 11.3464 -2.80347 5.5
    endloop
  endfacet
  facet normal -0.651503 -0.571336 0.499119
    outer loop
      vertex 11.3719 -2.78392 5.55564
      vertex 11.7056 -3.21305 5.5
      vertex 11.7663 -3.23366 5.55564
    endloop
  endfacet
  facet normal -0.481293 -0.720366 0.49943
    outer loop
      vertex 12.6495 -3.95621 5.5
      vertex 12.2161 -3.62807 5.55564
      vertex 12.1965 -3.65355 5.5
    endloop
  endfacet
  facet normal -0.481352 -0.72042 0.499295
    outer loop
      vertex 12.2161 -3.62807 5.55564
      vertex 12.6495 -3.95621 5.5
      vertex 12.7135 -3.96041 5.55564
    endloop
  endfacet
  facet normal 0.16957 -0.343863 0.923582
    outer loop
      vertex 16.2163 -2.10668 7.4328
      vertex 15.6766 -1.63334 7.70812
      vertex 15.9309 -2.24742 7.4328
    endloop
  endfacet
  facet normal 0.213072 -0.318746 0.923581
    outer loop
      vertex 16.0762 -1.40258 7.70812
      vertex 15.884 -1.53106 7.70812
      vertex 16.2163 -2.10668 7.4328
    endloop
  endfacet
  facet normal 0.506822 -0.338715 0.792719
    outer loop
      vertex 17.6463 -1.52782 7.07308
      vertex 17.4242 -1.86015 7.07308
      vertex 17.877 -2.20761 6.63512
    endloop
  endfacet
  facet normal 0.376552 -0.330177 0.865559
    outer loop
      vertex 17.4242 -1.86015 7.07308
      vertex 16.9299 -1.48087 7.4328
      vertex 17.1607 -2.16066 7.07308
    endloop
  endfacet
  facet normal 0.318774 -0.213014 0.923584
    outer loop
      vertex 17.1067 -1.21629 7.4328
      vertex 16.4026 -1.07624 7.70812
      vertex 16.9299 -1.48087 7.4328
    endloop
  endfacet
  facet normal 0.0983105 -0.0862691 0.991409
    outer loop
      vertex 15.8513 -0.653198 7.89432
      vertex 15.2854 -0.218982 7.98822
      vertex 15.7587 -0.758723 7.89432
    endloop
  endfacet
  facet normal 0.123775 -0.0422255 0.991412
    outer loop
      vertex 15.3475 -0.0931015 7.98822
      vertex 15.3323 -0.137657 7.98822
      vertex 15.9913 -0.410618 7.89432
    endloop
  endfacet
  facet normal 0.258784 -0.0169993 0.965786
    outer loop
      vertex 16.073 0 7.89432
      vertex 16.0638 -0.140054 7.89432
      vertex 16.7679 0 7.70812
    endloop
  endfacet
  facet normal 0.258772 0.0169331 0.96579
    outer loop
      vertex 16.7528 0.230759 7.70812
      vertex 16.0638 0.140054 7.89432
      vertex 16.7679 0 7.70812
    endloop
  endfacet
  facet normal 0.751891 -0.255137 0.607919
    outer loop
      vertex 18.9942 -1.07025 6.1264
      vertex 18.8204 -1.58244 6.1264
      vertex 19.225 -1.75004 5.55564
    endloop
  endfacet
  facet normal 0.778686 -0.15489 0.607994
    outer loop
      vertex 19.534 -0.596907 5.55564
      vertex 18.9942 -1.07025 6.1264
      vertex 19.4173 -1.1836 5.55564
    endloop
  endfacet
  facet normal 0.85016 -0.168497 0.498835
    outer loop
      vertex 19.4595 -1.1354 5.5
      vertex 19.4173 -1.1836 5.55564
      vertex 19.4483 -1.19191 5.5
    endloop
  endfacet
  facet normal 0.850152 -0.169139 0.498632
    outer loop
      vertex 19.534 -0.596907 5.55564
      vertex 19.4595 -1.1354 5.5
      vertex 19.5658 -0.601099 5.5
    endloop
  endfacet
  facet normal 0.850296 -0.169134 0.498387
    outer loop
      vertex 19.4595 -1.1354 5.5
      vertex 19.534 -0.596907 5.55564
      vertex 19.4173 -1.1836 5.55564
    endloop
  endfacet
  facet normal 0.778686 0.15489 0.607994
    outer loop
      vertex 19.4173 1.1836 5.55564
      vertex 18.9942 1.07025 6.1264
      vertex 19.534 0.596907 5.55564
    endloop
  endfacet
  facet normal 0.778676 0.154852 0.608016
    outer loop
      vertex 19.534 0.596907 5.55564
      vertex 18.9942 1.07025 6.1264
      vertex 19.0997 0.539741 6.1264
    endloop
  endfacet
  facet normal 0.660175 -0.441063 0.607974
    outer loop
      vertex 18.9604 -2.28654 5.55564
      vertex 18.2806 -2.5173 6.1264
      vertex 18.6281 -2.78392 5.55564
    endloop
  endfacet
  facet normal 0.596936 -0.523484 0.607973
    outer loop
      vertex 18.2806 -2.5173 6.1264
      vertex 18.2337 -3.23366 5.55564
      vertex 18.6281 -2.78392 5.55564
    endloop
  endfacet
  facet normal 0.114697 0.23258 0.965791
    outer loop
      vertex 15.6766 1.63334 7.70812
      vertex 15.4106 0.99132 7.89432
      vertex 15.884 1.53106 7.70812
    endloop
  endfacet
  facet normal -0.108786 -0.072617 0.991409
    outer loop
      vertex 14.7146 -0.218982 7.98822
      vertex 14.0708 -0.536498 7.89432
      vertex 14.1487 -0.653198 7.89432
    endloop
  endfacet
  facet normal -0.0862129 0.0983734 0.991408
    outer loop
      vertex 14.781 0.285382 7.98822
      vertex 14.2413 0.758723 7.89432
      vertex 14.7456 0.254358 7.98822
    endloop
  endfacet
  facet normal -0.130502 0.00861636 0.991411
    outer loop
      vertex 14.6434 0.0469522 7.98822
      vertex 13.9362 0.140054 7.89432
      vertex 14.6403 0 7.98822
    endloop
  endfacet
  facet normal 0.288236 0.252809 0.923584
    outer loop
      vertex 16.9299 1.48087 7.4328
      vertex 16.2501 1.25011 7.70812
      vertex 16.4026 1.07624 7.70812
    endloop
  endfacet
  facet normal -0.0726982 -0.108737 0.991409
    outer loop
      vertex 14.781 -0.285382 7.98822
      vertex 14.4635 -0.929242 7.89432
      vertex 14.8201 -0.311523 7.98822
    endloop
  endfacet
  facet normal 0.17102 0.194966 0.965785
    outer loop
      vertex 16.0762 1.40258 7.70812
      vertex 15.6532 0.851265 7.89432
      vertex 15.7587 0.758723 7.89432
    endloop
  endfacet
  facet normal 0.0862519 0.0983291 0.991409
    outer loop
      vertex 15.6532 0.851265 7.89432
      vertex 15.219 0.285382 7.98822
      vertex 15.7587 0.758723 7.89432
    endloop
  endfacet
  facet normal 0.2215 0.44917 0.865554
    outer loop
      vertex 16.1693 2.82304 7.07308
      vertex 15.9309 2.24742 7.4328
      vertex 16.2163 2.10668 7.4328
    endloop
  endfacet
  facet normal 0.160985 0.474234 0.865555
    outer loop
      vertex 16.1693 2.82304 7.07308
      vertex 15.6296 2.3497 7.4328
      vertex 15.9309 2.24742 7.4328
    endloop
  endfacet
  facet normal 0.213072 0.318746 0.923581
    outer loop
      vertex 16.2163 2.10668 7.4328
      vertex 15.884 1.53106 7.70812
      vertex 16.0762 1.40258 7.70812
    endloop
  endfacet
  facet normal 0.144119 0.215595 0.965789
    outer loop
      vertex 15.884 1.53106 7.70812
      vertex 15.5365 0.929242 7.89432
      vertex 16.0762 1.40258 7.70812
    endloop
  endfacet
  facet normal 0.0255252 0.128279 0.99141
    outer loop
      vertex 15.1401 1.06382 7.89432
      vertex 15.0931 0.34746 7.98822
      vertex 15.2777 1.03644 7.89432
    endloop
  endfacet
  facet normal 0.118889 0.597876 0.792723
    outer loop
      vertex 15.9386 3.50284 6.63512
      vertex 15.3988 3.02949 7.07308
      vertex 15.7909 2.95152 7.07308
    endloop
  endfacet
  facet normal -0.0578438 0.117313 0.991409
    outer loop
      vertex 14.5894 0.99132 7.89432
      vertex 14.4635 0.929242 7.89432
      vertex 14.8201 0.311523 7.98822
    endloop
  endfacet
  facet normal -0.0420079 0.123871 0.991409
    outer loop
      vertex 14.9069 0.34746 7.98822
      vertex 14.5894 0.99132 7.89432
      vertex 14.8623 0.332335 7.98822
    endloop
  endfacet
  facet normal 0.0983105 0.0862691 0.991409
    outer loop
      vertex 15.7587 0.758723 7.89432
      vertex 15.2854 0.218982 7.98822
      vertex 15.8513 0.653198 7.89432
    endloop
  endfacet
  facet normal -0.0255414 -0.128278 0.991409
    outer loop
      vertex 14.9069 -0.34746 7.98822
      vertex 14.8599 -1.06382 7.89432
      vertex 14.953 -0.356639 7.98822
    endloop
  endfacet
  facet normal 0.49119 0.0977329 0.865552
    outer loop
      vertex 17.9515 0.790856 7.07308
      vertex 17.4118 0.317516 7.4328
      vertex 18.0295 0.39884 7.07308
    endloop
  endfacet
  facet normal 0.577214 0.19584 0.792762
    outer loop
      vertex 18.3504 1.38776 6.63512
      vertex 17.823 1.16934 7.07308
      vertex 18.5028 0.938581 6.63512
    endloop
  endfacet
  facet normal 0.330219 0.376493 0.865568
    outer loop
      vertex 17.1607 2.16066 7.07308
      vertex 16.4809 1.9299 7.4328
      vertex 16.7201 1.7201 7.4328
    endloop
  endfacet
  facet normal 0.252803 0.288229 0.923588
    outer loop
      vertex 16.4809 1.9299 7.4328
      vertex 16.2501 1.25011 7.70812
      vertex 16.7201 1.7201 7.4328
    endloop
  endfacet
  facet normal -0.170965 0.194994 0.965789
    outer loop
      vertex 13.9238 1.40258 7.70812
      vertex 13.7499 1.25011 7.70812
      vertex 14.2413 0.758723 7.89432
    endloop
  endfacet
  facet normal -0.0726668 0.108753 0.991409
    outer loop
      vertex 14.4635 0.929242 7.89432
      vertex 14.3468 0.851265 7.89432
      vertex 14.781 0.285382 7.98822
    endloop
  endfacet
  facet normal -0.169575 0.343858 0.923583
    outer loop
      vertex 14.3234 1.63334 7.70812
      vertex 13.7837 2.10668 7.4328
      vertex 14.116 1.53106 7.70812
    endloop
  endfacet
  facet normal -0.0833579 0.245566 0.965789
    outer loop
      vertex 14.5424 1.70768 7.70812
      vertex 14.3234 1.63334 7.70812
      vertex 14.7223 1.03644 7.89432
    endloop
  endfacet
  facet normal -0.195934 0.577214 0.792739
    outer loop
      vertex 14.0614 3.50284 6.63512
      vertex 13.6122 3.35036 6.63512
      vertex 13.8307 2.82304 7.07308
    endloop
  endfacet
  facet normal -0.0250748 0.382569 0.923587
    outer loop
      vertex 15 2.43259 7.4328
      vertex 14.6825 2.41178 7.4328
      vertex 15 1.76792 7.70812
    endloop
  endfacet
  facet normal -0.466706 0.532215 0.706352
    outer loop
      vertex 12.4827 3.28061 6.1264
      vertex 12.076 2.92397 6.1264
      vertex 12.7924 2.87702 6.63512
    endloop
  endfacet
  facet normal -0.31303 0.63488 0.706356
    outer loop
      vertex 13.4176 3.82035 6.1264
      vertex 12.9324 3.58112 6.1264
      vertex 13.1868 3.14056 6.63512
    endloop
  endfacet
  facet normal -0.330207 0.376517 0.865562
    outer loop
      vertex 13.1398 2.4242 7.07308
      vertex 12.8393 2.16066 7.07308
      vertex 13.5191 1.9299 7.4328
    endloop
  endfacet
  facet normal -0.458336 0.401888 0.792726
    outer loop
      vertex 12.8393 2.16066 7.07308
      vertex 12.4357 2.56425 6.63512
      vertex 12.5758 1.86015 7.07308
    endloop
  endfacet
  facet normal -0.634864 0.313166 0.706311
    outer loop
      vertex 11.4189 2.06756 6.1264
      vertex 11.1796 1.58244 6.1264
      vertex 11.8594 1.8132 6.63512
    endloop
  endfacet
  facet normal -0.532223 0.466695 0.706353
    outer loop
      vertex 12.076 2.92397 6.1264
      vertex 11.7194 2.5173 6.1264
      vertex 12.123 2.20761 6.63512
    endloop
  endfacet
  facet normal -0.441104 0.660183 0.607936
    outer loop
      vertex 12.7135 3.96041 5.55564
      vertex 12.2161 3.62807 5.55564
      vertex 12.4827 3.28061 6.1264
    endloop
  endfacet
  facet normal -0.523481 0.59696 0.607952
    outer loop
      vertex 12.4827 3.28061 6.1264
      vertex 11.7663 3.23366 5.55564
      vertex 12.076 2.92397 6.1264
    endloop
  endfacet
  facet normal -0.0463046 0.706348 0.706348
    outer loop
      vertex 15 4.13512 6.1264
      vertex 14.4603 4.09974 6.1264
      vertex 15 3.6264 6.63512
    endloop
  endfacet
  facet normal -0.154894 0.778719 0.607951
    outer loop
      vertex 14.4031 4.53396 5.55564
      vertex 13.8164 4.41726 5.55564
      vertex 13.9298 3.99422 6.1264
    endloop
  endfacet
  facet normal 0.0565396 0.864634 0.49921
    outer loop
      vertex 15.6011 4.56581 5.5
      vertex 15.5436 4.56957 5.5
      vertex 15.5969 4.53396 5.55564
    endloop
  endfacet
  facet normal -0.169067 0.849848 0.499174
    outer loop
      vertex 13.8646 4.45953 5.5
      vertex 13.8081 4.44829 5.5
      vertex 13.8164 4.41726 5.55564
    endloop
  endfacet
  facet normal -0.0565396 0.864634 0.49921
    outer loop
      vertex 14.4564 4.56957 5.5
      vertex 14.3989 4.56581 5.5
      vertex 14.4031 4.53396 5.55564
    endloop
  endfacet
  facet normal 0.338669 0.506834 0.792731
    outer loop
      vertex 16.8132 3.14056 6.63512
      vertex 16.5278 2.64626 7.07308
      vertex 17.2076 2.87702 6.63512
    endloop
  endfacet
  facet normal 0.393272 0.58855 0.706361
    outer loop
      vertex 17.0676 3.58112 6.1264
      vertex 16.8132 3.14056 6.63512
      vertex 17.2076 2.87702 6.63512
    endloop
  endfacet
  facet normal 0.278564 0.820532 0.499129
    outer loop
      vertex 16.2465 4.42976 5.5
      vertex 16.75 4.22498 5.55564
      vertex 16.7623 4.25465 5.5
    endloop
  endfacet
  facet normal 0.278538 0.82049 0.499212
    outer loop
      vertex 16.75 4.22498 5.55564
      vertex 16.2465 4.42976 5.5
      vertex 16.1836 4.41726 5.55564
    endloop
  endfacet
  facet normal 0.383062 0.777248 0.499148
    outer loop
      vertex 16.7623 4.25465 5.5
      vertex 16.75 4.22498 5.55564
      vertex 16.814 4.22917 5.5
    endloop
  endfacet
  facet normal 0.0462943 0.706354 0.706343
    outer loop
      vertex 15.5397 4.09974 6.1264
      vertex 15 3.6264 6.63512
      vertex 15.4733 3.59538 6.63512
    endloop
  endfacet
  facet normal 0.0398659 0.608269 0.792729
    outer loop
      vertex 15.4733 3.59538 6.63512
      vertex 15 3.6264 6.63512
      vertex 15.3988 3.02949 7.07308
    endloop
  endfacet
  facet normal -0.720642 -0.481331 0.498994
    outer loop
      vertex 11.0396 -2.28654 5.55564
      vertex 11.0118 -2.3026 5.5
      vertex 11.0438 -2.35051 5.5
    endloop
  endfacet
  facet normal -0.596936 -0.523484 0.607973
    outer loop
      vertex 11.7194 -2.5173 6.1264
      vertex 11.3719 -2.78392 5.55564
      vertex 11.7663 -3.23366 5.55564
    endloop
  endfacet
  facet normal -0.382566 -0.0250337 0.923589
    outer loop
      vertex 13.2321 0 7.70812
      vertex 12.5882 -0.317516 7.4328
      vertex 13.2472 -0.230759 7.70812
    endloop
  endfacet
  facet normal -0.499748 0.0327377 0.865552
    outer loop
      vertex 12.5882 0.317516 7.4328
      vertex 11.9705 0.39884 7.07308
      vertex 12.5674 0 7.4328
    endloop
  endfacet
  facet normal -0.376026 0.0748236 0.923583
    outer loop
      vertex 12.6503 0.6296 7.4328
      vertex 12.5882 0.317516 7.4328
      vertex 13.2923 0.45757 7.70812
    endloop
  endfacet
  facet normal -0.258772 -0.0169331 0.96579
    outer loop
      vertex 13.9362 -0.140054 7.89432
      vertex 13.2321 0 7.70812
      vertex 13.2472 -0.230759 7.70812
    endloop
  endfacet
  facet normal -0.117315 -0.0578219 0.99141
    outer loop
      vertex 14.6677 -0.137657 7.98822
      vertex 14.0087 -0.410618 7.89432
      vertex 14.6885 -0.179858 7.98822
    endloop
  endfacet
  facet normal -0.215703 0.143987 0.965785
    outer loop
      vertex 14.1487 0.653198 7.89432
      vertex 13.5974 1.07624 7.70812
      vertex 14.0708 0.536498 7.89432
    endloop
  endfacet
  facet normal -0.376552 0.330177 0.865559
    outer loop
      vertex 12.8393 2.16066 7.07308
      vertex 12.5758 1.86015 7.07308
      vertex 13.0701 1.48087 7.4328
    endloop
  endfacet
  facet normal -0.416397 0.278248 0.865559
    outer loop
      vertex 13.0701 1.48087 7.4328
      vertex 12.5758 1.86015 7.07308
      vertex 12.8933 1.21629 7.4328
    endloop
  endfacet
  facet normal -0.343856 0.16953 0.923592
    outer loop
      vertex 12.8933 1.21629 7.4328
      vertex 12.7526 0.93091 7.4328
      vertex 13.3667 0.676552 7.70812
    endloop
  endfacet
  facet normal -0.44919 0.221463 0.865554
    outer loop
      vertex 12.8933 1.21629 7.4328
      vertex 12.177 1.16934 7.07308
      vertex 12.7526 0.93091 7.4328
    endloop
  endfacet
  facet normal -0.34392 0.169468 0.92358
    outer loop
      vertex 13.4689 0.883958 7.70812
      vertex 12.8933 1.21629 7.4328
      vertex 13.3667 0.676552 7.70812
    endloop
  endfacet
  facet normal -0.245587 0.083337 0.965786
    outer loop
      vertex 14.0087 0.410618 7.89432
      vertex 13.3667 0.676552 7.70812
      vertex 13.9636 0.277712 7.89432
    endloop
  endfacet
  facet normal -0.864795 0.0566343 0.49892
    outer loop
      vertex 10.4269 0 5.55564
      vertex 10.4304 0.543605 5.5
      vertex 10.3948 0 5.5
    endloop
  endfacet
  facet normal -0.864738 0.0566441 0.499019
    outer loop
      vertex 10.4304 0.543605 5.5
      vertex 10.4269 0 5.55564
      vertex 10.466 0.596907 5.55564
    endloop
  endfacet
  facet normal -0.597844 0.118993 0.792732
    outer loop
      vertex 11.4972 0.938581 6.63512
      vertex 11.4046 0.47334 6.63512
      vertex 11.9705 0.39884 7.07308
    endloop
  endfacet
  facet normal -0.706399 0.0462635 0.7063
    outer loop
      vertex 11.4046 0.47334 6.63512
      vertex 10.9003 0.539741 6.1264
      vertex 11.3736 0 6.63512
    endloop
  endfacet
  facet normal -0.694294 0.13819 0.706299
    outer loop
      vertex 11.4972 0.938581 6.63512
      vertex 10.9003 0.539741 6.1264
      vertex 11.4046 0.47334 6.63512
    endloop
  endfacet
  facet normal 0.00855186 0.130514 0.99141
    outer loop
      vertex 15 1.073 7.89432
      vertex 15 0.359716 7.98822
      vertex 15.1401 1.06382 7.89432
    endloop
  endfacet
  facet normal 0.0833683 0.24556 0.96579
    outer loop
      vertex 15.6766 1.63334 7.70812
      vertex 15.2777 1.03644 7.89432
      vertex 15.4106 0.99132 7.89432
    endloop
  endfacet
  facet normal -0.0255252 -0.128279 0.99141
    outer loop
      vertex 14.9069 -0.34746 7.98822
      vertex 14.7223 -1.03644 7.89432
      vertex 14.8599 -1.06382 7.89432
    endloop
  endfacet
  facet normal -0.00854458 0.130515 0.991409
    outer loop
      vertex 15 0.359716 7.98822
      vertex 14.8599 1.06382 7.89432
      vertex 14.953 0.356639 7.98822
    endloop
  endfacet
  facet normal -0.820779 0.278307 0.498866
    outer loop
      vertex 10.5702 1.24647 5.5
      vertex 10.5517 1.19191 5.5
      vertex 10.5827 1.1836 5.55564
    endloop
  endfacet
  facet normal -0.85016 0.168497 0.498835
    outer loop
      vertex 10.5517 1.19191 5.5
      vertex 10.5405 1.1354 5.5
      vertex 10.5827 1.1836 5.55564
    endloop
  endfacet
  facet normal -0.720543 -0.481395 0.499076
    outer loop
      vertex 11.0438 -2.35051 5.5
      vertex 11.3719 -2.78392 5.55564
      vertex 11.0396 -2.28654 5.55564
    endloop
  endfacet
  facet normal -0.720453 -0.481299 0.499298
    outer loop
      vertex 11.3719 -2.78392 5.55564
      vertex 11.0438 -2.35051 5.5
      vertex 11.3464 -2.80347 5.5
    endloop
  endfacet
  facet normal -0.660175 -0.441063 0.607974
    outer loop
      vertex 11.7194 -2.5173 6.1264
      vertex 11.0396 -2.28654 5.55564
      vertex 11.3719 -2.78392 5.55564
    endloop
  endfacet
  facet normal -0.232627 -0.114628 0.965787
    outer loop
      vertex 14.0087 -0.410618 7.89432
      vertex 13.3667 -0.676552 7.70812
      vertex 13.4689 -0.883958 7.70812
    endloop
  endfacet
  facet normal -0.416397 -0.278248 0.865559
    outer loop
      vertex 12.8933 -1.21629 7.4328
      vertex 12.5758 -1.86015 7.07308
      vertex 13.0701 -1.48087 7.4328
    endloop
  endfacet
  facet normal -0.506811 -0.338722 0.792723
    outer loop
      vertex 12.3537 -1.52782 7.07308
      vertex 11.8594 -1.8132 6.63512
      vertex 12.123 -2.20761 6.63512
    endloop
  endfacet
  facet normal -0.506822 -0.338715 0.792719
    outer loop
      vertex 12.3537 -1.52782 7.07308
      vertex 12.123 -2.20761 6.63512
      vertex 12.5758 -1.86015 7.07308
    endloop
  endfacet
  facet normal -0.57723 -0.195977 0.792716
    outer loop
      vertex 12.0485 -0.790856 7.07308
      vertex 11.4972 -0.938581 6.63512
      vertex 12.177 -1.16934 7.07308
    endloop
  endfacet
  facet normal -0.343856 -0.16953 0.923592
    outer loop
      vertex 13.3667 -0.676552 7.70812
      vertex 12.7526 -0.93091 7.4328
      vertex 12.8933 -1.21629 7.4328
    endloop
  endfacet
  facet normal -0.376513 -0.330195 0.865569
    outer loop
      vertex 13.0701 -1.48087 7.4328
      vertex 12.8393 -2.16066 7.07308
      vertex 13.2799 -1.7201 7.4328
    endloop
  endfacet
  facet normal -0.376552 -0.330177 0.865559
    outer loop
      vertex 13.0701 -1.48087 7.4328
      vertex 12.5758 -1.86015 7.07308
      vertex 12.8393 -2.16066 7.07308
    endloop
  endfacet
  facet normal -0.221491 -0.449171 0.865556
    outer loop
      vertex 13.7837 -2.10668 7.4328
      vertex 13.4722 -2.64626 7.07308
      vertex 13.8307 -2.82304 7.07308
    endloop
  endfacet
  facet normal -0.401905 -0.458354 0.792707
    outer loop
      vertex 13.1398 -2.4242 7.07308
      vertex 12.4357 -2.56425 6.63512
      vertex 12.7924 -2.87702 6.63512
    endloop
  endfacet
  facet normal -0.16957 -0.343863 0.923582
    outer loop
      vertex 14.3234 -1.63334 7.70812
      vertex 13.7837 -2.10668 7.4328
      vertex 14.0691 -2.24742 7.4328
    endloop
  endfacet
  facet normal 0.0983786 0.0862092 0.991408
    outer loop
      vertex 15.7587 0.758723 7.89432
      vertex 15.2544 0.254358 7.98822
      vertex 15.2854 0.218982 7.98822
    endloop
  endfacet
  facet normal -0.0747957 -0.376027 0.923585
    outer loop
      vertex 14.5424 -1.70768 7.70812
      vertex 14.3704 -2.3497 7.4328
      vertex 14.6825 -2.41178 7.4328
    endloop
  endfacet
  facet normal -0.00855186 -0.130514 0.99141
    outer loop
      vertex 15 -0.359716 7.98822
      vertex 14.8599 -1.06382 7.89432
      vertex 15 -1.073 7.89432
    endloop
  endfacet
  facet normal -0.245587 -0.083337 0.965786
    outer loop
      vertex 13.9636 -0.277712 7.89432
      vertex 13.3667 -0.676552 7.70812
      vertex 14.0087 -0.410618 7.89432
    endloop
  endfacet
  facet normal -0.194961 -0.170998 0.96579
    outer loop
      vertex 14.2413 -0.758723 7.89432
      vertex 13.5974 -1.07624 7.70812
      vertex 13.7499 -1.25011 7.70812
    endloop
  endfacet
  facet normal 0.117299 0.0578668 0.991409
    outer loop
      vertex 15.9292 0.536498 7.89432
      vertex 15.3115 0.179858 7.98822
      vertex 15.9913 0.410618 7.89432
    endloop
  endfacet
  facet normal -0.0578438 -0.117313 0.991409
    outer loop
      vertex 14.8201 -0.311523 7.98822
      vertex 14.4635 -0.929242 7.89432
      vertex 14.5894 -0.99132 7.89432
    endloop
  endfacet
  facet normal -0.34392 -0.169468 0.92358
    outer loop
      vertex 13.3667 -0.676552 7.70812
      vertex 12.8933 -1.21629 7.4328
      vertex 13.4689 -0.883958 7.70812
    endloop
  endfacet
  facet normal -0.288246 -0.252786 0.923588
    outer loop
      vertex 13.7499 -1.25011 7.70812
      vertex 13.0701 -1.48087 7.4328
      vertex 13.2799 -1.7201 7.4328
    endloop
  endfacet
  facet normal -0.245533 -0.0834209 0.965792
    outer loop
      vertex 13.9636 -0.277712 7.89432
      vertex 13.2923 -0.45757 7.70812
      vertex 13.3667 -0.676552 7.70812
    endloop
  endfacet
  facet normal -0.254344 -0.0505747 0.965791
    outer loop
      vertex 13.9362 -0.140054 7.89432
      vertex 13.2472 -0.230759 7.70812
      vertex 13.2923 -0.45757 7.70812
    endloop
  endfacet
  facet normal -0.363024 -0.123253 0.923592
    outer loop
      vertex 13.3667 -0.676552 7.70812
      vertex 12.6503 -0.6296 7.4328
      vertex 12.7526 -0.93091 7.4328
    endloop
  endfacet
  facet normal -0.474231 -0.16101 0.865553
    outer loop
      vertex 12.6503 -0.6296 7.4328
      vertex 12.177 -1.16934 7.07308
      vertex 12.7526 -0.93091 7.4328
    endloop
  endfacet
  facet normal 0.338669 -0.506834 0.792731
    outer loop
      vertex 17.2076 -2.87702 6.63512
      vertex 16.5278 -2.64626 7.07308
      vertex 16.8132 -3.14056 6.63512
    endloop
  endfacet
  facet normal 0.221491 -0.449171 0.865556
    outer loop
      vertex 16.2163 -2.10668 7.4328
      vertex 16.1693 -2.82304 7.07308
      vertex 16.5278 -2.64626 7.07308
    endloop
  endfacet
  facet normal 0.278475 -0.820547 0.499154
    outer loop
      vertex 16.2465 -4.42976 5.5
      vertex 16.1836 -4.41726 5.55564
      vertex 16.1919 -4.44829 5.5
    endloop
  endfacet
  facet normal 0.169042 -0.849823 0.499224
    outer loop
      vertex 16.1354 -4.45953 5.5
      vertex 15.5969 -4.53396 5.55564
      vertex 15.6011 -4.56581 5.5
    endloop
  endfacet
  facet normal 0.169041 -0.849843 0.499192
    outer loop
      vertex 15.5969 -4.53396 5.55564
      vertex 16.1354 -4.45953 5.5
      vertex 16.1836 -4.41726 5.55564
    endloop
  endfacet
  facet normal 0.0565396 -0.864634 0.49921
    outer loop
      vertex 15.5969 -4.53396 5.55564
      vertex 15.5436 -4.56957 5.5
      vertex 15.6011 -4.56581 5.5
    endloop
  endfacet
  facet normal -0.154892 -0.778718 0.607952
    outer loop
      vertex 14.4603 -4.09974 6.1264
      vertex 13.9298 -3.99422 6.1264
      vertex 14.4031 -4.53396 5.55564
    endloop
  endfacet
  facet normal -0.0519376 -0.792276 0.607949
    outer loop
      vertex 14.4603 -4.09974 6.1264
      vertex 14.4031 -4.53396 5.55564
      vertex 15 -4.13512 6.1264
    endloop
  endfacet
  facet normal 0.114697 -0.23258 0.965791
    outer loop
      vertex 15.884 -1.53106 7.70812
      vertex 15.4106 -0.99132 7.89432
      vertex 15.6766 -1.63334 7.70812
    endloop
  endfacet
  facet normal 0.0169642 -0.258779 0.965788
    outer loop
      vertex 15.1401 -1.06382 7.89432
      vertex 15 -1.76792 7.70812
      vertex 15.2308 -1.75279 7.70812
    endloop
  endfacet
  facet normal 0.0398858 -0.608277 0.792722
    outer loop
      vertex 15 -3.05564 7.07308
      vertex 15 -3.6264 6.63512
      vertex 15.3988 -3.02949 7.07308
    endloop
  endfacet
  facet normal 0.118889 -0.597876 0.792723
    outer loop
      vertex 15.7909 -2.95152 7.07308
      vertex 15.3988 -3.02949 7.07308
      vertex 15.9386 -3.50284 6.63512
    endloop
  endfacet
  facet normal 0.2215 -0.44917 0.865554
    outer loop
      vertex 16.2163 -2.10668 7.4328
      vertex 15.9309 -2.24742 7.4328
      vertex 16.1693 -2.82304 7.07308
    endloop
  endfacet
  facet normal 0.160985 -0.474234 0.865555
    outer loop
      vertex 15.9309 -2.24742 7.4328
      vertex 15.6296 -2.3497 7.4328
      vertex 16.1693 -2.82304 7.07308
    endloop
  endfacet
  facet normal 0.0327684 -0.499733 0.865559
    outer loop
      vertex 15 -2.43259 7.4328
      vertex 15 -3.05564 7.07308
      vertex 15.3988 -3.02949 7.07308
    endloop
  endfacet
  facet normal 0.0327546 -0.499741 0.865556
    outer loop
      vertex 15.3175 -2.41178 7.4328
      vertex 15 -2.43259 7.4328
      vertex 15.3988 -3.02949 7.07308
    endloop
  endfacet
  facet normal -0.338669 -0.506834 0.792731
    outer loop
      vertex 13.4722 -2.64626 7.07308
      vertex 12.7924 -2.87702 6.63512
      vertex 13.1868 -3.14056 6.63512
    endloop
  endfacet
  facet normal -0.118889 -0.597876 0.792723
    outer loop
      vertex 14.2091 -2.95152 7.07308
      vertex 14.0614 -3.50284 6.63512
      vertex 14.6012 -3.02949 7.07308
    endloop
  endfacet
  facet normal -0.571259 -0.651485 0.499231
    outer loop
      vertex 11.7869 -3.29436 5.5
      vertex 12.2161 -3.62807 5.55564
      vertex 11.7663 -3.23366 5.55564
    endloop
  endfacet
  facet normal -0.571187 -0.651349 0.49949
    outer loop
      vertex 12.2161 -3.62807 5.55564
      vertex 11.7869 -3.29436 5.5
      vertex 12.1965 -3.65355 5.5
    endloop
  endfacet
  facet normal 0.194931 -0.171056 0.965786
    outer loop
      vertex 15.8513 -0.653198 7.89432
      vertex 15.7587 -0.758723 7.89432
      vertex 16.4026 -1.07624 7.70812
    endloop
  endfacet
  facet normal -0.00855186 0.130514 0.99141
    outer loop
      vertex 15 1.073 7.89432
      vertex 14.8599 1.06382 7.89432
      vertex 15 0.359716 7.98822
    endloop
  endfacet
  facet normal 0.0420079 -0.123871 0.991409
    outer loop
      vertex 15.1377 -0.332335 7.98822
      vertex 15.0931 -0.34746 7.98822
      vertex 15.4106 -0.99132 7.89432
    endloop
  endfacet
  facet normal 0.025079 -0.382567 0.923587
    outer loop
      vertex 15.2308 -1.75279 7.70812
      vertex 15 -1.76792 7.70812
      vertex 15.3175 -2.41178 7.4328
    endloop
  endfacet
  facet normal 0.0747957 -0.376027 0.923585
    outer loop
      vertex 15.4576 -1.70768 7.70812
      vertex 15.3175 -2.41178 7.4328
      vertex 15.6296 -2.3497 7.4328
    endloop
  endfacet
  facet normal 0.401905 -0.458354 0.792707
    outer loop
      vertex 17.5643 -2.56425 6.63512
      vertex 16.8602 -2.4242 7.07308
      vertex 17.2076 -2.87702 6.63512
    endloop
  endfacet
  facet normal 0.401929 -0.458297 0.792727
    outer loop
      vertex 17.1607 -2.16066 7.07308
      vertex 16.8602 -2.4242 7.07308
      vertex 17.5643 -2.56425 6.63512
    endloop
  endfacet
  facet normal 0.41637 -0.278265 0.865566
    outer loop
      vertex 17.6463 -1.52782 7.07308
      vertex 17.1067 -1.21629 7.4328
      vertex 17.4242 -1.86015 7.07308
    endloop
  endfacet
  facet normal 0.31877 -0.21303 0.923582
    outer loop
      vertex 16.5311 -0.883958 7.70812
      vertex 16.4026 -1.07624 7.70812
      vertex 17.1067 -1.21629 7.4328
    endloop
  endfacet
  facet normal 0.252734 -0.288257 0.923598
    outer loop
      vertex 16.2501 -1.25011 7.70812
      vertex 16.0762 -1.40258 7.70812
      vertex 16.4809 -1.9299 7.4328
    endloop
  endfacet
  facet normal 0.212972 -0.318771 0.923595
    outer loop
      vertex 16.4809 -1.9299 7.4328
      vertex 16.0762 -1.40258 7.70812
      vertex 16.2163 -2.10668 7.4328
    endloop
  endfacet
  facet normal 0.215598 -0.144082 0.965794
    outer loop
      vertex 16.5311 -0.883958 7.70812
      vertex 15.9292 -0.536498 7.89432
      vertex 16.4026 -1.07624 7.70812
    endloop
  endfacet
  facet normal 0.0983786 -0.0862092 0.991408
    outer loop
      vertex 15.2854 -0.218982 7.98822
      vertex 15.2544 -0.254358 7.98822
      vertex 15.7587 -0.758723 7.89432
    endloop
  endfacet
  facet normal 0.00854458 -0.130515 0.991409
    outer loop
      vertex 15.047 -0.356639 7.98822
      vertex 15 -0.359716 7.98822
      vertex 15.1401 -1.06382 7.89432
    endloop
  endfacet
  facet normal 0.108786 -0.072617 0.991409
    outer loop
      vertex 15.9292 -0.536498 7.89432
      vertex 15.2854 -0.218982 7.98822
      vertex 15.8513 -0.653198 7.89432
    endloop
  endfacet
  facet normal 0.245587 -0.083337 0.965786
    outer loop
      vertex 16.0364 -0.277712 7.89432
      vertex 15.9913 -0.410618 7.89432
      vertex 16.6333 -0.676552 7.70812
    endloop
  endfacet
  facet normal 0.12829 -0.0255354 0.991408
    outer loop
      vertex 16.0638 -0.140054 7.89432
      vertex 15.3475 -0.0931015 7.98822
      vertex 16.0364 -0.277712 7.89432
    endloop
  endfacet
  facet normal -0.0255414 0.128278 0.991409
    outer loop
      vertex 14.953 0.356639 7.98822
      vertex 14.8599 1.06382 7.89432
      vertex 14.9069 0.34746 7.98822
    endloop
  endfacet
  facet normal -0.0255252 0.128279 0.99141
    outer loop
      vertex 14.8599 1.06382 7.89432
      vertex 14.7223 1.03644 7.89432
      vertex 14.9069 0.34746 7.98822
    endloop
  endfacet
  facet normal 0.130502 0.00861636 0.991411
    outer loop
      vertex 16.0638 0.140054 7.89432
      vertex 15.3566 0.0469522 7.98822
      vertex 15.3597 0 7.98822
    endloop
  endfacet
  facet normal 0.258784 0.0169993 0.965786
    outer loop
      vertex 16.7679 0 7.70812
      vertex 16.0638 0.140054 7.89432
      vertex 16.073 0 7.89432
    endloop
  endfacet
  facet normal -0.571187 0.651349 0.49949
    outer loop
      vertex 11.7869 3.29436 5.5
      vertex 12.2161 3.62807 5.55564
      vertex 12.1965 3.65355 5.5
    endloop
  endfacet
  facet normal -0.571259 0.651485 0.499231
    outer loop
      vertex 12.2161 3.62807 5.55564
      vertex 11.7869 3.29436 5.5
      vertex 11.7663 3.23366 5.55564
    endloop
  endfacet
  facet normal -0.571518 0.651401 0.499043
    outer loop
      vertex 11.7869 3.29436 5.5
      vertex 11.7436 3.25637 5.5
      vertex 11.7663 3.23366 5.55564
    endloop
  endfacet
  facet normal 0.706361 0.0463281 0.706334
    outer loop
      vertex 19.0997 0.539741 6.1264
      vertex 18.6264 0 6.63512
      vertex 19.1351 0 6.1264
    endloop
  endfacet
  facet normal 0.792221 -0.0519594 0.608018
    outer loop
      vertex 19.1351 0 6.1264
      vertex 19.0997 -0.539741 6.1264
      vertex 19.534 -0.596907 5.55564
    endloop
  endfacet
  facet normal 0.778676 -0.154852 0.608016
    outer loop
      vertex 19.0997 -0.539741 6.1264
      vertex 18.9942 -1.07025 6.1264
      vertex 19.534 -0.596907 5.55564
    endloop
  endfacet
  facet normal 0.69426 -0.138064 0.706358
    outer loop
      vertex 19.0997 -0.539741 6.1264
      vertex 18.5028 -0.938581 6.63512
      vertex 18.9942 -1.07025 6.1264
    endloop
  endfacet
  facet normal 0.057854 0.117309 0.991409
    outer loop
      vertex 15.4106 0.99132 7.89432
      vertex 15.1377 0.332335 7.98822
      vertex 15.1799 0.311523 7.98822
    endloop
  endfacet
  facet normal 0.0255414 0.128278 0.991409
    outer loop
      vertex 15.1401 1.06382 7.89432
      vertex 15.047 0.356639 7.98822
      vertex 15.0931 0.34746 7.98822
    endloop
  endfacet
  facet normal 0.215703 0.143987 0.965785
    outer loop
      vertex 16.4026 1.07624 7.70812
      vertex 15.8513 0.653198 7.89432
      vertex 15.9292 0.536498 7.89432
    endloop
  endfacet
  facet normal 0.169575 0.343858 0.923583
    outer loop
      vertex 16.2163 2.10668 7.4328
      vertex 15.6766 1.63334 7.70812
      vertex 15.884 1.53106 7.70812
    endloop
  endfacet
  facet normal 0.16957 0.343863 0.923582
    outer loop
      vertex 15.9309 2.24742 7.4328
      vertex 15.6766 1.63334 7.70812
      vertex 16.2163 2.10668 7.4328
    endloop
  endfacet
  facet normal 0.0420079 0.123871 0.991409
    outer loop
      vertex 15.4106 0.99132 7.89432
      vertex 15.0931 0.34746 7.98822
      vertex 15.1377 0.332335 7.98822
    endloop
  endfacet
  facet normal 0.0726982 0.108737 0.991409
    outer loop
      vertex 15.5365 0.929242 7.89432
      vertex 15.1799 0.311523 7.98822
      vertex 15.219 0.285382 7.98822
    endloop
  endfacet
  facet normal -0.0862129 -0.0983734 0.991408
    outer loop
      vertex 14.7456 -0.254358 7.98822
      vertex 14.2413 -0.758723 7.89432
      vertex 14.781 -0.285382 7.98822
    endloop
  endfacet
  facet normal -0.0862519 -0.0983291 0.991409
    outer loop
      vertex 14.781 -0.285382 7.98822
      vertex 14.2413 -0.758723 7.89432
      vertex 14.3468 -0.851265 7.89432
    endloop
  endfacet
  facet normal 0.0169563 0.258778 0.965788
    outer loop
      vertex 15 1.76792 7.70812
      vertex 15 1.073 7.89432
      vertex 15.1401 1.06382 7.89432
    endloop
  endfacet
  facet normal 0.0505901 0.254352 0.965788
    outer loop
      vertex 15.2308 1.75279 7.70812
      vertex 15.1401 1.06382 7.89432
      vertex 15.4576 1.70768 7.70812
    endloop
  endfacet
  facet normal -0.042048 0.123852 0.991409
    outer loop
      vertex 14.7223 1.03644 7.89432
      vertex 14.5894 0.99132 7.89432
      vertex 14.9069 0.34746 7.98822
    endloop
  endfacet
  facet normal 0.0862519 -0.0983291 0.991409
    outer loop
      vertex 15.7587 -0.758723 7.89432
      vertex 15.219 -0.285382 7.98822
      vertex 15.6532 -0.851265 7.89432
    endloop
  endfacet
  facet normal -0.057854 0.117309 0.991409
    outer loop
      vertex 14.8623 0.332335 7.98822
      vertex 14.5894 0.99132 7.89432
      vertex 14.8201 0.311523 7.98822
    endloop
  endfacet
  facet normal -0.114684 0.232591 0.965789
    outer loop
      vertex 14.5894 0.99132 7.89432
      vertex 14.116 1.53106 7.70812
      vertex 14.4635 0.929242 7.89432
    endloop
  endfacet
  facet normal -0.0983786 0.0862092 0.991408
    outer loop
      vertex 14.7456 0.254358 7.98822
      vertex 14.2413 0.758723 7.89432
      vertex 14.7146 0.218982 7.98822
    endloop
  endfacet
  facet normal 0.108786 0.072617 0.991409
    outer loop
      vertex 15.8513 0.653198 7.89432
      vertex 15.2854 0.218982 7.98822
      vertex 15.9292 0.536498 7.89432
    endloop
  endfacet
  facet normal 0.597869 0.118959 0.792718
    outer loop
      vertex 18.5028 0.938581 6.63512
      vertex 17.9515 0.790856 7.07308
      vertex 18.0295 0.39884 7.07308
    endloop
  endfacet
  facet normal 0.57723 0.195977 0.792716
    outer loop
      vertex 18.5028 0.938581 6.63512
      vertex 17.823 1.16934 7.07308
      vertex 17.9515 0.790856 7.07308
    endloop
  endfacet
  facet normal -0.0862519 0.0983291 0.991409
    outer loop
      vertex 14.3468 0.851265 7.89432
      vertex 14.2413 0.758723 7.89432
      vertex 14.781 0.285382 7.98822
    endloop
  endfacet
  facet normal -0.144119 0.215595 0.965789
    outer loop
      vertex 14.116 1.53106 7.70812
      vertex 13.9238 1.40258 7.70812
      vertex 14.4635 0.929242 7.89432
    endloop
  endfacet
  facet normal -0.252734 0.288257 0.923598
    outer loop
      vertex 13.9238 1.40258 7.70812
      vertex 13.5191 1.9299 7.4328
      vertex 13.7499 1.25011 7.70812
    endloop
  endfacet
  facet normal -0.212972 0.318771 0.923595
    outer loop
      vertex 13.7837 2.10668 7.4328
      vertex 13.5191 1.9299 7.4328
      vertex 13.9238 1.40258 7.70812
    endloop
  endfacet
  facet normal -0.0833683 0.24556 0.96579
    outer loop
      vertex 14.7223 1.03644 7.89432
      vertex 14.3234 1.63334 7.70812
      vertex 14.5894 0.99132 7.89432
    endloop
  endfacet
  facet normal -0.0977006 0.491178 0.865562
    outer loop
      vertex 14.6825 2.41178 7.4328
      vertex 14.2091 2.95152 7.07308
      vertex 14.3704 2.3497 7.4328
    endloop
  endfacet
  facet normal -0.0747957 0.376027 0.923585
    outer loop
      vertex 14.6825 2.41178 7.4328
      vertex 14.3704 2.3497 7.4328
      vertex 14.5424 1.70768 7.70812
    endloop
  endfacet
  facet normal -0.0747907 0.376026 0.923586
    outer loop
      vertex 14.6825 2.41178 7.4328
      vertex 14.5424 1.70768 7.70812
      vertex 14.7692 1.75279 7.70812
    endloop
  endfacet
  facet normal -0.16957 0.343863 0.923582
    outer loop
      vertex 14.0691 2.24742 7.4328
      vertex 13.7837 2.10668 7.4328
      vertex 14.3234 1.63334 7.70812
    endloop
  endfacet
  facet normal -0.195986 0.57722 0.792721
    outer loop
      vertex 14.0614 3.50284 6.63512
      vertex 13.8307 2.82304 7.07308
      vertex 14.2091 2.95152 7.07308
    endloop
  endfacet
  facet normal -0.393294 0.588547 0.706351
    outer loop
      vertex 12.9324 3.58112 6.1264
      vertex 12.4827 3.28061 6.1264
      vertex 12.7924 2.87702 6.63512
    endloop
  endfacet
  facet normal -0.401929 0.458297 0.792727
    outer loop
      vertex 13.1398 2.4242 7.07308
      vertex 12.4357 2.56425 6.63512
      vertex 12.8393 2.16066 7.07308
    endloop
  endfacet
  facet normal -0.278209 0.416417 0.865561
    outer loop
      vertex 13.7837 2.10668 7.4328
      vertex 13.1398 2.4242 7.07308
      vertex 13.5191 1.9299 7.4328
    endloop
  endfacet
  facet normal -0.278199 0.416434 0.865557
    outer loop
      vertex 13.4722 2.64626 7.07308
      vertex 13.1398 2.4242 7.07308
      vertex 13.7837 2.10668 7.4328
    endloop
  endfacet
  facet normal -0.588557 0.393356 0.706309
    outer loop
      vertex 12.123 2.20761 6.63512
      vertex 11.4189 2.06756 6.1264
      vertex 11.8594 1.8132 6.63512
    endloop
  endfacet
  facet normal -0.588569 0.39326 0.706352
    outer loop
      vertex 11.7194 2.5173 6.1264
      vertex 11.4189 2.06756 6.1264
      vertex 12.123 2.20761 6.63512
    endloop
  endfacet
  facet normal -0.401905 0.458354 0.792707
    outer loop
      vertex 12.7924 2.87702 6.63512
      vertex 12.4357 2.56425 6.63512
      vertex 13.1398 2.4242 7.07308
    endloop
  endfacet
  facet normal -0.338633 0.506897 0.792707
    outer loop
      vertex 13.4722 2.64626 7.07308
      vertex 12.7924 2.87702 6.63512
      vertex 13.1398 2.4242 7.07308
    endloop
  endfacet
  facet normal -0.227539 0.67032 0.706327
    outer loop
      vertex 14.0614 3.50284 6.63512
      vertex 13.4176 3.82035 6.1264
      vertex 13.6122 3.35036 6.63512
    endloop
  endfacet
  facet normal -0.227543 0.670315 0.70633
    outer loop
      vertex 13.9298 3.99422 6.1264
      vertex 13.4176 3.82035 6.1264
      vertex 14.0614 3.50284 6.63512
    endloop
  endfacet
  facet normal -0.0519376 0.792276 0.607949
    outer loop
      vertex 15 4.13512 6.1264
      vertex 14.4031 4.53396 5.55564
      vertex 14.4603 4.09974 6.1264
    endloop
  endfacet
  facet normal -0.154892 0.778718 0.607952
    outer loop
      vertex 14.4031 4.53396 5.55564
      vertex 13.9298 3.99422 6.1264
      vertex 14.4603 4.09974 6.1264
    endloop
  endfacet
  facet normal -0.278538 0.82049 0.499212
    outer loop
      vertex 13.7535 4.42976 5.5
      vertex 13.25 4.22498 5.55564
      vertex 13.8164 4.41726 5.55564
    endloop
  endfacet
  facet normal -0.278564 0.820532 0.499129
    outer loop
      vertex 13.25 4.22498 5.55564
      vertex 13.7535 4.42976 5.5
      vertex 13.2377 4.25465 5.5
    endloop
  endfacet
  facet normal -0.255229 0.75183 0.607956
    outer loop
      vertex 13.8164 4.41726 5.55564
      vertex 13.25 4.22498 5.55564
      vertex 13.9298 3.99422 6.1264
    endloop
  endfacet
  facet normal -0.0398659 0.608269 0.792729
    outer loop
      vertex 15 3.6264 6.63512
      vertex 14.5267 3.59538 6.63512
      vertex 14.6012 3.02949 7.07308
    endloop
  endfacet
  facet normal -0.0462943 0.706354 0.706343
    outer loop
      vertex 15 3.6264 6.63512
      vertex 14.4603 4.09974 6.1264
      vertex 14.5267 3.59538 6.63512
    endloop
  endfacet
  facet normal 0.138096 0.694276 0.706335
    outer loop
      vertex 16.0702 3.99422 6.1264
      vertex 15.5397 4.09974 6.1264
      vertex 15.9386 3.50284 6.63512
    endloop
  endfacet
  facet normal 0.138078 0.694271 0.706344
    outer loop
      vertex 15.5397 4.09974 6.1264
      vertex 15.4733 3.59538 6.63512
      vertex 15.9386 3.50284 6.63512
    endloop
  endfacet
  facet normal -0.382566 0.0250337 0.923589
    outer loop
      vertex 13.2472 0.230759 7.70812
      vertex 12.5882 0.317516 7.4328
      vertex 13.2321 0 7.70812
    endloop
  endfacet
  facet normal -0.382554 0.0250605 0.923593
    outer loop
      vertex 12.5882 0.317516 7.4328
      vertex 12.5674 0 7.4328
      vertex 13.2321 0 7.70812
    endloop
  endfacet
  facet normal -0.117315 0.0578219 0.99141
    outer loop
      vertex 14.6885 0.179858 7.98822
      vertex 14.0087 0.410618 7.89432
      vertex 14.6677 0.137657 7.98822
    endloop
  endfacet
  facet normal -0.117299 0.0578668 0.991409
    outer loop
      vertex 14.0708 0.536498 7.89432
      vertex 14.0087 0.410618 7.89432
      vertex 14.6885 0.179858 7.98822
    endloop
  endfacet
  facet normal -0.318774 0.213014 0.923584
    outer loop
      vertex 13.0701 1.48087 7.4328
      vertex 12.8933 1.21629 7.4328
      vertex 13.5974 1.07624 7.70812
    endloop
  endfacet
  facet normal -0.288236 0.252809 0.923584
    outer loop
      vertex 13.7499 1.25011 7.70812
      vertex 13.0701 1.48087 7.4328
      vertex 13.5974 1.07624 7.70812
    endloop
  endfacet
  facet normal -0.634864 0.313074 0.706352
    outer loop
      vertex 11.8594 1.8132 6.63512
      vertex 11.1796 1.58244 6.1264
      vertex 11.6496 1.38776 6.63512
    endloop
  endfacet
  facet normal -0.670333 0.227434 0.706348
    outer loop
      vertex 11.6496 1.38776 6.63512
      vertex 11.1796 1.58244 6.1264
      vertex 11.4972 0.938581 6.63512
    endloop
  endfacet
  facet normal -0.792257 -0.0518963 0.607976
    outer loop
      vertex 10.8649 0 6.1264
      vertex 10.4269 0 5.55564
      vertex 10.466 -0.596907 5.55564
    endloop
  endfacet
  facet normal -0.792257 0.0518963 0.607976
    outer loop
      vertex 10.466 0.596907 5.55564
      vertex 10.4269 0 5.55564
      vertex 10.8649 0 6.1264
    endloop
  endfacet
  facet normal -0.123775 -0.0422255 0.991412
    outer loop
      vertex 14.6525 -0.0931015 7.98822
      vertex 14.0087 -0.410618 7.89432
      vertex 14.6677 -0.137657 7.98822
    endloop
  endfacet
  facet normal -0.213072 -0.318746 0.923581
    outer loop
      vertex 13.9238 -1.40258 7.70812
      vertex 13.7837 -2.10668 7.4328
      vertex 14.116 -1.53106 7.70812
    endloop
  endfacet
  facet normal -0.252803 -0.288229 0.923588
    outer loop
      vertex 13.7499 -1.25011 7.70812
      vertex 13.2799 -1.7201 7.4328
      vertex 13.5191 -1.9299 7.4328
    endloop
  endfacet
  facet normal -0.0169563 -0.258778 0.965788
    outer loop
      vertex 15 -1.073 7.89432
      vertex 14.8599 -1.06382 7.89432
      vertex 15 -1.76792 7.70812
    endloop
  endfacet
  facet normal 0.0169563 -0.258778 0.965788
    outer loop
      vertex 15 -1.073 7.89432
      vertex 15 -1.76792 7.70812
      vertex 15.1401 -1.06382 7.89432
    endloop
  endfacet
  facet normal -0.0833683 -0.24556 0.96579
    outer loop
      vertex 14.5894 -0.99132 7.89432
      vertex 14.3234 -1.63334 7.70812
      vertex 14.7223 -1.03644 7.89432
    endloop
  endfacet
  facet normal -0.0833579 -0.245566 0.965789
    outer loop
      vertex 14.7223 -1.03644 7.89432
      vertex 14.3234 -1.63334 7.70812
      vertex 14.5424 -1.70768 7.70812
    endloop
  endfacet
  facet normal -0.17102 -0.194966 0.965785
    outer loop
      vertex 14.2413 -0.758723 7.89432
      vertex 13.9238 -1.40258 7.70812
      vertex 14.3468 -0.851265 7.89432
    endloop
  endfacet
  facet normal -0.144119 -0.215595 0.965789
    outer loop
      vertex 14.4635 -0.929242 7.89432
      vertex 13.9238 -1.40258 7.70812
      vertex 14.116 -1.53106 7.70812
    endloop
  endfacet
  facet normal 0.128306 -0.0253002 0.991412
    outer loop
      vertex 15.3566 -0.0469522 7.98822
      vertex 15.3475 -0.0931015 7.98822
      vertex 16.0638 -0.140054 7.89432
    endloop
  endfacet
  facet normal 0.130502 -0.00861636 0.991411
    outer loop
      vertex 15.3597 0 7.98822
      vertex 15.3566 -0.0469522 7.98822
      vertex 16.0638 -0.140054 7.89432
    endloop
  endfacet
  facet normal -0.0506098 -0.254343 0.965789
    outer loop
      vertex 14.7223 -1.03644 7.89432
      vertex 14.5424 -1.70768 7.70812
      vertex 14.8599 -1.06382 7.89432
    endloop
  endfacet
  facet normal -0.170965 -0.194994 0.965789
    outer loop
      vertex 14.2413 -0.758723 7.89432
      vertex 13.7499 -1.25011 7.70812
      vertex 13.9238 -1.40258 7.70812
    endloop
  endfacet
  facet normal -0.169575 -0.343858 0.923583
    outer loop
      vertex 14.116 -1.53106 7.70812
      vertex 13.7837 -2.10668 7.4328
      vertex 14.3234 -1.63334 7.70812
    endloop
  endfacet
  facet normal -0.31877 -0.21303 0.923582
    outer loop
      vertex 13.4689 -0.883958 7.70812
      vertex 12.8933 -1.21629 7.4328
      vertex 13.5974 -1.07624 7.70812
    endloop
  endfacet
  facet normal -0.318774 -0.213014 0.923584
    outer loop
      vertex 13.5974 -1.07624 7.70812
      vertex 12.8933 -1.21629 7.4328
      vertex 13.0701 -1.48087 7.4328
    endloop
  endfacet
  facet normal -0.12829 -0.0255354 0.991408
    outer loop
      vertex 14.6525 -0.0931015 7.98822
      vertex 13.9362 -0.140054 7.89432
      vertex 13.9636 -0.277712 7.89432
    endloop
  endfacet
  facet normal -0.363025 -0.123339 0.92358
    outer loop
      vertex 13.2923 -0.45757 7.70812
      vertex 12.6503 -0.6296 7.4328
      vertex 13.3667 -0.676552 7.70812
    endloop
  endfacet
  facet normal -0.376026 -0.0748236 0.923583
    outer loop
      vertex 13.2923 -0.45757 7.70812
      vertex 12.5882 -0.317516 7.4328
      vertex 12.6503 -0.6296 7.4328
    endloop
  endfacet
  facet normal 0.269584 -0.546701 0.792744
    outer loop
      vertex 16.5278 -2.64626 7.07308
      vertex 16.1693 -2.82304 7.07308
      vertex 16.3878 -3.35036 6.63512
    endloop
  endfacet
  facet normal 0.195934 -0.577214 0.792739
    outer loop
      vertex 16.1693 -2.82304 7.07308
      vertex 15.9386 -3.50284 6.63512
      vertex 16.3878 -3.35036 6.63512
    endloop
  endfacet
  facet normal -0.0250748 -0.382569 0.923587
    outer loop
      vertex 15 -1.76792 7.70812
      vertex 14.6825 -2.41178 7.4328
      vertex 15 -2.43259 7.4328
    endloop
  endfacet
  facet normal -0.0327546 -0.499741 0.865556
    outer loop
      vertex 14.6825 -2.41178 7.4328
      vertex 14.6012 -3.02949 7.07308
      vertex 15 -2.43259 7.4328
    endloop
  endfacet
  facet normal 0.195986 -0.57722 0.792721
    outer loop
      vertex 16.1693 -2.82304 7.07308
      vertex 15.7909 -2.95152 7.07308
      vertex 15.9386 -3.50284 6.63512
    endloop
  endfacet
  facet normal 0.161011 -0.47421 0.865563
    outer loop
      vertex 16.1693 -2.82304 7.07308
      vertex 15.6296 -2.3497 7.4328
      vertex 15.7909 -2.95152 7.07308
    endloop
  endfacet
  facet normal -0.269584 -0.546701 0.792744
    outer loop
      vertex 13.8307 -2.82304 7.07308
      vertex 13.4722 -2.64626 7.07308
      vertex 13.6122 -3.35036 6.63512
    endloop
  endfacet
  facet normal -0.195934 -0.577214 0.792739
    outer loop
      vertex 13.8307 -2.82304 7.07308
      vertex 13.6122 -3.35036 6.63512
      vertex 14.0614 -3.50284 6.63512
    endloop
  endfacet
  facet normal 0.0255414 -0.128278 0.991409
    outer loop
      vertex 15.0931 -0.34746 7.98822
      vertex 15.047 -0.356639 7.98822
      vertex 15.1401 -1.06382 7.89432
    endloop
  endfacet
  facet normal 0.330219 -0.376493 0.865568
    outer loop
      vertex 16.7201 -1.7201 7.4328
      vertex 16.4809 -1.9299 7.4328
      vertex 17.1607 -2.16066 7.07308
    endloop
  endfacet
  facet normal 0.252803 -0.288229 0.923588
    outer loop
      vertex 16.7201 -1.7201 7.4328
      vertex 16.2501 -1.25011 7.70812
      vertex 16.4809 -1.9299 7.4328
    endloop
  endfacet
  facet normal 0.17102 -0.194966 0.965785
    outer loop
      vertex 15.7587 -0.758723 7.89432
      vertex 15.6532 -0.851265 7.89432
      vertex 16.0762 -1.40258 7.70812
    endloop
  endfacet
  facet normal 0.170965 -0.194994 0.965789
    outer loop
      vertex 16.2501 -1.25011 7.70812
      vertex 15.7587 -0.758723 7.89432
      vertex 16.0762 -1.40258 7.70812
    endloop
  endfacet
  facet normal -0.117299 -0.0578668 0.991409
    outer loop
      vertex 14.6885 -0.179858 7.98822
      vertex 14.0087 -0.410618 7.89432
      vertex 14.0708 -0.536498 7.89432
    endloop
  endfacet
  facet normal 0.042048 -0.123852 0.991409
    outer loop
      vertex 15.4106 -0.99132 7.89432
      vertex 15.0931 -0.34746 7.98822
      vertex 15.2777 -1.03644 7.89432
    endloop
  endfacet
  facet normal 0.0506098 -0.254343 0.965789
    outer loop
      vertex 15.2777 -1.03644 7.89432
      vertex 15.1401 -1.06382 7.89432
      vertex 15.4576 -1.70768 7.70812
    endloop
  endfacet
  facet normal 0.123238 -0.363049 0.923584
    outer loop
      vertex 15.6766 -1.63334 7.70812
      vertex 15.4576 -1.70768 7.70812
      vertex 15.6296 -2.3497 7.4328
    endloop
  endfacet
  facet normal 0.0747907 -0.376026 0.923586
    outer loop
      vertex 15.4576 -1.70768 7.70812
      vertex 15.2308 -1.75279 7.70812
      vertex 15.3175 -2.41178 7.4328
    endloop
  endfacet
  facet normal 0.0505901 -0.254352 0.965788
    outer loop
      vertex 15.4576 -1.70768 7.70812
      vertex 15.1401 -1.06382 7.89432
      vertex 15.2308 -1.75279 7.70812
    endloop
  endfacet
  facet normal 0.288246 -0.252786 0.923588
    outer loop
      vertex 16.9299 -1.48087 7.4328
      vertex 16.2501 -1.25011 7.70812
      vertex 16.7201 -1.7201 7.4328
    endloop
  endfacet
  facet normal 0.376513 -0.330195 0.865569
    outer loop
      vertex 16.9299 -1.48087 7.4328
      vertex 16.7201 -1.7201 7.4328
      vertex 17.1607 -2.16066 7.07308
    endloop
  endfacet
  facet normal 0.232547 -0.114722 0.965795
    outer loop
      vertex 15.9913 -0.410618 7.89432
      vertex 15.9292 -0.536498 7.89432
      vertex 16.5311 -0.883958 7.70812
    endloop
  endfacet
  facet normal 0.0726668 -0.108753 0.991409
    outer loop
      vertex 15.6532 -0.851265 7.89432
      vertex 15.219 -0.285382 7.98822
      vertex 15.5365 -0.929242 7.89432
    endloop
  endfacet
  facet normal 0.0862129 -0.0983734 0.991408
    outer loop
      vertex 15.2544 -0.254358 7.98822
      vertex 15.219 -0.285382 7.98822
      vertex 15.7587 -0.758723 7.89432
    endloop
  endfacet
  facet normal 0.130511 0.00857312 0.99141
    outer loop
      vertex 16.0638 0.140054 7.89432
      vertex 15.3597 0 7.98822
      vertex 16.073 0 7.89432
    endloop
  endfacet
  facet normal 0.130511 -0.00857312 0.99141
    outer loop
      vertex 16.073 0 7.89432
      vertex 15.3597 0 7.98822
      vertex 16.0638 -0.140054 7.89432
    endloop
  endfacet
  facet normal 0.706361 -0.0463281 0.706334
    outer loop
      vertex 19.1351 0 6.1264
      vertex 18.6264 0 6.63512
      vertex 19.0997 -0.539741 6.1264
    endloop
  endfacet
  facet normal 0.706399 -0.0462635 0.7063
    outer loop
      vertex 18.6264 0 6.63512
      vertex 18.5954 -0.47334 6.63512
      vertex 19.0997 -0.539741 6.1264
    endloop
  endfacet
  facet normal 0.0578438 0.117313 0.991409
    outer loop
      vertex 15.4106 0.99132 7.89432
      vertex 15.1799 0.311523 7.98822
      vertex 15.5365 0.929242 7.89432
    endloop
  endfacet
  facet normal 0.114684 0.232591 0.965789
    outer loop
      vertex 15.884 1.53106 7.70812
      vertex 15.4106 0.99132 7.89432
      vertex 15.5365 0.929242 7.89432
    endloop
  endfacet
  facet normal -0.0169642 0.258779 0.965788
    outer loop
      vertex 15 1.76792 7.70812
      vertex 14.7692 1.75279 7.70812
      vertex 14.8599 1.06382 7.89432
    endloop
  endfacet
  facet normal -0.0169563 0.258778 0.965788
    outer loop
      vertex 15 1.76792 7.70812
      vertex 14.8599 1.06382 7.89432
      vertex 15 1.073 7.89432
    endloop
  endfacet
  facet normal 0.491186 0.0977387 0.865554
    outer loop
      vertex 17.9515 0.790856 7.07308
      vertex 17.3497 0.6296 7.4328
      vertex 17.4118 0.317516 7.4328
    endloop
  endfacet
  facet normal 0.474232 0.161008 0.865552
    outer loop
      vertex 17.823 1.16934 7.07308
      vertex 17.3497 0.6296 7.4328
      vertex 17.9515 0.790856 7.07308
    endloop
  endfacet
  facet normal -0.144083 0.215634 0.965786
    outer loop
      vertex 14.4635 0.929242 7.89432
      vertex 13.9238 1.40258 7.70812
      vertex 14.3468 0.851265 7.89432
    endloop
  endfacet
  facet normal -0.17102 0.194966 0.965785
    outer loop
      vertex 14.3468 0.851265 7.89432
      vertex 13.9238 1.40258 7.70812
      vertex 14.2413 0.758723 7.89432
    endloop
  endfacet
  facet normal -0.330219 0.376493 0.865568
    outer loop
      vertex 13.5191 1.9299 7.4328
      vertex 12.8393 2.16066 7.07308
      vertex 13.2799 1.7201 7.4328
    endloop
  endfacet
  facet normal -0.252803 0.288229 0.923588
    outer loop
      vertex 13.5191 1.9299 7.4328
      vertex 13.2799 1.7201 7.4328
      vertex 13.7499 1.25011 7.70812
    endloop
  endfacet
  facet normal 0.0398858 0.608277 0.792722
    outer loop
      vertex 15 3.6264 6.63512
      vertex 15 3.05564 7.07308
      vertex 15.3988 3.02949 7.07308
    endloop
  endfacet
  facet normal -0.0398858 0.608277 0.792722
    outer loop
      vertex 15 3.6264 6.63512
      vertex 14.6012 3.02949 7.07308
      vertex 15 3.05564 7.07308
    endloop
  endfacet
  facet normal -0.0506098 0.254343 0.965789
    outer loop
      vertex 14.8599 1.06382 7.89432
      vertex 14.5424 1.70768 7.70812
      vertex 14.7223 1.03644 7.89432
    endloop
  endfacet
  facet normal -0.0505901 0.254352 0.965788
    outer loop
      vertex 14.7692 1.75279 7.70812
      vertex 14.5424 1.70768 7.70812
      vertex 14.8599 1.06382 7.89432
    endloop
  endfacet
  facet normal -0.123238 0.363049 0.923584
    outer loop
      vertex 14.3704 2.3497 7.4328
      vertex 14.3234 1.63334 7.70812
      vertex 14.5424 1.70768 7.70812
    endloop
  endfacet
  facet normal -0.0976754 0.491196 0.865555
    outer loop
      vertex 14.6012 3.02949 7.07308
      vertex 14.2091 2.95152 7.07308
      vertex 14.6825 2.41178 7.4328
    endloop
  endfacet
  facet normal -0.161011 0.47421 0.865563
    outer loop
      vertex 14.2091 2.95152 7.07308
      vertex 13.8307 2.82304 7.07308
      vertex 14.3704 2.3497 7.4328
    endloop
  endfacet
  facet normal -0.123241 0.363049 0.923584
    outer loop
      vertex 14.3704 2.3497 7.4328
      vertex 14.0691 2.24742 7.4328
      vertex 14.3234 1.63334 7.70812
    endloop
  endfacet
  facet normal -0.393272 0.58855 0.706361
    outer loop
      vertex 12.9324 3.58112 6.1264
      vertex 12.7924 2.87702 6.63512
      vertex 13.1868 3.14056 6.63512
    endloop
  endfacet
  facet normal -0.338669 0.506834 0.792731
    outer loop
      vertex 13.1868 3.14056 6.63512
      vertex 12.7924 2.87702 6.63512
      vertex 13.4722 2.64626 7.07308
    endloop
  endfacet
  facet normal -0.138078 0.694271 0.706344
    outer loop
      vertex 14.4603 4.09974 6.1264
      vertex 14.0614 3.50284 6.63512
      vertex 14.5267 3.59538 6.63512
    endloop
  endfacet
  facet normal -0.118905 0.597864 0.792729
    outer loop
      vertex 14.5267 3.59538 6.63512
      vertex 14.0614 3.50284 6.63512
      vertex 14.6012 3.02949 7.07308
    endloop
  endfacet
  facet normal -0.258772 0.0169331 0.96579
    outer loop
      vertex 13.2472 0.230759 7.70812
      vertex 13.2321 0 7.70812
      vertex 13.9362 0.140054 7.89432
    endloop
  endfacet
  facet normal -0.254344 0.0505747 0.965791
    outer loop
      vertex 13.2923 0.45757 7.70812
      vertex 13.2472 0.230759 7.70812
      vertex 13.9362 0.140054 7.89432
    endloop
  endfacet
  facet normal -0.792221 -0.0519594 0.608018
    outer loop
      vertex 10.8649 0 6.1264
      vertex 10.466 -0.596907 5.55564
      vertex 10.9003 -0.539741 6.1264
    endloop
  endfacet
  facet normal -0.706361 0.0463281 0.706334
    outer loop
      vertex 10.9003 0.539741 6.1264
      vertex 10.8649 0 6.1264
      vertex 11.3736 0 6.63512
    endloop
  endfacet
  facet normal -0.025079 -0.382567 0.923587
    outer loop
      vertex 14.7692 -1.75279 7.70812
      vertex 14.6825 -2.41178 7.4328
      vertex 15 -1.76792 7.70812
    endloop
  endfacet
  facet normal -0.0169642 -0.258779 0.965788
    outer loop
      vertex 14.8599 -1.06382 7.89432
      vertex 14.7692 -1.75279 7.70812
      vertex 15 -1.76792 7.70812
    endloop
  endfacet
  facet normal -0.00854458 -0.130515 0.991409
    outer loop
      vertex 14.953 -0.356639 7.98822
      vertex 14.8599 -1.06382 7.89432
      vertex 15 -0.359716 7.98822
    endloop
  endfacet
  facet normal 0 0 1
    outer loop
      vertex 15.3566 0.0469522 7.98822
      vertex 15.3566 -0.0469522 7.98822
      vertex 15.3597 0 7.98822
    endloop
  endfacet
  facet normal 0 0 1
    outer loop
      vertex 15.3475 0.0931015 7.98822
      vertex 15.3566 -0.0469522 7.98822
      vertex 15.3566 0.0469522 7.98822
    endloop
  endfacet
  facet normal 0 0 1
    outer loop
      vertex 15.3475 0.0931015 7.98822
      vertex 15.3475 -0.0931015 7.98822
      vertex 15.3566 -0.0469522 7.98822
    endloop
  endfacet
  facet normal 0 0 1
    outer loop
      vertex 15.3323 0.137657 7.98822
      vertex 15.3475 -0.0931015 7.98822
      vertex 15.3475 0.0931015 7.98822
    endloop
  endfacet
  facet normal 0 0 1
    outer loop
      vertex 15.3323 0.137657 7.98822
      vertex 15.3323 -0.137657 7.98822
      vertex 15.3475 -0.0931015 7.98822
    endloop
  endfacet
  facet normal 0 0 1
    outer loop
      vertex 15.3115 0.179858 7.98822
      vertex 15.3323 -0.137657 7.98822
      vertex 15.3323 0.137657 7.98822
    endloop
  endfacet
  facet normal 0 0 1
    outer loop
      vertex 15.3115 0.179858 7.98822
      vertex 15.3115 -0.179858 7.98822
      vertex 15.3323 -0.137657 7.98822
    endloop
  endfacet
  facet normal 0 0 1
    outer loop
      vertex 15.2854 0.218982 7.98822
      vertex 15.3115 -0.179858 7.98822
      vertex 15.3115 0.179858 7.98822
    endloop
  endfacet
  facet normal 0 0 1
    outer loop
      vertex 15.2854 0.218982 7.98822
      vertex 15.2854 -0.218982 7.98822
      vertex 15.3115 -0.179858 7.98822
    endloop
  endfacet
  facet normal 0 0 1
    outer loop
      vertex 15.2544 0.254358 7.98822
      vertex 15.2854 -0.218982 7.98822
      vertex 15.2854 0.218982 7.98822
    endloop
  endfacet
  facet normal 0 0 1
    outer loop
      vertex 15.2544 0.254358 7.98822
      vertex 15.2544 -0.254358 7.98822
      vertex 15.2854 -0.218982 7.98822
    endloop
  endfacet
  facet normal 0 0 1
    outer loop
      vertex 15.219 0.285382 7.98822
      vertex 15.2544 -0.254358 7.98822
      vertex 15.2544 0.254358 7.98822
    endloop
  endfacet
  facet normal 0 0 1
    outer loop
      vertex 15.219 0.285382 7.98822
      vertex 15.219 -0.285382 7.98822
      vertex 15.2544 -0.254358 7.98822
    endloop
  endfacet
  facet normal 0 0 1
    outer loop
      vertex 15.1799 0.311523 7.98822
      vertex 15.219 -0.285382 7.98822
      vertex 15.219 0.285382 7.98822
    endloop
  endfacet
  facet normal 0 0 1
    outer loop
      vertex 15.1799 0.311523 7.98822
      vertex 15.1799 -0.311523 7.98822
      vertex 15.219 -0.285382 7.98822
    endloop
  endfacet
  facet normal 0 0 1
    outer loop
      vertex 15.1377 0.332335 7.98822
      vertex 15.1799 -0.311523 7.98822
      vertex 15.1799 0.311523 7.98822
    endloop
  endfacet
  facet normal 0 0 1
    outer loop
      vertex 15.1377 0.332335 7.98822
      vertex 15.1377 -0.332335 7.98822
      vertex 15.1799 -0.311523 7.98822
    endloop
  endfacet
  facet normal 0 0 1
    outer loop
      vertex 15.0931 0.34746 7.98822
      vertex 15.1377 -0.332335 7.98822
      vertex 15.1377 0.332335 7.98822
    endloop
  endfacet
  facet normal 0 0 1
    outer loop
      vertex 15.0931 0.34746 7.98822
      vertex 15.0931 -0.34746 7.98822
      vertex 15.1377 -0.332335 7.98822
    endloop
  endfacet
  facet normal 0 0 1
    outer loop
      vertex 15.047 0.356639 7.98822
      vertex 15.0931 -0.34746 7.98822
      vertex 15.0931 0.34746 7.98822
    endloop
  endfacet
  facet normal 0 0 1
    outer loop
      vertex 15.047 0.356639 7.98822
      vertex 15.047 -0.356639 7.98822
      vertex 15.0931 -0.34746 7.98822
    endloop
  endfacet
  facet normal 0 0 1
    outer loop
      vertex 15 0.359716 7.98822
      vertex 15.047 -0.356639 7.98822
      vertex 15.047 0.356639 7.98822
    endloop
  endfacet
  facet normal 0 0 1
    outer loop
      vertex 15 0.359716 7.98822
      vertex 15 -0.359716 7.98822
      vertex 15.047 -0.356639 7.98822
    endloop
  endfacet
  facet normal -0 0 1
    outer loop
      vertex 14.953 0.356639 7.98822
      vertex 15 -0.359716 7.98822
      vertex 15 0.359716 7.98822
    endloop
  endfacet
  facet normal 0 0 1
    outer loop
      vertex 14.953 0.356639 7.98822
      vertex 14.953 -0.356639 7.98822
      vertex 15 -0.359716 7.98822
    endloop
  endfacet
  facet normal -0 0 1
    outer loop
      vertex 14.9069 0.34746 7.98822
      vertex 14.953 -0.356639 7.98822
      vertex 14.953 0.356639 7.98822
    endloop
  endfacet
  facet normal 0 0 1
    outer loop
      vertex 14.9069 0.34746 7.98822
      vertex 14.9069 -0.34746 7.98822
      vertex 14.953 -0.356639 7.98822
    endloop
  endfacet
  facet normal -0 0 1
    outer loop
      vertex 14.8623 0.332335 7.98822
      vertex 14.9069 -0.34746 7.98822
      vertex 14.9069 0.34746 7.98822
    endloop
  endfacet
  facet normal 0 0 1
    outer loop
      vertex 14.8623 0.332335 7.98822
      vertex 14.8623 -0.332335 7.98822
      vertex 14.9069 -0.34746 7.98822
    endloop
  endfacet
  facet normal -0 0 1
    outer loop
      vertex 14.8201 0.311523 7.98822
      vertex 14.8623 -0.332335 7.98822
      vertex 14.8623 0.332335 7.98822
    endloop
  endfacet
  facet normal 0 0 1
    outer loop
      vertex 14.8201 0.311523 7.98822
      vertex 14.8201 -0.311523 7.98822
      vertex 14.8623 -0.332335 7.98822
    endloop
  endfacet
  facet normal -0 0 1
    outer loop
      vertex 14.781 0.285382 7.98822
      vertex 14.8201 -0.311523 7.98822
      vertex 14.8201 0.311523 7.98822
    endloop
  endfacet
  facet normal 0 0 1
    outer loop
      vertex 14.781 0.285382 7.98822
      vertex 14.781 -0.285382 7.98822
      vertex 14.8201 -0.311523 7.98822
    endloop
  endfacet
  facet normal -0 0 1
    outer loop
      vertex 14.7456 0.254358 7.98822
      vertex 14.781 -0.285382 7.98822
      vertex 14.781 0.285382 7.98822
    endloop
  endfacet
  facet normal 0 0 1
    outer loop
      vertex 14.7456 0.254358 7.98822
      vertex 14.7456 -0.254358 7.98822
      vertex 14.781 -0.285382 7.98822
    endloop
  endfacet
  facet normal -0 0 1
    outer loop
      vertex 14.7146 0.218982 7.98822
      vertex 14.7456 -0.254358 7.98822
      vertex 14.7456 0.254358 7.98822
    endloop
  endfacet
  facet normal 0 0 1
    outer loop
      vertex 14.7146 0.218982 7.98822
      vertex 14.7146 -0.218982 7.98822
      vertex 14.7456 -0.254358 7.98822
    endloop
  endfacet
  facet normal -0 0 1
    outer loop
      vertex 14.6885 0.179858 7.98822
      vertex 14.7146 -0.218982 7.98822
      vertex 14.7146 0.218982 7.98822
    endloop
  endfacet
  facet normal 0 0 1
    outer loop
      vertex 14.6885 0.179858 7.98822
      vertex 14.6885 -0.179858 7.98822
      vertex 14.7146 -0.218982 7.98822
    endloop
  endfacet
  facet normal -0 0 1
    outer loop
      vertex 14.6677 0.137657 7.98822
      vertex 14.6885 -0.179858 7.98822
      vertex 14.6885 0.179858 7.98822
    endloop
  endfacet
  facet normal 0 0 1
    outer loop
      vertex 14.6677 0.137657 7.98822
      vertex 14.6677 -0.137657 7.98822
      vertex 14.6885 -0.179858 7.98822
    endloop
  endfacet
  facet normal -0 0 1
    outer loop
      vertex 14.6525 0.0931015 7.98822
      vertex 14.6677 -0.137657 7.98822
      vertex 14.6677 0.137657 7.98822
    endloop
  endfacet
  facet normal 0 0 1
    outer loop
      vertex 14.6525 0.0931015 7.98822
      vertex 14.6525 -0.0931015 7.98822
      vertex 14.6677 -0.137657 7.98822
    endloop
  endfacet
  facet normal -0 0 1
    outer loop
      vertex 14.6434 0.0469522 7.98822
      vertex 14.6525 -0.0931015 7.98822
      vertex 14.6525 0.0931015 7.98822
    endloop
  endfacet
  facet normal 0 0 1
    outer loop
      vertex 14.6434 0.0469522 7.98822
      vertex 14.6434 -0.0469522 7.98822
      vertex 14.6525 -0.0931015 7.98822
    endloop
  endfacet
  facet normal 0 -0 1
    outer loop
      vertex 14.6434 -0.0469522 7.98822
      vertex 14.6434 0.0469522 7.98822
      vertex 14.6403 0 7.98822
    endloop
  endfacet
  facet normal -0.128306 -0.0253002 0.991412
    outer loop
      vertex 14.6434 -0.0469522 7.98822
      vertex 13.9362 -0.140054 7.89432
      vertex 14.6525 -0.0931015 7.98822
    endloop
  endfacet
  facet normal 0.0726982 -0.108737 0.991409
    outer loop
      vertex 15.219 -0.285382 7.98822
      vertex 15.1799 -0.311523 7.98822
      vertex 15.5365 -0.929242 7.89432
    endloop
  endfacet
  facet normal -0.252734 -0.288257 0.923598
    outer loop
      vertex 13.7499 -1.25011 7.70812
      vertex 13.5191 -1.9299 7.4328
      vertex 13.9238 -1.40258 7.70812
    endloop
  endfacet
  facet normal -0.212972 -0.318771 0.923595
    outer loop
      vertex 13.9238 -1.40258 7.70812
      vertex 13.5191 -1.9299 7.4328
      vertex 13.7837 -2.10668 7.4328
    endloop
  endfacet
  facet normal -0.278199 -0.416434 0.865557
    outer loop
      vertex 13.7837 -2.10668 7.4328
      vertex 13.1398 -2.4242 7.07308
      vertex 13.4722 -2.64626 7.07308
    endloop
  endfacet
  facet normal -0.338633 -0.506897 0.792707
    outer loop
      vertex 13.1398 -2.4242 7.07308
      vertex 12.7924 -2.87702 6.63512
      vertex 13.4722 -2.64626 7.07308
    endloop
  endfacet
  facet normal -0.108803 -0.0725832 0.99141
    outer loop
      vertex 14.6885 -0.179858 7.98822
      vertex 14.0708 -0.536498 7.89432
      vertex 14.7146 -0.218982 7.98822
    endloop
  endfacet
  facet normal 0.278209 -0.416417 0.865561
    outer loop
      vertex 16.4809 -1.9299 7.4328
      vertex 16.2163 -2.10668 7.4328
      vertex 16.8602 -2.4242 7.07308
    endloop
  endfacet
  facet normal 0.330207 -0.376517 0.865562
    outer loop
      vertex 17.1607 -2.16066 7.07308
      vertex 16.4809 -1.9299 7.4328
      vertex 16.8602 -2.4242 7.07308
    endloop
  endfacet
  facet normal 0.0833579 -0.245566 0.965789
    outer loop
      vertex 15.6766 -1.63334 7.70812
      vertex 15.2777 -1.03644 7.89432
      vertex 15.4576 -1.70768 7.70812
    endloop
  endfacet
  facet normal 0.0833683 -0.24556 0.96579
    outer loop
      vertex 15.4106 -0.99132 7.89432
      vertex 15.2777 -1.03644 7.89432
      vertex 15.6766 -1.63334 7.70812
    endloop
  endfacet
  facet normal 0.117299 -0.0578668 0.991409
    outer loop
      vertex 15.9913 -0.410618 7.89432
      vertex 15.3115 -0.179858 7.98822
      vertex 15.9292 -0.536498 7.89432
    endloop
  endfacet
  facet normal 0.117315 -0.0578219 0.99141
    outer loop
      vertex 15.3323 -0.137657 7.98822
      vertex 15.3115 -0.179858 7.98822
      vertex 15.9913 -0.410618 7.89432
    endloop
  endfacet
  facet normal 0.025079 0.382567 0.923587
    outer loop
      vertex 15.3175 2.41178 7.4328
      vertex 15 1.76792 7.70812
      vertex 15.2308 1.75279 7.70812
    endloop
  endfacet
  facet normal 0.0169642 0.258779 0.965788
    outer loop
      vertex 15.2308 1.75279 7.70812
      vertex 15 1.76792 7.70812
      vertex 15.1401 1.06382 7.89432
    endloop
  endfacet
  facet normal 0.0327684 0.499733 0.865559
    outer loop
      vertex 15 3.05564 7.07308
      vertex 15 2.43259 7.4328
      vertex 15.3988 3.02949 7.07308
    endloop
  endfacet
  facet normal -0.0327684 0.499733 0.865559
    outer loop
      vertex 15 3.05564 7.07308
      vertex 14.6012 3.02949 7.07308
      vertex 15 2.43259 7.4328
    endloop
  endfacet
  facet normal -0.160985 0.474234 0.865555
    outer loop
      vertex 14.3704 2.3497 7.4328
      vertex 13.8307 2.82304 7.07308
      vertex 14.0691 2.24742 7.4328
    endloop
  endfacet
  facet normal -0.2215 0.44917 0.865554
    outer loop
      vertex 13.8307 2.82304 7.07308
      vertex 13.7837 2.10668 7.4328
      vertex 14.0691 2.24742 7.4328
    endloop
  endfacet
  facet normal -0.69426 -0.138064 0.706358
    outer loop
      vertex 11.4972 -0.938581 6.63512
      vertex 10.9003 -0.539741 6.1264
      vertex 11.0058 -1.07025 6.1264
    endloop
  endfacet
  facet normal -0.694294 -0.13819 0.706299
    outer loop
      vertex 11.4046 -0.47334 6.63512
      vertex 10.9003 -0.539741 6.1264
      vertex 11.4972 -0.938581 6.63512
    endloop
  endfacet
  facet normal -0.215598 -0.144082 0.965794
    outer loop
      vertex 14.0708 -0.536498 7.89432
      vertex 13.4689 -0.883958 7.70812
      vertex 13.5974 -1.07624 7.70812
    endloop
  endfacet
  facet normal -0.232547 -0.114722 0.965795
    outer loop
      vertex 14.0087 -0.410618 7.89432
      vertex 13.4689 -0.883958 7.70812
      vertex 14.0708 -0.536498 7.89432
    endloop
  endfacet
  facet normal -0.194931 -0.171056 0.965786
    outer loop
      vertex 14.1487 -0.653198 7.89432
      vertex 13.5974 -1.07624 7.70812
      vertex 14.2413 -0.758723 7.89432
    endloop
  endfacet
  facet normal -0.0983105 -0.0862691 0.991409
    outer loop
      vertex 14.7146 -0.218982 7.98822
      vertex 14.1487 -0.653198 7.89432
      vertex 14.2413 -0.758723 7.89432
    endloop
  endfacet
  facet normal 0.057854 -0.117309 0.991409
    outer loop
      vertex 15.1799 -0.311523 7.98822
      vertex 15.1377 -0.332335 7.98822
      vertex 15.4106 -0.99132 7.89432
    endloop
  endfacet
  facet normal 0 0 -1
    outer loop
      vertex 17.6 0 5.5
      vertex 19.6052 0 5.5
      vertex 19.5696 -0.543605 5.5
    endloop
  endfacet
  facet normal 0 0 -1
    outer loop
      vertex 17.5778 -0.339368 5.5
      vertex 19.5696 -0.543605 5.5
      vertex 19.5658 -0.601099 5.5
    endloop
  endfacet
  facet normal 0 0 -1
    outer loop
      vertex 19.6052 0 5.5
      vertex 17.6 0 5.5
      vertex 19.5696 0.543605 5.5
    endloop
  endfacet
  facet normal 0 0 -1
    outer loop
      vertex 17.5778 -0.339368 5.5
      vertex 19.5658 -0.601099 5.5
      vertex 19.4595 -1.1354 5.5
    endloop
  endfacet
  facet normal 0 0 -1
    outer loop
      vertex 17.5778 0.339368 5.5
      vertex 19.5696 0.543605 5.5
      vertex 17.6 0 5.5
    endloop
  endfacet
  facet normal 0 0 -1
    outer loop
      vertex 19.4298 -1.24647 5.5
      vertex 19.4595 -1.1354 5.5
      vertex 19.4483 -1.19191 5.5
    endloop
  endfacet
  facet normal -0 0 -1
    outer loop
      vertex 19.5696 0.543605 5.5
      vertex 17.5778 0.339368 5.5
      vertex 19.5658 0.601099 5.5
    endloop
  endfacet
  facet normal -0 0 -1
    outer loop
      vertex 19.4595 -1.1354 5.5
      vertex 19.4298 -1.24647 5.5
      vertex 17.5114 -0.672929 5.5
    endloop
  endfacet
  facet normal -0 0 -1
    outer loop
      vertex 19.5658 0.601099 5.5
      vertex 17.5778 0.339368 5.5
      vertex 19.4595 1.1354 5.5
    endloop
  endfacet
  facet normal 0 0 -1
    outer loop
      vertex 17.4021 -0.994976 5.5
      vertex 19.4298 -1.24647 5.5
      vertex 19.2547 -1.76234 5.5
    endloop
  endfacet
  facet normal 0 0 -1
    outer loop
      vertex 17.5114 0.672929 5.5
      vertex 19.4595 1.1354 5.5
      vertex 17.5778 0.339368 5.5
    endloop
  endfacet
  facet normal 0 0 -1
    outer loop
      vertex 17.4021 -0.994976 5.5
      vertex 19.2547 -1.76234 5.5
      vertex 19.2292 -1.81401 5.5
    endloop
  endfacet
  facet normal 0 -0 -1
    outer loop
      vertex 19.4298 1.24647 5.5
      vertex 19.4595 1.1354 5.5
      vertex 17.5114 0.672929 5.5
    endloop
  endfacet
  facet normal 0 0 -1
    outer loop
      vertex 17.2517 -1.3 5.5
      vertex 19.2292 -1.81401 5.5
      vertex 18.9882 -2.3026 5.5
    endloop
  endfacet
  facet normal 0 0 -1
    outer loop
      vertex 19.4595 1.1354 5.5
      vertex 19.4298 1.24647 5.5
      vertex 19.4483 1.19191 5.5
    endloop
  endfacet
  facet normal 0 0 -1
    outer loop
      vertex 17.2517 -1.3 5.5
      vertex 18.9882 -2.3026 5.5
      vertex 18.9562 -2.35051 5.5
    endloop
  endfacet
  facet normal 0 0 -1
    outer loop
      vertex 17.4021 0.994976 5.5
      vertex 19.4298 1.24647 5.5
      vertex 17.5114 0.672929 5.5
    endloop
  endfacet
  facet normal 0 0 -1
    outer loop
      vertex 17.0627 -1.58278 5.5
      vertex 18.9562 -2.35051 5.5
      vertex 18.6536 -2.80347 5.5
    endloop
  endfacet
  facet normal -0 0 -1
    outer loop
      vertex 19.4298 1.24647 5.5
      vertex 17.4021 0.994976 5.5
      vertex 19.2547 1.76234 5.5
    endloop
  endfacet
  facet normal 0 0 -1
    outer loop
      vertex 17.0627 -1.58278 5.5
      vertex 18.6536 -2.80347 5.5
      vertex 18.2944 -3.21305 5.5
    endloop
  endfacet
  facet normal -0 0 -1
    outer loop
      vertex 19.2547 1.76234 5.5
      vertex 17.4021 0.994976 5.5
      vertex 19.2292 1.81401 5.5
    endloop
  endfacet
  facet normal 0 0 -1
    outer loop
      vertex 18.2131 -3.29436 5.5
      vertex 18.2944 -3.21305 5.5
      vertex 18.2564 -3.25637 5.5
    endloop
  endfacet
  facet normal 0 0 -1
    outer loop
      vertex 17.2517 1.3 5.5
      vertex 19.2292 1.81401 5.5
      vertex 17.4021 0.994976 5.5
    endloop
  endfacet
  facet normal -0 0 -1
    outer loop
      vertex 18.2944 -3.21305 5.5
      vertex 18.2131 -3.29436 5.5
      vertex 16.8385 -1.83848 5.5
    endloop
  endfacet
  facet normal -0 0 -1
    outer loop
      vertex 19.2292 1.81401 5.5
      vertex 17.2517 1.3 5.5
      vertex 18.9882 2.3026 5.5
    endloop
  endfacet
  facet normal 0 0 -1
    outer loop
      vertex 16.5828 -2.06272 5.5
      vertex 18.2131 -3.29436 5.5
      vertex 17.8035 -3.65355 5.5
    endloop
  endfacet
  facet normal -0 0 -1
    outer loop
      vertex 18.9882 2.3026 5.5
      vertex 17.2517 1.3 5.5
      vertex 18.9562 2.35051 5.5
    endloop
  endfacet
  facet normal 0 0 -1
    outer loop
      vertex 17.0627 1.58278 5.5
      vertex 18.9562 2.35051 5.5
      vertex 17.2517 1.3 5.5
    endloop
  endfacet
  facet normal 0 0 -1
    outer loop
      vertex 19.5696 -0.543605 5.5
      vertex 17.5778 -0.339368 5.5
      vertex 17.6 0 5.5
    endloop
  endfacet
  facet normal 0 0 -1
    outer loop
      vertex 19.4595 -1.1354 5.5
      vertex 17.5114 -0.672929 5.5
      vertex 17.5778 -0.339368 5.5
    endloop
  endfacet
  facet normal 0 0 -1
    outer loop
      vertex 19.4298 -1.24647 5.5
      vertex 17.4021 -0.994976 5.5
      vertex 17.5114 -0.672929 5.5
    endloop
  endfacet
  facet normal 0 0 -1
    outer loop
      vertex 16.5828 -2.06272 5.5
      vertex 17.8035 -3.65355 5.5
      vertex 17.3505 -3.95621 5.5
    endloop
  endfacet
  facet normal 0 0 -1
    outer loop
      vertex 16.3 -2.25167 5.5
      vertex 17.3505 -3.95621 5.5
      vertex 17.3026 -3.98822 5.5
    endloop
  endfacet
  facet normal 0 0 -1
    outer loop
      vertex 19.2292 -1.81401 5.5
      vertex 17.2517 -1.3 5.5
      vertex 17.4021 -0.994976 5.5
    endloop
  endfacet
  facet normal 0 0 -1
    outer loop
      vertex 18.9562 -2.35051 5.5
      vertex 17.0627 -1.58278 5.5
      vertex 17.2517 -1.3 5.5
    endloop
  endfacet
  facet normal 0 0 -1
    outer loop
      vertex 18.2944 -3.21305 5.5
      vertex 16.8385 -1.83848 5.5
      vertex 17.0627 -1.58278 5.5
    endloop
  endfacet
  facet normal 0 0 -1
    outer loop
      vertex 16.3 -2.25167 5.5
      vertex 17.3026 -3.98822 5.5
      vertex 16.814 -4.22917 5.5
    endloop
  endfacet
  facet normal 0 0 -1
    outer loop
      vertex 15.995 -2.40209 5.5
      vertex 16.814 -4.22917 5.5
      vertex 16.7623 -4.25465 5.5
    endloop
  endfacet
  facet normal 0 0 -1
    outer loop
      vertex 18.2131 -3.29436 5.5
      vertex 16.5828 -2.06272 5.5
      vertex 16.8385 -1.83848 5.5
    endloop
  endfacet
  facet normal 0 0 -1
    outer loop
      vertex 17.3505 -3.95621 5.5
      vertex 16.3 -2.25167 5.5
      vertex 16.5828 -2.06272 5.5
    endloop
  endfacet
  facet normal 0 0 -1
    outer loop
      vertex 15.995 -2.40209 5.5
      vertex 16.7623 -4.25465 5.5
      vertex 16.2465 -4.42976 5.5
    endloop
  endfacet
  facet normal 0 0 -1
    outer loop
      vertex 16.1354 -4.45953 5.5
      vertex 16.2465 -4.42976 5.5
      vertex 16.1919 -4.44829 5.5
    endloop
  endfacet
  facet normal -0 0 -1
    outer loop
      vertex 16.2465 -4.42976 5.5
      vertex 16.1354 -4.45953 5.5
      vertex 15.6729 -2.51141 5.5
    endloop
  endfacet
  facet normal 0 0 -1
    outer loop
      vertex 16.814 -4.22917 5.5
      vertex 15.995 -2.40209 5.5
      vertex 16.3 -2.25167 5.5
    endloop
  endfacet
  facet normal 0 0 -1
    outer loop
      vertex 16.2465 -4.42976 5.5
      vertex 15.6729 -2.51141 5.5
      vertex 15.995 -2.40209 5.5
    endloop
  endfacet
  facet normal 0 0 -1
    outer loop
      vertex 15.3394 -2.57776 5.5
      vertex 16.1354 -4.45953 5.5
      vertex 15.6011 -4.56581 5.5
    endloop
  endfacet
  facet normal 0 0 -1
    outer loop
      vertex 15.3394 -2.57776 5.5
      vertex 15.6011 -4.56581 5.5
      vertex 15.5436 -4.56957 5.5
    endloop
  endfacet
  facet normal 0 0 -1
    outer loop
      vertex 16.1354 -4.45953 5.5
      vertex 15.3394 -2.57776 5.5
      vertex 15.6729 -2.51141 5.5
    endloop
  endfacet
  facet normal 0 0 -1
    outer loop
      vertex 15 -2.6 5.5
      vertex 15.5436 -4.56957 5.5
      vertex 15 -4.6052 5.5
    endloop
  endfacet
  facet normal 0 0 -1
    outer loop
      vertex 15.5436 -4.56957 5.5
      vertex 15 -2.6 5.5
      vertex 15.3394 -2.57776 5.5
    endloop
  endfacet
  facet normal 0 0 -1
    outer loop
      vertex 14.4564 -4.56957 5.5
      vertex 15 -2.6 5.5
      vertex 15 -4.6052 5.5
    endloop
  endfacet
  facet normal -0 0 -1
    outer loop
      vertex 15 -2.6 5.5
      vertex 14.4564 -4.56957 5.5
      vertex 14.6606 -2.57776 5.5
    endloop
  endfacet
  facet normal 0 0 -1
    outer loop
      vertex 14.3989 -4.56581 5.5
      vertex 14.6606 -2.57776 5.5
      vertex 14.4564 -4.56957 5.5
    endloop
  endfacet
  facet normal 0 0 -1
    outer loop
      vertex 13.8646 -4.45953 5.5
      vertex 14.6606 -2.57776 5.5
      vertex 14.3989 -4.56581 5.5
    endloop
  endfacet
  facet normal -0 0 -1
    outer loop
      vertex 14.6606 -2.57776 5.5
      vertex 13.8646 -4.45953 5.5
      vertex 14.3271 -2.51141 5.5
    endloop
  endfacet
  facet normal 0 0 -1
    outer loop
      vertex 13.7535 -4.42976 5.5
      vertex 14.3271 -2.51141 5.5
      vertex 13.8646 -4.45953 5.5
    endloop
  endfacet
  facet normal 0 0 -1
    outer loop
      vertex 13.7535 -4.42976 5.5
      vertex 13.8646 -4.45953 5.5
      vertex 13.8081 -4.44829 5.5
    endloop
  endfacet
  facet normal -0 0 -1
    outer loop
      vertex 14.3271 -2.51141 5.5
      vertex 13.7535 -4.42976 5.5
      vertex 14.005 -2.40209 5.5
    endloop
  endfacet
  facet normal 0 0 -1
    outer loop
      vertex 13.2377 -4.25465 5.5
      vertex 14.005 -2.40209 5.5
      vertex 13.7535 -4.42976 5.5
    endloop
  endfacet
  facet normal 0 0 -1
    outer loop
      vertex 13.186 -4.22917 5.5
      vertex 14.005 -2.40209 5.5
      vertex 13.2377 -4.25465 5.5
    endloop
  endfacet
  facet normal -0 0 -1
    outer loop
      vertex 14.005 -2.40209 5.5
      vertex 13.186 -4.22917 5.5
      vertex 13.7 -2.25167 5.5
    endloop
  endfacet
  facet normal 0 0 -1
    outer loop
      vertex 12.6974 -3.98822 5.5
      vertex 13.7 -2.25167 5.5
      vertex 13.186 -4.22917 5.5
    endloop
  endfacet
  facet normal 0 0 -1
    outer loop
      vertex 12.6495 -3.95621 5.5
      vertex 13.7 -2.25167 5.5
      vertex 12.6974 -3.98822 5.5
    endloop
  endfacet
  facet normal -0 0 -1
    outer loop
      vertex 13.7 -2.25167 5.5
      vertex 12.6495 -3.95621 5.5
      vertex 13.4172 -2.06272 5.5
    endloop
  endfacet
  facet normal 0 0 -1
    outer loop
      vertex 12.1965 -3.65355 5.5
      vertex 13.4172 -2.06272 5.5
      vertex 12.6495 -3.95621 5.5
    endloop
  endfacet
  facet normal 0 0 -1
    outer loop
      vertex 11.7869 -3.29436 5.5
      vertex 13.4172 -2.06272 5.5
      vertex 12.1965 -3.65355 5.5
    endloop
  endfacet
  facet normal -0 0 -1
    outer loop
      vertex 13.4172 -2.06272 5.5
      vertex 11.7869 -3.29436 5.5
      vertex 13.1615 -1.83848 5.5
    endloop
  endfacet
  facet normal 0 0 -1
    outer loop
      vertex 11.7056 -3.21305 5.5
      vertex 13.1615 -1.83848 5.5
      vertex 11.7869 -3.29436 5.5
    endloop
  endfacet
  facet normal -0 0 -1
    outer loop
      vertex 13.1615 -1.83848 5.5
      vertex 11.7056 -3.21305 5.5
      vertex 12.9373 -1.58278 5.5
    endloop
  endfacet
  facet normal 0 0 -1
    outer loop
      vertex 11.3464 -2.80347 5.5
      vertex 12.9373 -1.58278 5.5
      vertex 11.7056 -3.21305 5.5
    endloop
  endfacet
  facet normal 0 0 -1
    outer loop
      vertex 11.0438 -2.35051 5.5
      vertex 12.9373 -1.58278 5.5
      vertex 11.3464 -2.80347 5.5
    endloop
  endfacet
  facet normal -0 0 -1
    outer loop
      vertex 12.9373 -1.58278 5.5
      vertex 11.0438 -2.35051 5.5
      vertex 12.7483 -1.3 5.5
    endloop
  endfacet
  facet normal -0 0 -1
    outer loop
      vertex 18.9562 2.35051 5.5
      vertex 17.0627 1.58278 5.5
      vertex 18.6536 2.80347 5.5
    endloop
  endfacet
  facet normal -0 0 -1
    outer loop
      vertex 18.6536 2.80347 5.5
      vertex 17.0627 1.58278 5.5
      vertex 18.2944 3.21305 5.5
    endloop
  endfacet
  facet normal 0 0 -1
    outer loop
      vertex 16.8385 1.83848 5.5
      vertex 18.2944 3.21305 5.5
      vertex 17.0627 1.58278 5.5
    endloop
  endfacet
  facet normal 0 -0 -1
    outer loop
      vertex 18.2131 3.29436 5.5
      vertex 18.2944 3.21305 5.5
      vertex 16.8385 1.83848 5.5
    endloop
  endfacet
  facet normal 0 0 -1
    outer loop
      vertex 18.2944 3.21305 5.5
      vertex 18.2131 3.29436 5.5
      vertex 18.2564 3.25637 5.5
    endloop
  endfacet
  facet normal 0 0 -1
    outer loop
      vertex 16.5828 2.06272 5.5
      vertex 18.2131 3.29436 5.5
      vertex 16.8385 1.83848 5.5
    endloop
  endfacet
  facet normal -0 0 -1
    outer loop
      vertex 18.2131 3.29436 5.5
      vertex 16.5828 2.06272 5.5
      vertex 17.8035 3.65355 5.5
    endloop
  endfacet
  facet normal -0 0 -1
    outer loop
      vertex 17.8035 3.65355 5.5
      vertex 16.5828 2.06272 5.5
      vertex 17.3505 3.95621 5.5
    endloop
  endfacet
  facet normal 0 0 -1
    outer loop
      vertex 16.3 2.25167 5.5
      vertex 17.3505 3.95621 5.5
      vertex 16.5828 2.06272 5.5
    endloop
  endfacet
  facet normal -0 0 -1
    outer loop
      vertex 17.3505 3.95621 5.5
      vertex 16.3 2.25167 5.5
      vertex 17.3026 3.98822 5.5
    endloop
  endfacet
  facet normal -0 0 -1
    outer loop
      vertex 17.3026 3.98822 5.5
      vertex 16.3 2.25167 5.5
      vertex 16.814 4.22917 5.5
    endloop
  endfacet
  facet normal 0 0 -1
    outer loop
      vertex 15.995 2.40209 5.5
      vertex 16.814 4.22917 5.5
      vertex 16.3 2.25167 5.5
    endloop
  endfacet
  facet normal -0 0 -1
    outer loop
      vertex 16.814 4.22917 5.5
      vertex 15.995 2.40209 5.5
      vertex 16.7623 4.25465 5.5
    endloop
  endfacet
  facet normal -0 0 -1
    outer loop
      vertex 16.7623 4.25465 5.5
      vertex 15.995 2.40209 5.5
      vertex 16.2465 4.42976 5.5
    endloop
  endfacet
  facet normal 0 0 -1
    outer loop
      vertex 15.6729 2.51141 5.5
      vertex 16.2465 4.42976 5.5
      vertex 15.995 2.40209 5.5
    endloop
  endfacet
  facet normal 0 -0 -1
    outer loop
      vertex 16.1354 4.45953 5.5
      vertex 16.2465 4.42976 5.5
      vertex 15.6729 2.51141 5.5
    endloop
  endfacet
  facet normal 0 0 -1
    outer loop
      vertex 16.2465 4.42976 5.5
      vertex 16.1354 4.45953 5.5
      vertex 16.1919 4.44829 5.5
    endloop
  endfacet
  facet normal 0 0 -1
    outer loop
      vertex 15.3394 2.57776 5.5
      vertex 16.1354 4.45953 5.5
      vertex 15.6729 2.51141 5.5
    endloop
  endfacet
  facet normal -0 0 -1
    outer loop
      vertex 16.1354 4.45953 5.5
      vertex 15.3394 2.57776 5.5
      vertex 15.6011 4.56581 5.5
    endloop
  endfacet
  facet normal -0 0 -1
    outer loop
      vertex 15.6011 4.56581 5.5
      vertex 15.3394 2.57776 5.5
      vertex 15.5436 4.56957 5.5
    endloop
  endfacet
  facet normal 0 0 -1
    outer loop
      vertex 15 2.6 5.5
      vertex 15.5436 4.56957 5.5
      vertex 15.3394 2.57776 5.5
    endloop
  endfacet
  facet normal 0 0 -1
    outer loop
      vertex 15 2.6 5.5
      vertex 15 4.6052 5.5
      vertex 15.5436 4.56957 5.5
    endloop
  endfacet
  facet normal 0 0 -1
    outer loop
      vertex 14.4564 4.56957 5.5
      vertex 15 2.6 5.5
      vertex 14.6606 2.57776 5.5
    endloop
  endfacet
  facet normal 0 0 -1
    outer loop
      vertex 15 2.6 5.5
      vertex 14.4564 4.56957 5.5
      vertex 15 4.6052 5.5
    endloop
  endfacet
  facet normal 0 0 -1
    outer loop
      vertex 14.6606 2.57776 5.5
      vertex 14.3989 4.56581 5.5
      vertex 14.4564 4.56957 5.5
    endloop
  endfacet
  facet normal 0 0 -1
    outer loop
      vertex 13.8646 4.45953 5.5
      vertex 14.6606 2.57776 5.5
      vertex 14.3271 2.51141 5.5
    endloop
  endfacet
  facet normal 0 0 -1
    outer loop
      vertex 13.7535 4.42976 5.5
      vertex 14.3271 2.51141 5.5
      vertex 14.005 2.40209 5.5
    endloop
  endfacet
  facet normal 0 0 -1
    outer loop
      vertex 14.6606 2.57776 5.5
      vertex 13.8646 4.45953 5.5
      vertex 14.3989 4.56581 5.5
    endloop
  endfacet
  facet normal 0 0 -1
    outer loop
      vertex 14.3271 2.51141 5.5
      vertex 13.7535 4.42976 5.5
      vertex 13.8646 4.45953 5.5
    endloop
  endfacet
  facet normal 0 0 -1
    outer loop
      vertex 13.8646 4.45953 5.5
      vertex 13.7535 4.42976 5.5
      vertex 13.8081 4.44829 5.5
    endloop
  endfacet
  facet normal 0 0 -1
    outer loop
      vertex 13.186 4.22917 5.5
      vertex 14.005 2.40209 5.5
      vertex 13.7 2.25167 5.5
    endloop
  endfacet
  facet normal 0 0 -1
    outer loop
      vertex 12.6495 3.95621 5.5
      vertex 13.7 2.25167 5.5
      vertex 13.4172 2.06272 5.5
    endloop
  endfacet
  facet normal 0 0 -1
    outer loop
      vertex 14.005 2.40209 5.5
      vertex 13.2377 4.25465 5.5
      vertex 13.7535 4.42976 5.5
    endloop
  endfacet
  facet normal 0 0 -1
    outer loop
      vertex 14.005 2.40209 5.5
      vertex 13.186 4.22917 5.5
      vertex 13.2377 4.25465 5.5
    endloop
  endfacet
  facet normal 0 0 -1
    outer loop
      vertex 11.7869 3.29436 5.5
      vertex 13.4172 2.06272 5.5
      vertex 13.1615 1.83848 5.5
    endloop
  endfacet
  facet normal 0 0 -1
    outer loop
      vertex 11.7056 3.21305 5.5
      vertex 13.1615 1.83848 5.5
      vertex 12.9373 1.58278 5.5
    endloop
  endfacet
  facet normal 0 0 -1
    outer loop
      vertex 11.0438 2.35051 5.5
      vertex 12.9373 1.58278 5.5
      vertex 12.7483 1.3 5.5
    endloop
  endfacet
  facet normal 0 0 -1
    outer loop
      vertex 13.7 2.25167 5.5
      vertex 12.6974 3.98822 5.5
      vertex 13.186 4.22917 5.5
    endloop
  endfacet
  facet normal 0 0 -1
    outer loop
      vertex 13.7 2.25167 5.5
      vertex 12.6495 3.95621 5.5
      vertex 12.6974 3.98822 5.5
    endloop
  endfacet
  facet normal 0 0 -1
    outer loop
      vertex 10.7708 1.81401 5.5
      vertex 12.7483 1.3 5.5
      vertex 12.5979 0.994976 5.5
    endloop
  endfacet
  facet normal 0 0 -1
    outer loop
      vertex 10.5702 1.24647 5.5
      vertex 12.5979 0.994976 5.5
      vertex 12.4886 0.672929 5.5
    endloop
  endfacet
  facet normal 0 0 -1
    outer loop
      vertex 10.5405 1.1354 5.5
      vertex 12.4886 0.672929 5.5
      vertex 12.4222 0.339368 5.5
    endloop
  endfacet
  facet normal 0 0 -1
    outer loop
      vertex 10.4304 0.543605 5.5
      vertex 12.4222 0.339368 5.5
      vertex 12.4 0 5.5
    endloop
  endfacet
  facet normal 0 0 -1
    outer loop
      vertex 13.4172 2.06272 5.5
      vertex 12.1965 3.65355 5.5
      vertex 12.6495 3.95621 5.5
    endloop
  endfacet
  facet normal 0 0 -1
    outer loop
      vertex 11.0118 -2.3026 5.5
      vertex 12.7483 -1.3 5.5
      vertex 11.0438 -2.35051 5.5
    endloop
  endfacet
  facet normal 0 0 -1
    outer loop
      vertex 10.7708 -1.81401 5.5
      vertex 12.7483 -1.3 5.5
      vertex 11.0118 -2.3026 5.5
    endloop
  endfacet
  facet normal 0 0 -1
    outer loop
      vertex 13.4172 2.06272 5.5
      vertex 11.7869 3.29436 5.5
      vertex 12.1965 3.65355 5.5
    endloop
  endfacet
  facet normal 0 0 -1
    outer loop
      vertex 11.7056 -3.21305 5.5
      vertex 11.7869 -3.29436 5.5
      vertex 11.7436 -3.25637 5.5
    endloop
  endfacet
  facet normal -0 0 -1
    outer loop
      vertex 12.7483 -1.3 5.5
      vertex 10.7708 -1.81401 5.5
      vertex 12.5979 -0.994976 5.5
    endloop
  endfacet
  facet normal 0 0 -1
    outer loop
      vertex 13.1615 1.83848 5.5
      vertex 11.7056 3.21305 5.5
      vertex 11.7869 3.29436 5.5
    endloop
  endfacet
  facet normal 0 0 -1
    outer loop
      vertex 11.7869 3.29436 5.5
      vertex 11.7056 3.21305 5.5
      vertex 11.7436 3.25637 5.5
    endloop
  endfacet
  facet normal 0 0 -1
    outer loop
      vertex 10.7453 -1.76234 5.5
      vertex 12.5979 -0.994976 5.5
      vertex 10.7708 -1.81401 5.5
    endloop
  endfacet
  facet normal 0 0 -1
    outer loop
      vertex 10.5702 -1.24647 5.5
      vertex 12.5979 -0.994976 5.5
      vertex 10.7453 -1.76234 5.5
    endloop
  endfacet
  facet normal 0 0 -1
    outer loop
      vertex 12.9373 1.58278 5.5
      vertex 11.0438 2.35051 5.5
      vertex 11.3464 2.80347 5.5
    endloop
  endfacet
  facet normal 0 0 -1
    outer loop
      vertex 12.9373 1.58278 5.5
      vertex 11.3464 2.80347 5.5
      vertex 11.7056 3.21305 5.5
    endloop
  endfacet
  facet normal -0 0 -1
    outer loop
      vertex 12.5979 -0.994976 5.5
      vertex 10.5702 -1.24647 5.5
      vertex 12.4886 -0.672929 5.5
    endloop
  endfacet
  facet normal 0 0 -1
    outer loop
      vertex 10.5405 -1.1354 5.5
      vertex 12.4886 -0.672929 5.5
      vertex 10.5702 -1.24647 5.5
    endloop
  endfacet
  facet normal 0 0 -1
    outer loop
      vertex 12.7483 1.3 5.5
      vertex 10.7708 1.81401 5.5
      vertex 11.0118 2.3026 5.5
    endloop
  endfacet
  facet normal 0 0 -1
    outer loop
      vertex 12.7483 1.3 5.5
      vertex 11.0118 2.3026 5.5
      vertex 11.0438 2.35051 5.5
    endloop
  endfacet
  facet normal -0 0 -1
    outer loop
      vertex 12.4886 -0.672929 5.5
      vertex 10.5405 -1.1354 5.5
      vertex 12.4222 -0.339368 5.5
    endloop
  endfacet
  facet normal 0 0 -1
    outer loop
      vertex 10.4342 -0.601099 5.5
      vertex 12.4222 -0.339368 5.5
      vertex 10.5405 -1.1354 5.5
    endloop
  endfacet
  facet normal 0 0 -1
    outer loop
      vertex 12.5979 0.994976 5.5
      vertex 10.5702 1.24647 5.5
      vertex 10.7453 1.76234 5.5
    endloop
  endfacet
  facet normal 0 0 -1
    outer loop
      vertex 12.5979 0.994976 5.5
      vertex 10.7453 1.76234 5.5
      vertex 10.7708 1.81401 5.5
    endloop
  endfacet
  facet normal 0 0 -1
    outer loop
      vertex 10.5405 -1.1354 5.5
      vertex 10.5702 -1.24647 5.5
      vertex 10.5517 -1.19191 5.5
    endloop
  endfacet
  facet normal 0 0 -1
    outer loop
      vertex 10.4304 -0.543605 5.5
      vertex 12.4222 -0.339368 5.5
      vertex 10.4342 -0.601099 5.5
    endloop
  endfacet
  facet normal 0 0 -1
    outer loop
      vertex 12.4886 0.672929 5.5
      vertex 10.5405 1.1354 5.5
      vertex 10.5702 1.24647 5.5
    endloop
  endfacet
  facet normal 0 0 -1
    outer loop
      vertex 10.5702 1.24647 5.5
      vertex 10.5405 1.1354 5.5
      vertex 10.5517 1.19191 5.5
    endloop
  endfacet
  facet normal -0 0 -1
    outer loop
      vertex 12.4222 -0.339368 5.5
      vertex 10.4304 -0.543605 5.5
      vertex 12.4 0 5.5
    endloop
  endfacet
  facet normal 0 0 -1
    outer loop
      vertex 10.3948 0 5.5
      vertex 12.4 0 5.5
      vertex 10.4304 -0.543605 5.5
    endloop
  endfacet
  facet normal 0 0 -1
    outer loop
      vertex 12.4222 0.339368 5.5
      vertex 10.4304 0.543605 5.5
      vertex 10.4342 0.601099 5.5
    endloop
  endfacet
  facet normal 0 0 -1
    outer loop
      vertex 12.4222 0.339368 5.5
      vertex 10.4342 0.601099 5.5
      vertex 10.5405 1.1354 5.5
    endloop
  endfacet
  facet normal 0 0 -1
    outer loop
      vertex 12.4 0 5.5
      vertex 10.3948 0 5.5
      vertex 10.4304 0.543605 5.5
    endloop
  endfacet
  facet normal 0.980757 0.195233 0
    outer loop
      vertex 17.5778 0.339368 5.5
      vertex 17.5114 0.672929 4.7
      vertex 17.5114 0.672929 5.5
    endloop
  endfacet
  facet normal 0.980757 0.195233 0
    outer loop
      vertex 17.5114 0.672929 4.7
      vertex 17.5778 0.339368 5.5
      vertex 17.5778 0.339368 4.7
    endloop
  endfacet
  facet normal 0.997867 0.0652762 0
    outer loop
      vertex 17.6 0 5.5
      vertex 17.5778 0.339368 4.7
      vertex 17.5778 0.339368 5.5
    endloop
  endfacet
  facet normal 0.997867 0.0652762 0
    outer loop
      vertex 17.5778 0.339368 4.7
      vertex 17.6 0 5.5
      vertex 17.6 0 4.7
    endloop
  endfacet
  facet normal 0.946948 0.321386 0
    outer loop
      vertex 17.5114 0.672929 5.5
      vertex 17.4021 0.994976 4.7
      vertex 17.4021 0.994976 5.5
    endloop
  endfacet
  facet normal 0.946948 0.321386 0
    outer loop
      vertex 17.4021 0.994976 4.7
      vertex 17.5114 0.672929 5.5
      vertex 17.5114 0.672929 4.7
    endloop
  endfacet
  facet normal -0.659341 0.751844 0
    outer loop
      vertex 13.4172 2.06272 4.7
      vertex 13.1615 1.83848 5.5
      vertex 13.4172 2.06272 5.5
    endloop
  endfacet
  facet normal -0.659341 0.751844 0
    outer loop
      vertex 13.1615 1.83848 5.5
      vertex 13.4172 2.06272 4.7
      vertex 13.1615 1.83848 4.7
    endloop
  endfacet
  facet normal 0.0653872 0.99786 -0
    outer loop
      vertex 15.3394 2.57776 4.7
      vertex 15 2.6 5.5
      vertex 15.3394 2.57776 5.5
    endloop
  endfacet
  facet normal 0.0653872 0.99786 0
    outer loop
      vertex 15 2.6 5.5
      vertex 15.3394 2.57776 4.7
      vertex 15 2.6 4.7
    endloop
  endfacet
  facet normal -0.946948 0.321386 0
    outer loop
      vertex 12.4886 0.672929 4.7
      vertex 12.5979 0.994976 5.5
      vertex 12.5979 0.994976 4.7
    endloop
  endfacet
  facet normal -0.946948 0.321386 0
    outer loop
      vertex 12.5979 0.994976 5.5
      vertex 12.4886 0.672929 4.7
      vertex 12.4886 0.672929 5.5
    endloop
  endfacet
  facet normal 0.980757 -0.195233 0
    outer loop
      vertex 17.5114 -0.672929 5.5
      vertex 17.5778 -0.339368 4.7
      vertex 17.5778 -0.339368 5.5
    endloop
  endfacet
  facet normal 0.980757 -0.195233 0
    outer loop
      vertex 17.5778 -0.339368 4.7
      vertex 17.5114 -0.672929 5.5
      vertex 17.5114 -0.672929 4.7
    endloop
  endfacet
  facet normal -0.831398 -0.555677 0
    outer loop
      vertex 12.9373 -1.58278 4.7
      vertex 12.7483 -1.3 5.5
      vertex 12.7483 -1.3 4.7
    endloop
  endfacet
  facet normal -0.831398 -0.555677 0
    outer loop
      vertex 12.7483 -1.3 5.5
      vertex 12.9373 -1.58278 4.7
      vertex 12.9373 -1.58278 5.5
    endloop
  endfacet
  facet normal -0.980757 0.195233 0
    outer loop
      vertex 12.4222 0.339368 4.7
      vertex 12.4886 0.672929 5.5
      vertex 12.4886 0.672929 4.7
    endloop
  endfacet
  facet normal -0.980757 0.195233 0
    outer loop
      vertex 12.4886 0.672929 5.5
      vertex 12.4222 0.339368 4.7
      vertex 12.4222 0.339368 5.5
    endloop
  endfacet
  facet normal -0.555548 0.831484 0
    outer loop
      vertex 13.7 2.25167 4.7
      vertex 13.4172 2.06272 5.5
      vertex 13.7 2.25167 5.5
    endloop
  endfacet
  facet normal -0.555548 0.831484 0
    outer loop
      vertex 13.4172 2.06272 5.5
      vertex 13.7 2.25167 4.7
      vertex 13.4172 2.06272 4.7
    endloop
  endfacet
  facet normal -0.946948 -0.321386 0
    outer loop
      vertex 12.5979 -0.994976 4.7
      vertex 12.4886 -0.672929 5.5
      vertex 12.4886 -0.672929 4.7
    endloop
  endfacet
  facet normal -0.946948 -0.321386 0
    outer loop
      vertex 12.4886 -0.672929 5.5
      vertex 12.5979 -0.994976 4.7
      vertex 12.5979 -0.994976 5.5
    endloop
  endfacet
  facet normal -0.980757 -0.195233 0
    outer loop
      vertex 12.4886 -0.672929 4.7
      vertex 12.4222 -0.339368 5.5
      vertex 12.4222 -0.339368 4.7
    endloop
  endfacet
  facet normal -0.980757 -0.195233 0
    outer loop
      vertex 12.4222 -0.339368 5.5
      vertex 12.4886 -0.672929 4.7
      vertex 12.4886 -0.672929 5.5
    endloop
  endfacet
  facet normal 0.321391 -0.946946 0
    outer loop
      vertex 15.6729 -2.51141 4.7
      vertex 15.995 -2.40209 5.5
      vertex 15.6729 -2.51141 5.5
    endloop
  endfacet
  facet normal 0.321391 -0.946946 0
    outer loop
      vertex 15.995 -2.40209 5.5
      vertex 15.6729 -2.51141 4.7
      vertex 15.995 -2.40209 4.7
    endloop
  endfacet
  facet normal -0.751902 0.659275 0
    outer loop
      vertex 12.9373 1.58278 4.7
      vertex 13.1615 1.83848 5.5
      vertex 13.1615 1.83848 4.7
    endloop
  endfacet
  facet normal -0.751902 0.659275 0
    outer loop
      vertex 13.1615 1.83848 5.5
      vertex 12.9373 1.58278 4.7
      vertex 12.9373 1.58278 5.5
    endloop
  endfacet
  facet normal 0.195126 -0.980778 0
    outer loop
      vertex 15.3394 -2.57776 4.7
      vertex 15.6729 -2.51141 5.5
      vertex 15.3394 -2.57776 5.5
    endloop
  endfacet
  facet normal 0.195126 -0.980778 0
    outer loop
      vertex 15.6729 -2.51141 5.5
      vertex 15.3394 -2.57776 4.7
      vertex 15.6729 -2.51141 4.7
    endloop
  endfacet
  facet normal -0.321391 0.946946 0
    outer loop
      vertex 14.3271 2.51141 4.7
      vertex 14.005 2.40209 5.5
      vertex 14.3271 2.51141 5.5
    endloop
  endfacet
  facet normal -0.321391 0.946946 0
    outer loop
      vertex 14.005 2.40209 5.5
      vertex 14.3271 2.51141 4.7
      vertex 14.005 2.40209 4.7
    endloop
  endfacet
  facet normal 0.896897 0.442239 0
    outer loop
      vertex 17.4021 0.994976 5.5
      vertex 17.2517 1.3 4.7
      vertex 17.2517 1.3 5.5
    endloop
  endfacet
  facet normal 0.896897 0.442239 0
    outer loop
      vertex 17.2517 1.3 4.7
      vertex 17.4021 0.994976 5.5
      vertex 17.4021 0.994976 4.7
    endloop
  endfacet
  facet normal -0.997867 -0.0652762 0
    outer loop
      vertex 12.4222 -0.339368 4.7
      vertex 12.4 0 5.5
      vertex 12.4 0 4.7
    endloop
  endfacet
  facet normal -0.997867 -0.0652762 0
    outer loop
      vertex 12.4 0 5.5
      vertex 12.4222 -0.339368 4.7
      vertex 12.4222 -0.339368 5.5
    endloop
  endfacet
  facet normal -0.0653872 -0.99786 0
    outer loop
      vertex 14.6606 -2.57776 4.7
      vertex 15 -2.6 5.5
      vertex 14.6606 -2.57776 5.5
    endloop
  endfacet
  facet normal -0.0653872 -0.99786 -0
    outer loop
      vertex 15 -2.6 5.5
      vertex 14.6606 -2.57776 4.7
      vertex 15 -2.6 4.7
    endloop
  endfacet
  facet normal 0.195126 0.980778 -0
    outer loop
      vertex 15.6729 2.51141 4.7
      vertex 15.3394 2.57776 5.5
      vertex 15.6729 2.51141 5.5
    endloop
  endfacet
  facet normal 0.195126 0.980778 0
    outer loop
      vertex 15.3394 2.57776 5.5
      vertex 15.6729 2.51141 4.7
      vertex 15.3394 2.57776 4.7
    endloop
  endfacet
  facet normal 0.831398 -0.555677 0
    outer loop
      vertex 17.0627 -1.58278 5.5
      vertex 17.2517 -1.3 4.7
      vertex 17.2517 -1.3 5.5
    endloop
  endfacet
  facet normal 0.831398 -0.555677 0
    outer loop
      vertex 17.2517 -1.3 4.7
      vertex 17.0627 -1.58278 5.5
      vertex 17.0627 -1.58278 4.7
    endloop
  endfacet
  facet normal -0.751902 -0.659275 0
    outer loop
      vertex 13.1615 -1.83848 4.7
      vertex 12.9373 -1.58278 5.5
      vertex 12.9373 -1.58278 4.7
    endloop
  endfacet
  facet normal -0.751902 -0.659275 0
    outer loop
      vertex 12.9373 -1.58278 5.5
      vertex 13.1615 -1.83848 4.7
      vertex 13.1615 -1.83848 5.5
    endloop
  endfacet
  facet normal -0.195126 -0.980778 0
    outer loop
      vertex 14.3271 -2.51141 4.7
      vertex 14.6606 -2.57776 5.5
      vertex 14.3271 -2.51141 5.5
    endloop
  endfacet
  facet normal -0.195126 -0.980778 -0
    outer loop
      vertex 14.6606 -2.57776 5.5
      vertex 14.3271 -2.51141 4.7
      vertex 14.6606 -2.57776 4.7
    endloop
  endfacet
  facet normal 0.555548 0.831484 -0
    outer loop
      vertex 16.5828 2.06272 4.7
      vertex 16.3 2.25167 5.5
      vertex 16.5828 2.06272 5.5
    endloop
  endfacet
  facet normal 0.555548 0.831484 0
    outer loop
      vertex 16.3 2.25167 5.5
      vertex 16.5828 2.06272 4.7
      vertex 16.3 2.25167 4.7
    endloop
  endfacet
  facet normal 0.997867 -0.0652762 0
    outer loop
      vertex 17.5778 -0.339368 5.5
      vertex 17.6 0 4.7
      vertex 17.6 0 5.5
    endloop
  endfacet
  facet normal 0.997867 -0.0652762 0
    outer loop
      vertex 17.6 0 4.7
      vertex 17.5778 -0.339368 5.5
      vertex 17.5778 -0.339368 4.7
    endloop
  endfacet
  facet normal -0.195126 0.980778 0
    outer loop
      vertex 14.6606 2.57776 4.7
      vertex 14.3271 2.51141 5.5
      vertex 14.6606 2.57776 5.5
    endloop
  endfacet
  facet normal -0.195126 0.980778 0
    outer loop
      vertex 14.3271 2.51141 5.5
      vertex 14.6606 2.57776 4.7
      vertex 14.3271 2.51141 4.7
    endloop
  endfacet
  facet normal 0.751902 0.659275 0
    outer loop
      vertex 17.0627 1.58278 5.5
      vertex 16.8385 1.83848 4.7
      vertex 16.8385 1.83848 5.5
    endloop
  endfacet
  facet normal 0.751902 0.659275 0
    outer loop
      vertex 16.8385 1.83848 4.7
      vertex 17.0627 1.58278 5.5
      vertex 17.0627 1.58278 4.7
    endloop
  endfacet
  facet normal 0.659341 0.751844 -0
    outer loop
      vertex 16.8385 1.83848 4.7
      vertex 16.5828 2.06272 5.5
      vertex 16.8385 1.83848 5.5
    endloop
  endfacet
  facet normal 0.659341 0.751844 0
    outer loop
      vertex 16.5828 2.06272 5.5
      vertex 16.8385 1.83848 4.7
      vertex 16.5828 2.06272 4.7
    endloop
  endfacet
  facet normal -0.896897 -0.442239 0
    outer loop
      vertex 12.7483 -1.3 4.7
      vertex 12.5979 -0.994976 5.5
      vertex 12.5979 -0.994976 4.7
    endloop
  endfacet
  facet normal -0.896897 -0.442239 0
    outer loop
      vertex 12.5979 -0.994976 5.5
      vertex 12.7483 -1.3 4.7
      vertex 12.7483 -1.3 5.5
    endloop
  endfacet
  facet normal -0.321391 -0.946946 0
    outer loop
      vertex 14.005 -2.40209 4.7
      vertex 14.3271 -2.51141 5.5
      vertex 14.005 -2.40209 5.5
    endloop
  endfacet
  facet normal -0.321391 -0.946946 -0
    outer loop
      vertex 14.3271 -2.51141 5.5
      vertex 14.005 -2.40209 4.7
      vertex 14.3271 -2.51141 4.7
    endloop
  endfacet
  facet normal 0.0653872 -0.99786 0
    outer loop
      vertex 15 -2.6 4.7
      vertex 15.3394 -2.57776 5.5
      vertex 15 -2.6 5.5
    endloop
  endfacet
  facet normal 0.0653872 -0.99786 0
    outer loop
      vertex 15.3394 -2.57776 5.5
      vertex 15 -2.6 4.7
      vertex 15.3394 -2.57776 4.7
    endloop
  endfacet
  facet normal 0.555548 -0.831484 0
    outer loop
      vertex 16.3 -2.25167 4.7
      vertex 16.5828 -2.06272 5.5
      vertex 16.3 -2.25167 5.5
    endloop
  endfacet
  facet normal 0.555548 -0.831484 0
    outer loop
      vertex 16.5828 -2.06272 5.5
      vertex 16.3 -2.25167 4.7
      vertex 16.5828 -2.06272 4.7
    endloop
  endfacet
  facet normal 0.946948 -0.321386 0
    outer loop
      vertex 17.4021 -0.994976 5.5
      vertex 17.5114 -0.672929 4.7
      vertex 17.5114 -0.672929 5.5
    endloop
  endfacet
  facet normal 0.946948 -0.321386 0
    outer loop
      vertex 17.5114 -0.672929 4.7
      vertex 17.4021 -0.994976 5.5
      vertex 17.4021 -0.994976 4.7
    endloop
  endfacet
  facet normal 0.442314 0.89686 -0
    outer loop
      vertex 16.3 2.25167 4.7
      vertex 15.995 2.40209 5.5
      vertex 16.3 2.25167 5.5
    endloop
  endfacet
  facet normal 0.442314 0.89686 0
    outer loop
      vertex 15.995 2.40209 5.5
      vertex 16.3 2.25167 4.7
      vertex 15.995 2.40209 4.7
    endloop
  endfacet
  facet normal 0.831398 0.555677 0
    outer loop
      vertex 17.2517 1.3 5.5
      vertex 17.0627 1.58278 4.7
      vertex 17.0627 1.58278 5.5
    endloop
  endfacet
  facet normal 0.831398 0.555677 0
    outer loop
      vertex 17.0627 1.58278 4.7
      vertex 17.2517 1.3 5.5
      vertex 17.2517 1.3 4.7
    endloop
  endfacet
  facet normal 0.659341 -0.751844 0
    outer loop
      vertex 16.5828 -2.06272 4.7
      vertex 16.8385 -1.83848 5.5
      vertex 16.5828 -2.06272 5.5
    endloop
  endfacet
  facet normal 0.659341 -0.751844 0
    outer loop
      vertex 16.8385 -1.83848 5.5
      vertex 16.5828 -2.06272 4.7
      vertex 16.8385 -1.83848 4.7
    endloop
  endfacet
  facet normal 0.751902 -0.659275 0
    outer loop
      vertex 16.8385 -1.83848 5.5
      vertex 17.0627 -1.58278 4.7
      vertex 17.0627 -1.58278 5.5
    endloop
  endfacet
  facet normal 0.751902 -0.659275 0
    outer loop
      vertex 17.0627 -1.58278 4.7
      vertex 16.8385 -1.83848 5.5
      vertex 16.8385 -1.83848 4.7
    endloop
  endfacet
  facet normal 0.321391 0.946946 -0
    outer loop
      vertex 15.995 2.40209 4.7
      vertex 15.6729 2.51141 5.5
      vertex 15.995 2.40209 5.5
    endloop
  endfacet
  facet normal 0.321391 0.946946 0
    outer loop
      vertex 15.6729 2.51141 5.5
      vertex 15.995 2.40209 4.7
      vertex 15.6729 2.51141 4.7
    endloop
  endfacet
  facet normal -0.0653872 0.99786 0
    outer loop
      vertex 15 2.6 4.7
      vertex 14.6606 2.57776 5.5
      vertex 15 2.6 5.5
    endloop
  endfacet
  facet normal -0.0653872 0.99786 0
    outer loop
      vertex 14.6606 2.57776 5.5
      vertex 15 2.6 4.7
      vertex 14.6606 2.57776 4.7
    endloop
  endfacet
  facet normal -0.659341 -0.751844 0
    outer loop
      vertex 13.1615 -1.83848 4.7
      vertex 13.4172 -2.06272 5.5
      vertex 13.1615 -1.83848 5.5
    endloop
  endfacet
  facet normal -0.659341 -0.751844 -0
    outer loop
      vertex 13.4172 -2.06272 5.5
      vertex 13.1615 -1.83848 4.7
      vertex 13.4172 -2.06272 4.7
    endloop
  endfacet
  facet normal 0.896897 -0.442239 0
    outer loop
      vertex 17.2517 -1.3 5.5
      vertex 17.4021 -0.994976 4.7
      vertex 17.4021 -0.994976 5.5
    endloop
  endfacet
  facet normal 0.896897 -0.442239 0
    outer loop
      vertex 17.4021 -0.994976 4.7
      vertex 17.2517 -1.3 5.5
      vertex 17.2517 -1.3 4.7
    endloop
  endfacet
  facet normal -0.997867 0.0652762 0
    outer loop
      vertex 12.4 0 4.7
      vertex 12.4222 0.339368 5.5
      vertex 12.4222 0.339368 4.7
    endloop
  endfacet
  facet normal -0.997867 0.0652762 0
    outer loop
      vertex 12.4222 0.339368 5.5
      vertex 12.4 0 4.7
      vertex 12.4 0 5.5
    endloop
  endfacet
  facet normal 0.442314 -0.89686 0
    outer loop
      vertex 15.995 -2.40209 4.7
      vertex 16.3 -2.25167 5.5
      vertex 15.995 -2.40209 5.5
    endloop
  endfacet
  facet normal 0.442314 -0.89686 0
    outer loop
      vertex 16.3 -2.25167 5.5
      vertex 15.995 -2.40209 4.7
      vertex 16.3 -2.25167 4.7
    endloop
  endfacet
  facet normal -0.442314 -0.89686 0
    outer loop
      vertex 13.7 -2.25167 4.7
      vertex 14.005 -2.40209 5.5
      vertex 13.7 -2.25167 5.5
    endloop
  endfacet
  facet normal -0.442314 -0.89686 -0
    outer loop
      vertex 14.005 -2.40209 5.5
      vertex 13.7 -2.25167 4.7
      vertex 14.005 -2.40209 4.7
    endloop
  endfacet
  facet normal -0.442314 0.89686 0
    outer loop
      vertex 14.005 2.40209 4.7
      vertex 13.7 2.25167 5.5
      vertex 14.005 2.40209 5.5
    endloop
  endfacet
  facet normal -0.442314 0.89686 0
    outer loop
      vertex 13.7 2.25167 5.5
      vertex 14.005 2.40209 4.7
      vertex 13.7 2.25167 4.7
    endloop
  endfacet
  facet normal 0 0 -1
    outer loop
      vertex 16.8 0 4.7
      vertex 17.6 0 4.7
      vertex 17.5778 -0.339368 4.7
    endloop
  endfacet
  facet normal 0 0 -1
    outer loop
      vertex 16.7846 -0.234946 4.7
      vertex 17.5778 -0.339368 4.7
      vertex 17.5114 -0.672929 4.7
    endloop
  endfacet
  facet normal 0 0 -1
    outer loop
      vertex 17.6 0 4.7
      vertex 16.8 0 4.7
      vertex 17.5778 0.339368 4.7
    endloop
  endfacet
  facet normal 0 0 -1
    outer loop
      vertex 16.7387 -0.465874 4.7
      vertex 17.5114 -0.672929 4.7
      vertex 17.4021 -0.994976 4.7
    endloop
  endfacet
  facet normal 0 0 -1
    outer loop
      vertex 16.7846 0.234946 4.7
      vertex 17.5778 0.339368 4.7
      vertex 16.8 0 4.7
    endloop
  endfacet
  facet normal 0 0 -1
    outer loop
      vertex 16.663 -0.688829 4.7
      vertex 17.4021 -0.994976 4.7
      vertex 17.2517 -1.3 4.7
    endloop
  endfacet
  facet normal -0 0 -1
    outer loop
      vertex 17.5778 0.339368 4.7
      vertex 16.7846 0.234946 4.7
      vertex 17.5114 0.672929 4.7
    endloop
  endfacet
  facet normal 0 0 -1
    outer loop
      vertex 16.5588 -0.9 4.7
      vertex 17.2517 -1.3 4.7
      vertex 17.0627 -1.58278 4.7
    endloop
  endfacet
  facet normal 0 0 -1
    outer loop
      vertex 16.7387 0.465874 4.7
      vertex 17.5114 0.672929 4.7
      vertex 16.7846 0.234946 4.7
    endloop
  endfacet
  facet normal 0 0 -1
    outer loop
      vertex 16.428 -1.09577 4.7
      vertex 17.0627 -1.58278 4.7
      vertex 16.8385 -1.83848 4.7
    endloop
  endfacet
  facet normal -0 0 -1
    outer loop
      vertex 17.5114 0.672929 4.7
      vertex 16.7387 0.465874 4.7
      vertex 17.4021 0.994976 4.7
    endloop
  endfacet
  facet normal 0 0 -1
    outer loop
      vertex 16.663 0.688829 4.7
      vertex 17.4021 0.994976 4.7
      vertex 16.7387 0.465874 4.7
    endloop
  endfacet
  facet normal 0 0 -1
    outer loop
      vertex 17.5778 -0.339368 4.7
      vertex 16.7846 -0.234946 4.7
      vertex 16.8 0 4.7
    endloop
  endfacet
  facet normal 0 0 -1
    outer loop
      vertex 17.5114 -0.672929 4.7
      vertex 16.7387 -0.465874 4.7
      vertex 16.7846 -0.234946 4.7
    endloop
  endfacet
  facet normal 0 0 -1
    outer loop
      vertex 17.4021 -0.994976 4.7
      vertex 16.663 -0.688829 4.7
      vertex 16.7387 -0.465874 4.7
    endloop
  endfacet
  facet normal 0 0 -1
    outer loop
      vertex 16.2728 -1.27279 4.7
      vertex 16.8385 -1.83848 4.7
      vertex 16.5828 -2.06272 4.7
    endloop
  endfacet
  facet normal 0 0 -1
    outer loop
      vertex 17.2517 -1.3 4.7
      vertex 16.5588 -0.9 4.7
      vertex 16.663 -0.688829 4.7
    endloop
  endfacet
  facet normal 0 0 -1
    outer loop
      vertex 17.0627 -1.58278 4.7
      vertex 16.428 -1.09577 4.7
      vertex 16.5588 -0.9 4.7
    endloop
  endfacet
  facet normal 0 0 -1
    outer loop
      vertex 16.0958 -1.42804 4.7
      vertex 16.5828 -2.06272 4.7
      vertex 16.3 -2.25167 4.7
    endloop
  endfacet
  facet normal 0 0 -1
    outer loop
      vertex 16.8385 -1.83848 4.7
      vertex 16.2728 -1.27279 4.7
      vertex 16.428 -1.09577 4.7
    endloop
  endfacet
  facet normal 0 0 -1
    outer loop
      vertex 16.5828 -2.06272 4.7
      vertex 16.0958 -1.42804 4.7
      vertex 16.2728 -1.27279 4.7
    endloop
  endfacet
  facet normal 0 0 -1
    outer loop
      vertex 15.9 -1.55885 4.7
      vertex 16.3 -2.25167 4.7
      vertex 15.995 -2.40209 4.7
    endloop
  endfacet
  facet normal 0 0 -1
    outer loop
      vertex 16.3 -2.25167 4.7
      vertex 15.9 -1.55885 4.7
      vertex 16.0958 -1.42804 4.7
    endloop
  endfacet
  facet normal 0 0 -1
    outer loop
      vertex 15.995 -2.40209 4.7
      vertex 15.6888 -1.66298 4.7
      vertex 15.9 -1.55885 4.7
    endloop
  endfacet
  facet normal 0 0 -1
    outer loop
      vertex 15.6729 -2.51141 4.7
      vertex 15.6888 -1.66298 4.7
      vertex 15.995 -2.40209 4.7
    endloop
  endfacet
  facet normal 0 0 -1
    outer loop
      vertex 15.6729 -2.51141 4.7
      vertex 15.4659 -1.73867 4.7
      vertex 15.6888 -1.66298 4.7
    endloop
  endfacet
  facet normal 0 0 -1
    outer loop
      vertex 15.3394 -2.57776 4.7
      vertex 15.4659 -1.73867 4.7
      vertex 15.6729 -2.51141 4.7
    endloop
  endfacet
  facet normal 0 0 -1
    outer loop
      vertex 15.3394 -2.57776 4.7
      vertex 15.2349 -1.7846 4.7
      vertex 15.4659 -1.73867 4.7
    endloop
  endfacet
  facet normal 0 0 -1
    outer loop
      vertex 15 -2.6 4.7
      vertex 15.2349 -1.7846 4.7
      vertex 15.3394 -2.57776 4.7
    endloop
  endfacet
  facet normal 0 0 -1
    outer loop
      vertex 15 -2.6 4.7
      vertex 15 -1.8 4.7
      vertex 15.2349 -1.7846 4.7
    endloop
  endfacet
  facet normal 0 0 -1
    outer loop
      vertex 15 -2.6 4.7
      vertex 14.7651 -1.7846 4.7
      vertex 15 -1.8 4.7
    endloop
  endfacet
  facet normal 0 0 -1
    outer loop
      vertex 14.6606 -2.57776 4.7
      vertex 14.7651 -1.7846 4.7
      vertex 15 -2.6 4.7
    endloop
  endfacet
  facet normal 0 0 -1
    outer loop
      vertex 14.6606 -2.57776 4.7
      vertex 14.5341 -1.73867 4.7
      vertex 14.7651 -1.7846 4.7
    endloop
  endfacet
  facet normal 0 0 -1
    outer loop
      vertex 14.3271 -2.51141 4.7
      vertex 14.5341 -1.73867 4.7
      vertex 14.6606 -2.57776 4.7
    endloop
  endfacet
  facet normal 0 0 -1
    outer loop
      vertex 14.3271 -2.51141 4.7
      vertex 14.3112 -1.66298 4.7
      vertex 14.5341 -1.73867 4.7
    endloop
  endfacet
  facet normal 0 0 -1
    outer loop
      vertex 14.005 -2.40209 4.7
      vertex 14.3112 -1.66298 4.7
      vertex 14.3271 -2.51141 4.7
    endloop
  endfacet
  facet normal -0 0 -1
    outer loop
      vertex 14.3112 -1.66298 4.7
      vertex 14.005 -2.40209 4.7
      vertex 14.1 -1.55885 4.7
    endloop
  endfacet
  facet normal 0 0 -1
    outer loop
      vertex 13.7 -2.25167 4.7
      vertex 14.1 -1.55885 4.7
      vertex 14.005 -2.40209 4.7
    endloop
  endfacet
  facet normal -0 0 -1
    outer loop
      vertex 14.1 -1.55885 4.7
      vertex 13.7 -2.25167 4.7
      vertex 13.9042 -1.42804 4.7
    endloop
  endfacet
  facet normal 0 0 -1
    outer loop
      vertex 13.4172 -2.06272 4.7
      vertex 13.9042 -1.42804 4.7
      vertex 13.7 -2.25167 4.7
    endloop
  endfacet
  facet normal -0 0 -1
    outer loop
      vertex 13.9042 -1.42804 4.7
      vertex 13.4172 -2.06272 4.7
      vertex 13.7272 -1.27279 4.7
    endloop
  endfacet
  facet normal 0 0 -1
    outer loop
      vertex 13.1615 -1.83848 4.7
      vertex 13.7272 -1.27279 4.7
      vertex 13.4172 -2.06272 4.7
    endloop
  endfacet
  facet normal -0 0 -1
    outer loop
      vertex 13.7272 -1.27279 4.7
      vertex 13.1615 -1.83848 4.7
      vertex 13.572 -1.09577 4.7
    endloop
  endfacet
  facet normal 0 0 -1
    outer loop
      vertex 12.9373 -1.58278 4.7
      vertex 13.572 -1.09577 4.7
      vertex 13.1615 -1.83848 4.7
    endloop
  endfacet
  facet normal -0 0 -1
    outer loop
      vertex 13.572 -1.09577 4.7
      vertex 12.9373 -1.58278 4.7
      vertex 13.4412 -0.9 4.7
    endloop
  endfacet
  facet normal 0 0 -1
    outer loop
      vertex 12.7483 -1.3 4.7
      vertex 13.4412 -0.9 4.7
      vertex 12.9373 -1.58278 4.7
    endloop
  endfacet
  facet normal 0 0 -1
    outer loop
      vertex 12.5979 -0.994976 4.7
      vertex 13.337 -0.688829 4.7
      vertex 12.7483 -1.3 4.7
    endloop
  endfacet
  facet normal -0 0 -1
    outer loop
      vertex 13.4412 -0.9 4.7
      vertex 12.7483 -1.3 4.7
      vertex 13.337 -0.688829 4.7
    endloop
  endfacet
  facet normal -0 0 -1
    outer loop
      vertex 17.4021 0.994976 4.7
      vertex 16.663 0.688829 4.7
      vertex 17.2517 1.3 4.7
    endloop
  endfacet
  facet normal 0 0 -1
    outer loop
      vertex 16.5588 0.9 4.7
      vertex 17.2517 1.3 4.7
      vertex 16.663 0.688829 4.7
    endloop
  endfacet
  facet normal -0 0 -1
    outer loop
      vertex 17.2517 1.3 4.7
      vertex 16.5588 0.9 4.7
      vertex 17.0627 1.58278 4.7
    endloop
  endfacet
  facet normal 0 0 -1
    outer loop
      vertex 16.428 1.09577 4.7
      vertex 17.0627 1.58278 4.7
      vertex 16.5588 0.9 4.7
    endloop
  endfacet
  facet normal -0 0 -1
    outer loop
      vertex 17.0627 1.58278 4.7
      vertex 16.428 1.09577 4.7
      vertex 16.8385 1.83848 4.7
    endloop
  endfacet
  facet normal 0 0 -1
    outer loop
      vertex 16.2728 1.27279 4.7
      vertex 16.8385 1.83848 4.7
      vertex 16.428 1.09577 4.7
    endloop
  endfacet
  facet normal -0 0 -1
    outer loop
      vertex 16.8385 1.83848 4.7
      vertex 16.2728 1.27279 4.7
      vertex 16.5828 2.06272 4.7
    endloop
  endfacet
  facet normal 0 0 -1
    outer loop
      vertex 16.0958 1.42804 4.7
      vertex 16.5828 2.06272 4.7
      vertex 16.2728 1.27279 4.7
    endloop
  endfacet
  facet normal -0 0 -1
    outer loop
      vertex 16.5828 2.06272 4.7
      vertex 16.0958 1.42804 4.7
      vertex 16.3 2.25167 4.7
    endloop
  endfacet
  facet normal 0 0 -1
    outer loop
      vertex 15.9 1.55885 4.7
      vertex 16.3 2.25167 4.7
      vertex 16.0958 1.42804 4.7
    endloop
  endfacet
  facet normal -0 0 -1
    outer loop
      vertex 16.3 2.25167 4.7
      vertex 15.9 1.55885 4.7
      vertex 15.995 2.40209 4.7
    endloop
  endfacet
  facet normal 0 0 -1
    outer loop
      vertex 15.6888 1.66298 4.7
      vertex 15.995 2.40209 4.7
      vertex 15.9 1.55885 4.7
    endloop
  endfacet
  facet normal 0 0 -1
    outer loop
      vertex 15.6888 1.66298 4.7
      vertex 15.6729 2.51141 4.7
      vertex 15.995 2.40209 4.7
    endloop
  endfacet
  facet normal 0 0 -1
    outer loop
      vertex 15.4659 1.73867 4.7
      vertex 15.6729 2.51141 4.7
      vertex 15.6888 1.66298 4.7
    endloop
  endfacet
  facet normal 0 0 -1
    outer loop
      vertex 15.4659 1.73867 4.7
      vertex 15.3394 2.57776 4.7
      vertex 15.6729 2.51141 4.7
    endloop
  endfacet
  facet normal 0 0 -1
    outer loop
      vertex 15.2349 1.7846 4.7
      vertex 15.3394 2.57776 4.7
      vertex 15.4659 1.73867 4.7
    endloop
  endfacet
  facet normal 0 0 -1
    outer loop
      vertex 15 1.8 4.7
      vertex 15.3394 2.57776 4.7
      vertex 15.2349 1.7846 4.7
    endloop
  endfacet
  facet normal 0 0 -1
    outer loop
      vertex 15 1.8 4.7
      vertex 15 2.6 4.7
      vertex 15.3394 2.57776 4.7
    endloop
  endfacet
  facet normal 0 0 -1
    outer loop
      vertex 14.7651 1.7846 4.7
      vertex 15 2.6 4.7
      vertex 15 1.8 4.7
    endloop
  endfacet
  facet normal 0 0 -1
    outer loop
      vertex 14.7651 1.7846 4.7
      vertex 14.6606 2.57776 4.7
      vertex 15 2.6 4.7
    endloop
  endfacet
  facet normal 0 0 -1
    outer loop
      vertex 14.5341 1.73867 4.7
      vertex 14.6606 2.57776 4.7
      vertex 14.7651 1.7846 4.7
    endloop
  endfacet
  facet normal 0 0 -1
    outer loop
      vertex 14.5341 1.73867 4.7
      vertex 14.3271 2.51141 4.7
      vertex 14.6606 2.57776 4.7
    endloop
  endfacet
  facet normal 0 0 -1
    outer loop
      vertex 14.3112 1.66298 4.7
      vertex 14.3271 2.51141 4.7
      vertex 14.5341 1.73867 4.7
    endloop
  endfacet
  facet normal 0 0 -1
    outer loop
      vertex 14.005 2.40209 4.7
      vertex 14.3112 1.66298 4.7
      vertex 14.1 1.55885 4.7
    endloop
  endfacet
  facet normal 0 0 -1
    outer loop
      vertex 14.3112 1.66298 4.7
      vertex 14.005 2.40209 4.7
      vertex 14.3271 2.51141 4.7
    endloop
  endfacet
  facet normal 0 0 -1
    outer loop
      vertex 13.7 2.25167 4.7
      vertex 14.1 1.55885 4.7
      vertex 13.9042 1.42804 4.7
    endloop
  endfacet
  facet normal 0 0 -1
    outer loop
      vertex 13.4172 2.06272 4.7
      vertex 13.9042 1.42804 4.7
      vertex 13.7272 1.27279 4.7
    endloop
  endfacet
  facet normal 0 0 -1
    outer loop
      vertex 14.1 1.55885 4.7
      vertex 13.7 2.25167 4.7
      vertex 14.005 2.40209 4.7
    endloop
  endfacet
  facet normal 0 0 -1
    outer loop
      vertex 13.1615 1.83848 4.7
      vertex 13.7272 1.27279 4.7
      vertex 13.572 1.09577 4.7
    endloop
  endfacet
  facet normal 0 0 -1
    outer loop
      vertex 12.9373 1.58278 4.7
      vertex 13.572 1.09577 4.7
      vertex 13.4412 0.9 4.7
    endloop
  endfacet
  facet normal 0 0 -1
    outer loop
      vertex 13.9042 1.42804 4.7
      vertex 13.4172 2.06272 4.7
      vertex 13.7 2.25167 4.7
    endloop
  endfacet
  facet normal 0 0 -1
    outer loop
      vertex 12.7483 1.3 4.7
      vertex 13.4412 0.9 4.7
      vertex 13.337 0.688829 4.7
    endloop
  endfacet
  facet normal 0 0 -1
    outer loop
      vertex 12.5979 0.994976 4.7
      vertex 13.337 0.688829 4.7
      vertex 13.2613 0.465874 4.7
    endloop
  endfacet
  facet normal 0 0 -1
    outer loop
      vertex 12.4886 0.672929 4.7
      vertex 13.2613 0.465874 4.7
      vertex 13.2154 0.234946 4.7
    endloop
  endfacet
  facet normal 0 0 -1
    outer loop
      vertex 13.7272 1.27279 4.7
      vertex 13.1615 1.83848 4.7
      vertex 13.4172 2.06272 4.7
    endloop
  endfacet
  facet normal 0 0 -1
    outer loop
      vertex 12.4222 0.339368 4.7
      vertex 13.2154 0.234946 4.7
      vertex 13.2 0 4.7
    endloop
  endfacet
  facet normal -0 0 -1
    outer loop
      vertex 13.337 -0.688829 4.7
      vertex 12.5979 -0.994976 4.7
      vertex 13.2613 -0.465874 4.7
    endloop
  endfacet
  facet normal 0 0 -1
    outer loop
      vertex 12.4886 -0.672929 4.7
      vertex 13.2613 -0.465874 4.7
      vertex 12.5979 -0.994976 4.7
    endloop
  endfacet
  facet normal 0 0 -1
    outer loop
      vertex 13.572 1.09577 4.7
      vertex 12.9373 1.58278 4.7
      vertex 13.1615 1.83848 4.7
    endloop
  endfacet
  facet normal -0 0 -1
    outer loop
      vertex 13.2613 -0.465874 4.7
      vertex 12.4886 -0.672929 4.7
      vertex 13.2154 -0.234946 4.7
    endloop
  endfacet
  facet normal 0 0 -1
    outer loop
      vertex 13.4412 0.9 4.7
      vertex 12.7483 1.3 4.7
      vertex 12.9373 1.58278 4.7
    endloop
  endfacet
  facet normal 0 0 -1
    outer loop
      vertex 12.4222 -0.339368 4.7
      vertex 13.2154 -0.234946 4.7
      vertex 12.4886 -0.672929 4.7
    endloop
  endfacet
  facet normal 0 0 -1
    outer loop
      vertex 13.337 0.688829 4.7
      vertex 12.5979 0.994976 4.7
      vertex 12.7483 1.3 4.7
    endloop
  endfacet
  facet normal -0 0 -1
    outer loop
      vertex 13.2154 -0.234946 4.7
      vertex 12.4222 -0.339368 4.7
      vertex 13.2 0 4.7
    endloop
  endfacet
  facet normal 0 0 -1
    outer loop
      vertex 13.2613 0.465874 4.7
      vertex 12.4886 0.672929 4.7
      vertex 12.5979 0.994976 4.7
    endloop
  endfacet
  facet normal 0 0 -1
    outer loop
      vertex 12.4 0 4.7
      vertex 13.2 0 4.7
      vertex 12.4222 -0.339368 4.7
    endloop
  endfacet
  facet normal 0 0 -1
    outer loop
      vertex 13.2154 0.234946 4.7
      vertex 12.4222 0.339368 4.7
      vertex 12.4886 0.672929 4.7
    endloop
  endfacet
  facet normal 0 0 -1
    outer loop
      vertex 13.2 0 4.7
      vertex 12.4 0 4.7
      vertex 12.4222 0.339368 4.7
    endloop
  endfacet
  facet normal -0.896897 0.442239 0
    outer loop
      vertex 12.5979 0.994976 4.7
      vertex 12.7483 1.3 5.5
      vertex 12.7483 1.3 4.7
    endloop
  endfacet
  facet normal -0.896897 0.442239 0
    outer loop
      vertex 12.7483 1.3 5.5
      vertex 12.5979 0.994976 4.7
      vertex 12.5979 0.994976 5.5
    endloop
  endfacet
  facet normal -0.831398 0.555677 0
    outer loop
      vertex 12.7483 1.3 4.7
      vertex 12.9373 1.58278 5.5
      vertex 12.9373 1.58278 4.7
    endloop
  endfacet
  facet normal -0.831398 0.555677 0
    outer loop
      vertex 12.9373 1.58278 5.5
      vertex 12.7483 1.3 4.7
      vertex 12.7483 1.3 5.5
    endloop
  endfacet
  facet normal -0.555548 -0.831484 0
    outer loop
      vertex 13.4172 -2.06272 4.7
      vertex 13.7 -2.25167 5.5
      vertex 13.4172 -2.06272 5.5
    endloop
  endfacet
  facet normal -0.555548 -0.831484 -0
    outer loop
      vertex 13.7 -2.25167 5.5
      vertex 13.4172 -2.06272 4.7
      vertex 13.7 -2.25167 4.7
    endloop
  endfacet
  facet normal 0.997859 0.0654066 0
    outer loop
      vertex 16.8 0 4.7
      vertex 16.7846 0.234946 0
      vertex 16.7846 0.234946 4.7
    endloop
  endfacet
  facet normal 0.997859 0.0654066 0
    outer loop
      vertex 16.7846 0.234946 0
      vertex 16.8 0 4.7
      vertex 16.8 0 0
    endloop
  endfacet
  facet normal 0.442212 0.89691 -0
    outer loop
      vertex 15.9 1.55885 0
      vertex 15.6888 1.66298 4.7
      vertex 15.9 1.55885 4.7
    endloop
  endfacet
  facet normal 0.442212 0.89691 0
    outer loop
      vertex 15.6888 1.66298 4.7
      vertex 15.9 1.55885 0
      vertex 15.6888 1.66298 0
    endloop
  endfacet
  facet normal -0.946908 -0.321504 0
    outer loop
      vertex 13.337 -0.688829 0
      vertex 13.2613 -0.465874 4.7
      vertex 13.2613 -0.465874 0
    endloop
  endfacet
  facet normal -0.946908 -0.321504 0
    outer loop
      vertex 13.2613 -0.465874 4.7
      vertex 13.337 -0.688829 0
      vertex 13.337 -0.688829 4.7
    endloop
  endfacet
  facet normal 0.946908 0.321504 0
    outer loop
      vertex 16.7387 0.465874 4.7
      vertex 16.663 0.688829 0
      vertex 16.663 0.688829 4.7
    endloop
  endfacet
  facet normal 0.946908 0.321504 0
    outer loop
      vertex 16.663 0.688829 0
      vertex 16.7387 0.465874 4.7
      vertex 16.7387 0.465874 0
    endloop
  endfacet
  facet normal 0.896768 -0.4425 0
    outer loop
      vertex 16.5588 -0.9 4.7
      vertex 16.663 -0.688829 0
      vertex 16.663 -0.688829 4.7
    endloop
  endfacet
  facet normal 0.896768 -0.4425 0
    outer loop
      vertex 16.663 -0.688829 0
      vertex 16.5588 -0.9 4.7
      vertex 16.5588 -0.9 0
    endloop
  endfacet
  facet normal 0.997859 -0.0654066 0
    outer loop
      vertex 16.7846 -0.234946 4.7
      vertex 16.8 0 0
      vertex 16.8 0 4.7
    endloop
  endfacet
  facet normal 0.997859 -0.0654066 0
    outer loop
      vertex 16.8 0 0
      vertex 16.7846 -0.234946 4.7
      vertex 16.7846 -0.234946 0
    endloop
  endfacet
  facet normal 0.896768 0.4425 0
    outer loop
      vertex 16.663 0.688829 4.7
      vertex 16.5588 0.9 0
      vertex 16.5588 0.9 4.7
    endloop
  endfacet
  facet normal 0.896768 0.4425 0
    outer loop
      vertex 16.5588 0.9 0
      vertex 16.663 0.688829 4.7
      vertex 16.663 0.688829 0
    endloop
  endfacet
  facet normal -0.997859 0.0654066 0
    outer loop
      vertex 13.2 0 0
      vertex 13.2154 0.234946 4.7
      vertex 13.2154 0.234946 0
    endloop
  endfacet
  facet normal -0.997859 0.0654066 0
    outer loop
      vertex 13.2154 0.234946 4.7
      vertex 13.2 0 0
      vertex 13.2 0 4.7
    endloop
  endfacet
  facet normal -0.980813 0.19495 0
    outer loop
      vertex 13.2154 0.234946 0
      vertex 13.2613 0.465874 4.7
      vertex 13.2613 0.465874 0
    endloop
  endfacet
  facet normal -0.980813 0.19495 0
    outer loop
      vertex 13.2613 0.465874 4.7
      vertex 13.2154 0.234946 0
      vertex 13.2154 0.234946 4.7
    endloop
  endfacet
  facet normal 0.555513 -0.831508 0
    outer loop
      vertex 15.9 -1.55885 0
      vertex 16.0958 -1.42804 4.7
      vertex 15.9 -1.55885 4.7
    endloop
  endfacet
  facet normal 0.555513 -0.831508 0
    outer loop
      vertex 16.0958 -1.42804 4.7
      vertex 15.9 -1.55885 0
      vertex 16.0958 -1.42804 0
    endloop
  endfacet
  facet normal 0.555513 0.831508 -0
    outer loop
      vertex 16.0958 1.42804 0
      vertex 15.9 1.55885 4.7
      vertex 16.0958 1.42804 4.7
    endloop
  endfacet
  facet normal 0.555513 0.831508 0
    outer loop
      vertex 15.9 1.55885 4.7
      vertex 16.0958 1.42804 0
      vertex 15.9 1.55885 0
    endloop
  endfacet
  facet normal 0.195014 -0.980801 0
    outer loop
      vertex 15.2349 -1.7846 0
      vertex 15.4659 -1.73867 4.7
      vertex 15.2349 -1.7846 4.7
    endloop
  endfacet
  facet normal 0.195014 -0.980801 0
    outer loop
      vertex 15.4659 -1.73867 4.7
      vertex 15.2349 -1.7846 0
      vertex 15.4659 -1.73867 0
    endloop
  endfacet
  facet normal -0.195014 -0.980801 0
    outer loop
      vertex 14.5341 -1.73867 0
      vertex 14.7651 -1.7846 4.7
      vertex 14.5341 -1.73867 4.7
    endloop
  endfacet
  facet normal -0.195014 -0.980801 -0
    outer loop
      vertex 14.7651 -1.7846 4.7
      vertex 14.5341 -1.73867 0
      vertex 14.7651 -1.7846 0
    endloop
  endfacet
  facet normal -0.321537 -0.946897 0
    outer loop
      vertex 14.3112 -1.66298 0
      vertex 14.5341 -1.73867 4.7
      vertex 14.3112 -1.66298 4.7
    endloop
  endfacet
  facet normal -0.321537 -0.946897 -0
    outer loop
      vertex 14.5341 -1.73867 4.7
      vertex 14.3112 -1.66298 0
      vertex 14.5341 -1.73867 0
    endloop
  endfacet
  facet normal -0.442212 0.89691 0
    outer loop
      vertex 14.3112 1.66298 0
      vertex 14.1 1.55885 4.7
      vertex 14.3112 1.66298 4.7
    endloop
  endfacet
  facet normal -0.442212 0.89691 0
    outer loop
      vertex 14.1 1.55885 4.7
      vertex 14.3112 1.66298 0
      vertex 14.1 1.55885 0
    endloop
  endfacet
  facet normal -0.896768 0.4425 0
    outer loop
      vertex 13.337 0.688829 0
      vertex 13.4412 0.9 4.7
      vertex 13.4412 0.9 0
    endloop
  endfacet
  facet normal -0.896768 0.4425 0
    outer loop
      vertex 13.4412 0.9 4.7
      vertex 13.337 0.688829 0
      vertex 13.337 0.688829 4.7
    endloop
  endfacet
  facet normal -0.997859 -0.0654066 0
    outer loop
      vertex 13.2154 -0.234946 0
      vertex 13.2 0 4.7
      vertex 13.2 0 0
    endloop
  endfacet
  facet normal -0.997859 -0.0654066 0
    outer loop
      vertex 13.2 0 4.7
      vertex 13.2154 -0.234946 0
      vertex 13.2154 -0.234946 4.7
    endloop
  endfacet
  facet normal -0.751929 -0.659244 0
    outer loop
      vertex 13.7272 -1.27279 0
      vertex 13.572 -1.09577 4.7
      vertex 13.572 -1.09577 0
    endloop
  endfacet
  facet normal -0.751929 -0.659244 0
    outer loop
      vertex 13.572 -1.09577 4.7
      vertex 13.7272 -1.27279 0
      vertex 13.7272 -1.27279 4.7
    endloop
  endfacet
  facet normal -0.980813 -0.19495 0
    outer loop
      vertex 13.2613 -0.465874 0
      vertex 13.2154 -0.234946 4.7
      vertex 13.2154 -0.234946 0
    endloop
  endfacet
  facet normal -0.980813 -0.19495 0
    outer loop
      vertex 13.2154 -0.234946 4.7
      vertex 13.2613 -0.465874 0
      vertex 13.2613 -0.465874 4.7
    endloop
  endfacet
  facet normal 0.0654194 0.997858 -0
    outer loop
      vertex 15.2349 1.7846 0
      vertex 15 1.8 4.7
      vertex 15.2349 1.7846 4.7
    endloop
  endfacet
  facet normal 0.0654194 0.997858 0
    outer loop
      vertex 15 1.8 4.7
      vertex 15.2349 1.7846 0
      vertex 15 1.8 0
    endloop
  endfacet
  facet normal 0.751929 0.659244 0
    outer loop
      vertex 16.428 1.09577 4.7
      vertex 16.2728 1.27279 0
      vertex 16.2728 1.27279 4.7
    endloop
  endfacet
  facet normal 0.751929 0.659244 0
    outer loop
      vertex 16.2728 1.27279 0
      vertex 16.428 1.09577 4.7
      vertex 16.428 1.09577 0
    endloop
  endfacet
  facet normal 0.980813 0.19495 0
    outer loop
      vertex 16.7846 0.234946 4.7
      vertex 16.7387 0.465874 0
      vertex 16.7387 0.465874 4.7
    endloop
  endfacet
  facet normal 0.980813 0.19495 0
    outer loop
      vertex 16.7387 0.465874 0
      vertex 16.7846 0.234946 4.7
      vertex 16.7846 0.234946 0
    endloop
  endfacet
  facet normal -0.659406 -0.751787 0
    outer loop
      vertex 13.7272 -1.27279 0
      vertex 13.9042 -1.42804 4.7
      vertex 13.7272 -1.27279 4.7
    endloop
  endfacet
  facet normal -0.659406 -0.751787 -0
    outer loop
      vertex 13.9042 -1.42804 4.7
      vertex 13.7272 -1.27279 0
      vertex 13.9042 -1.42804 0
    endloop
  endfacet
  facet normal -0.0654194 -0.997858 0
    outer loop
      vertex 14.7651 -1.7846 0
      vertex 15 -1.8 4.7
      vertex 14.7651 -1.7846 4.7
    endloop
  endfacet
  facet normal -0.0654194 -0.997858 -0
    outer loop
      vertex 15 -1.8 4.7
      vertex 14.7651 -1.7846 0
      vertex 15 -1.8 0
    endloop
  endfacet
  facet normal 0.659406 0.751787 -0
    outer loop
      vertex 16.2728 1.27279 0
      vertex 16.0958 1.42804 4.7
      vertex 16.2728 1.27279 4.7
    endloop
  endfacet
  facet normal 0.659406 0.751787 0
    outer loop
      vertex 16.0958 1.42804 4.7
      vertex 16.2728 1.27279 0
      vertex 16.0958 1.42804 0
    endloop
  endfacet
  facet normal 0 0 -1
    outer loop
      vertex 16.7846 -0.234946 0
      vertex 16.7846 0.234946 0
      vertex 16.8 0 0
    endloop
  endfacet
  facet normal 0 0 -1
    outer loop
      vertex 16.7387 -0.465874 0
      vertex 16.7846 0.234946 0
      vertex 16.7846 -0.234946 0
    endloop
  endfacet
  facet normal 0 0 -1
    outer loop
      vertex 16.7387 -0.465874 0
      vertex 16.7387 0.465874 0
      vertex 16.7846 0.234946 0
    endloop
  endfacet
  facet normal 0 0 -1
    outer loop
      vertex 16.663 -0.688829 0
      vertex 16.7387 0.465874 0
      vertex 16.7387 -0.465874 0
    endloop
  endfacet
  facet normal 0 0 -1
    outer loop
      vertex 16.663 -0.688829 0
      vertex 16.663 0.688829 0
      vertex 16.7387 0.465874 0
    endloop
  endfacet
  facet normal 0 0 -1
    outer loop
      vertex 16.5588 -0.9 0
      vertex 16.663 0.688829 0
      vertex 16.663 -0.688829 0
    endloop
  endfacet
  facet normal 0 0 -1
    outer loop
      vertex 16.5588 -0.9 0
      vertex 16.5588 0.9 0
      vertex 16.663 0.688829 0
    endloop
  endfacet
  facet normal 0 0 -1
    outer loop
      vertex 16.428 -1.09577 0
      vertex 16.5588 0.9 0
      vertex 16.5588 -0.9 0
    endloop
  endfacet
  facet normal 0 0 -1
    outer loop
      vertex 16.428 -1.09577 0
      vertex 16.428 1.09577 0
      vertex 16.5588 0.9 0
    endloop
  endfacet
  facet normal 0 0 -1
    outer loop
      vertex 16.2728 -1.27279 0
      vertex 16.428 1.09577 0
      vertex 16.428 -1.09577 0
    endloop
  endfacet
  facet normal 0 0 -1
    outer loop
      vertex 16.2728 -1.27279 0
      vertex 16.2728 1.27279 0
      vertex 16.428 1.09577 0
    endloop
  endfacet
  facet normal 0 0 -1
    outer loop
      vertex 16.0958 -1.42804 0
      vertex 16.2728 1.27279 0
      vertex 16.2728 -1.27279 0
    endloop
  endfacet
  facet normal 0 0 -1
    outer loop
      vertex 16.0958 -1.42804 0
      vertex 16.0958 1.42804 0
      vertex 16.2728 1.27279 0
    endloop
  endfacet
  facet normal 0 0 -1
    outer loop
      vertex 15.9 -1.55885 0
      vertex 16.0958 1.42804 0
      vertex 16.0958 -1.42804 0
    endloop
  endfacet
  facet normal 0 0 -1
    outer loop
      vertex 15.9 -1.55885 0
      vertex 15.9 1.55885 0
      vertex 16.0958 1.42804 0
    endloop
  endfacet
  facet normal 0 0 -1
    outer loop
      vertex 15.6888 -1.66298 0
      vertex 15.9 1.55885 0
      vertex 15.9 -1.55885 0
    endloop
  endfacet
  facet normal 0 0 -1
    outer loop
      vertex 15.6888 -1.66298 0
      vertex 15.6888 1.66298 0
      vertex 15.9 1.55885 0
    endloop
  endfacet
  facet normal 0 0 -1
    outer loop
      vertex 15.4659 -1.73867 0
      vertex 15.6888 1.66298 0
      vertex 15.6888 -1.66298 0
    endloop
  endfacet
  facet normal 0 0 -1
    outer loop
      vertex 15.4659 -1.73867 0
      vertex 15.4659 1.73867 0
      vertex 15.6888 1.66298 0
    endloop
  endfacet
  facet normal 0 0 -1
    outer loop
      vertex 15.2349 -1.7846 0
      vertex 15.4659 1.73867 0
      vertex 15.4659 -1.73867 0
    endloop
  endfacet
  facet normal 0 0 -1
    outer loop
      vertex 15.2349 -1.7846 0
      vertex 15.2349 1.7846 0
      vertex 15.4659 1.73867 0
    endloop
  endfacet
  facet normal 0 0 -1
    outer loop
      vertex 15 -1.8 0
      vertex 15.2349 1.7846 0
      vertex 15.2349 -1.7846 0
    endloop
  endfacet
  facet normal 0 0 -1
    outer loop
      vertex 15 -1.8 0
      vertex 15 1.8 0
      vertex 15.2349 1.7846 0
    endloop
  endfacet
  facet normal 0 0 -1
    outer loop
      vertex 14.7651 -1.7846 0
      vertex 15 1.8 0
      vertex 15 -1.8 0
    endloop
  endfacet
  facet normal 0 0 -1
    outer loop
      vertex 14.7651 -1.7846 0
      vertex 14.7651 1.7846 0
      vertex 15 1.8 0
    endloop
  endfacet
  facet normal 0 0 -1
    outer loop
      vertex 14.5341 -1.73867 0
      vertex 14.7651 1.7846 0
      vertex 14.7651 -1.7846 0
    endloop
  endfacet
  facet normal 0 0 -1
    outer loop
      vertex 14.5341 -1.73867 0
      vertex 14.5341 1.73867 0
      vertex 14.7651 1.7846 0
    endloop
  endfacet
  facet normal 0 0 -1
    outer loop
      vertex 14.3112 -1.66298 0
      vertex 14.5341 1.73867 0
      vertex 14.5341 -1.73867 0
    endloop
  endfacet
  facet normal 0 0 -1
    outer loop
      vertex 14.3112 -1.66298 0
      vertex 14.3112 1.66298 0
      vertex 14.5341 1.73867 0
    endloop
  endfacet
  facet normal 0 0 -1
    outer loop
      vertex 14.1 -1.55885 0
      vertex 14.3112 1.66298 0
      vertex 14.3112 -1.66298 0
    endloop
  endfacet
  facet normal 0 0 -1
    outer loop
      vertex 14.1 -1.55885 0
      vertex 14.1 1.55885 0
      vertex 14.3112 1.66298 0
    endloop
  endfacet
  facet normal 0 0 -1
    outer loop
      vertex 13.9042 -1.42804 0
      vertex 14.1 1.55885 0
      vertex 14.1 -1.55885 0
    endloop
  endfacet
  facet normal 0 0 -1
    outer loop
      vertex 13.9042 -1.42804 0
      vertex 13.9042 1.42804 0
      vertex 14.1 1.55885 0
    endloop
  endfacet
  facet normal 0 0 -1
    outer loop
      vertex 13.7272 -1.27279 0
      vertex 13.9042 1.42804 0
      vertex 13.9042 -1.42804 0
    endloop
  endfacet
  facet normal 0 0 -1
    outer loop
      vertex 13.7272 -1.27279 0
      vertex 13.7272 1.27279 0
      vertex 13.9042 1.42804 0
    endloop
  endfacet
  facet normal 0 0 -1
    outer loop
      vertex 13.572 -1.09577 0
      vertex 13.7272 1.27279 0
      vertex 13.7272 -1.27279 0
    endloop
  endfacet
  facet normal 0 0 -1
    outer loop
      vertex 13.572 -1.09577 0
      vertex 13.572 1.09577 0
      vertex 13.7272 1.27279 0
    endloop
  endfacet
  facet normal 0 0 -1
    outer loop
      vertex 13.4412 -0.9 0
      vertex 13.572 1.09577 0
      vertex 13.572 -1.09577 0
    endloop
  endfacet
  facet normal 0 0 -1
    outer loop
      vertex 13.4412 -0.9 0
      vertex 13.4412 0.9 0
      vertex 13.572 1.09577 0
    endloop
  endfacet
  facet normal 0 0 -1
    outer loop
      vertex 13.337 -0.688829 0
      vertex 13.4412 0.9 0
      vertex 13.4412 -0.9 0
    endloop
  endfacet
  facet normal 0 0 -1
    outer loop
      vertex 13.337 -0.688829 0
      vertex 13.337 0.688829 0
      vertex 13.4412 0.9 0
    endloop
  endfacet
  facet normal 0 0 -1
    outer loop
      vertex 13.2613 -0.465874 0
      vertex 13.337 0.688829 0
      vertex 13.337 -0.688829 0
    endloop
  endfacet
  facet normal 0 0 -1
    outer loop
      vertex 13.2613 -0.465874 0
      vertex 13.2613 0.465874 0
      vertex 13.337 0.688829 0
    endloop
  endfacet
  facet normal 0 0 -1
    outer loop
      vertex 13.2154 -0.234946 0
      vertex 13.2613 0.465874 0
      vertex 13.2613 -0.465874 0
    endloop
  endfacet
  facet normal 0 0 -1
    outer loop
      vertex 13.2154 -0.234946 0
      vertex 13.2154 0.234946 0
      vertex 13.2613 0.465874 0
    endloop
  endfacet
  facet normal 0 -0 -1
    outer loop
      vertex 13.2154 0.234946 0
      vertex 13.2154 -0.234946 0
      vertex 13.2 0 0
    endloop
  endfacet
  facet normal 0.831488 -0.555543 0
    outer loop
      vertex 16.428 -1.09577 4.7
      vertex 16.5588 -0.9 0
      vertex 16.5588 -0.9 4.7
    endloop
  endfacet
  facet normal 0.831488 -0.555543 0
    outer loop
      vertex 16.5588 -0.9 0
      vertex 16.428 -1.09577 4.7
      vertex 16.428 -1.09577 0
    endloop
  endfacet
  facet normal -0.321537 0.946897 0
    outer loop
      vertex 14.5341 1.73867 0
      vertex 14.3112 1.66298 4.7
      vertex 14.5341 1.73867 4.7
    endloop
  endfacet
  facet normal -0.321537 0.946897 0
    outer loop
      vertex 14.3112 1.66298 4.7
      vertex 14.5341 1.73867 0
      vertex 14.3112 1.66298 0
    endloop
  endfacet
  facet normal 0.659406 -0.751787 0
    outer loop
      vertex 16.0958 -1.42804 0
      vertex 16.2728 -1.27279 4.7
      vertex 16.0958 -1.42804 4.7
    endloop
  endfacet
  facet normal 0.659406 -0.751787 0
    outer loop
      vertex 16.2728 -1.27279 4.7
      vertex 16.0958 -1.42804 0
      vertex 16.2728 -1.27279 0
    endloop
  endfacet
  facet normal 0.321537 -0.946897 0
    outer loop
      vertex 15.4659 -1.73867 0
      vertex 15.6888 -1.66298 4.7
      vertex 15.4659 -1.73867 4.7
    endloop
  endfacet
  facet normal 0.321537 -0.946897 0
    outer loop
      vertex 15.6888 -1.66298 4.7
      vertex 15.4659 -1.73867 0
      vertex 15.6888 -1.66298 0
    endloop
  endfacet
  facet normal -0.555513 0.831508 0
    outer loop
      vertex 14.1 1.55885 0
      vertex 13.9042 1.42804 4.7
      vertex 14.1 1.55885 4.7
    endloop
  endfacet
  facet normal -0.555513 0.831508 0
    outer loop
      vertex 13.9042 1.42804 4.7
      vertex 14.1 1.55885 0
      vertex 13.9042 1.42804 0
    endloop
  endfacet
  facet normal -0.659406 0.751787 0
    outer loop
      vertex 13.9042 1.42804 0
      vertex 13.7272 1.27279 4.7
      vertex 13.9042 1.42804 4.7
    endloop
  endfacet
  facet normal -0.659406 0.751787 0
    outer loop
      vertex 13.7272 1.27279 4.7
      vertex 13.9042 1.42804 0
      vertex 13.7272 1.27279 0
    endloop
  endfacet
  facet normal 0.831488 0.555543 0
    outer loop
      vertex 16.5588 0.9 4.7
      vertex 16.428 1.09577 0
      vertex 16.428 1.09577 4.7
    endloop
  endfacet
  facet normal 0.831488 0.555543 0
    outer loop
      vertex 16.428 1.09577 0
      vertex 16.5588 0.9 4.7
      vertex 16.5588 0.9 0
    endloop
  endfacet
  facet normal -0.751929 0.659244 0
    outer loop
      vertex 13.572 1.09577 0
      vertex 13.7272 1.27279 4.7
      vertex 13.7272 1.27279 0
    endloop
  endfacet
  facet normal -0.751929 0.659244 0
    outer loop
      vertex 13.7272 1.27279 4.7
      vertex 13.572 1.09577 0
      vertex 13.572 1.09577 4.7
    endloop
  endfacet
  facet normal -0.831488 0.555543 0
    outer loop
      vertex 13.4412 0.9 0
      vertex 13.572 1.09577 4.7
      vertex 13.572 1.09577 0
    endloop
  endfacet
  facet normal -0.831488 0.555543 0
    outer loop
      vertex 13.572 1.09577 4.7
      vertex 13.4412 0.9 0
      vertex 13.4412 0.9 4.7
    endloop
  endfacet
  facet normal 0.751929 -0.659244 0
    outer loop
      vertex 16.2728 -1.27279 4.7
      vertex 16.428 -1.09577 0
      vertex 16.428 -1.09577 4.7
    endloop
  endfacet
  facet normal 0.751929 -0.659244 0
    outer loop
      vertex 16.428 -1.09577 0
      vertex 16.2728 -1.27279 4.7
      vertex 16.2728 -1.27279 0
    endloop
  endfacet
  facet normal 0.442212 -0.89691 0
    outer loop
      vertex 15.6888 -1.66298 0
      vertex 15.9 -1.55885 4.7
      vertex 15.6888 -1.66298 4.7
    endloop
  endfacet
  facet normal 0.442212 -0.89691 0
    outer loop
      vertex 15.9 -1.55885 4.7
      vertex 15.6888 -1.66298 0
      vertex 15.9 -1.55885 0
    endloop
  endfacet
  facet normal 0.195014 0.980801 -0
    outer loop
      vertex 15.4659 1.73867 0
      vertex 15.2349 1.7846 4.7
      vertex 15.4659 1.73867 4.7
    endloop
  endfacet
  facet normal 0.195014 0.980801 0
    outer loop
      vertex 15.2349 1.7846 4.7
      vertex 15.4659 1.73867 0
      vertex 15.2349 1.7846 0
    endloop
  endfacet
  facet normal -0.195014 0.980801 0
    outer loop
      vertex 14.7651 1.7846 0
      vertex 14.5341 1.73867 4.7
      vertex 14.7651 1.7846 4.7
    endloop
  endfacet
  facet normal -0.195014 0.980801 0
    outer loop
      vertex 14.5341 1.73867 4.7
      vertex 14.7651 1.7846 0
      vertex 14.5341 1.73867 0
    endloop
  endfacet
  facet normal -0.946908 0.321504 0
    outer loop
      vertex 13.2613 0.465874 0
      vertex 13.337 0.688829 4.7
      vertex 13.337 0.688829 0
    endloop
  endfacet
  facet normal -0.946908 0.321504 0
    outer loop
      vertex 13.337 0.688829 4.7
      vertex 13.2613 0.465874 0
      vertex 13.2613 0.465874 4.7
    endloop
  endfacet
  facet normal -0.896768 -0.4425 0
    outer loop
      vertex 13.4412 -0.9 0
      vertex 13.337 -0.688829 4.7
      vertex 13.337 -0.688829 0
    endloop
  endfacet
  facet normal -0.896768 -0.4425 0
    outer loop
      vertex 13.337 -0.688829 4.7
      vertex 13.4412 -0.9 0
      vertex 13.4412 -0.9 4.7
    endloop
  endfacet
  facet normal -0.442212 -0.89691 0
    outer loop
      vertex 14.1 -1.55885 0
      vertex 14.3112 -1.66298 4.7
      vertex 14.1 -1.55885 4.7
    endloop
  endfacet
  facet normal -0.442212 -0.89691 -0
    outer loop
      vertex 14.3112 -1.66298 4.7
      vertex 14.1 -1.55885 0
      vertex 14.3112 -1.66298 0
    endloop
  endfacet
  facet normal 0.321537 0.946897 -0
    outer loop
      vertex 15.6888 1.66298 0
      vertex 15.4659 1.73867 4.7
      vertex 15.6888 1.66298 4.7
    endloop
  endfacet
  facet normal 0.321537 0.946897 0
    outer loop
      vertex 15.4659 1.73867 4.7
      vertex 15.6888 1.66298 0
      vertex 15.4659 1.73867 0
    endloop
  endfacet
  facet normal -0.555513 -0.831508 0
    outer loop
      vertex 13.9042 -1.42804 0
      vertex 14.1 -1.55885 4.7
      vertex 13.9042 -1.42804 4.7
    endloop
  endfacet
  facet normal -0.555513 -0.831508 -0
    outer loop
      vertex 14.1 -1.55885 4.7
      vertex 13.9042 -1.42804 0
      vertex 14.1 -1.55885 0
    endloop
  endfacet
  facet normal 0.0654194 -0.997858 0
    outer loop
      vertex 15 -1.8 0
      vertex 15.2349 -1.7846 4.7
      vertex 15 -1.8 4.7
    endloop
  endfacet
  facet normal 0.0654194 -0.997858 0
    outer loop
      vertex 15.2349 -1.7846 4.7
      vertex 15 -1.8 0
      vertex 15.2349 -1.7846 0
    endloop
  endfacet
  facet normal 0.946908 -0.321504 0
    outer loop
      vertex 16.663 -0.688829 4.7
      vertex 16.7387 -0.465874 0
      vertex 16.7387 -0.465874 4.7
    endloop
  endfacet
  facet normal 0.946908 -0.321504 0
    outer loop
      vertex 16.7387 -0.465874 0
      vertex 16.663 -0.688829 4.7
      vertex 16.663 -0.688829 0
    endloop
  endfacet
  facet normal 0.980813 -0.19495 0
    outer loop
      vertex 16.7387 -0.465874 4.7
      vertex 16.7846 -0.234946 0
      vertex 16.7846 -0.234946 4.7
    endloop
  endfacet
  facet normal 0.980813 -0.19495 0
    outer loop
      vertex 16.7846 -0.234946 0
      vertex 16.7387 -0.465874 4.7
      vertex 16.7387 -0.465874 0
    endloop
  endfacet
  facet normal -0.0654194 0.997858 0
    outer loop
      vertex 15 1.8 0
      vertex 14.7651 1.7846 4.7
      vertex 15 1.8 4.7
    endloop
  endfacet
  facet normal -0.0654194 0.997858 0
    outer loop
      vertex 14.7651 1.7846 4.7
      vertex 15 1.8 0
      vertex 14.7651 1.7846 0
    endloop
  endfacet
  facet normal -0.831488 -0.555543 0
    outer loop
      vertex 13.572 -1.09577 0
      vertex 13.4412 -0.9 4.7
      vertex 13.4412 -0.9 0
    endloop
  endfacet
  facet normal -0.831488 -0.555543 0
    outer loop
      vertex 13.4412 -0.9 4.7
      vertex 13.572 -1.09577 0
      vertex 13.572 -1.09577 4.7
    endloop
  endfacet
  facet normal 0.351115 0.712122 0.607948
    outer loop
      vertex 31.75 4.22498 5.55564
      vertex 31.5824 3.82035 6.1264
      vertex 32.0676 3.58112 6.1264
    endloop
  endfacet
  facet normal -0.130511 -0.00857312 0.99141
    outer loop
      vertex 29.6403 0 7.98822
      vertex 28.927 0 7.89432
      vertex 28.9362 -0.140054 7.89432
    endloop
  endfacet
  facet normal -0.254322 0.0506212 0.965794
    outer loop
      vertex 28.9636 0.277712 7.89432
      vertex 28.2923 0.45757 7.70812
      vertex 28.9362 0.140054 7.89432
    endloop
  endfacet
  facet normal -0.820779 -0.278307 0.498866
    outer loop
      vertex 25.5827 -1.1836 5.55564
      vertex 25.5517 -1.19191 5.5
      vertex 25.5702 -1.24647 5.5
    endloop
  endfacet
  facet normal 0.751801 -0.255228 0.607991
    outer loop
      vertex 34.4173 -1.1836 5.55564
      vertex 33.9942 -1.07025 6.1264
      vertex 34.225 -1.75004 5.55564
    endloop
  endfacet
  facet normal 0.820368 0.278455 0.499459
    outer loop
      vertex 34.225 1.75004 5.55564
      vertex 34.4298 1.24647 5.5
      vertex 34.2547 1.76234 5.5
    endloop
  endfacet
  facet normal 0.820545 0.278566 0.499106
    outer loop
      vertex 34.4298 1.24647 5.5
      vertex 34.225 1.75004 5.55564
      vertex 34.4173 1.1836 5.55564
    endloop
  endfacet
  facet normal 0.0519251 -0.792283 0.607941
    outer loop
      vertex 30 -4.13512 6.1264
      vertex 30 -4.57308 5.55564
      vertex 30.5969 -4.53396 5.55564
    endloop
  endfacet
  facet normal -0.751801 0.255228 0.607991
    outer loop
      vertex 25.775 1.75004 5.55564
      vertex 25.5827 1.1836 5.55564
      vertex 26.0058 1.07025 6.1264
    endloop
  endfacet
  facet normal 0.712077 0.351253 0.60792
    outer loop
      vertex 34.225 1.75004 5.55564
      vertex 33.5811 2.06756 6.1264
      vertex 33.8204 1.58244 6.1264
    endloop
  endfacet
  facet normal -0.351115 -0.712122 0.607948
    outer loop
      vertex 28.4176 -3.82035 6.1264
      vertex 27.9324 -3.58112 6.1264
      vertex 28.25 -4.22498 5.55564
    endloop
  endfacet
  facet normal -0.597844 -0.118993 0.792732
    outer loop
      vertex 26.9705 -0.39884 7.07308
      vertex 26.4046 -0.47334 6.63512
      vertex 26.4972 -0.938581 6.63512
    endloop
  endfacet
  facet normal 0.0255252 -0.128279 0.99141
    outer loop
      vertex 30.2777 -1.03644 7.89432
      vertex 30.0931 -0.34746 7.98822
      vertex 30.1401 -1.06382 7.89432
    endloop
  endfacet
  facet normal 0.123869 0.0420334 0.991408
    outer loop
      vertex 30.9913 0.410618 7.89432
      vertex 30.3475 0.0931015 7.98822
      vertex 31.0364 0.277712 7.89432
    endloop
  endfacet
  facet normal 0.215598 0.144082 0.965794
    outer loop
      vertex 31.4026 1.07624 7.70812
      vertex 30.9292 0.536498 7.89432
      vertex 31.5311 0.883958 7.70812
    endloop
  endfacet
  facet normal 0.123869 -0.0420334 0.991408
    outer loop
      vertex 31.0364 -0.277712 7.89432
      vertex 30.3475 -0.0931015 7.98822
      vertex 30.9913 -0.410618 7.89432
    endloop
  endfacet
  facet normal 0.712078 0.351194 0.607954
    outer loop
      vertex 33.9604 2.28654 5.55564
      vertex 33.5811 2.06756 6.1264
      vertex 34.225 1.75004 5.55564
    endloop
  endfacet
  facet normal 0.523481 -0.59696 0.607952
    outer loop
      vertex 32.924 -2.92397 6.1264
      vertex 32.5173 -3.28061 6.1264
      vertex 33.2337 -3.23366 5.55564
    endloop
  endfacet
  facet normal -0.706361 -0.0463281 0.706334
    outer loop
      vertex 26.3736 0 6.63512
      vertex 25.8649 0 6.1264
      vertex 25.9003 -0.539741 6.1264
    endloop
  endfacet
  facet normal -0.255218 0.751841 0.607947
    outer loop
      vertex 28.9298 3.99422 6.1264
      vertex 28.25 4.22498 5.55564
      vertex 28.4176 3.82035 6.1264
    endloop
  endfacet
  facet normal 0.278538 -0.82049 0.499212
    outer loop
      vertex 31.2465 -4.42976 5.5
      vertex 31.75 -4.22498 5.55564
      vertex 31.1836 -4.41726 5.55564
    endloop
  endfacet
  facet normal 0.278564 -0.820532 0.499129
    outer loop
      vertex 31.75 -4.22498 5.55564
      vertex 31.2465 -4.42976 5.5
      vertex 31.7623 -4.25465 5.5
    endloop
  endfacet
  facet normal -0.0462943 -0.706354 0.706343
    outer loop
      vertex 29.5267 -3.59538 6.63512
      vertex 29.4603 -4.09974 6.1264
      vertex 30 -3.6264 6.63512
    endloop
  endfacet
  facet normal 0.474232 -0.161008 0.865552
    outer loop
      vertex 32.9515 -0.790856 7.07308
      vertex 32.3497 -0.6296 7.4328
      vertex 32.823 -1.16934 7.07308
    endloop
  endfacet
  facet normal 0.634864 0.313074 0.706352
    outer loop
      vertex 33.8204 1.58244 6.1264
      vertex 33.1406 1.8132 6.63512
      vertex 33.3504 1.38776 6.63512
    endloop
  endfacet
  facet normal 0.546718 -0.269485 0.792766
    outer loop
      vertex 32.823 -1.16934 7.07308
      vertex 32.6463 -1.52782 7.07308
      vertex 33.3504 -1.38776 6.63512
    endloop
  endfacet
  facet normal 0.491186 -0.0977387 0.865554
    outer loop
      vertex 32.4118 -0.317516 7.4328
      vertex 32.3497 -0.6296 7.4328
      vertex 32.9515 -0.790856 7.07308
    endloop
  endfacet
  facet normal 0.195934 0.577214 0.792739
    outer loop
      vertex 31.3878 3.35036 6.63512
      vertex 30.9386 3.50284 6.63512
      vertex 31.1693 2.82304 7.07308
    endloop
  endfacet
  facet normal -0.720453 0.481299 0.499298
    outer loop
      vertex 26.0438 2.35051 5.5
      vertex 26.3719 2.78392 5.55564
      vertex 26.3464 2.80347 5.5
    endloop
  endfacet
  facet normal -0.720543 0.481395 0.499076
    outer loop
      vertex 26.3719 2.78392 5.55564
      vertex 26.0438 2.35051 5.5
      vertex 26.0396 2.28654 5.55564
    endloop
  endfacet
  facet normal -0.382554 -0.0250605 0.923593
    outer loop
      vertex 28.2321 0 7.70812
      vertex 27.5674 0 7.4328
      vertex 27.5882 -0.317516 7.4328
    endloop
  endfacet
  facet normal 0.123775 0.0422255 0.991412
    outer loop
      vertex 30.9913 0.410618 7.89432
      vertex 30.3323 0.137657 7.98822
      vertex 30.3475 0.0931015 7.98822
    endloop
  endfacet
  facet normal -0.820545 -0.278566 0.499106
    outer loop
      vertex 25.5702 -1.24647 5.5
      vertex 25.775 -1.75004 5.55564
      vertex 25.5827 -1.1836 5.55564
    endloop
  endfacet
  facet normal -0.820368 -0.278455 0.499459
    outer loop
      vertex 25.775 -1.75004 5.55564
      vertex 25.5702 -1.24647 5.5
      vertex 25.7453 -1.76234 5.5
    endloop
  endfacet
  facet normal -0.05667 -0.864681 0.499115
    outer loop
      vertex 29.4564 -4.56957 5.5
      vertex 30 -4.57308 5.55564
      vertex 29.4031 -4.53396 5.55564
    endloop
  endfacet
  facet normal -0.0566736 -0.864659 0.499152
    outer loop
      vertex 30 -4.57308 5.55564
      vertex 29.4564 -4.56957 5.5
      vertex 30 -4.6052 5.5
    endloop
  endfacet
  facet normal -0.0726982 0.108737 0.991409
    outer loop
      vertex 29.8201 0.311523 7.98822
      vertex 29.4635 0.929242 7.89432
      vertex 29.781 0.285382 7.98822
    endloop
  endfacet
  facet normal 0.499765 -0.0327045 0.865544
    outer loop
      vertex 33.0556 0 7.07308
      vertex 32.4326 0 7.4328
      vertex 33.0295 -0.39884 7.07308
    endloop
  endfacet
  facet normal 0.820779 -0.278307 0.498866
    outer loop
      vertex 34.4483 -1.19191 5.5
      vertex 34.4173 -1.1836 5.55564
      vertex 34.4298 -1.24647 5.5
    endloop
  endfacet
  facet normal 0.651463 -0.571459 0.49903
    outer loop
      vertex 33.2944 -3.21305 5.5
      vertex 33.2337 -3.23366 5.55564
      vertex 33.2564 -3.25637 5.5
    endloop
  endfacet
  facet normal -0.546718 -0.269485 0.792766
    outer loop
      vertex 27.177 -1.16934 7.07308
      vertex 26.6496 -1.38776 6.63512
      vertex 27.3537 -1.52782 7.07308
    endloop
  endfacet
  facet normal -0.31303 -0.63488 0.706356
    outer loop
      vertex 28.1868 -3.14056 6.63512
      vertex 27.9324 -3.58112 6.1264
      vertex 28.4176 -3.82035 6.1264
    endloop
  endfacet
  facet normal 0.571187 -0.651349 0.49949
    outer loop
      vertex 33.2131 -3.29436 5.5
      vertex 32.7839 -3.62807 5.55564
      vertex 32.8035 -3.65355 5.5
    endloop
  endfacet
  facet normal 0.571259 -0.651485 0.499231
    outer loop
      vertex 32.7839 -3.62807 5.55564
      vertex 33.2131 -3.29436 5.5
      vertex 33.2337 -3.23366 5.55564
    endloop
  endfacet
  facet normal 0.232627 0.114628 0.965787
    outer loop
      vertex 31.5311 0.883958 7.70812
      vertex 30.9913 0.410618 7.89432
      vertex 31.6333 0.676552 7.70812
    endloop
  endfacet
  facet normal 0.351176 -0.712121 0.607914
    outer loop
      vertex 32.0676 -3.58112 6.1264
      vertex 31.75 -4.22498 5.55564
      vertex 32.2865 -3.96041 5.55564
    endloop
  endfacet
  facet normal 0.597869 -0.118959 0.792718
    outer loop
      vertex 33.0295 -0.39884 7.07308
      vertex 32.9515 -0.790856 7.07308
      vertex 33.5028 -0.938581 6.63512
    endloop
  endfacet
  facet normal 0.382554 -0.0250605 0.923593
    outer loop
      vertex 32.4326 0 7.4328
      vertex 31.7679 0 7.70812
      vertex 32.4118 -0.317516 7.4328
    endloop
  endfacet
  facet normal 0.245587 0.083337 0.965786
    outer loop
      vertex 31.6333 0.676552 7.70812
      vertex 30.9913 0.410618 7.89432
      vertex 31.0364 0.277712 7.89432
    endloop
  endfacet
  facet normal -0.123869 0.0420334 0.991408
    outer loop
      vertex 29.0087 0.410618 7.89432
      vertex 28.9636 0.277712 7.89432
      vertex 29.6525 0.0931015 7.98822
    endloop
  endfacet
  facet normal -0.376019 0.074769 0.923591
    outer loop
      vertex 28.2923 0.45757 7.70812
      vertex 27.5882 0.317516 7.4328
      vertex 28.2472 0.230759 7.70812
    endloop
  endfacet
  facet normal 0.523471 0.596986 0.607937
    outer loop
      vertex 32.7839 3.62807 5.55564
      vertex 32.5173 3.28061 6.1264
      vertex 33.2337 3.23366 5.55564
    endloop
  endfacet
  facet normal 0.252734 0.288257 0.923598
    outer loop
      vertex 31.4809 1.9299 7.4328
      vertex 31.0762 1.40258 7.70812
      vertex 31.2501 1.25011 7.70812
    endloop
  endfacet
  facet normal 0.571259 0.651485 0.499231
    outer loop
      vertex 33.2131 3.29436 5.5
      vertex 32.7839 3.62807 5.55564
      vertex 33.2337 3.23366 5.55564
    endloop
  endfacet
  facet normal 0.571187 0.651349 0.49949
    outer loop
      vertex 32.7839 3.62807 5.55564
      vertex 33.2131 3.29436 5.5
      vertex 32.8035 3.65355 5.5
    endloop
  endfacet
  facet normal 0.720642 0.481331 0.498994
    outer loop
      vertex 33.9882 2.3026 5.5
      vertex 33.9562 2.35051 5.5
      vertex 33.9604 2.28654 5.55564
    endloop
  endfacet
  facet normal -0.751801 -0.255228 0.607991
    outer loop
      vertex 26.0058 -1.07025 6.1264
      vertex 25.5827 -1.1836 5.55564
      vertex 25.775 -1.75004 5.55564
    endloop
  endfacet
  facet normal -0.651463 -0.571459 0.49903
    outer loop
      vertex 26.7663 -3.23366 5.55564
      vertex 26.7056 -3.21305 5.5
      vertex 26.7436 -3.25637 5.5
    endloop
  endfacet
  facet normal -0.546716 0.269606 0.792726
    outer loop
      vertex 26.8594 1.8132 6.63512
      vertex 26.6496 1.38776 6.63512
      vertex 27.3537 1.52782 7.07308
    endloop
  endfacet
  facet normal 0.00855186 -0.130514 0.99141
    outer loop
      vertex 30 -0.359716 7.98822
      vertex 30 -1.073 7.89432
      vertex 30.1401 -1.06382 7.89432
    endloop
  endfacet
  facet normal -0.608266 0.0398366 0.792733
    outer loop
      vertex 26.4046 0.47334 6.63512
      vertex 26.3736 0 6.63512
      vertex 26.9705 0.39884 7.07308
    endloop
  endfacet
  facet normal -0.776885 -0.383406 0.49945
    outer loop
      vertex 25.775 -1.75004 5.55564
      vertex 25.7453 -1.76234 5.5
      vertex 25.7708 -1.81401 5.5
    endloop
  endfacet
  facet normal -0.712077 -0.351253 0.60792
    outer loop
      vertex 26.1796 -1.58244 6.1264
      vertex 25.775 -1.75004 5.55564
      vertex 26.4189 -2.06756 6.1264
    endloop
  endfacet
  facet normal -0.449192 -0.221413 0.865565
    outer loop
      vertex 27.8933 -1.21629 7.4328
      vertex 27.177 -1.16934 7.07308
      vertex 27.3537 -1.52782 7.07308
    endloop
  endfacet
  facet normal 0.363024 -0.123253 0.923592
    outer loop
      vertex 32.3497 -0.6296 7.4328
      vertex 31.6333 -0.676552 7.70812
      vertex 32.2474 -0.93091 7.4328
    endloop
  endfacet
  facet normal -0.330207 -0.376517 0.865562
    outer loop
      vertex 28.5191 -1.9299 7.4328
      vertex 27.8393 -2.16066 7.07308
      vertex 28.1398 -2.4242 7.07308
    endloop
  endfacet
  facet normal -0.351176 -0.712121 0.607914
    outer loop
      vertex 27.9324 -3.58112 6.1264
      vertex 27.7135 -3.96041 5.55564
      vertex 28.25 -4.22498 5.55564
    endloop
  endfacet
  facet normal -0.383062 -0.777248 0.499148
    outer loop
      vertex 28.25 -4.22498 5.55564
      vertex 28.186 -4.22917 5.5
      vertex 28.2377 -4.25465 5.5
    endloop
  endfacet
  facet normal 0.313112 -0.63488 0.70632
    outer loop
      vertex 31.8132 -3.14056 6.63512
      vertex 31.3878 -3.35036 6.63512
      vertex 31.5824 -3.82035 6.1264
    endloop
  endfacet
  facet normal 0.474231 -0.16101 0.865553
    outer loop
      vertex 32.3497 -0.6296 7.4328
      vertex 32.2474 -0.93091 7.4328
      vertex 32.823 -1.16934 7.07308
    endloop
  endfacet
  facet normal 0.608266 -0.0398366 0.792733
    outer loop
      vertex 33.6264 0 6.63512
      vertex 33.0295 -0.39884 7.07308
      vertex 33.5954 -0.47334 6.63512
    endloop
  endfacet
  facet normal 0.776885 -0.383406 0.49945
    outer loop
      vertex 34.2547 -1.76234 5.5
      vertex 34.225 -1.75004 5.55564
      vertex 34.2292 -1.81401 5.5
    endloop
  endfacet
  facet normal 0.506811 0.338722 0.792723
    outer loop
      vertex 32.877 2.20761 6.63512
      vertex 32.6463 1.52782 7.07308
      vertex 33.1406 1.8132 6.63512
    endloop
  endfacet
  facet normal 0.588557 -0.393356 0.706309
    outer loop
      vertex 33.1406 -1.8132 6.63512
      vertex 32.877 -2.20761 6.63512
      vertex 33.5811 -2.06756 6.1264
    endloop
  endfacet
  facet normal 0.506811 -0.338722 0.792723
    outer loop
      vertex 33.1406 -1.8132 6.63512
      vertex 32.6463 -1.52782 7.07308
      vertex 32.877 -2.20761 6.63512
    endloop
  endfacet
  facet normal 0.588569 -0.39326 0.706352
    outer loop
      vertex 33.5811 -2.06756 6.1264
      vertex 32.877 -2.20761 6.63512
      vertex 33.2806 -2.5173 6.1264
    endloop
  endfacet
  facet normal 0.577214 -0.19584 0.792762
    outer loop
      vertex 33.5028 -0.938581 6.63512
      vertex 32.823 -1.16934 7.07308
      vertex 33.3504 -1.38776 6.63512
    endloop
  endfacet
  facet normal 0.41637 0.278265 0.865566
    outer loop
      vertex 32.4242 1.86015 7.07308
      vertex 32.1067 1.21629 7.4328
      vertex 32.6463 1.52782 7.07308
    endloop
  endfacet
  facet normal 0.49119 -0.0977329 0.865552
    outer loop
      vertex 33.0295 -0.39884 7.07308
      vertex 32.4118 -0.317516 7.4328
      vertex 32.9515 -0.790856 7.07308
    endloop
  endfacet
  facet normal 0.128306 0.0253002 0.991412
    outer loop
      vertex 31.0638 0.140054 7.89432
      vertex 30.3475 0.0931015 7.98822
      vertex 30.3566 0.0469522 7.98822
    endloop
  endfacet
  facet normal 0.254322 0.0506212 0.965794
    outer loop
      vertex 31.7077 0.45757 7.70812
      vertex 31.0364 0.277712 7.89432
      vertex 31.0638 0.140054 7.89432
    endloop
  endfacet
  facet normal 0.546716 0.269606 0.792726
    outer loop
      vertex 33.1406 1.8132 6.63512
      vertex 32.6463 1.52782 7.07308
      vertex 33.3504 1.38776 6.63512
    endloop
  endfacet
  facet normal 0.212972 0.318771 0.923595
    outer loop
      vertex 31.2163 2.10668 7.4328
      vertex 31.0762 1.40258 7.70812
      vertex 31.4809 1.9299 7.4328
    endloop
  endfacet
  facet normal -0.288246 0.252786 0.923588
    outer loop
      vertex 28.2799 1.7201 7.4328
      vertex 28.0701 1.48087 7.4328
      vertex 28.7499 1.25011 7.70812
    endloop
  endfacet
  facet normal 0.278209 0.416417 0.865561
    outer loop
      vertex 31.8602 2.4242 7.07308
      vertex 31.2163 2.10668 7.4328
      vertex 31.4809 1.9299 7.4328
    endloop
  endfacet
  facet normal 0.0726668 0.108753 0.991409
    outer loop
      vertex 30.5365 0.929242 7.89432
      vertex 30.219 0.285382 7.98822
      vertex 30.6532 0.851265 7.89432
    endloop
  endfacet
  facet normal 0.114684 -0.232591 0.965789
    outer loop
      vertex 30.5365 -0.929242 7.89432
      vertex 30.4106 -0.99132 7.89432
      vertex 30.884 -1.53106 7.70812
    endloop
  endfacet
  facet normal -0.351115 0.712122 0.607948
    outer loop
      vertex 28.25 4.22498 5.55564
      vertex 27.9324 3.58112 6.1264
      vertex 28.4176 3.82035 6.1264
    endloop
  endfacet
  facet normal 0.401905 0.458354 0.792707
    outer loop
      vertex 32.2076 2.87702 6.63512
      vertex 31.8602 2.4242 7.07308
      vertex 32.5643 2.56425 6.63512
    endloop
  endfacet
  facet normal 0.66017 0.441101 0.607952
    outer loop
      vertex 33.9604 2.28654 5.55564
      vertex 33.2806 2.5173 6.1264
      vertex 33.5811 2.06756 6.1264
    endloop
  endfacet
  facet normal 0.751891 0.255137 0.607919
    outer loop
      vertex 34.225 1.75004 5.55564
      vertex 33.8204 1.58244 6.1264
      vertex 33.9942 1.07025 6.1264
    endloop
  endfacet
  facet normal 0.441159 0.660175 0.607904
    outer loop
      vertex 32.2865 3.96041 5.55564
      vertex 32.0676 3.58112 6.1264
      vertex 32.5173 3.28061 6.1264
    endloop
  endfacet
  facet normal 0.651503 0.571336 0.499119
    outer loop
      vertex 33.6281 2.78392 5.55564
      vertex 33.2944 3.21305 5.5
      vertex 33.2337 3.23366 5.55564
    endloop
  endfacet
  facet normal 0.651418 0.571291 0.49928
    outer loop
      vertex 33.2944 3.21305 5.5
      vertex 33.6281 2.78392 5.55564
      vertex 33.6536 2.80347 5.5
    endloop
  endfacet
  facet normal 0.720453 0.481299 0.499298
    outer loop
      vertex 33.6281 2.78392 5.55564
      vertex 33.9562 2.35051 5.5
      vertex 33.6536 2.80347 5.5
    endloop
  endfacet
  facet normal 0.720543 0.481395 0.499076
    outer loop
      vertex 33.9562 2.35051 5.5
      vertex 33.6281 2.78392 5.55564
      vertex 33.9604 2.28654 5.55564
    endloop
  endfacet
  facet normal -0.481392 -0.720358 0.499345
    outer loop
      vertex 27.7135 -3.96041 5.55564
      vertex 27.6495 -3.95621 5.5
      vertex 27.6974 -3.98822 5.5
    endloop
  endfacet
  facet normal -0.449192 0.221413 0.865565
    outer loop
      vertex 27.3537 1.52782 7.07308
      vertex 27.177 1.16934 7.07308
      vertex 27.8933 1.21629 7.4328
    endloop
  endfacet
  facet normal -0.269623 0.5467 0.792731
    outer loop
      vertex 28.6122 3.35036 6.63512
      vertex 28.1868 3.14056 6.63512
      vertex 28.4722 2.64626 7.07308
    endloop
  endfacet
  facet normal 0.0747907 0.376026 0.923586
    outer loop
      vertex 30.3175 2.41178 7.4328
      vertex 30.2308 1.75279 7.70812
      vertex 30.4576 1.70768 7.70812
    endloop
  endfacet
  facet normal -0.213072 0.318746 0.923581
    outer loop
      vertex 29.116 1.53106 7.70812
      vertex 28.7837 2.10668 7.4328
      vertex 28.9238 1.40258 7.70812
    endloop
  endfacet
  facet normal -0.720642 0.481331 0.498994
    outer loop
      vertex 26.0438 2.35051 5.5
      vertex 26.0118 2.3026 5.5
      vertex 26.0396 2.28654 5.55564
    endloop
  endfacet
  facet normal -0.864923 -0.0571661 0.498638
    outer loop
      vertex 25.466 -0.596907 5.55564
      vertex 25.4304 -0.543605 5.5
      vertex 25.4342 -0.601099 5.5
    endloop
  endfacet
  facet normal -0.778686 -0.15489 0.607994
    outer loop
      vertex 26.0058 -1.07025 6.1264
      vertex 25.466 -0.596907 5.55564
      vertex 25.5827 -1.1836 5.55564
    endloop
  endfacet
  facet normal -0.778676 -0.154852 0.608016
    outer loop
      vertex 25.9003 -0.539741 6.1264
      vertex 25.466 -0.596907 5.55564
      vertex 26.0058 -1.07025 6.1264
    endloop
  endfacet
  facet normal 0.0976754 -0.491196 0.865555
    outer loop
      vertex 30.7909 -2.95152 7.07308
      vertex 30.3175 -2.41178 7.4328
      vertex 30.3988 -3.02949 7.07308
    endloop
  endfacet
  facet normal -0.114697 -0.23258 0.965791
    outer loop
      vertex 29.5894 -0.99132 7.89432
      vertex 29.116 -1.53106 7.70812
      vertex 29.3234 -1.63334 7.70812
    endloop
  endfacet
  facet normal 0.117315 0.0578219 0.99141
    outer loop
      vertex 30.9913 0.410618 7.89432
      vertex 30.3115 0.179858 7.98822
      vertex 30.3323 0.137657 7.98822
    endloop
  endfacet
  facet normal -0.130502 -0.00861636 0.991411
    outer loop
      vertex 29.6403 0 7.98822
      vertex 28.9362 -0.140054 7.89432
      vertex 29.6434 -0.0469522 7.98822
    endloop
  endfacet
  facet normal -0.499765 0.0327045 0.865544
    outer loop
      vertex 26.9705 0.39884 7.07308
      vertex 26.9444 0 7.07308
      vertex 27.5674 0 7.4328
    endloop
  endfacet
  facet normal -0.169067 -0.849848 0.499174
    outer loop
      vertex 28.8164 -4.41726 5.55564
      vertex 28.8081 -4.44829 5.5
      vertex 28.8646 -4.45953 5.5
    endloop
  endfacet
  facet normal 0.481352 -0.72042 0.499295
    outer loop
      vertex 32.3505 -3.95621 5.5
      vertex 32.7839 -3.62807 5.55564
      vertex 32.2865 -3.96041 5.55564
    endloop
  endfacet
  facet normal 0.481293 -0.720366 0.49943
    outer loop
      vertex 32.7839 -3.62807 5.55564
      vertex 32.3505 -3.95621 5.5
      vertex 32.8035 -3.65355 5.5
    endloop
  endfacet
  facet normal 0.0398659 -0.608269 0.792729
    outer loop
      vertex 30.3988 -3.02949 7.07308
      vertex 30 -3.6264 6.63512
      vertex 30.4733 -3.59538 6.63512
    endloop
  endfacet
  facet normal -0.441104 -0.660183 0.607936
    outer loop
      vertex 27.4827 -3.28061 6.1264
      vertex 27.2161 -3.62807 5.55564
      vertex 27.7135 -3.96041 5.55564
    endloop
  endfacet
  facet normal -0.0977006 -0.491178 0.865562
    outer loop
      vertex 29.3704 -2.3497 7.4328
      vertex 29.2091 -2.95152 7.07308
      vertex 29.6825 -2.41178 7.4328
    endloop
  endfacet
  facet normal -0.458336 -0.401888 0.792726
    outer loop
      vertex 27.5758 -1.86015 7.07308
      vertex 27.4357 -2.56425 6.63512
      vertex 27.8393 -2.16066 7.07308
    endloop
  endfacet
  facet normal -0.532258 -0.466681 0.706336
    outer loop
      vertex 27.123 -2.20761 6.63512
      vertex 27.076 -2.92397 6.1264
      vertex 27.4357 -2.56425 6.63512
    endloop
  endfacet
  facet normal -0.383214 -0.777083 0.499289
    outer loop
      vertex 28.186 -4.22917 5.5
      vertex 27.7135 -3.96041 5.55564
      vertex 27.6974 -3.98822 5.5
    endloop
  endfacet
  facet normal -0.383208 -0.777076 0.499304
    outer loop
      vertex 27.7135 -3.96041 5.55564
      vertex 28.186 -4.22917 5.5
      vertex 28.25 -4.22498 5.55564
    endloop
  endfacet
  facet normal 0.363025 -0.123339 0.92358
    outer loop
      vertex 31.7077 -0.45757 7.70812
      vertex 31.6333 -0.676552 7.70812
      vertex 32.3497 -0.6296 7.4328
    endloop
  endfacet
  facet normal -0.130511 0.00857312 0.99141
    outer loop
      vertex 28.9362 0.140054 7.89432
      vertex 28.927 0 7.89432
      vertex 29.6403 0 7.98822
    endloop
  endfacet
  facet normal 0.31303 -0.63488 0.706356
    outer loop
      vertex 31.8132 -3.14056 6.63512
      vertex 31.5824 -3.82035 6.1264
      vertex 32.0676 -3.58112 6.1264
    endloop
  endfacet
  facet normal 0.441159 -0.660175 0.607904
    outer loop
      vertex 32.5173 -3.28061 6.1264
      vertex 32.0676 -3.58112 6.1264
      vertex 32.2865 -3.96041 5.55564
    endloop
  endfacet
  facet normal 0.0566736 -0.864659 0.499152
    outer loop
      vertex 30.5436 -4.56957 5.5
      vertex 30 -4.57308 5.55564
      vertex 30 -4.6052 5.5
    endloop
  endfacet
  facet normal 0.05667 -0.864681 0.499115
    outer loop
      vertex 30 -4.57308 5.55564
      vertex 30.5436 -4.56957 5.5
      vertex 30.5969 -4.53396 5.55564
    endloop
  endfacet
  facet normal 0.660175 0.441063 0.607974
    outer loop
      vertex 33.6281 2.78392 5.55564
      vertex 33.2806 2.5173 6.1264
      vertex 33.9604 2.28654 5.55564
    endloop
  endfacet
  facet normal 0.69426 0.138064 0.706358
    outer loop
      vertex 33.9942 1.07025 6.1264
      vertex 33.5028 0.938581 6.63512
      vertex 34.0997 0.539741 6.1264
    endloop
  endfacet
  facet normal 0.706399 0.0462635 0.7063
    outer loop
      vertex 34.0997 0.539741 6.1264
      vertex 33.5954 0.47334 6.63512
      vertex 33.6264 0 6.63512
    endloop
  endfacet
  facet normal 0.608266 0.0398366 0.792733
    outer loop
      vertex 33.5954 0.47334 6.63512
      vertex 33.0295 0.39884 7.07308
      vertex 33.6264 0 6.63512
    endloop
  endfacet
  facet normal 0.608253 -0.0398039 0.792745
    outer loop
      vertex 33.0556 0 7.07308
      vertex 33.0295 -0.39884 7.07308
      vertex 33.6264 0 6.63512
    endloop
  endfacet
  facet normal 0.499748 -0.0327377 0.865552
    outer loop
      vertex 32.4326 0 7.4328
      vertex 32.4118 -0.317516 7.4328
      vertex 33.0295 -0.39884 7.07308
    endloop
  endfacet
  facet normal 0.792257 0.0518963 0.607976
    outer loop
      vertex 34.534 0.596907 5.55564
      vertex 34.1351 0 6.1264
      vertex 34.5731 0 5.55564
    endloop
  endfacet
  facet normal 0.864923 -0.0571661 0.498638
    outer loop
      vertex 34.5696 -0.543605 5.5
      vertex 34.534 -0.596907 5.55564
      vertex 34.5658 -0.601099 5.5
    endloop
  endfacet
  facet normal 0.712078 -0.351194 0.607954
    outer loop
      vertex 34.225 -1.75004 5.55564
      vertex 33.5811 -2.06756 6.1264
      vertex 33.9604 -2.28654 5.55564
    endloop
  endfacet
  facet normal 0.458336 -0.401888 0.792726
    outer loop
      vertex 32.4242 -1.86015 7.07308
      vertex 32.1607 -2.16066 7.07308
      vertex 32.5643 -2.56425 6.63512
    endloop
  endfacet
  facet normal 0.532258 -0.466681 0.706336
    outer loop
      vertex 32.877 -2.20761 6.63512
      vertex 32.5643 -2.56425 6.63512
      vertex 32.924 -2.92397 6.1264
    endloop
  endfacet
  facet normal 0.820545 -0.278566 0.499106
    outer loop
      vertex 34.225 -1.75004 5.55564
      vertex 34.4298 -1.24647 5.5
      vertex 34.4173 -1.1836 5.55564
    endloop
  endfacet
  facet normal 0.820368 -0.278455 0.499459
    outer loop
      vertex 34.4298 -1.24647 5.5
      vertex 34.225 -1.75004 5.55564
      vertex 34.2547 -1.76234 5.5
    endloop
  endfacet
  facet normal 0.474231 0.16101 0.865553
    outer loop
      vertex 32.823 1.16934 7.07308
      vertex 32.2474 0.93091 7.4328
      vertex 32.3497 0.6296 7.4328
    endloop
  endfacet
  facet normal 0.376026 -0.0748236 0.923583
    outer loop
      vertex 32.4118 -0.317516 7.4328
      vertex 31.7077 -0.45757 7.70812
      vertex 32.3497 -0.6296 7.4328
    endloop
  endfacet
  facet normal 0.499765 0.0327045 0.865544
    outer loop
      vertex 33.0295 0.39884 7.07308
      vertex 32.4326 0 7.4328
      vertex 33.0556 0 7.07308
    endloop
  endfacet
  facet normal 0.608253 0.0398039 0.792745
    outer loop
      vertex 33.6264 0 6.63512
      vertex 33.0295 0.39884 7.07308
      vertex 33.0556 0 7.07308
    endloop
  endfacet
  facet normal 0.363025 0.123339 0.92358
    outer loop
      vertex 32.3497 0.6296 7.4328
      vertex 31.6333 0.676552 7.70812
      vertex 31.7077 0.45757 7.70812
    endloop
  endfacet
  facet normal 0.343856 0.16953 0.923592
    outer loop
      vertex 32.1067 1.21629 7.4328
      vertex 31.6333 0.676552 7.70812
      vertex 32.2474 0.93091 7.4328
    endloop
  endfacet
  facet normal 0.194961 0.170998 0.96579
    outer loop
      vertex 31.2501 1.25011 7.70812
      vertex 30.7587 0.758723 7.89432
      vertex 31.4026 1.07624 7.70812
    endloop
  endfacet
  facet normal 0.34392 0.169468 0.92358
    outer loop
      vertex 32.1067 1.21629 7.4328
      vertex 31.5311 0.883958 7.70812
      vertex 31.6333 0.676552 7.70812
    endloop
  endfacet
  facet normal 0.506822 0.338715 0.792719
    outer loop
      vertex 32.877 2.20761 6.63512
      vertex 32.4242 1.86015 7.07308
      vertex 32.6463 1.52782 7.07308
    endloop
  endfacet
  facet normal 0.0519251 0.792283 0.607941
    outer loop
      vertex 30 4.57308 5.55564
      vertex 30 4.13512 6.1264
      vertex 30.5969 4.53396 5.55564
    endloop
  endfacet
  facet normal 0.05667 0.864681 0.499115
    outer loop
      vertex 30.5436 4.56957 5.5
      vertex 30 4.57308 5.55564
      vertex 30.5969 4.53396 5.55564
    endloop
  endfacet
  facet normal 0.0566736 0.864659 0.499152
    outer loop
      vertex 30 4.57308 5.55564
      vertex 30.5436 4.56957 5.5
      vertex 30 4.6052 5.5
    endloop
  endfacet
  facet normal 0.118905 0.597864 0.792729
    outer loop
      vertex 30.4733 3.59538 6.63512
      vertex 30.3988 3.02949 7.07308
      vertex 30.9386 3.50284 6.63512
    endloop
  endfacet
  facet normal -0.128306 0.0253002 0.991412
    outer loop
      vertex 29.6525 0.0931015 7.98822
      vertex 28.9362 0.140054 7.89432
      vertex 29.6434 0.0469522 7.98822
    endloop
  endfacet
  facet normal -0.144083 -0.215634 0.965786
    outer loop
      vertex 29.3468 -0.851265 7.89432
      vertex 28.9238 -1.40258 7.70812
      vertex 29.4635 -0.929242 7.89432
    endloop
  endfacet
  facet normal -0.546718 0.269485 0.792766
    outer loop
      vertex 27.3537 1.52782 7.07308
      vertex 26.6496 1.38776 6.63512
      vertex 27.177 1.16934 7.07308
    endloop
  endfacet
  facet normal -0.523471 0.596986 0.607937
    outer loop
      vertex 27.2161 3.62807 5.55564
      vertex 26.7663 3.23366 5.55564
      vertex 27.4827 3.28061 6.1264
    endloop
  endfacet
  facet normal -0.025079 0.382567 0.923587
    outer loop
      vertex 30 1.76792 7.70812
      vertex 29.6825 2.41178 7.4328
      vertex 29.7692 1.75279 7.70812
    endloop
  endfacet
  facet normal 0.0327546 0.499741 0.865556
    outer loop
      vertex 30.3988 3.02949 7.07308
      vertex 30 2.43259 7.4328
      vertex 30.3175 2.41178 7.4328
    endloop
  endfacet
  facet normal -0.278475 0.820547 0.499154
    outer loop
      vertex 28.8081 4.44829 5.5
      vertex 28.7535 4.42976 5.5
      vertex 28.8164 4.41726 5.55564
    endloop
  endfacet
  facet normal 0.338633 0.506897 0.792707
    outer loop
      vertex 32.2076 2.87702 6.63512
      vertex 31.5278 2.64626 7.07308
      vertex 31.8602 2.4242 7.07308
    endloop
  endfacet
  facet normal 0.278475 0.820547 0.499154
    outer loop
      vertex 31.1919 4.44829 5.5
      vertex 31.1836 4.41726 5.55564
      vertex 31.2465 4.42976 5.5
    endloop
  endfacet
  facet normal 0.161011 0.47421 0.865563
    outer loop
      vertex 30.7909 2.95152 7.07308
      vertex 30.6296 2.3497 7.4328
      vertex 31.1693 2.82304 7.07308
    endloop
  endfacet
  facet normal 0.401929 0.458297 0.792727
    outer loop
      vertex 32.5643 2.56425 6.63512
      vertex 31.8602 2.4242 7.07308
      vertex 32.1607 2.16066 7.07308
    endloop
  endfacet
  facet normal 0.466706 0.532215 0.706352
    outer loop
      vertex 32.5173 3.28061 6.1264
      vertex 32.2076 2.87702 6.63512
      vertex 32.924 2.92397 6.1264
    endloop
  endfacet
  facet normal 0.651463 0.571459 0.49903
    outer loop
      vertex 33.2564 3.25637 5.5
      vertex 33.2337 3.23366 5.55564
      vertex 33.2944 3.21305 5.5
    endloop
  endfacet
  facet normal 0.776885 0.383406 0.49945
    outer loop
      vertex 34.2292 1.81401 5.5
      vertex 34.225 1.75004 5.55564
      vertex 34.2547 1.76234 5.5
    endloop
  endfacet
  facet normal 0.792221 0.0519594 0.608018
    outer loop
      vertex 34.534 0.596907 5.55564
      vertex 34.0997 0.539741 6.1264
      vertex 34.1351 0 6.1264
    endloop
  endfacet
  facet normal 0.571518 0.651401 0.499043
    outer loop
      vertex 33.2564 3.25637 5.5
      vertex 33.2131 3.29436 5.5
      vertex 33.2337 3.23366 5.55564
    endloop
  endfacet
  facet normal 0.481293 0.720366 0.49943
    outer loop
      vertex 32.3505 3.95621 5.5
      vertex 32.7839 3.62807 5.55564
      vertex 32.8035 3.65355 5.5
    endloop
  endfacet
  facet normal 0.481352 0.72042 0.499295
    outer loop
      vertex 32.7839 3.62807 5.55564
      vertex 32.3505 3.95621 5.5
      vertex 32.2865 3.96041 5.55564
    endloop
  endfacet
  facet normal 0.154894 0.778719 0.607951
    outer loop
      vertex 31.1836 4.41726 5.55564
      vertex 30.5969 4.53396 5.55564
      vertex 31.0702 3.99422 6.1264
    endloop
  endfacet
  facet normal 0.0250748 0.382569 0.923587
    outer loop
      vertex 30 2.43259 7.4328
      vertex 30 1.76792 7.70812
      vertex 30.3175 2.41178 7.4328
    endloop
  endfacet
  facet normal 0.588569 0.39326 0.706352
    outer loop
      vertex 33.2806 2.5173 6.1264
      vertex 32.877 2.20761 6.63512
      vertex 33.5811 2.06756 6.1264
    endloop
  endfacet
  facet normal 0.777208 0.383363 0.498979
    outer loop
      vertex 33.9604 2.28654 5.55564
      vertex 34.2292 1.81401 5.5
      vertex 33.9882 2.3026 5.5
    endloop
  endfacet
  facet normal 0.77707 0.383248 0.499283
    outer loop
      vertex 34.2292 1.81401 5.5
      vertex 33.9604 2.28654 5.55564
      vertex 34.225 1.75004 5.55564
    endloop
  endfacet
  facet normal -0.523481 -0.59696 0.607952
    outer loop
      vertex 27.076 -2.92397 6.1264
      vertex 26.7663 -3.23366 5.55564
      vertex 27.4827 -3.28061 6.1264
    endloop
  endfacet
  facet normal -0.66017 -0.441101 0.607952
    outer loop
      vertex 26.4189 -2.06756 6.1264
      vertex 26.0396 -2.28654 5.55564
      vertex 26.7194 -2.5173 6.1264
    endloop
  endfacet
  facet normal -0.499765 -0.0327045 0.865544
    outer loop
      vertex 27.5674 0 7.4328
      vertex 26.9444 0 7.07308
      vertex 26.9705 -0.39884 7.07308
    endloop
  endfacet
  facet normal -0.634864 -0.313166 0.706311
    outer loop
      vertex 26.8594 -1.8132 6.63512
      vertex 26.1796 -1.58244 6.1264
      vertex 26.4189 -2.06756 6.1264
    endloop
  endfacet
  facet normal -0.778686 0.15489 0.607994
    outer loop
      vertex 25.5827 1.1836 5.55564
      vertex 25.466 0.596907 5.55564
      vertex 26.0058 1.07025 6.1264
    endloop
  endfacet
  facet normal -0.474232 0.161008 0.865552
    outer loop
      vertex 27.177 1.16934 7.07308
      vertex 27.0485 0.790856 7.07308
      vertex 27.6503 0.6296 7.4328
    endloop
  endfacet
  facet normal -0.363025 0.123339 0.92358
    outer loop
      vertex 28.3667 0.676552 7.70812
      vertex 27.6503 0.6296 7.4328
      vertex 28.2923 0.45757 7.70812
    endloop
  endfacet
  facet normal -0.123775 0.0422255 0.991412
    outer loop
      vertex 29.6677 0.137657 7.98822
      vertex 29.0087 0.410618 7.89432
      vertex 29.6525 0.0931015 7.98822
    endloop
  endfacet
  facet normal -0.0327546 0.499741 0.865556
    outer loop
      vertex 30 2.43259 7.4328
      vertex 29.6012 3.02949 7.07308
      vertex 29.6825 2.41178 7.4328
    endloop
  endfacet
  facet normal -0.221491 0.449171 0.865556
    outer loop
      vertex 28.8307 2.82304 7.07308
      vertex 28.4722 2.64626 7.07308
      vertex 28.7837 2.10668 7.4328
    endloop
  endfacet
  facet normal -0.577214 0.19584 0.792762
    outer loop
      vertex 26.6496 1.38776 6.63512
      vertex 26.4972 0.938581 6.63512
      vertex 27.177 1.16934 7.07308
    endloop
  endfacet
  facet normal -0.608253 0.0398039 0.792745
    outer loop
      vertex 26.9705 0.39884 7.07308
      vertex 26.3736 0 6.63512
      vertex 26.9444 0 7.07308
    endloop
  endfacet
  facet normal -0.864923 0.0571661 0.498638
    outer loop
      vertex 25.4342 0.601099 5.5
      vertex 25.4304 0.543605 5.5
      vertex 25.466 0.596907 5.55564
    endloop
  endfacet
  facet normal -0.850152 -0.169139 0.498632
    outer loop
      vertex 25.5405 -1.1354 5.5
      vertex 25.466 -0.596907 5.55564
      vertex 25.4342 -0.601099 5.5
    endloop
  endfacet
  facet normal -0.850296 -0.169134 0.498387
    outer loop
      vertex 25.466 -0.596907 5.55564
      vertex 25.5405 -1.1354 5.5
      vertex 25.5827 -1.1836 5.55564
    endloop
  endfacet
  facet normal -0.85016 -0.168497 0.498835
    outer loop
      vertex 25.5827 -1.1836 5.55564
      vertex 25.5405 -1.1354 5.5
      vertex 25.5517 -1.19191 5.5
    endloop
  endfacet
  facet normal -0.278209 -0.416417 0.865561
    outer loop
      vertex 28.5191 -1.9299 7.4328
      vertex 28.1398 -2.4242 7.07308
      vertex 28.7837 -2.10668 7.4328
    endloop
  endfacet
  facet normal -0.376019 -0.074769 0.923591
    outer loop
      vertex 28.2472 -0.230759 7.70812
      vertex 27.5882 -0.317516 7.4328
      vertex 28.2923 -0.45757 7.70812
    endloop
  endfacet
  facet normal -0.466706 -0.532215 0.706352
    outer loop
      vertex 27.7924 -2.87702 6.63512
      vertex 27.076 -2.92397 6.1264
      vertex 27.4827 -3.28061 6.1264
    endloop
  endfacet
  facet normal -0.160985 -0.474234 0.865555
    outer loop
      vertex 29.0691 -2.24742 7.4328
      vertex 28.8307 -2.82304 7.07308
      vertex 29.3704 -2.3497 7.4328
    endloop
  endfacet
  facet normal -0.215703 -0.143987 0.965785
    outer loop
      vertex 29.0708 -0.536498 7.89432
      vertex 28.5974 -1.07624 7.70812
      vertex 29.1487 -0.653198 7.89432
    endloop
  endfacet
  facet normal 0.169575 -0.343858 0.923583
    outer loop
      vertex 30.884 -1.53106 7.70812
      vertex 30.6766 -1.63334 7.70812
      vertex 31.2163 -2.10668 7.4328
    endloop
  endfacet
  facet normal 0.0250748 -0.382569 0.923587
    outer loop
      vertex 30 -1.76792 7.70812
      vertex 30 -2.43259 7.4328
      vertex 30.3175 -2.41178 7.4328
    endloop
  endfacet
  facet normal 0.123241 -0.363049 0.923584
    outer loop
      vertex 30.6766 -1.63334 7.70812
      vertex 30.6296 -2.3497 7.4328
      vertex 30.9309 -2.24742 7.4328
    endloop
  endfacet
  facet normal 0.227539 -0.67032 0.706327
    outer loop
      vertex 31.3878 -3.35036 6.63512
      vertex 30.9386 -3.50284 6.63512
      vertex 31.5824 -3.82035 6.1264
    endloop
  endfacet
  facet normal 0.393294 -0.588547 0.706351
    outer loop
      vertex 32.2076 -2.87702 6.63512
      vertex 32.0676 -3.58112 6.1264
      vertex 32.5173 -3.28061 6.1264
    endloop
  endfacet
  facet normal 0.227543 -0.670315 0.70633
    outer loop
      vertex 31.5824 -3.82035 6.1264
      vertex 30.9386 -3.50284 6.63512
      vertex 31.0702 -3.99422 6.1264
    endloop
  endfacet
  facet normal 0.255218 -0.751841 0.607947
    outer loop
      vertex 31.5824 -3.82035 6.1264
      vertex 31.0702 -3.99422 6.1264
      vertex 31.75 -4.22498 5.55564
    endloop
  endfacet
  facet normal 0.169067 -0.849848 0.499174
    outer loop
      vertex 31.1836 -4.41726 5.55564
      vertex 31.1354 -4.45953 5.5
      vertex 31.1919 -4.44829 5.5
    endloop
  endfacet
  facet normal 0.0519376 -0.792276 0.607949
    outer loop
      vertex 30.5397 -4.09974 6.1264
      vertex 30 -4.13512 6.1264
      vertex 30.5969 -4.53396 5.55564
    endloop
  endfacet
  facet normal -0.278475 -0.820547 0.499154
    outer loop
      vertex 28.8164 -4.41726 5.55564
      vertex 28.7535 -4.42976 5.5
      vertex 28.8081 -4.44829 5.5
    endloop
  endfacet
  facet normal 0.154894 -0.778719 0.607951
    outer loop
      vertex 31.0702 -3.99422 6.1264
      vertex 30.5969 -4.53396 5.55564
      vertex 31.1836 -4.41726 5.55564
    endloop
  endfacet
  facet normal -0.0463046 -0.706348 0.706348
    outer loop
      vertex 30 -3.6264 6.63512
      vertex 29.4603 -4.09974 6.1264
      vertex 30 -4.13512 6.1264
    endloop
  endfacet
  facet normal -0.0747907 -0.376026 0.923586
    outer loop
      vertex 29.7692 -1.75279 7.70812
      vertex 29.5424 -1.70768 7.70812
      vertex 29.6825 -2.41178 7.4328
    endloop
  endfacet
  facet normal -0.2215 -0.44917 0.865554
    outer loop
      vertex 29.0691 -2.24742 7.4328
      vertex 28.7837 -2.10668 7.4328
      vertex 28.8307 -2.82304 7.07308
    endloop
  endfacet
  facet normal 0.376019 -0.074769 0.923591
    outer loop
      vertex 31.7528 -0.230759 7.70812
      vertex 31.7077 -0.45757 7.70812
      vertex 32.4118 -0.317516 7.4328
    endloop
  endfacet
  facet normal 0.245533 -0.0834209 0.965792
    outer loop
      vertex 31.7077 -0.45757 7.70812
      vertex 31.0364 -0.277712 7.89432
      vertex 31.6333 -0.676552 7.70812
    endloop
  endfacet
  facet normal 0.194961 -0.170998 0.96579
    outer loop
      vertex 31.4026 -1.07624 7.70812
      vertex 30.7587 -0.758723 7.89432
      vertex 31.2501 -1.25011 7.70812
    endloop
  endfacet
  facet normal -0.0327684 -0.499733 0.865559
    outer loop
      vertex 30 -2.43259 7.4328
      vertex 29.6012 -3.02949 7.07308
      vertex 30 -3.05564 7.07308
    endloop
  endfacet
  facet normal 0.232627 -0.114628 0.965787
    outer loop
      vertex 31.6333 -0.676552 7.70812
      vertex 30.9913 -0.410618 7.89432
      vertex 31.5311 -0.883958 7.70812
    endloop
  endfacet
  facet normal -0.108786 0.072617 0.991409
    outer loop
      vertex 29.1487 0.653198 7.89432
      vertex 29.0708 0.536498 7.89432
      vertex 29.7146 0.218982 7.98822
    endloop
  endfacet
  facet normal -0.651463 0.571459 0.49903
    outer loop
      vertex 26.7436 3.25637 5.5
      vertex 26.7056 3.21305 5.5
      vertex 26.7663 3.23366 5.55564
    endloop
  endfacet
  facet normal 0.720543 -0.481395 0.499076
    outer loop
      vertex 33.6281 -2.78392 5.55564
      vertex 33.9562 -2.35051 5.5
      vertex 33.9604 -2.28654 5.55564
    endloop
  endfacet
  facet normal 0.720453 -0.481299 0.499298
    outer loop
      vertex 33.9562 -2.35051 5.5
      vertex 33.6281 -2.78392 5.55564
      vertex 33.6536 -2.80347 5.5
    endloop
  endfacet
  facet normal 0.66017 -0.441101 0.607952
    outer loop
      vertex 33.5811 -2.06756 6.1264
      vertex 33.2806 -2.5173 6.1264
      vertex 33.9604 -2.28654 5.55564
    endloop
  endfacet
  facet normal 0.571518 -0.651401 0.499043
    outer loop
      vertex 33.2337 -3.23366 5.55564
      vertex 33.2131 -3.29436 5.5
      vertex 33.2564 -3.25637 5.5
    endloop
  endfacet
  facet normal 0.383062 -0.777248 0.499148
    outer loop
      vertex 31.814 -4.22917 5.5
      vertex 31.75 -4.22498 5.55564
      vertex 31.7623 -4.25465 5.5
    endloop
  endfacet
  facet normal 0.0463046 -0.706348 0.706348
    outer loop
      vertex 30 -3.6264 6.63512
      vertex 30 -4.13512 6.1264
      vertex 30.5397 -4.09974 6.1264
    endloop
  endfacet
  facet normal 0.458336 0.401888 0.792726
    outer loop
      vertex 32.5643 2.56425 6.63512
      vertex 32.1607 2.16066 7.07308
      vertex 32.4242 1.86015 7.07308
    endloop
  endfacet
  facet normal 0.449192 0.221413 0.865565
    outer loop
      vertex 32.6463 1.52782 7.07308
      vertex 32.1067 1.21629 7.4328
      vertex 32.823 1.16934 7.07308
    endloop
  endfacet
  facet normal 0.670333 0.227434 0.706348
    outer loop
      vertex 33.8204 1.58244 6.1264
      vertex 33.3504 1.38776 6.63512
      vertex 33.5028 0.938581 6.63512
    endloop
  endfacet
  facet normal 0.670312 0.227455 0.706361
    outer loop
      vertex 33.8204 1.58244 6.1264
      vertex 33.5028 0.938581 6.63512
      vertex 33.9942 1.07025 6.1264
    endloop
  endfacet
  facet normal 0.546716 -0.269606 0.792726
    outer loop
      vertex 33.3504 -1.38776 6.63512
      vertex 32.6463 -1.52782 7.07308
      vertex 33.1406 -1.8132 6.63512
    endloop
  endfacet
  facet normal 0.864795 -0.0566343 0.49892
    outer loop
      vertex 34.5731 0 5.55564
      vertex 34.5696 -0.543605 5.5
      vertex 34.6052 0 5.5
    endloop
  endfacet
  facet normal 0.864738 -0.0566441 0.499019
    outer loop
      vertex 34.5696 -0.543605 5.5
      vertex 34.5731 0 5.55564
      vertex 34.534 -0.596907 5.55564
    endloop
  endfacet
  facet normal 0.712077 -0.351253 0.60792
    outer loop
      vertex 33.8204 -1.58244 6.1264
      vertex 33.5811 -2.06756 6.1264
      vertex 34.225 -1.75004 5.55564
    endloop
  endfacet
  facet normal 0.57723 -0.195977 0.792716
    outer loop
      vertex 32.9515 -0.790856 7.07308
      vertex 32.823 -1.16934 7.07308
      vertex 33.5028 -0.938581 6.63512
    endloop
  endfacet
  facet normal 0.792257 -0.0518963 0.607976
    outer loop
      vertex 34.5731 0 5.55564
      vertex 34.1351 0 6.1264
      vertex 34.534 -0.596907 5.55564
    endloop
  endfacet
  facet normal 0.77707 -0.383248 0.499283
    outer loop
      vertex 33.9604 -2.28654 5.55564
      vertex 34.2292 -1.81401 5.5
      vertex 34.225 -1.75004 5.55564
    endloop
  endfacet
  facet normal 0.777208 -0.383363 0.498979
    outer loop
      vertex 34.2292 -1.81401 5.5
      vertex 33.9604 -2.28654 5.55564
      vertex 33.9882 -2.3026 5.5
    endloop
  endfacet
  facet normal 0.458352 -0.401881 0.79272
    outer loop
      vertex 32.877 -2.20761 6.63512
      vertex 32.4242 -1.86015 7.07308
      vertex 32.5643 -2.56425 6.63512
    endloop
  endfacet
  facet normal 0.278199 -0.416434 0.865557
    outer loop
      vertex 31.8602 -2.4242 7.07308
      vertex 31.2163 -2.10668 7.4328
      vertex 31.5278 -2.64626 7.07308
    endloop
  endfacet
  facet normal -0.042048 -0.123852 0.991409
    outer loop
      vertex 29.9069 -0.34746 7.98822
      vertex 29.5894 -0.99132 7.89432
      vertex 29.7223 -1.03644 7.89432
    endloop
  endfacet
  facet normal 0.382566 -0.0250337 0.923589
    outer loop
      vertex 31.7679 0 7.70812
      vertex 31.7528 -0.230759 7.70812
      vertex 32.4118 -0.317516 7.4328
    endloop
  endfacet
  facet normal 0.31877 0.21303 0.923582
    outer loop
      vertex 32.1067 1.21629 7.4328
      vertex 31.4026 1.07624 7.70812
      vertex 31.5311 0.883958 7.70812
    endloop
  endfacet
  facet normal -0.0420079 -0.123871 0.991409
    outer loop
      vertex 29.8623 -0.332335 7.98822
      vertex 29.5894 -0.99132 7.89432
      vertex 29.9069 -0.34746 7.98822
    endloop
  endfacet
  facet normal -0.12829 0.0255354 0.991408
    outer loop
      vertex 28.9636 0.277712 7.89432
      vertex 28.9362 0.140054 7.89432
      vertex 29.6525 0.0931015 7.98822
    endloop
  endfacet
  facet normal 0.376513 0.330195 0.865569
    outer loop
      vertex 32.1607 2.16066 7.07308
      vertex 31.7201 1.7201 7.4328
      vertex 31.9299 1.48087 7.4328
    endloop
  endfacet
  facet normal -0.108803 0.0725832 0.99141
    outer loop
      vertex 29.7146 0.218982 7.98822
      vertex 29.0708 0.536498 7.89432
      vertex 29.6885 0.179858 7.98822
    endloop
  endfacet
  facet normal 0.376552 0.330177 0.865559
    outer loop
      vertex 32.1607 2.16066 7.07308
      vertex 31.9299 1.48087 7.4328
      vertex 32.4242 1.86015 7.07308
    endloop
  endfacet
  facet normal 0.382554 0.0250605 0.923593
    outer loop
      vertex 32.4118 0.317516 7.4328
      vertex 31.7679 0 7.70812
      vertex 32.4326 0 7.4328
    endloop
  endfacet
  facet normal 0.499748 0.0327377 0.865552
    outer loop
      vertex 33.0295 0.39884 7.07308
      vertex 32.4118 0.317516 7.4328
      vertex 32.4326 0 7.4328
    endloop
  endfacet
  facet normal 0.546718 0.269485 0.792766
    outer loop
      vertex 33.3504 1.38776 6.63512
      vertex 32.6463 1.52782 7.07308
      vertex 32.823 1.16934 7.07308
    endloop
  endfacet
  facet normal -0.118889 0.597876 0.792723
    outer loop
      vertex 29.6012 3.02949 7.07308
      vertex 29.0614 3.50284 6.63512
      vertex 29.2091 2.95152 7.07308
    endloop
  endfacet
  facet normal -0.269584 0.546701 0.792744
    outer loop
      vertex 28.6122 3.35036 6.63512
      vertex 28.4722 2.64626 7.07308
      vertex 28.8307 2.82304 7.07308
    endloop
  endfacet
  facet normal -0.651418 0.571291 0.49928
    outer loop
      vertex 26.3719 2.78392 5.55564
      vertex 26.7056 3.21305 5.5
      vertex 26.3464 2.80347 5.5
    endloop
  endfacet
  facet normal -0.651503 0.571336 0.499119
    outer loop
      vertex 26.7056 3.21305 5.5
      vertex 26.3719 2.78392 5.55564
      vertex 26.7663 3.23366 5.55564
    endloop
  endfacet
  facet normal -0.660175 0.441063 0.607974
    outer loop
      vertex 26.3719 2.78392 5.55564
      vertex 26.0396 2.28654 5.55564
      vertex 26.7194 2.5173 6.1264
    endloop
  endfacet
  facet normal -0.138096 0.694276 0.706335
    outer loop
      vertex 29.4603 4.09974 6.1264
      vertex 28.9298 3.99422 6.1264
      vertex 29.0614 3.50284 6.63512
    endloop
  endfacet
  facet normal -0.0519251 0.792283 0.607941
    outer loop
      vertex 30 4.57308 5.55564
      vertex 29.4031 4.53396 5.55564
      vertex 30 4.13512 6.1264
    endloop
  endfacet
  facet normal -0.383208 0.777076 0.499304
    outer loop
      vertex 28.186 4.22917 5.5
      vertex 27.7135 3.96041 5.55564
      vertex 28.25 4.22498 5.55564
    endloop
  endfacet
  facet normal -0.383214 0.777083 0.499289
    outer loop
      vertex 27.7135 3.96041 5.55564
      vertex 28.186 4.22917 5.5
      vertex 27.6974 3.98822 5.5
    endloop
  endfacet
  facet normal 0.169041 0.849843 0.499192
    outer loop
      vertex 31.1354 4.45953 5.5
      vertex 30.5969 4.53396 5.55564
      vertex 31.1836 4.41726 5.55564
    endloop
  endfacet
  facet normal 0.169042 0.849823 0.499224
    outer loop
      vertex 30.5969 4.53396 5.55564
      vertex 31.1354 4.45953 5.5
      vertex 30.6011 4.56581 5.5
    endloop
  endfacet
  facet normal 0.31303 0.63488 0.706356
    outer loop
      vertex 32.0676 3.58112 6.1264
      vertex 31.5824 3.82035 6.1264
      vertex 31.8132 3.14056 6.63512
    endloop
  endfacet
  facet normal 0.269584 0.546701 0.792744
    outer loop
      vertex 31.3878 3.35036 6.63512
      vertex 31.1693 2.82304 7.07308
      vertex 31.5278 2.64626 7.07308
    endloop
  endfacet
  facet normal 0.195986 0.57722 0.792721
    outer loop
      vertex 30.9386 3.50284 6.63512
      vertex 30.7909 2.95152 7.07308
      vertex 31.1693 2.82304 7.07308
    endloop
  endfacet
  facet normal 0.255218 0.751841 0.607947
    outer loop
      vertex 31.75 4.22498 5.55564
      vertex 31.0702 3.99422 6.1264
      vertex 31.5824 3.82035 6.1264
    endloop
  endfacet
  facet normal 0.313112 0.63488 0.70632
    outer loop
      vertex 31.5824 3.82035 6.1264
      vertex 31.3878 3.35036 6.63512
      vertex 31.8132 3.14056 6.63512
    endloop
  endfacet
  facet normal 0.123241 0.363049 0.923584
    outer loop
      vertex 30.9309 2.24742 7.4328
      vertex 30.6296 2.3497 7.4328
      vertex 30.6766 1.63334 7.70812
    endloop
  endfacet
  facet normal 0.596936 0.523484 0.607973
    outer loop
      vertex 33.6281 2.78392 5.55564
      vertex 33.2337 3.23366 5.55564
      vertex 33.2806 2.5173 6.1264
    endloop
  endfacet
  facet normal 0.532258 0.466681 0.706336
    outer loop
      vertex 32.924 2.92397 6.1264
      vertex 32.5643 2.56425 6.63512
      vertex 32.877 2.20761 6.63512
    endloop
  endfacet
  facet normal 0.751801 0.255228 0.607991
    outer loop
      vertex 34.225 1.75004 5.55564
      vertex 33.9942 1.07025 6.1264
      vertex 34.4173 1.1836 5.55564
    endloop
  endfacet
  facet normal 0.850296 0.169134 0.498387
    outer loop
      vertex 34.534 0.596907 5.55564
      vertex 34.4595 1.1354 5.5
      vertex 34.4173 1.1836 5.55564
    endloop
  endfacet
  facet normal 0.850152 0.169139 0.498632
    outer loop
      vertex 34.4595 1.1354 5.5
      vertex 34.534 0.596907 5.55564
      vertex 34.5658 0.601099 5.5
    endloop
  endfacet
  facet normal 0.481392 0.720358 0.499345
    outer loop
      vertex 32.3026 3.98822 5.5
      vertex 32.2865 3.96041 5.55564
      vertex 32.3505 3.95621 5.5
    endloop
  endfacet
  facet normal 0.441104 0.660183 0.607936
    outer loop
      vertex 32.7839 3.62807 5.55564
      vertex 32.2865 3.96041 5.55564
      vertex 32.5173 3.28061 6.1264
    endloop
  endfacet
  facet normal -0.59697 -0.52347 0.607952
    outer loop
      vertex 27.076 -2.92397 6.1264
      vertex 26.7194 -2.5173 6.1264
      vertex 26.7663 -3.23366 5.55564
    endloop
  endfacet
  facet normal -0.712078 -0.351194 0.607954
    outer loop
      vertex 26.4189 -2.06756 6.1264
      vertex 25.775 -1.75004 5.55564
      vertex 26.0396 -2.28654 5.55564
    endloop
  endfacet
  facet normal -0.588569 -0.39326 0.706352
    outer loop
      vertex 27.123 -2.20761 6.63512
      vertex 26.4189 -2.06756 6.1264
      vertex 26.7194 -2.5173 6.1264
    endloop
  endfacet
  facet normal -0.41637 0.278265 0.865566
    outer loop
      vertex 27.5758 1.86015 7.07308
      vertex 27.3537 1.52782 7.07308
      vertex 27.8933 1.21629 7.4328
    endloop
  endfacet
  facet normal -0.49119 0.0977329 0.865552
    outer loop
      vertex 27.0485 0.790856 7.07308
      vertex 26.9705 0.39884 7.07308
      vertex 27.5882 0.317516 7.4328
    endloop
  endfacet
  facet normal -0.499748 -0.0327377 0.865552
    outer loop
      vertex 27.5674 0 7.4328
      vertex 26.9705 -0.39884 7.07308
      vertex 27.5882 -0.317516 7.4328
    endloop
  endfacet
  facet normal -0.506811 0.338722 0.792723
    outer loop
      vertex 27.123 2.20761 6.63512
      vertex 26.8594 1.8132 6.63512
      vertex 27.3537 1.52782 7.07308
    endloop
  endfacet
  facet normal -0.751891 0.255137 0.607919
    outer loop
      vertex 26.1796 1.58244 6.1264
      vertex 25.775 1.75004 5.55564
      vertex 26.0058 1.07025 6.1264
    endloop
  endfacet
  facet normal -0.850152 0.169139 0.498632
    outer loop
      vertex 25.466 0.596907 5.55564
      vertex 25.5405 1.1354 5.5
      vertex 25.4342 0.601099 5.5
    endloop
  endfacet
  facet normal -0.850296 0.169134 0.498387
    outer loop
      vertex 25.5405 1.1354 5.5
      vertex 25.466 0.596907 5.55564
      vertex 25.5827 1.1836 5.55564
    endloop
  endfacet
  facet normal -0.506822 0.338715 0.792719
    outer loop
      vertex 27.5758 1.86015 7.07308
      vertex 27.123 2.20761 6.63512
      vertex 27.3537 1.52782 7.07308
    endloop
  endfacet
  facet normal -0.532258 0.466681 0.706336
    outer loop
      vertex 27.4357 2.56425 6.63512
      vertex 27.076 2.92397 6.1264
      vertex 27.123 2.20761 6.63512
    endloop
  endfacet
  facet normal -0.712077 0.351253 0.60792
    outer loop
      vertex 26.4189 2.06756 6.1264
      vertex 25.775 1.75004 5.55564
      vertex 26.1796 1.58244 6.1264
    endloop
  endfacet
  facet normal -0.777208 0.383363 0.498979
    outer loop
      vertex 25.7708 1.81401 5.5
      vertex 26.0396 2.28654 5.55564
      vertex 26.0118 2.3026 5.5
    endloop
  endfacet
  facet normal -0.77707 0.383248 0.499283
    outer loop
      vertex 26.0396 2.28654 5.55564
      vertex 25.7708 1.81401 5.5
      vertex 25.775 1.75004 5.55564
    endloop
  endfacet
  facet normal -0.232627 0.114628 0.965787
    outer loop
      vertex 28.4689 0.883958 7.70812
      vertex 28.3667 0.676552 7.70812
      vertex 29.0087 0.410618 7.89432
    endloop
  endfacet
  facet normal -0.245533 0.0834209 0.965792
    outer loop
      vertex 28.3667 0.676552 7.70812
      vertex 28.2923 0.45757 7.70812
      vertex 28.9636 0.277712 7.89432
    endloop
  endfacet
  facet normal -0.194931 0.171056 0.965786
    outer loop
      vertex 29.2413 0.758723 7.89432
      vertex 28.5974 1.07624 7.70812
      vertex 29.1487 0.653198 7.89432
    endloop
  endfacet
  facet normal -0.820368 0.278455 0.499459
    outer loop
      vertex 25.5702 1.24647 5.5
      vertex 25.775 1.75004 5.55564
      vertex 25.7453 1.76234 5.5
    endloop
  endfacet
  facet normal -0.820545 0.278566 0.499106
    outer loop
      vertex 25.775 1.75004 5.55564
      vertex 25.5702 1.24647 5.5
      vertex 25.5827 1.1836 5.55564
    endloop
  endfacet
  facet normal -0.776885 0.383406 0.49945
    outer loop
      vertex 25.7708 1.81401 5.5
      vertex 25.7453 1.76234 5.5
      vertex 25.775 1.75004 5.55564
    endloop
  endfacet
  facet normal -0.864795 -0.0566343 0.49892
    outer loop
      vertex 25.4304 -0.543605 5.5
      vertex 25.4269 0 5.55564
      vertex 25.3948 0 5.5
    endloop
  endfacet
  facet normal -0.864738 -0.0566441 0.499019
    outer loop
      vertex 25.4269 0 5.55564
      vertex 25.4304 -0.543605 5.5
      vertex 25.466 -0.596907 5.55564
    endloop
  endfacet
  facet normal -0.69426 0.138064 0.706358
    outer loop
      vertex 26.0058 1.07025 6.1264
      vertex 25.9003 0.539741 6.1264
      vertex 26.4972 0.938581 6.63512
    endloop
  endfacet
  facet normal -0.77707 -0.383248 0.499283
    outer loop
      vertex 25.7708 -1.81401 5.5
      vertex 26.0396 -2.28654 5.55564
      vertex 25.775 -1.75004 5.55564
    endloop
  endfacet
  facet normal -0.777208 -0.383363 0.498979
    outer loop
      vertex 26.0396 -2.28654 5.55564
      vertex 25.7708 -1.81401 5.5
      vertex 26.0118 -2.3026 5.5
    endloop
  endfacet
  facet normal -0.751891 -0.255137 0.607919
    outer loop
      vertex 26.0058 -1.07025 6.1264
      vertex 25.775 -1.75004 5.55564
      vertex 26.1796 -1.58244 6.1264
    endloop
  endfacet
  facet normal -0.49119 -0.0977329 0.865552
    outer loop
      vertex 27.5882 -0.317516 7.4328
      vertex 26.9705 -0.39884 7.07308
      vertex 27.0485 -0.790856 7.07308
    endloop
  endfacet
  facet normal -0.597869 -0.118959 0.792718
    outer loop
      vertex 26.9705 -0.39884 7.07308
      vertex 26.4972 -0.938581 6.63512
      vertex 27.0485 -0.790856 7.07308
    endloop
  endfacet
  facet normal -0.577214 -0.19584 0.792762
    outer loop
      vertex 27.177 -1.16934 7.07308
      vertex 26.4972 -0.938581 6.63512
      vertex 26.6496 -1.38776 6.63512
    endloop
  endfacet
  facet normal -0.634864 -0.313074 0.706352
    outer loop
      vertex 26.6496 -1.38776 6.63512
      vertex 26.1796 -1.58244 6.1264
      vertex 26.8594 -1.8132 6.63512
    endloop
  endfacet
  facet normal -0.532223 -0.466695 0.706353
    outer loop
      vertex 27.123 -2.20761 6.63512
      vertex 26.7194 -2.5173 6.1264
      vertex 27.076 -2.92397 6.1264
    endloop
  endfacet
  facet normal -0.458352 -0.401881 0.79272
    outer loop
      vertex 27.5758 -1.86015 7.07308
      vertex 27.123 -2.20761 6.63512
      vertex 27.4357 -2.56425 6.63512
    endloop
  endfacet
  facet normal -0.269623 -0.5467 0.792731
    outer loop
      vertex 28.4722 -2.64626 7.07308
      vertex 28.1868 -3.14056 6.63512
      vertex 28.6122 -3.35036 6.63512
    endloop
  endfacet
  facet normal -0.466694 -0.532243 0.706338
    outer loop
      vertex 27.4357 -2.56425 6.63512
      vertex 27.076 -2.92397 6.1264
      vertex 27.7924 -2.87702 6.63512
    endloop
  endfacet
  facet normal -0.474232 -0.161008 0.865552
    outer loop
      vertex 27.6503 -0.6296 7.4328
      vertex 27.0485 -0.790856 7.07308
      vertex 27.177 -1.16934 7.07308
    endloop
  endfacet
  facet normal 0.042048 0.123852 0.991409
    outer loop
      vertex 30.2777 1.03644 7.89432
      vertex 30.0931 0.34746 7.98822
      vertex 30.4106 0.99132 7.89432
    endloop
  endfacet
  facet normal -0.0505901 -0.254352 0.965788
    outer loop
      vertex 29.8599 -1.06382 7.89432
      vertex 29.5424 -1.70768 7.70812
      vertex 29.7692 -1.75279 7.70812
    endloop
  endfacet
  facet normal -0.118905 -0.597864 0.792729
    outer loop
      vertex 29.6012 -3.02949 7.07308
      vertex 29.0614 -3.50284 6.63512
      vertex 29.5267 -3.59538 6.63512
    endloop
  endfacet
  facet normal 0.383208 -0.777076 0.499304
    outer loop
      vertex 31.814 -4.22917 5.5
      vertex 32.2865 -3.96041 5.55564
      vertex 31.75 -4.22498 5.55564
    endloop
  endfacet
  facet normal 0.383214 -0.777083 0.499289
    outer loop
      vertex 32.2865 -3.96041 5.55564
      vertex 31.814 -4.22917 5.5
      vertex 32.3026 -3.98822 5.5
    endloop
  endfacet
  facet normal 0.481392 -0.720358 0.499345
    outer loop
      vertex 32.3505 -3.95621 5.5
      vertex 32.2865 -3.96041 5.55564
      vertex 32.3026 -3.98822 5.5
    endloop
  endfacet
  facet normal 0.441104 -0.660183 0.607936
    outer loop
      vertex 32.5173 -3.28061 6.1264
      vertex 32.2865 -3.96041 5.55564
      vertex 32.7839 -3.62807 5.55564
    endloop
  endfacet
  facet normal 0.523471 -0.596986 0.607937
    outer loop
      vertex 33.2337 -3.23366 5.55564
      vertex 32.5173 -3.28061 6.1264
      vertex 32.7839 -3.62807 5.55564
    endloop
  endfacet
  facet normal 0.255229 -0.75183 0.607956
    outer loop
      vertex 31.75 -4.22498 5.55564
      vertex 31.0702 -3.99422 6.1264
      vertex 31.1836 -4.41726 5.55564
    endloop
  endfacet
  facet normal 0.351115 -0.712122 0.607948
    outer loop
      vertex 32.0676 -3.58112 6.1264
      vertex 31.5824 -3.82035 6.1264
      vertex 31.75 -4.22498 5.55564
    endloop
  endfacet
  facet normal 0.466694 -0.532243 0.706338
    outer loop
      vertex 32.5643 -2.56425 6.63512
      vertex 32.2076 -2.87702 6.63512
      vertex 32.924 -2.92397 6.1264
    endloop
  endfacet
  facet normal -0.255218 -0.751841 0.607947
    outer loop
      vertex 28.4176 -3.82035 6.1264
      vertex 28.25 -4.22498 5.55564
      vertex 28.9298 -3.99422 6.1264
    endloop
  endfacet
  facet normal -0.0565396 -0.864634 0.49921
    outer loop
      vertex 29.4031 -4.53396 5.55564
      vertex 29.3989 -4.56581 5.5
      vertex 29.4564 -4.56957 5.5
    endloop
  endfacet
  facet normal -0.169041 -0.849843 0.499192
    outer loop
      vertex 28.8646 -4.45953 5.5
      vertex 29.4031 -4.53396 5.55564
      vertex 28.8164 -4.41726 5.55564
    endloop
  endfacet
  facet normal -0.169042 -0.849823 0.499224
    outer loop
      vertex 29.4031 -4.53396 5.55564
      vertex 28.8646 -4.45953 5.5
      vertex 29.3989 -4.56581 5.5
    endloop
  endfacet
  facet normal -0.227543 -0.670315 0.70633
    outer loop
      vertex 29.0614 -3.50284 6.63512
      vertex 28.4176 -3.82035 6.1264
      vertex 28.9298 -3.99422 6.1264
    endloop
  endfacet
  facet normal 0.118905 -0.597864 0.792729
    outer loop
      vertex 30.9386 -3.50284 6.63512
      vertex 30.3988 -3.02949 7.07308
      vertex 30.4733 -3.59538 6.63512
    endloop
  endfacet
  facet normal 0.466706 -0.532215 0.706352
    outer loop
      vertex 32.924 -2.92397 6.1264
      vertex 32.2076 -2.87702 6.63512
      vertex 32.5173 -3.28061 6.1264
    endloop
  endfacet
  facet normal -0.0398659 -0.608269 0.792729
    outer loop
      vertex 29.6012 -3.02949 7.07308
      vertex 29.5267 -3.59538 6.63512
      vertex 30 -3.6264 6.63512
    endloop
  endfacet
  facet normal -0.0398858 -0.608277 0.792722
    outer loop
      vertex 30 -3.05564 7.07308
      vertex 29.6012 -3.02949 7.07308
      vertex 30 -3.6264 6.63512
    endloop
  endfacet
  facet normal -0.123241 -0.363049 0.923584
    outer loop
      vertex 29.3234 -1.63334 7.70812
      vertex 29.0691 -2.24742 7.4328
      vertex 29.3704 -2.3497 7.4328
    endloop
  endfacet
  facet normal -0.0976754 -0.491196 0.865555
    outer loop
      vertex 29.6825 -2.41178 7.4328
      vertex 29.2091 -2.95152 7.07308
      vertex 29.6012 -3.02949 7.07308
    endloop
  endfacet
  facet normal -0.571518 -0.651401 0.499043
    outer loop
      vertex 26.7663 -3.23366 5.55564
      vertex 26.7436 -3.25637 5.5
      vertex 26.7869 -3.29436 5.5
    endloop
  endfacet
  facet normal 0.144083 -0.215634 0.965786
    outer loop
      vertex 30.6532 -0.851265 7.89432
      vertex 30.5365 -0.929242 7.89432
      vertex 31.0762 -1.40258 7.70812
    endloop
  endfacet
  facet normal 0.254322 -0.0506212 0.965794
    outer loop
      vertex 31.0638 -0.140054 7.89432
      vertex 31.0364 -0.277712 7.89432
      vertex 31.7077 -0.45757 7.70812
    endloop
  endfacet
  facet normal 0.34392 -0.169468 0.92358
    outer loop
      vertex 31.6333 -0.676552 7.70812
      vertex 31.5311 -0.883958 7.70812
      vertex 32.1067 -1.21629 7.4328
    endloop
  endfacet
  facet normal 0.44919 -0.221463 0.865554
    outer loop
      vertex 32.2474 -0.93091 7.4328
      vertex 32.1067 -1.21629 7.4328
      vertex 32.823 -1.16934 7.07308
    endloop
  endfacet
  facet normal 0.416397 -0.278248 0.865559
    outer loop
      vertex 32.1067 -1.21629 7.4328
      vertex 31.9299 -1.48087 7.4328
      vertex 32.4242 -1.86015 7.07308
    endloop
  endfacet
  facet normal 0.449192 -0.221413 0.865565
    outer loop
      vertex 32.823 -1.16934 7.07308
      vertex 32.1067 -1.21629 7.4328
      vertex 32.6463 -1.52782 7.07308
    endloop
  endfacet
  facet normal 0.343856 -0.16953 0.923592
    outer loop
      vertex 32.2474 -0.93091 7.4328
      vertex 31.6333 -0.676552 7.70812
      vertex 32.1067 -1.21629 7.4328
    endloop
  endfacet
  facet normal 0.215703 -0.143987 0.965785
    outer loop
      vertex 30.9292 -0.536498 7.89432
      vertex 30.8513 -0.653198 7.89432
      vertex 31.4026 -1.07624 7.70812
    endloop
  endfacet
  facet normal 0.254344 -0.0505747 0.965791
    outer loop
      vertex 31.7528 -0.230759 7.70812
      vertex 31.0638 -0.140054 7.89432
      vertex 31.7077 -0.45757 7.70812
    endloop
  endfacet
  facet normal 0.258772 -0.0169331 0.96579
    outer loop
      vertex 31.7679 0 7.70812
      vertex 31.0638 -0.140054 7.89432
      vertex 31.7528 -0.230759 7.70812
    endloop
  endfacet
  facet normal -0.383062 0.777248 0.499148
    outer loop
      vertex 28.2377 4.25465 5.5
      vertex 28.186 4.22917 5.5
      vertex 28.25 4.22498 5.55564
    endloop
  endfacet
  facet normal 0.532223 -0.466695 0.706353
    outer loop
      vertex 33.2806 -2.5173 6.1264
      vertex 32.877 -2.20761 6.63512
      vertex 32.924 -2.92397 6.1264
    endloop
  endfacet
  facet normal 0.59697 -0.52347 0.607952
    outer loop
      vertex 33.2806 -2.5173 6.1264
      vertex 32.924 -2.92397 6.1264
      vertex 33.2337 -3.23366 5.55564
    endloop
  endfacet
  facet normal 0.597844 0.118993 0.792732
    outer loop
      vertex 33.5028 0.938581 6.63512
      vertex 33.0295 0.39884 7.07308
      vertex 33.5954 0.47334 6.63512
    endloop
  endfacet
  facet normal 0.694294 0.13819 0.706299
    outer loop
      vertex 34.0997 0.539741 6.1264
      vertex 33.5028 0.938581 6.63512
      vertex 33.5954 0.47334 6.63512
    endloop
  endfacet
  facet normal 0.694294 -0.13819 0.706299
    outer loop
      vertex 33.5954 -0.47334 6.63512
      vertex 33.5028 -0.938581 6.63512
      vertex 34.0997 -0.539741 6.1264
    endloop
  endfacet
  facet normal 0.597844 -0.118993 0.792732
    outer loop
      vertex 33.5954 -0.47334 6.63512
      vertex 33.0295 -0.39884 7.07308
      vertex 33.5028 -0.938581 6.63512
    endloop
  endfacet
  facet normal 0.670312 -0.227455 0.706361
    outer loop
      vertex 33.9942 -1.07025 6.1264
      vertex 33.5028 -0.938581 6.63512
      vertex 33.8204 -1.58244 6.1264
    endloop
  endfacet
  facet normal 0.670333 -0.227434 0.706348
    outer loop
      vertex 33.5028 -0.938581 6.63512
      vertex 33.3504 -1.38776 6.63512
      vertex 33.8204 -1.58244 6.1264
    endloop
  endfacet
  facet normal 0.864738 0.0566441 0.499019
    outer loop
      vertex 34.5731 0 5.55564
      vertex 34.5696 0.543605 5.5
      vertex 34.534 0.596907 5.55564
    endloop
  endfacet
  facet normal 0.864795 0.0566343 0.49892
    outer loop
      vertex 34.5696 0.543605 5.5
      vertex 34.5731 0 5.55564
      vertex 34.6052 0 5.5
    endloop
  endfacet
  facet normal 0.864923 0.0571661 0.498638
    outer loop
      vertex 34.5658 0.601099 5.5
      vertex 34.534 0.596907 5.55564
      vertex 34.5696 0.543605 5.5
    endloop
  endfacet
  facet normal 0.720642 -0.481331 0.498994
    outer loop
      vertex 33.9604 -2.28654 5.55564
      vertex 33.9562 -2.35051 5.5
      vertex 33.9882 -2.3026 5.5
    endloop
  endfacet
  facet normal 0.651418 -0.571291 0.49928
    outer loop
      vertex 33.6281 -2.78392 5.55564
      vertex 33.2944 -3.21305 5.5
      vertex 33.6536 -2.80347 5.5
    endloop
  endfacet
  facet normal 0.651503 -0.571336 0.499119
    outer loop
      vertex 33.2944 -3.21305 5.5
      vertex 33.6281 -2.78392 5.55564
      vertex 33.2337 -3.23366 5.55564
    endloop
  endfacet
  facet normal 0.634864 -0.313166 0.706311
    outer loop
      vertex 33.8204 -1.58244 6.1264
      vertex 33.1406 -1.8132 6.63512
      vertex 33.5811 -2.06756 6.1264
    endloop
  endfacet
  facet normal 0.634864 -0.313074 0.706352
    outer loop
      vertex 33.3504 -1.38776 6.63512
      vertex 33.1406 -1.8132 6.63512
      vertex 33.8204 -1.58244 6.1264
    endloop
  endfacet
  facet normal 0.144119 -0.215595 0.965789
    outer loop
      vertex 31.0762 -1.40258 7.70812
      vertex 30.5365 -0.929242 7.89432
      vertex 30.884 -1.53106 7.70812
    endloop
  endfacet
  facet normal 0.288236 -0.252809 0.923584
    outer loop
      vertex 31.4026 -1.07624 7.70812
      vertex 31.2501 -1.25011 7.70812
      vertex 31.9299 -1.48087 7.4328
    endloop
  endfacet
  facet normal 0.12829 0.0255354 0.991408
    outer loop
      vertex 31.0364 0.277712 7.89432
      vertex 30.3475 0.0931015 7.98822
      vertex 31.0638 0.140054 7.89432
    endloop
  endfacet
  facet normal 0.254344 0.0505747 0.965791
    outer loop
      vertex 31.7077 0.45757 7.70812
      vertex 31.0638 0.140054 7.89432
      vertex 31.7528 0.230759 7.70812
    endloop
  endfacet
  facet normal 0.232547 0.114722 0.965795
    outer loop
      vertex 31.5311 0.883958 7.70812
      vertex 30.9292 0.536498 7.89432
      vertex 30.9913 0.410618 7.89432
    endloop
  endfacet
  facet normal -0.0726668 -0.108753 0.991409
    outer loop
      vertex 29.781 -0.285382 7.98822
      vertex 29.3468 -0.851265 7.89432
      vertex 29.4635 -0.929242 7.89432
    endloop
  endfacet
  facet normal -0.288236 -0.252809 0.923584
    outer loop
      vertex 28.5974 -1.07624 7.70812
      vertex 28.0701 -1.48087 7.4328
      vertex 28.7499 -1.25011 7.70812
    endloop
  endfacet
  facet normal 0.0862129 0.0983734 0.991408
    outer loop
      vertex 30.7587 0.758723 7.89432
      vertex 30.219 0.285382 7.98822
      vertex 30.2544 0.254358 7.98822
    endloop
  endfacet
  facet normal 0.194931 0.171056 0.965786
    outer loop
      vertex 31.4026 1.07624 7.70812
      vertex 30.7587 0.758723 7.89432
      vertex 30.8513 0.653198 7.89432
    endloop
  endfacet
  facet normal 0.0833579 0.245566 0.965789
    outer loop
      vertex 30.4576 1.70768 7.70812
      vertex 30.2777 1.03644 7.89432
      vertex 30.6766 1.63334 7.70812
    endloop
  endfacet
  facet normal 0.123238 0.363049 0.923584
    outer loop
      vertex 30.6296 2.3497 7.4328
      vertex 30.4576 1.70768 7.70812
      vertex 30.6766 1.63334 7.70812
    endloop
  endfacet
  facet normal 0.00854458 0.130515 0.991409
    outer loop
      vertex 30.1401 1.06382 7.89432
      vertex 30 0.359716 7.98822
      vertex 30.047 0.356639 7.98822
    endloop
  endfacet
  facet normal 0.144083 0.215634 0.965786
    outer loop
      vertex 31.0762 1.40258 7.70812
      vertex 30.5365 0.929242 7.89432
      vertex 30.6532 0.851265 7.89432
    endloop
  endfacet
  facet normal -0.254322 -0.0506212 0.965794
    outer loop
      vertex 28.9362 -0.140054 7.89432
      vertex 28.2923 -0.45757 7.70812
      vertex 28.9636 -0.277712 7.89432
    endloop
  endfacet
  facet normal 0.108803 0.0725832 0.99141
    outer loop
      vertex 30.9292 0.536498 7.89432
      vertex 30.2854 0.218982 7.98822
      vertex 30.3115 0.179858 7.98822
    endloop
  endfacet
  facet normal 0.44919 0.221463 0.865554
    outer loop
      vertex 32.823 1.16934 7.07308
      vertex 32.1067 1.21629 7.4328
      vertex 32.2474 0.93091 7.4328
    endloop
  endfacet
  facet normal 0.363024 0.123253 0.923592
    outer loop
      vertex 32.2474 0.93091 7.4328
      vertex 31.6333 0.676552 7.70812
      vertex 32.3497 0.6296 7.4328
    endloop
  endfacet
  facet normal 0.466694 0.532243 0.706338
    outer loop
      vertex 32.924 2.92397 6.1264
      vertex 32.2076 2.87702 6.63512
      vertex 32.5643 2.56425 6.63512
    endloop
  endfacet
  facet normal 0.458352 0.401881 0.79272
    outer loop
      vertex 32.5643 2.56425 6.63512
      vertex 32.4242 1.86015 7.07308
      vertex 32.877 2.20761 6.63512
    endloop
  endfacet
  facet normal 0.330207 0.376517 0.865562
    outer loop
      vertex 31.8602 2.4242 7.07308
      vertex 31.4809 1.9299 7.4328
      vertex 32.1607 2.16066 7.07308
    endloop
  endfacet
  facet normal 0.288246 0.252786 0.923588
    outer loop
      vertex 31.7201 1.7201 7.4328
      vertex 31.2501 1.25011 7.70812
      vertex 31.9299 1.48087 7.4328
    endloop
  endfacet
  facet normal 0.318774 0.213014 0.923584
    outer loop
      vertex 31.9299 1.48087 7.4328
      vertex 31.4026 1.07624 7.70812
      vertex 32.1067 1.21629 7.4328
    endloop
  endfacet
  facet normal 0.416397 0.278248 0.865559
    outer loop
      vertex 32.4242 1.86015 7.07308
      vertex 31.9299 1.48087 7.4328
      vertex 32.1067 1.21629 7.4328
    endloop
  endfacet
  facet normal 0.245533 0.0834209 0.965792
    outer loop
      vertex 31.6333 0.676552 7.70812
      vertex 31.0364 0.277712 7.89432
      vertex 31.7077 0.45757 7.70812
    endloop
  endfacet
  facet normal 0.376026 0.0748236 0.923583
    outer loop
      vertex 32.3497 0.6296 7.4328
      vertex 31.7077 0.45757 7.70812
      vertex 32.4118 0.317516 7.4328
    endloop
  endfacet
  facet normal 0.376019 0.074769 0.923591
    outer loop
      vertex 32.4118 0.317516 7.4328
      vertex 31.7077 0.45757 7.70812
      vertex 31.7528 0.230759 7.70812
    endloop
  endfacet
  facet normal 0.382566 0.0250337 0.923589
    outer loop
      vertex 32.4118 0.317516 7.4328
      vertex 31.7528 0.230759 7.70812
      vertex 31.7679 0 7.70812
    endloop
  endfacet
  facet normal 0.0506098 0.254343 0.965789
    outer loop
      vertex 30.4576 1.70768 7.70812
      vertex 30.1401 1.06382 7.89432
      vertex 30.2777 1.03644 7.89432
    endloop
  endfacet
  facet normal 0.0747957 0.376027 0.923585
    outer loop
      vertex 30.6296 2.3497 7.4328
      vertex 30.3175 2.41178 7.4328
      vertex 30.4576 1.70768 7.70812
    endloop
  endfacet
  facet normal 0.227539 0.67032 0.706327
    outer loop
      vertex 31.5824 3.82035 6.1264
      vertex 30.9386 3.50284 6.63512
      vertex 31.3878 3.35036 6.63512
    endloop
  endfacet
  facet normal 0.0463046 0.706348 0.706348
    outer loop
      vertex 30 4.13512 6.1264
      vertex 30 3.6264 6.63512
      vertex 30.5397 4.09974 6.1264
    endloop
  endfacet
  facet normal -0.466694 0.532243 0.706338
    outer loop
      vertex 27.7924 2.87702 6.63512
      vertex 27.076 2.92397 6.1264
      vertex 27.4357 2.56425 6.63512
    endloop
  endfacet
  facet normal -0.458352 0.401881 0.79272
    outer loop
      vertex 27.4357 2.56425 6.63512
      vertex 27.123 2.20761 6.63512
      vertex 27.5758 1.86015 7.07308
    endloop
  endfacet
  facet normal -0.474231 0.16101 0.865553
    outer loop
      vertex 27.7526 0.93091 7.4328
      vertex 27.177 1.16934 7.07308
      vertex 27.6503 0.6296 7.4328
    endloop
  endfacet
  facet normal -0.363024 0.123253 0.923592
    outer loop
      vertex 27.7526 0.93091 7.4328
      vertex 27.6503 0.6296 7.4328
      vertex 28.3667 0.676552 7.70812
    endloop
  endfacet
  facet normal -0.59697 0.52347 0.607952
    outer loop
      vertex 26.7663 3.23366 5.55564
      vertex 26.7194 2.5173 6.1264
      vertex 27.076 2.92397 6.1264
    endloop
  endfacet
  facet normal -0.441159 0.660175 0.607904
    outer loop
      vertex 27.7135 3.96041 5.55564
      vertex 27.4827 3.28061 6.1264
      vertex 27.9324 3.58112 6.1264
    endloop
  endfacet
  facet normal -0.351176 0.712121 0.607914
    outer loop
      vertex 28.25 4.22498 5.55564
      vertex 27.7135 3.96041 5.55564
      vertex 27.9324 3.58112 6.1264
    endloop
  endfacet
  facet normal -0.313112 0.63488 0.70632
    outer loop
      vertex 28.4176 3.82035 6.1264
      vertex 28.1868 3.14056 6.63512
      vertex 28.6122 3.35036 6.63512
    endloop
  endfacet
  facet normal -0.481352 0.72042 0.499295
    outer loop
      vertex 27.6495 3.95621 5.5
      vertex 27.2161 3.62807 5.55564
      vertex 27.7135 3.96041 5.55564
    endloop
  endfacet
  facet normal -0.481293 0.720366 0.49943
    outer loop
      vertex 27.2161 3.62807 5.55564
      vertex 27.6495 3.95621 5.5
      vertex 27.1965 3.65355 5.5
    endloop
  endfacet
  facet normal -0.596936 0.523484 0.607973
    outer loop
      vertex 26.7663 3.23366 5.55564
      vertex 26.3719 2.78392 5.55564
      vertex 26.7194 2.5173 6.1264
    endloop
  endfacet
  facet normal -0.169042 0.849823 0.499224
    outer loop
      vertex 28.8646 4.45953 5.5
      vertex 29.4031 4.53396 5.55564
      vertex 29.3989 4.56581 5.5
    endloop
  endfacet
  facet normal -0.169041 0.849843 0.499192
    outer loop
      vertex 29.4031 4.53396 5.55564
      vertex 28.8646 4.45953 5.5
      vertex 28.8164 4.41726 5.55564
    endloop
  endfacet
  facet normal -0.0566736 0.864659 0.499152
    outer loop
      vertex 29.4564 4.56957 5.5
      vertex 30 4.57308 5.55564
      vertex 30 4.6052 5.5
    endloop
  endfacet
  facet normal -0.05667 0.864681 0.499115
    outer loop
      vertex 30 4.57308 5.55564
      vertex 29.4564 4.56957 5.5
      vertex 29.4031 4.53396 5.55564
    endloop
  endfacet
  facet normal 0.169067 0.849848 0.499174
    outer loop
      vertex 31.1919 4.44829 5.5
      vertex 31.1354 4.45953 5.5
      vertex 31.1836 4.41726 5.55564
    endloop
  endfacet
  facet normal -0.481392 0.720358 0.499345
    outer loop
      vertex 27.6974 3.98822 5.5
      vertex 27.6495 3.95621 5.5
      vertex 27.7135 3.96041 5.55564
    endloop
  endfacet
  facet normal 0.532223 0.466695 0.706353
    outer loop
      vertex 32.924 2.92397 6.1264
      vertex 32.877 2.20761 6.63512
      vertex 33.2806 2.5173 6.1264
    endloop
  endfacet
  facet normal 0.393294 0.588547 0.706351
    outer loop
      vertex 32.5173 3.28061 6.1264
      vertex 32.0676 3.58112 6.1264
      vertex 32.2076 2.87702 6.63512
    endloop
  endfacet
  facet normal 0.227543 0.670315 0.70633
    outer loop
      vertex 31.0702 3.99422 6.1264
      vertex 30.9386 3.50284 6.63512
      vertex 31.5824 3.82035 6.1264
    endloop
  endfacet
  facet normal 0.269623 0.5467 0.792731
    outer loop
      vertex 31.8132 3.14056 6.63512
      vertex 31.3878 3.35036 6.63512
      vertex 31.5278 2.64626 7.07308
    endloop
  endfacet
  facet normal 0.255229 0.75183 0.607956
    outer loop
      vertex 31.1836 4.41726 5.55564
      vertex 31.0702 3.99422 6.1264
      vertex 31.75 4.22498 5.55564
    endloop
  endfacet
  facet normal 0.154892 0.778718 0.607952
    outer loop
      vertex 30.5969 4.53396 5.55564
      vertex 30.5397 4.09974 6.1264
      vertex 31.0702 3.99422 6.1264
    endloop
  endfacet
  facet normal 0.0519376 0.792276 0.607949
    outer loop
      vertex 30.5969 4.53396 5.55564
      vertex 30 4.13512 6.1264
      vertex 30.5397 4.09974 6.1264
    endloop
  endfacet
  facet normal 0.221491 0.449171 0.865556
    outer loop
      vertex 31.5278 2.64626 7.07308
      vertex 31.1693 2.82304 7.07308
      vertex 31.2163 2.10668 7.4328
    endloop
  endfacet
  facet normal 0.278199 0.416434 0.865557
    outer loop
      vertex 31.5278 2.64626 7.07308
      vertex 31.2163 2.10668 7.4328
      vertex 31.8602 2.4242 7.07308
    endloop
  endfacet
  facet normal 0.0976754 0.491196 0.865555
    outer loop
      vertex 30.3988 3.02949 7.07308
      vertex 30.3175 2.41178 7.4328
      vertex 30.7909 2.95152 7.07308
    endloop
  endfacet
  facet normal 0.0977006 0.491178 0.865562
    outer loop
      vertex 30.7909 2.95152 7.07308
      vertex 30.3175 2.41178 7.4328
      vertex 30.6296 2.3497 7.4328
    endloop
  endfacet
  facet normal 0.59697 0.52347 0.607952
    outer loop
      vertex 33.2337 3.23366 5.55564
      vertex 32.924 2.92397 6.1264
      vertex 33.2806 2.5173 6.1264
    endloop
  endfacet
  facet normal 0.523481 0.59696 0.607952
    outer loop
      vertex 33.2337 3.23366 5.55564
      vertex 32.5173 3.28061 6.1264
      vertex 32.924 2.92397 6.1264
    endloop
  endfacet
  facet normal 0.588557 0.393356 0.706309
    outer loop
      vertex 33.5811 2.06756 6.1264
      vertex 32.877 2.20761 6.63512
      vertex 33.1406 1.8132 6.63512
    endloop
  endfacet
  facet normal 0.634864 0.313166 0.706311
    outer loop
      vertex 33.5811 2.06756 6.1264
      vertex 33.1406 1.8132 6.63512
      vertex 33.8204 1.58244 6.1264
    endloop
  endfacet
  facet normal 0.820779 0.278307 0.498866
    outer loop
      vertex 34.4298 1.24647 5.5
      vertex 34.4173 1.1836 5.55564
      vertex 34.4483 1.19191 5.5
    endloop
  endfacet
  facet normal 0.85016 0.168497 0.498835
    outer loop
      vertex 34.4483 1.19191 5.5
      vertex 34.4173 1.1836 5.55564
      vertex 34.4595 1.1354 5.5
    endloop
  endfacet
  facet normal 0.383214 0.777083 0.499289
    outer loop
      vertex 31.814 4.22917 5.5
      vertex 32.2865 3.96041 5.55564
      vertex 32.3026 3.98822 5.5
    endloop
  endfacet
  facet normal 0.383208 0.777076 0.499304
    outer loop
      vertex 32.2865 3.96041 5.55564
      vertex 31.814 4.22917 5.5
      vertex 31.75 4.22498 5.55564
    endloop
  endfacet
  facet normal 0.351176 0.712121 0.607914
    outer loop
      vertex 32.2865 3.96041 5.55564
      vertex 31.75 4.22498 5.55564
      vertex 32.0676 3.58112 6.1264
    endloop
  endfacet
  facet normal -0.523471 -0.596986 0.607937
    outer loop
      vertex 27.4827 -3.28061 6.1264
      vertex 26.7663 -3.23366 5.55564
      vertex 27.2161 -3.62807 5.55564
    endloop
  endfacet
  facet normal -0.393272 -0.58855 0.706361
    outer loop
      vertex 28.1868 -3.14056 6.63512
      vertex 27.7924 -2.87702 6.63512
      vertex 27.9324 -3.58112 6.1264
    endloop
  endfacet
  facet normal -0.258784 -0.0169993 0.965786
    outer loop
      vertex 28.927 0 7.89432
      vertex 28.2321 0 7.70812
      vertex 28.9362 -0.140054 7.89432
    endloop
  endfacet
  facet normal -0.491186 0.0977387 0.865554
    outer loop
      vertex 27.6503 0.6296 7.4328
      vertex 27.0485 0.790856 7.07308
      vertex 27.5882 0.317516 7.4328
    endloop
  endfacet
  facet normal -0.31877 0.21303 0.923582
    outer loop
      vertex 28.5974 1.07624 7.70812
      vertex 27.8933 1.21629 7.4328
      vertex 28.4689 0.883958 7.70812
    endloop
  endfacet
  facet normal -0.232547 0.114722 0.965795
    outer loop
      vertex 29.0708 0.536498 7.89432
      vertex 28.4689 0.883958 7.70812
      vertex 29.0087 0.410618 7.89432
    endloop
  endfacet
  facet normal -0.215598 0.144082 0.965794
    outer loop
      vertex 28.5974 1.07624 7.70812
      vertex 28.4689 0.883958 7.70812
      vertex 29.0708 0.536498 7.89432
    endloop
  endfacet
  facet normal -0.194961 0.170998 0.96579
    outer loop
      vertex 28.7499 1.25011 7.70812
      vertex 28.5974 1.07624 7.70812
      vertex 29.2413 0.758723 7.89432
    endloop
  endfacet
  facet normal -0.597869 0.118959 0.792718
    outer loop
      vertex 27.0485 0.790856 7.07308
      vertex 26.4972 0.938581 6.63512
      vertex 26.9705 0.39884 7.07308
    endloop
  endfacet
  facet normal -0.57723 0.195977 0.792716
    outer loop
      vertex 27.177 1.16934 7.07308
      vertex 26.4972 0.938581 6.63512
      vertex 27.0485 0.790856 7.07308
    endloop
  endfacet
  facet normal -0.778676 0.154852 0.608016
    outer loop
      vertex 26.0058 1.07025 6.1264
      vertex 25.466 0.596907 5.55564
      vertex 25.9003 0.539741 6.1264
    endloop
  endfacet
  facet normal -0.706399 -0.0462635 0.7063
    outer loop
      vertex 26.3736 0 6.63512
      vertex 25.9003 -0.539741 6.1264
      vertex 26.4046 -0.47334 6.63512
    endloop
  endfacet
  facet normal -0.66017 0.441101 0.607952
    outer loop
      vertex 26.7194 2.5173 6.1264
      vertex 26.0396 2.28654 5.55564
      vertex 26.4189 2.06756 6.1264
    endloop
  endfacet
  facet normal -0.712078 0.351194 0.607954
    outer loop
      vertex 26.0396 2.28654 5.55564
      vertex 25.775 1.75004 5.55564
      vertex 26.4189 2.06756 6.1264
    endloop
  endfacet
  facet normal -0.123869 -0.0420334 0.991408
    outer loop
      vertex 29.6525 -0.0931015 7.98822
      vertex 28.9636 -0.277712 7.89432
      vertex 29.0087 -0.410618 7.89432
    endloop
  endfacet
  facet normal -0.258784 0.0169993 0.965786
    outer loop
      vertex 28.9362 0.140054 7.89432
      vertex 28.2321 0 7.70812
      vertex 28.927 0 7.89432
    endloop
  endfacet
  facet normal 0.108803 -0.0725832 0.99141
    outer loop
      vertex 30.3115 -0.179858 7.98822
      vertex 30.2854 -0.218982 7.98822
      vertex 30.9292 -0.536498 7.89432
    endloop
  endfacet
  facet normal 0.170965 0.194994 0.965789
    outer loop
      vertex 31.0762 1.40258 7.70812
      vertex 30.7587 0.758723 7.89432
      vertex 31.2501 1.25011 7.70812
    endloop
  endfacet
  facet normal -0.0983786 -0.0862092 0.991408
    outer loop
      vertex 29.7146 -0.218982 7.98822
      vertex 29.2413 -0.758723 7.89432
      vertex 29.7456 -0.254358 7.98822
    endloop
  endfacet
  facet normal -0.114697 0.23258 0.965791
    outer loop
      vertex 29.3234 1.63334 7.70812
      vertex 29.116 1.53106 7.70812
      vertex 29.5894 0.99132 7.89432
    endloop
  endfacet
  facet normal -0.376513 0.330195 0.865569
    outer loop
      vertex 28.2799 1.7201 7.4328
      vertex 27.8393 2.16066 7.07308
      vertex 28.0701 1.48087 7.4328
    endloop
  endfacet
  facet normal -0.792221 0.0519594 0.608018
    outer loop
      vertex 25.9003 0.539741 6.1264
      vertex 25.466 0.596907 5.55564
      vertex 25.8649 0 6.1264
    endloop
  endfacet
  facet normal -0.670312 0.227455 0.706361
    outer loop
      vertex 26.1796 1.58244 6.1264
      vertex 26.0058 1.07025 6.1264
      vertex 26.4972 0.938581 6.63512
    endloop
  endfacet
  facet normal -0.670333 -0.227434 0.706348
    outer loop
      vertex 26.4972 -0.938581 6.63512
      vertex 26.1796 -1.58244 6.1264
      vertex 26.6496 -1.38776 6.63512
    endloop
  endfacet
  facet normal -0.670312 -0.227455 0.706361
    outer loop
      vertex 26.4972 -0.938581 6.63512
      vertex 26.0058 -1.07025 6.1264
      vertex 26.1796 -1.58244 6.1264
    endloop
  endfacet
  facet normal -0.44919 -0.221463 0.865554
    outer loop
      vertex 27.7526 -0.93091 7.4328
      vertex 27.177 -1.16934 7.07308
      vertex 27.8933 -1.21629 7.4328
    endloop
  endfacet
  facet normal -0.41637 -0.278265 0.865566
    outer loop
      vertex 27.8933 -1.21629 7.4328
      vertex 27.3537 -1.52782 7.07308
      vertex 27.5758 -1.86015 7.07308
    endloop
  endfacet
  facet normal -0.608253 -0.0398039 0.792745
    outer loop
      vertex 26.9444 0 7.07308
      vertex 26.3736 0 6.63512
      vertex 26.9705 -0.39884 7.07308
    endloop
  endfacet
  facet normal -0.608266 -0.0398366 0.792733
    outer loop
      vertex 26.9705 -0.39884 7.07308
      vertex 26.3736 0 6.63512
      vertex 26.4046 -0.47334 6.63512
    endloop
  endfacet
  facet normal -0.588557 -0.393356 0.706309
    outer loop
      vertex 26.8594 -1.8132 6.63512
      vertex 26.4189 -2.06756 6.1264
      vertex 27.123 -2.20761 6.63512
    endloop
  endfacet
  facet normal -0.546716 -0.269606 0.792726
    outer loop
      vertex 27.3537 -1.52782 7.07308
      vertex 26.6496 -1.38776 6.63512
      vertex 26.8594 -1.8132 6.63512
    endloop
  endfacet
  facet normal -0.330219 -0.376493 0.865568
    outer loop
      vertex 28.2799 -1.7201 7.4328
      vertex 27.8393 -2.16066 7.07308
      vertex 28.5191 -1.9299 7.4328
    endloop
  endfacet
  facet normal -0.401929 -0.458297 0.792727
    outer loop
      vertex 27.8393 -2.16066 7.07308
      vertex 27.4357 -2.56425 6.63512
      vertex 28.1398 -2.4242 7.07308
    endloop
  endfacet
  facet normal -0.393294 -0.588547 0.706351
    outer loop
      vertex 27.7924 -2.87702 6.63512
      vertex 27.4827 -3.28061 6.1264
      vertex 27.9324 -3.58112 6.1264
    endloop
  endfacet
  facet normal -0.441159 -0.660175 0.607904
    outer loop
      vertex 27.9324 -3.58112 6.1264
      vertex 27.4827 -3.28061 6.1264
      vertex 27.7135 -3.96041 5.55564
    endloop
  endfacet
  facet normal -0.313112 -0.63488 0.70632
    outer loop
      vertex 28.6122 -3.35036 6.63512
      vertex 28.1868 -3.14056 6.63512
      vertex 28.4176 -3.82035 6.1264
    endloop
  endfacet
  facet normal -0.227539 -0.67032 0.706327
    outer loop
      vertex 28.6122 -3.35036 6.63512
      vertex 28.4176 -3.82035 6.1264
      vertex 29.0614 -3.50284 6.63512
    endloop
  endfacet
  facet normal -0.123238 -0.363049 0.923584
    outer loop
      vertex 29.5424 -1.70768 7.70812
      vertex 29.3234 -1.63334 7.70812
      vertex 29.3704 -2.3497 7.4328
    endloop
  endfacet
  facet normal -0.057854 -0.117309 0.991409
    outer loop
      vertex 29.8201 -0.311523 7.98822
      vertex 29.5894 -0.99132 7.89432
      vertex 29.8623 -0.332335 7.98822
    endloop
  endfacet
  facet normal 0.0578438 -0.117313 0.991409
    outer loop
      vertex 30.5365 -0.929242 7.89432
      vertex 30.1799 -0.311523 7.98822
      vertex 30.4106 -0.99132 7.89432
    endloop
  endfacet
  facet normal -0.0983105 0.0862691 0.991409
    outer loop
      vertex 29.2413 0.758723 7.89432
      vertex 29.1487 0.653198 7.89432
      vertex 29.7146 0.218982 7.98822
    endloop
  endfacet
  facet normal -0.491186 -0.0977387 0.865554
    outer loop
      vertex 27.5882 -0.317516 7.4328
      vertex 27.0485 -0.790856 7.07308
      vertex 27.6503 -0.6296 7.4328
    endloop
  endfacet
  facet normal -0.114684 -0.232591 0.965789
    outer loop
      vertex 29.4635 -0.929242 7.89432
      vertex 29.116 -1.53106 7.70812
      vertex 29.5894 -0.99132 7.89432
    endloop
  endfacet
  facet normal 0.338633 -0.506897 0.792707
    outer loop
      vertex 31.8602 -2.4242 7.07308
      vertex 31.5278 -2.64626 7.07308
      vertex 32.2076 -2.87702 6.63512
    endloop
  endfacet
  facet normal 0.393272 -0.58855 0.706361
    outer loop
      vertex 32.2076 -2.87702 6.63512
      vertex 31.8132 -3.14056 6.63512
      vertex 32.0676 -3.58112 6.1264
    endloop
  endfacet
  facet normal 0.154892 -0.778718 0.607952
    outer loop
      vertex 31.0702 -3.99422 6.1264
      vertex 30.5397 -4.09974 6.1264
      vertex 30.5969 -4.53396 5.55564
    endloop
  endfacet
  facet normal 0.138096 -0.694276 0.706335
    outer loop
      vertex 30.9386 -3.50284 6.63512
      vertex 30.5397 -4.09974 6.1264
      vertex 31.0702 -3.99422 6.1264
    endloop
  endfacet
  facet normal -0.138078 -0.694271 0.706344
    outer loop
      vertex 29.5267 -3.59538 6.63512
      vertex 29.0614 -3.50284 6.63512
      vertex 29.4603 -4.09974 6.1264
    endloop
  endfacet
  facet normal -0.0519251 -0.792283 0.607941
    outer loop
      vertex 30 -4.13512 6.1264
      vertex 29.4031 -4.53396 5.55564
      vertex 30 -4.57308 5.55564
    endloop
  endfacet
  facet normal -0.255229 -0.75183 0.607956
    outer loop
      vertex 28.9298 -3.99422 6.1264
      vertex 28.25 -4.22498 5.55564
      vertex 28.8164 -4.41726 5.55564
    endloop
  endfacet
  facet normal -0.278564 -0.820532 0.499129
    outer loop
      vertex 28.7535 -4.42976 5.5
      vertex 28.25 -4.22498 5.55564
      vertex 28.2377 -4.25465 5.5
    endloop
  endfacet
  facet normal -0.278538 -0.82049 0.499212
    outer loop
      vertex 28.25 -4.22498 5.55564
      vertex 28.7535 -4.42976 5.5
      vertex 28.8164 -4.41726 5.55564
    endloop
  endfacet
  facet normal 0.0977006 -0.491178 0.865562
    outer loop
      vertex 30.6296 -2.3497 7.4328
      vertex 30.3175 -2.41178 7.4328
      vertex 30.7909 -2.95152 7.07308
    endloop
  endfacet
  facet normal 0.269623 -0.5467 0.792731
    outer loop
      vertex 31.5278 -2.64626 7.07308
      vertex 31.3878 -3.35036 6.63512
      vertex 31.8132 -3.14056 6.63512
    endloop
  endfacet
  facet normal 0.0462943 -0.706354 0.706343
    outer loop
      vertex 30.4733 -3.59538 6.63512
      vertex 30 -3.6264 6.63512
      vertex 30.5397 -4.09974 6.1264
    endloop
  endfacet
  facet normal 0.138078 -0.694271 0.706344
    outer loop
      vertex 30.9386 -3.50284 6.63512
      vertex 30.4733 -3.59538 6.63512
      vertex 30.5397 -4.09974 6.1264
    endloop
  endfacet
  facet normal -0.154894 -0.778719 0.607951
    outer loop
      vertex 28.9298 -3.99422 6.1264
      vertex 28.8164 -4.41726 5.55564
      vertex 29.4031 -4.53396 5.55564
    endloop
  endfacet
  facet normal -0.138096 -0.694276 0.706335
    outer loop
      vertex 29.0614 -3.50284 6.63512
      vertex 28.9298 -3.99422 6.1264
      vertex 29.4603 -4.09974 6.1264
    endloop
  endfacet
  facet normal -0.195986 -0.57722 0.792721
    outer loop
      vertex 29.2091 -2.95152 7.07308
      vertex 28.8307 -2.82304 7.07308
      vertex 29.0614 -3.50284 6.63512
    endloop
  endfacet
  facet normal -0.161011 -0.47421 0.865563
    outer loop
      vertex 29.3704 -2.3497 7.4328
      vertex 28.8307 -2.82304 7.07308
      vertex 29.2091 -2.95152 7.07308
    endloop
  endfacet
  facet normal -0.651418 -0.571291 0.49928
    outer loop
      vertex 26.7056 -3.21305 5.5
      vertex 26.3719 -2.78392 5.55564
      vertex 26.3464 -2.80347 5.5
    endloop
  endfacet
  facet normal -0.651503 -0.571336 0.499119
    outer loop
      vertex 26.3719 -2.78392 5.55564
      vertex 26.7056 -3.21305 5.5
      vertex 26.7663 -3.23366 5.55564
    endloop
  endfacet
  facet normal -0.481293 -0.720366 0.49943
    outer loop
      vertex 27.6495 -3.95621 5.5
      vertex 27.2161 -3.62807 5.55564
      vertex 27.1965 -3.65355 5.5
    endloop
  endfacet
  facet normal -0.481352 -0.72042 0.499295
    outer loop
      vertex 27.2161 -3.62807 5.55564
      vertex 27.6495 -3.95621 5.5
      vertex 27.7135 -3.96041 5.55564
    endloop
  endfacet
  facet normal 0.16957 -0.343863 0.923582
    outer loop
      vertex 31.2163 -2.10668 7.4328
      vertex 30.6766 -1.63334 7.70812
      vertex 30.9309 -2.24742 7.4328
    endloop
  endfacet
  facet normal 0.213072 -0.318746 0.923581
    outer loop
      vertex 31.0762 -1.40258 7.70812
      vertex 30.884 -1.53106 7.70812
      vertex 31.2163 -2.10668 7.4328
    endloop
  endfacet
  facet normal 0.506822 -0.338715 0.792719
    outer loop
      vertex 32.6463 -1.52782 7.07308
      vertex 32.4242 -1.86015 7.07308
      vertex 32.877 -2.20761 6.63512
    endloop
  endfacet
  facet normal 0.376552 -0.330177 0.865559
    outer loop
      vertex 32.4242 -1.86015 7.07308
      vertex 31.9299 -1.48087 7.4328
      vertex 32.1607 -2.16066 7.07308
    endloop
  endfacet
  facet normal 0.318774 -0.213014 0.923584
    outer loop
      vertex 32.1067 -1.21629 7.4328
      vertex 31.4026 -1.07624 7.70812
      vertex 31.9299 -1.48087 7.4328
    endloop
  endfacet
  facet normal 0.0983105 -0.0862691 0.991409
    outer loop
      vertex 30.8513 -0.653198 7.89432
      vertex 30.2854 -0.218982 7.98822
      vertex 30.7587 -0.758723 7.89432
    endloop
  endfacet
  facet normal 0.123775 -0.0422255 0.991412
    outer loop
      vertex 30.3475 -0.0931015 7.98822
      vertex 30.3323 -0.137657 7.98822
      vertex 30.9913 -0.410618 7.89432
    endloop
  endfacet
  facet normal 0.258784 -0.0169993 0.965786
    outer loop
      vertex 31.073 0 7.89432
      vertex 31.0638 -0.140054 7.89432
      vertex 31.7679 0 7.70812
    endloop
  endfacet
  facet normal 0.258772 0.0169331 0.96579
    outer loop
      vertex 31.7528 0.230759 7.70812
      vertex 31.0638 0.140054 7.89432
      vertex 31.7679 0 7.70812
    endloop
  endfacet
  facet normal 0.751891 -0.255137 0.607919
    outer loop
      vertex 33.9942 -1.07025 6.1264
      vertex 33.8204 -1.58244 6.1264
      vertex 34.225 -1.75004 5.55564
    endloop
  endfacet
  facet normal 0.778686 -0.15489 0.607994
    outer loop
      vertex 34.534 -0.596907 5.55564
      vertex 33.9942 -1.07025 6.1264
      vertex 34.4173 -1.1836 5.55564
    endloop
  endfacet
  facet normal 0.85016 -0.168497 0.498835
    outer loop
      vertex 34.4595 -1.1354 5.5
      vertex 34.4173 -1.1836 5.55564
      vertex 34.4483 -1.19191 5.5
    endloop
  endfacet
  facet normal 0.850152 -0.169139 0.498632
    outer loop
      vertex 34.534 -0.596907 5.55564
      vertex 34.4595 -1.1354 5.5
      vertex 34.5658 -0.601099 5.5
    endloop
  endfacet
  facet normal 0.850296 -0.169134 0.498387
    outer loop
      vertex 34.4595 -1.1354 5.5
      vertex 34.534 -0.596907 5.55564
      vertex 34.4173 -1.1836 5.55564
    endloop
  endfacet
  facet normal 0.778686 0.15489 0.607994
    outer loop
      vertex 34.4173 1.1836 5.55564
      vertex 33.9942 1.07025 6.1264
      vertex 34.534 0.596907 5.55564
    endloop
  endfacet
  facet normal 0.778676 0.154852 0.608016
    outer loop
      vertex 34.534 0.596907 5.55564
      vertex 33.9942 1.07025 6.1264
      vertex 34.0997 0.539741 6.1264
    endloop
  endfacet
  facet normal 0.660175 -0.441063 0.607974
    outer loop
      vertex 33.9604 -2.28654 5.55564
      vertex 33.2806 -2.5173 6.1264
      vertex 33.6281 -2.78392 5.55564
    endloop
  endfacet
  facet normal 0.596936 -0.523484 0.607973
    outer loop
      vertex 33.2806 -2.5173 6.1264
      vertex 33.2337 -3.23366 5.55564
      vertex 33.6281 -2.78392 5.55564
    endloop
  endfacet
  facet normal 0.114697 0.23258 0.965791
    outer loop
      vertex 30.6766 1.63334 7.70812
      vertex 30.4106 0.99132 7.89432
      vertex 30.884 1.53106 7.70812
    endloop
  endfacet
  facet normal -0.108786 -0.072617 0.991409
    outer loop
      vertex 29.7146 -0.218982 7.98822
      vertex 29.0708 -0.536498 7.89432
      vertex 29.1487 -0.653198 7.89432
    endloop
  endfacet
  facet normal -0.0862129 0.0983734 0.991408
    outer loop
      vertex 29.781 0.285382 7.98822
      vertex 29.2413 0.758723 7.89432
      vertex 29.7456 0.254358 7.98822
    endloop
  endfacet
  facet normal -0.130502 0.00861636 0.991411
    outer loop
      vertex 29.6434 0.0469522 7.98822
      vertex 28.9362 0.140054 7.89432
      vertex 29.6403 0 7.98822
    endloop
  endfacet
  facet normal 0.288236 0.252809 0.923584
    outer loop
      vertex 31.9299 1.48087 7.4328
      vertex 31.2501 1.25011 7.70812
      vertex 31.4026 1.07624 7.70812
    endloop
  endfacet
  facet normal -0.0726982 -0.108737 0.991409
    outer loop
      vertex 29.781 -0.285382 7.98822
      vertex 29.4635 -0.929242 7.89432
      vertex 29.8201 -0.311523 7.98822
    endloop
  endfacet
  facet normal 0.17102 0.194966 0.965785
    outer loop
      vertex 31.0762 1.40258 7.70812
      vertex 30.6532 0.851265 7.89432
      vertex 30.7587 0.758723 7.89432
    endloop
  endfacet
  facet normal 0.0862519 0.0983291 0.991409
    outer loop
      vertex 30.6532 0.851265 7.89432
      vertex 30.219 0.285382 7.98822
      vertex 30.7587 0.758723 7.89432
    endloop
  endfacet
  facet normal 0.2215 0.44917 0.865554
    outer loop
      vertex 31.1693 2.82304 7.07308
      vertex 30.9309 2.24742 7.4328
      vertex 31.2163 2.10668 7.4328
    endloop
  endfacet
  facet normal 0.160985 0.474234 0.865555
    outer loop
      vertex 31.1693 2.82304 7.07308
      vertex 30.6296 2.3497 7.4328
      vertex 30.9309 2.24742 7.4328
    endloop
  endfacet
  facet normal 0.213072 0.318746 0.923581
    outer loop
      vertex 31.2163 2.10668 7.4328
      vertex 30.884 1.53106 7.70812
      vertex 31.0762 1.40258 7.70812
    endloop
  endfacet
  facet normal 0.144119 0.215595 0.965789
    outer loop
      vertex 30.884 1.53106 7.70812
      vertex 30.5365 0.929242 7.89432
      vertex 31.0762 1.40258 7.70812
    endloop
  endfacet
  facet normal 0.0255252 0.128279 0.99141
    outer loop
      vertex 30.1401 1.06382 7.89432
      vertex 30.0931 0.34746 7.98822
      vertex 30.2777 1.03644 7.89432
    endloop
  endfacet
  facet normal 0.118889 0.597876 0.792723
    outer loop
      vertex 30.9386 3.50284 6.63512
      vertex 30.3988 3.02949 7.07308
      vertex 30.7909 2.95152 7.07308
    endloop
  endfacet
  facet normal -0.0578438 0.117313 0.991409
    outer loop
      vertex 29.5894 0.99132 7.89432
      vertex 29.4635 0.929242 7.89432
      vertex 29.8201 0.311523 7.98822
    endloop
  endfacet
  facet normal -0.0420079 0.123871 0.991409
    outer loop
      vertex 29.9069 0.34746 7.98822
      vertex 29.5894 0.99132 7.89432
      vertex 29.8623 0.332335 7.98822
    endloop
  endfacet
  facet normal 0.0983105 0.0862691 0.991409
    outer loop
      vertex 30.7587 0.758723 7.89432
      vertex 30.2854 0.218982 7.98822
      vertex 30.8513 0.653198 7.89432
    endloop
  endfacet
  facet normal -0.0255414 -0.128278 0.991409
    outer loop
      vertex 29.9069 -0.34746 7.98822
      vertex 29.8599 -1.06382 7.89432
      vertex 29.953 -0.356639 7.98822
    endloop
  endfacet
  facet normal 0.49119 0.0977329 0.865552
    outer loop
      vertex 32.9515 0.790856 7.07308
      vertex 32.4118 0.317516 7.4328
      vertex 33.0295 0.39884 7.07308
    endloop
  endfacet
  facet normal 0.577214 0.19584 0.792762
    outer loop
      vertex 33.3504 1.38776 6.63512
      vertex 32.823 1.16934 7.07308
      vertex 33.5028 0.938581 6.63512
    endloop
  endfacet
  facet normal 0.330219 0.376493 0.865568
    outer loop
      vertex 32.1607 2.16066 7.07308
      vertex 31.4809 1.9299 7.4328
      vertex 31.7201 1.7201 7.4328
    endloop
  endfacet
  facet normal 0.252803 0.288229 0.923588
    outer loop
      vertex 31.4809 1.9299 7.4328
      vertex 31.2501 1.25011 7.70812
      vertex 31.7201 1.7201 7.4328
    endloop
  endfacet
  facet normal -0.170965 0.194994 0.965789
    outer loop
      vertex 28.9238 1.40258 7.70812
      vertex 28.7499 1.25011 7.70812
      vertex 29.2413 0.758723 7.89432
    endloop
  endfacet
  facet normal -0.0726668 0.108753 0.991409
    outer loop
      vertex 29.4635 0.929242 7.89432
      vertex 29.3468 0.851265 7.89432
      vertex 29.781 0.285382 7.98822
    endloop
  endfacet
  facet normal -0.169575 0.343858 0.923583
    outer loop
      vertex 29.3234 1.63334 7.70812
      vertex 28.7837 2.10668 7.4328
      vertex 29.116 1.53106 7.70812
    endloop
  endfacet
  facet normal -0.0833579 0.245566 0.965789
    outer loop
      vertex 29.5424 1.70768 7.70812
      vertex 29.3234 1.63334 7.70812
      vertex 29.7223 1.03644 7.89432
    endloop
  endfacet
  facet normal -0.195934 0.577214 0.792739
    outer loop
      vertex 29.0614 3.50284 6.63512
      vertex 28.6122 3.35036 6.63512
      vertex 28.8307 2.82304 7.07308
    endloop
  endfacet
  facet normal -0.0250748 0.382569 0.923587
    outer loop
      vertex 30 2.43259 7.4328
      vertex 29.6825 2.41178 7.4328
      vertex 30 1.76792 7.70812
    endloop
  endfacet
  facet normal -0.466706 0.532215 0.706352
    outer loop
      vertex 27.4827 3.28061 6.1264
      vertex 27.076 2.92397 6.1264
      vertex 27.7924 2.87702 6.63512
    endloop
  endfacet
  facet normal -0.31303 0.63488 0.706356
    outer loop
      vertex 28.4176 3.82035 6.1264
      vertex 27.9324 3.58112 6.1264
      vertex 28.1868 3.14056 6.63512
    endloop
  endfacet
  facet normal -0.330207 0.376517 0.865562
    outer loop
      vertex 28.1398 2.4242 7.07308
      vertex 27.8393 2.16066 7.07308
      vertex 28.5191 1.9299 7.4328
    endloop
  endfacet
  facet normal -0.458336 0.401888 0.792726
    outer loop
      vertex 27.8393 2.16066 7.07308
      vertex 27.4357 2.56425 6.63512
      vertex 27.5758 1.86015 7.07308
    endloop
  endfacet
  facet normal -0.634864 0.313166 0.706311
    outer loop
      vertex 26.4189 2.06756 6.1264
      vertex 26.1796 1.58244 6.1264
      vertex 26.8594 1.8132 6.63512
    endloop
  endfacet
  facet normal -0.532223 0.466695 0.706353
    outer loop
      vertex 27.076 2.92397 6.1264
      vertex 26.7194 2.5173 6.1264
      vertex 27.123 2.20761 6.63512
    endloop
  endfacet
  facet normal -0.441104 0.660183 0.607936
    outer loop
      vertex 27.7135 3.96041 5.55564
      vertex 27.2161 3.62807 5.55564
      vertex 27.4827 3.28061 6.1264
    endloop
  endfacet
  facet normal -0.523481 0.59696 0.607952
    outer loop
      vertex 27.4827 3.28061 6.1264
      vertex 26.7663 3.23366 5.55564
      vertex 27.076 2.92397 6.1264
    endloop
  endfacet
  facet normal -0.0463046 0.706348 0.706348
    outer loop
      vertex 30 4.13512 6.1264
      vertex 29.4603 4.09974 6.1264
      vertex 30 3.6264 6.63512
    endloop
  endfacet
  facet normal -0.154894 0.778719 0.607951
    outer loop
      vertex 29.4031 4.53396 5.55564
      vertex 28.8164 4.41726 5.55564
      vertex 28.9298 3.99422 6.1264
    endloop
  endfacet
  facet normal 0.0565396 0.864634 0.49921
    outer loop
      vertex 30.6011 4.56581 5.5
      vertex 30.5436 4.56957 5.5
      vertex 30.5969 4.53396 5.55564
    endloop
  endfacet
  facet normal -0.169067 0.849848 0.499174
    outer loop
      vertex 28.8646 4.45953 5.5
      vertex 28.8081 4.44829 5.5
      vertex 28.8164 4.41726 5.55564
    endloop
  endfacet
  facet normal -0.0565396 0.864634 0.49921
    outer loop
      vertex 29.4564 4.56957 5.5
      vertex 29.3989 4.56581 5.5
      vertex 29.4031 4.53396 5.55564
    endloop
  endfacet
  facet normal 0.338669 0.506834 0.792731
    outer loop
      vertex 31.8132 3.14056 6.63512
      vertex 31.5278 2.64626 7.07308
      vertex 32.2076 2.87702 6.63512
    endloop
  endfacet
  facet normal 0.393272 0.58855 0.706361
    outer loop
      vertex 32.0676 3.58112 6.1264
      vertex 31.8132 3.14056 6.63512
      vertex 32.2076 2.87702 6.63512
    endloop
  endfacet
  facet normal 0.278564 0.820532 0.499129
    outer loop
      vertex 31.2465 4.42976 5.5
      vertex 31.75 4.22498 5.55564
      vertex 31.7623 4.25465 5.5
    endloop
  endfacet
  facet normal 0.278538 0.82049 0.499212
    outer loop
      vertex 31.75 4.22498 5.55564
      vertex 31.2465 4.42976 5.5
      vertex 31.1836 4.41726 5.55564
    endloop
  endfacet
  facet normal 0.383062 0.777248 0.499148
    outer loop
      vertex 31.7623 4.25465 5.5
      vertex 31.75 4.22498 5.55564
      vertex 31.814 4.22917 5.5
    endloop
  endfacet
  facet normal 0.0462943 0.706354 0.706343
    outer loop
      vertex 30.5397 4.09974 6.1264
      vertex 30 3.6264 6.63512
      vertex 30.4733 3.59538 6.63512
    endloop
  endfacet
  facet normal 0.0398659 0.608269 0.792729
    outer loop
      vertex 30.4733 3.59538 6.63512
      vertex 30 3.6264 6.63512
      vertex 30.3988 3.02949 7.07308
    endloop
  endfacet
  facet normal -0.720642 -0.481331 0.498994
    outer loop
      vertex 26.0396 -2.28654 5.55564
      vertex 26.0118 -2.3026 5.5
      vertex 26.0438 -2.35051 5.5
    endloop
  endfacet
  facet normal -0.596936 -0.523484 0.607973
    outer loop
      vertex 26.7194 -2.5173 6.1264
      vertex 26.3719 -2.78392 5.55564
      vertex 26.7663 -3.23366 5.55564
    endloop
  endfacet
  facet normal -0.382566 -0.0250337 0.923589
    outer loop
      vertex 28.2321 0 7.70812
      vertex 27.5882 -0.317516 7.4328
      vertex 28.2472 -0.230759 7.70812
    endloop
  endfacet
  facet normal -0.499748 0.0327377 0.865552
    outer loop
      vertex 27.5882 0.317516 7.4328
      vertex 26.9705 0.39884 7.07308
      vertex 27.5674 0 7.4328
    endloop
  endfacet
  facet normal -0.376026 0.0748236 0.923583
    outer loop
      vertex 27.6503 0.6296 7.4328
      vertex 27.5882 0.317516 7.4328
      vertex 28.2923 0.45757 7.70812
    endloop
  endfacet
  facet normal -0.258772 -0.0169331 0.96579
    outer loop
      vertex 28.9362 -0.140054 7.89432
      vertex 28.2321 0 7.70812
      vertex 28.2472 -0.230759 7.70812
    endloop
  endfacet
  facet normal -0.117315 -0.0578219 0.99141
    outer loop
      vertex 29.6677 -0.137657 7.98822
      vertex 29.0087 -0.410618 7.89432
      vertex 29.6885 -0.179858 7.98822
    endloop
  endfacet
  facet normal -0.215703 0.143987 0.965785
    outer loop
      vertex 29.1487 0.653198 7.89432
      vertex 28.5974 1.07624 7.70812
      vertex 29.0708 0.536498 7.89432
    endloop
  endfacet
  facet normal -0.376552 0.330177 0.865559
    outer loop
      vertex 27.8393 2.16066 7.07308
      vertex 27.5758 1.86015 7.07308
      vertex 28.0701 1.48087 7.4328
    endloop
  endfacet
  facet normal -0.416397 0.278248 0.865559
    outer loop
      vertex 28.0701 1.48087 7.4328
      vertex 27.5758 1.86015 7.07308
      vertex 27.8933 1.21629 7.4328
    endloop
  endfacet
  facet normal -0.343856 0.16953 0.923592
    outer loop
      vertex 27.8933 1.21629 7.4328
      vertex 27.7526 0.93091 7.4328
      vertex 28.3667 0.676552 7.70812
    endloop
  endfacet
  facet normal -0.44919 0.221463 0.865554
    outer loop
      vertex 27.8933 1.21629 7.4328
      vertex 27.177 1.16934 7.07308
      vertex 27.7526 0.93091 7.4328
    endloop
  endfacet
  facet normal -0.34392 0.169468 0.92358
    outer loop
      vertex 28.4689 0.883958 7.70812
      vertex 27.8933 1.21629 7.4328
      vertex 28.3667 0.676552 7.70812
    endloop
  endfacet
  facet normal -0.245587 0.083337 0.965786
    outer loop
      vertex 29.0087 0.410618 7.89432
      vertex 28.3667 0.676552 7.70812
      vertex 28.9636 0.277712 7.89432
    endloop
  endfacet
  facet normal -0.864795 0.0566343 0.49892
    outer loop
      vertex 25.4269 0 5.55564
      vertex 25.4304 0.543605 5.5
      vertex 25.3948 0 5.5
    endloop
  endfacet
  facet normal -0.864738 0.0566441 0.499019
    outer loop
      vertex 25.4304 0.543605 5.5
      vertex 25.4269 0 5.55564
      vertex 25.466 0.596907 5.55564
    endloop
  endfacet
  facet normal -0.597844 0.118993 0.792732
    outer loop
      vertex 26.4972 0.938581 6.63512
      vertex 26.4046 0.47334 6.63512
      vertex 26.9705 0.39884 7.07308
    endloop
  endfacet
  facet normal -0.706399 0.0462635 0.7063
    outer loop
      vertex 26.4046 0.47334 6.63512
      vertex 25.9003 0.539741 6.1264
      vertex 26.3736 0 6.63512
    endloop
  endfacet
  facet normal -0.694294 0.13819 0.706299
    outer loop
      vertex 26.4972 0.938581 6.63512
      vertex 25.9003 0.539741 6.1264
      vertex 26.4046 0.47334 6.63512
    endloop
  endfacet
  facet normal 0.00855186 0.130514 0.99141
    outer loop
      vertex 30 1.073 7.89432
      vertex 30 0.359716 7.98822
      vertex 30.1401 1.06382 7.89432
    endloop
  endfacet
  facet normal 0.0833683 0.24556 0.96579
    outer loop
      vertex 30.6766 1.63334 7.70812
      vertex 30.2777 1.03644 7.89432
      vertex 30.4106 0.99132 7.89432
    endloop
  endfacet
  facet normal -0.0255252 -0.128279 0.99141
    outer loop
      vertex 29.9069 -0.34746 7.98822
      vertex 29.7223 -1.03644 7.89432
      vertex 29.8599 -1.06382 7.89432
    endloop
  endfacet
  facet normal -0.00854458 0.130515 0.991409
    outer loop
      vertex 30 0.359716 7.98822
      vertex 29.8599 1.06382 7.89432
      vertex 29.953 0.356639 7.98822
    endloop
  endfacet
  facet normal -0.820779 0.278307 0.498866
    outer loop
      vertex 25.5702 1.24647 5.5
      vertex 25.5517 1.19191 5.5
      vertex 25.5827 1.1836 5.55564
    endloop
  endfacet
  facet normal -0.85016 0.168497 0.498835
    outer loop
      vertex 25.5517 1.19191 5.5
      vertex 25.5405 1.1354 5.5
      vertex 25.5827 1.1836 5.55564
    endloop
  endfacet
  facet normal -0.720543 -0.481395 0.499076
    outer loop
      vertex 26.0438 -2.35051 5.5
      vertex 26.3719 -2.78392 5.55564
      vertex 26.0396 -2.28654 5.55564
    endloop
  endfacet
  facet normal -0.720453 -0.481299 0.499298
    outer loop
      vertex 26.3719 -2.78392 5.55564
      vertex 26.0438 -2.35051 5.5
      vertex 26.3464 -2.80347 5.5
    endloop
  endfacet
  facet normal -0.660175 -0.441063 0.607974
    outer loop
      vertex 26.7194 -2.5173 6.1264
      vertex 26.0396 -2.28654 5.55564
      vertex 26.3719 -2.78392 5.55564
    endloop
  endfacet
  facet normal -0.232627 -0.114628 0.965787
    outer loop
      vertex 29.0087 -0.410618 7.89432
      vertex 28.3667 -0.676552 7.70812
      vertex 28.4689 -0.883958 7.70812
    endloop
  endfacet
  facet normal -0.416397 -0.278248 0.865559
    outer loop
      vertex 27.8933 -1.21629 7.4328
      vertex 27.5758 -1.86015 7.07308
      vertex 28.0701 -1.48087 7.4328
    endloop
  endfacet
  facet normal -0.506811 -0.338722 0.792723
    outer loop
      vertex 27.3537 -1.52782 7.07308
      vertex 26.8594 -1.8132 6.63512
      vertex 27.123 -2.20761 6.63512
    endloop
  endfacet
  facet normal -0.506822 -0.338715 0.792719
    outer loop
      vertex 27.3537 -1.52782 7.07308
      vertex 27.123 -2.20761 6.63512
      vertex 27.5758 -1.86015 7.07308
    endloop
  endfacet
  facet normal -0.57723 -0.195977 0.792716
    outer loop
      vertex 27.0485 -0.790856 7.07308
      vertex 26.4972 -0.938581 6.63512
      vertex 27.177 -1.16934 7.07308
    endloop
  endfacet
  facet normal -0.343856 -0.16953 0.923592
    outer loop
      vertex 28.3667 -0.676552 7.70812
      vertex 27.7526 -0.93091 7.4328
      vertex 27.8933 -1.21629 7.4328
    endloop
  endfacet
  facet normal -0.376513 -0.330195 0.865569
    outer loop
      vertex 28.0701 -1.48087 7.4328
      vertex 27.8393 -2.16066 7.07308
      vertex 28.2799 -1.7201 7.4328
    endloop
  endfacet
  facet normal -0.376552 -0.330177 0.865559
    outer loop
      vertex 28.0701 -1.48087 7.4328
      vertex 27.5758 -1.86015 7.07308
      vertex 27.8393 -2.16066 7.07308
    endloop
  endfacet
  facet normal -0.221491 -0.449171 0.865556
    outer loop
      vertex 28.7837 -2.10668 7.4328
      vertex 28.4722 -2.64626 7.07308
      vertex 28.8307 -2.82304 7.07308
    endloop
  endfacet
  facet normal -0.401905 -0.458354 0.792707
    outer loop
      vertex 28.1398 -2.4242 7.07308
      vertex 27.4357 -2.56425 6.63512
      vertex 27.7924 -2.87702 6.63512
    endloop
  endfacet
  facet normal -0.16957 -0.343863 0.923582
    outer loop
      vertex 29.3234 -1.63334 7.70812
      vertex 28.7837 -2.10668 7.4328
      vertex 29.0691 -2.24742 7.4328
    endloop
  endfacet
  facet normal 0.0983786 0.0862092 0.991408
    outer loop
      vertex 30.7587 0.758723 7.89432
      vertex 30.2544 0.254358 7.98822
      vertex 30.2854 0.218982 7.98822
    endloop
  endfacet
  facet normal -0.0747957 -0.376027 0.923585
    outer loop
      vertex 29.5424 -1.70768 7.70812
      vertex 29.3704 -2.3497 7.4328
      vertex 29.6825 -2.41178 7.4328
    endloop
  endfacet
  facet normal -0.00855186 -0.130514 0.99141
    outer loop
      vertex 30 -0.359716 7.98822
      vertex 29.8599 -1.06382 7.89432
      vertex 30 -1.073 7.89432
    endloop
  endfacet
  facet normal -0.245587 -0.083337 0.965786
    outer loop
      vertex 28.9636 -0.277712 7.89432
      vertex 28.3667 -0.676552 7.70812
      vertex 29.0087 -0.410618 7.89432
    endloop
  endfacet
  facet normal -0.194961 -0.170998 0.96579
    outer loop
      vertex 29.2413 -0.758723 7.89432
      vertex 28.5974 -1.07624 7.70812
      vertex 28.7499 -1.25011 7.70812
    endloop
  endfacet
  facet normal 0.117299 0.0578668 0.991409
    outer loop
      vertex 30.9292 0.536498 7.89432
      vertex 30.3115 0.179858 7.98822
      vertex 30.9913 0.410618 7.89432
    endloop
  endfacet
  facet normal -0.0578438 -0.117313 0.991409
    outer loop
      vertex 29.8201 -0.311523 7.98822
      vertex 29.4635 -0.929242 7.89432
      vertex 29.5894 -0.99132 7.89432
    endloop
  endfacet
  facet normal -0.34392 -0.169468 0.92358
    outer loop
      vertex 28.3667 -0.676552 7.70812
      vertex 27.8933 -1.21629 7.4328
      vertex 28.4689 -0.883958 7.70812
    endloop
  endfacet
  facet normal -0.288246 -0.252786 0.923588
    outer loop
      vertex 28.7499 -1.25011 7.70812
      vertex 28.0701 -1.48087 7.4328
      vertex 28.2799 -1.7201 7.4328
    endloop
  endfacet
  facet normal -0.245533 -0.0834209 0.965792
    outer loop
      vertex 28.9636 -0.277712 7.89432
      vertex 28.2923 -0.45757 7.70812
      vertex 28.3667 -0.676552 7.70812
    endloop
  endfacet
  facet normal -0.254344 -0.0505747 0.965791
    outer loop
      vertex 28.9362 -0.140054 7.89432
      vertex 28.2472 -0.230759 7.70812
      vertex 28.2923 -0.45757 7.70812
    endloop
  endfacet
  facet normal -0.363024 -0.123253 0.923592
    outer loop
      vertex 28.3667 -0.676552 7.70812
      vertex 27.6503 -0.6296 7.4328
      vertex 27.7526 -0.93091 7.4328
    endloop
  endfacet
  facet normal -0.474231 -0.16101 0.865553
    outer loop
      vertex 27.6503 -0.6296 7.4328
      vertex 27.177 -1.16934 7.07308
      vertex 27.7526 -0.93091 7.4328
    endloop
  endfacet
  facet normal 0.338669 -0.506834 0.792731
    outer loop
      vertex 32.2076 -2.87702 6.63512
      vertex 31.5278 -2.64626 7.07308
      vertex 31.8132 -3.14056 6.63512
    endloop
  endfacet
  facet normal 0.221491 -0.449171 0.865556
    outer loop
      vertex 31.2163 -2.10668 7.4328
      vertex 31.1693 -2.82304 7.07308
      vertex 31.5278 -2.64626 7.07308
    endloop
  endfacet
  facet normal 0.278475 -0.820547 0.499154
    outer loop
      vertex 31.2465 -4.42976 5.5
      vertex 31.1836 -4.41726 5.55564
      vertex 31.1919 -4.44829 5.5
    endloop
  endfacet
  facet normal 0.169042 -0.849823 0.499224
    outer loop
      vertex 31.1354 -4.45953 5.5
      vertex 30.5969 -4.53396 5.55564
      vertex 30.6011 -4.56581 5.5
    endloop
  endfacet
  facet normal 0.169041 -0.849843 0.499192
    outer loop
      vertex 30.5969 -4.53396 5.55564
      vertex 31.1354 -4.45953 5.5
      vertex 31.1836 -4.41726 5.55564
    endloop
  endfacet
  facet normal 0.0565396 -0.864634 0.49921
    outer loop
      vertex 30.5969 -4.53396 5.55564
      vertex 30.5436 -4.56957 5.5
      vertex 30.6011 -4.56581 5.5
    endloop
  endfacet
  facet normal -0.154892 -0.778718 0.607952
    outer loop
      vertex 29.4603 -4.09974 6.1264
      vertex 28.9298 -3.99422 6.1264
      vertex 29.4031 -4.53396 5.55564
    endloop
  endfacet
  facet normal -0.0519376 -0.792276 0.607949
    outer loop
      vertex 29.4603 -4.09974 6.1264
      vertex 29.4031 -4.53396 5.55564
      vertex 30 -4.13512 6.1264
    endloop
  endfacet
  facet normal 0.114697 -0.23258 0.965791
    outer loop
      vertex 30.884 -1.53106 7.70812
      vertex 30.4106 -0.99132 7.89432
      vertex 30.6766 -1.63334 7.70812
    endloop
  endfacet
  facet normal 0.0169642 -0.258779 0.965788
    outer loop
      vertex 30.1401 -1.06382 7.89432
      vertex 30 -1.76792 7.70812
      vertex 30.2308 -1.75279 7.70812
    endloop
  endfacet
  facet normal 0.0398858 -0.608277 0.792722
    outer loop
      vertex 30 -3.05564 7.07308
      vertex 30 -3.6264 6.63512
      vertex 30.3988 -3.02949 7.07308
    endloop
  endfacet
  facet normal 0.118889 -0.597876 0.792723
    outer loop
      vertex 30.7909 -2.95152 7.07308
      vertex 30.3988 -3.02949 7.07308
      vertex 30.9386 -3.50284 6.63512
    endloop
  endfacet
  facet normal 0.2215 -0.44917 0.865554
    outer loop
      vertex 31.2163 -2.10668 7.4328
      vertex 30.9309 -2.24742 7.4328
      vertex 31.1693 -2.82304 7.07308
    endloop
  endfacet
  facet normal 0.160985 -0.474234 0.865555
    outer loop
      vertex 30.9309 -2.24742 7.4328
      vertex 30.6296 -2.3497 7.4328
      vertex 31.1693 -2.82304 7.07308
    endloop
  endfacet
  facet normal 0.0327684 -0.499733 0.865559
    outer loop
      vertex 30 -2.43259 7.4328
      vertex 30 -3.05564 7.07308
      vertex 30.3988 -3.02949 7.07308
    endloop
  endfacet
  facet normal 0.0327546 -0.499741 0.865556
    outer loop
      vertex 30.3175 -2.41178 7.4328
      vertex 30 -2.43259 7.4328
      vertex 30.3988 -3.02949 7.07308
    endloop
  endfacet
  facet normal -0.338669 -0.506834 0.792731
    outer loop
      vertex 28.4722 -2.64626 7.07308
      vertex 27.7924 -2.87702 6.63512
      vertex 28.1868 -3.14056 6.63512
    endloop
  endfacet
  facet normal -0.118889 -0.597876 0.792723
    outer loop
      vertex 29.2091 -2.95152 7.07308
      vertex 29.0614 -3.50284 6.63512
      vertex 29.6012 -3.02949 7.07308
    endloop
  endfacet
  facet normal -0.571259 -0.651485 0.499231
    outer loop
      vertex 26.7869 -3.29436 5.5
      vertex 27.2161 -3.62807 5.55564
      vertex 26.7663 -3.23366 5.55564
    endloop
  endfacet
  facet normal -0.571187 -0.651349 0.49949
    outer loop
      vertex 27.2161 -3.62807 5.55564
      vertex 26.7869 -3.29436 5.5
      vertex 27.1965 -3.65355 5.5
    endloop
  endfacet
  facet normal 0.194931 -0.171056 0.965786
    outer loop
      vertex 30.8513 -0.653198 7.89432
      vertex 30.7587 -0.758723 7.89432
      vertex 31.4026 -1.07624 7.70812
    endloop
  endfacet
  facet normal -0.00855186 0.130514 0.99141
    outer loop
      vertex 30 1.073 7.89432
      vertex 29.8599 1.06382 7.89432
      vertex 30 0.359716 7.98822
    endloop
  endfacet
  facet normal 0.0420079 -0.123871 0.991409
    outer loop
      vertex 30.1377 -0.332335 7.98822
      vertex 30.0931 -0.34746 7.98822
      vertex 30.4106 -0.99132 7.89432
    endloop
  endfacet
  facet normal 0.025079 -0.382567 0.923587
    outer loop
      vertex 30.2308 -1.75279 7.70812
      vertex 30 -1.76792 7.70812
      vertex 30.3175 -2.41178 7.4328
    endloop
  endfacet
  facet normal 0.0747957 -0.376027 0.923585
    outer loop
      vertex 30.4576 -1.70768 7.70812
      vertex 30.3175 -2.41178 7.4328
      vertex 30.6296 -2.3497 7.4328
    endloop
  endfacet
  facet normal 0.401905 -0.458354 0.792707
    outer loop
      vertex 32.5643 -2.56425 6.63512
      vertex 31.8602 -2.4242 7.07308
      vertex 32.2076 -2.87702 6.63512
    endloop
  endfacet
  facet normal 0.401929 -0.458297 0.792727
    outer loop
      vertex 32.1607 -2.16066 7.07308
      vertex 31.8602 -2.4242 7.07308
      vertex 32.5643 -2.56425 6.63512
    endloop
  endfacet
  facet normal 0.41637 -0.278265 0.865566
    outer loop
      vertex 32.6463 -1.52782 7.07308
      vertex 32.1067 -1.21629 7.4328
      vertex 32.4242 -1.86015 7.07308
    endloop
  endfacet
  facet normal 0.31877 -0.21303 0.923582
    outer loop
      vertex 31.5311 -0.883958 7.70812
      vertex 31.4026 -1.07624 7.70812
      vertex 32.1067 -1.21629 7.4328
    endloop
  endfacet
  facet normal 0.252734 -0.288257 0.923598
    outer loop
      vertex 31.2501 -1.25011 7.70812
      vertex 31.0762 -1.40258 7.70812
      vertex 31.4809 -1.9299 7.4328
    endloop
  endfacet
  facet normal 0.212972 -0.318771 0.923595
    outer loop
      vertex 31.4809 -1.9299 7.4328
      vertex 31.0762 -1.40258 7.70812
      vertex 31.2163 -2.10668 7.4328
    endloop
  endfacet
  facet normal 0.215598 -0.144082 0.965794
    outer loop
      vertex 31.5311 -0.883958 7.70812
      vertex 30.9292 -0.536498 7.89432
      vertex 31.4026 -1.07624 7.70812
    endloop
  endfacet
  facet normal 0.0983786 -0.0862092 0.991408
    outer loop
      vertex 30.2854 -0.218982 7.98822
      vertex 30.2544 -0.254358 7.98822
      vertex 30.7587 -0.758723 7.89432
    endloop
  endfacet
  facet normal 0.00854458 -0.130515 0.991409
    outer loop
      vertex 30.047 -0.356639 7.98822
      vertex 30 -0.359716 7.98822
      vertex 30.1401 -1.06382 7.89432
    endloop
  endfacet
  facet normal 0.108786 -0.072617 0.991409
    outer loop
      vertex 30.9292 -0.536498 7.89432
      vertex 30.2854 -0.218982 7.98822
      vertex 30.8513 -0.653198 7.89432
    endloop
  endfacet
  facet normal 0.245587 -0.083337 0.965786
    outer loop
      vertex 31.0364 -0.277712 7.89432
      vertex 30.9913 -0.410618 7.89432
      vertex 31.6333 -0.676552 7.70812
    endloop
  endfacet
  facet normal 0.12829 -0.0255354 0.991408
    outer loop
      vertex 31.0638 -0.140054 7.89432
      vertex 30.3475 -0.0931015 7.98822
      vertex 31.0364 -0.277712 7.89432
    endloop
  endfacet
  facet normal -0.0255414 0.128278 0.991409
    outer loop
      vertex 29.953 0.356639 7.98822
      vertex 29.8599 1.06382 7.89432
      vertex 29.9069 0.34746 7.98822
    endloop
  endfacet
  facet normal -0.0255252 0.128279 0.99141
    outer loop
      vertex 29.8599 1.06382 7.89432
      vertex 29.7223 1.03644 7.89432
      vertex 29.9069 0.34746 7.98822
    endloop
  endfacet
  facet normal 0.130502 0.00861636 0.991411
    outer loop
      vertex 31.0638 0.140054 7.89432
      vertex 30.3566 0.0469522 7.98822
      vertex 30.3597 0 7.98822
    endloop
  endfacet
  facet normal 0.258784 0.0169993 0.965786
    outer loop
      vertex 31.7679 0 7.70812
      vertex 31.0638 0.140054 7.89432
      vertex 31.073 0 7.89432
    endloop
  endfacet
  facet normal -0.571187 0.651349 0.49949
    outer loop
      vertex 26.7869 3.29436 5.5
      vertex 27.2161 3.62807 5.55564
      vertex 27.1965 3.65355 5.5
    endloop
  endfacet
  facet normal -0.571259 0.651485 0.499231
    outer loop
      vertex 27.2161 3.62807 5.55564
      vertex 26.7869 3.29436 5.5
      vertex 26.7663 3.23366 5.55564
    endloop
  endfacet
  facet normal -0.571518 0.651401 0.499043
    outer loop
      vertex 26.7869 3.29436 5.5
      vertex 26.7436 3.25637 5.5
      vertex 26.7663 3.23366 5.55564
    endloop
  endfacet
  facet normal 0.706361 0.0463281 0.706334
    outer loop
      vertex 34.0997 0.539741 6.1264
      vertex 33.6264 0 6.63512
      vertex 34.1351 0 6.1264
    endloop
  endfacet
  facet normal 0.792221 -0.0519594 0.608018
    outer loop
      vertex 34.1351 0 6.1264
      vertex 34.0997 -0.539741 6.1264
      vertex 34.534 -0.596907 5.55564
    endloop
  endfacet
  facet normal 0.778676 -0.154852 0.608016
    outer loop
      vertex 34.0997 -0.539741 6.1264
      vertex 33.9942 -1.07025 6.1264
      vertex 34.534 -0.596907 5.55564
    endloop
  endfacet
  facet normal 0.69426 -0.138064 0.706358
    outer loop
      vertex 34.0997 -0.539741 6.1264
      vertex 33.5028 -0.938581 6.63512
      vertex 33.9942 -1.07025 6.1264
    endloop
  endfacet
  facet normal 0.057854 0.117309 0.991409
    outer loop
      vertex 30.4106 0.99132 7.89432
      vertex 30.1377 0.332335 7.98822
      vertex 30.1799 0.311523 7.98822
    endloop
  endfacet
  facet normal 0.0255414 0.128278 0.991409
    outer loop
      vertex 30.1401 1.06382 7.89432
      vertex 30.047 0.356639 7.98822
      vertex 30.0931 0.34746 7.98822
    endloop
  endfacet
  facet normal 0.215703 0.143987 0.965785
    outer loop
      vertex 31.4026 1.07624 7.70812
      vertex 30.8513 0.653198 7.89432
      vertex 30.9292 0.536498 7.89432
    endloop
  endfacet
  facet normal 0.169575 0.343858 0.923583
    outer loop
      vertex 31.2163 2.10668 7.4328
      vertex 30.6766 1.63334 7.70812
      vertex 30.884 1.53106 7.70812
    endloop
  endfacet
  facet normal 0.16957 0.343863 0.923582
    outer loop
      vertex 30.9309 2.24742 7.4328
      vertex 30.6766 1.63334 7.70812
      vertex 31.2163 2.10668 7.4328
    endloop
  endfacet
  facet normal 0.0420079 0.123871 0.991409
    outer loop
      vertex 30.4106 0.99132 7.89432
      vertex 30.0931 0.34746 7.98822
      vertex 30.1377 0.332335 7.98822
    endloop
  endfacet
  facet normal 0.0726982 0.108737 0.991409
    outer loop
      vertex 30.5365 0.929242 7.89432
      vertex 30.1799 0.311523 7.98822
      vertex 30.219 0.285382 7.98822
    endloop
  endfacet
  facet normal -0.0862129 -0.0983734 0.991408
    outer loop
      vertex 29.7456 -0.254358 7.98822
      vertex 29.2413 -0.758723 7.89432
      vertex 29.781 -0.285382 7.98822
    endloop
  endfacet
  facet normal -0.0862519 -0.0983291 0.991409
    outer loop
      vertex 29.781 -0.285382 7.98822
      vertex 29.2413 -0.758723 7.89432
      vertex 29.3468 -0.851265 7.89432
    endloop
  endfacet
  facet normal 0.0169563 0.258778 0.965788
    outer loop
      vertex 30 1.76792 7.70812
      vertex 30 1.073 7.89432
      vertex 30.1401 1.06382 7.89432
    endloop
  endfacet
  facet normal 0.0505901 0.254352 0.965788
    outer loop
      vertex 30.2308 1.75279 7.70812
      vertex 30.1401 1.06382 7.89432
      vertex 30.4576 1.70768 7.70812
    endloop
  endfacet
  facet normal -0.042048 0.123852 0.991409
    outer loop
      vertex 29.7223 1.03644 7.89432
      vertex 29.5894 0.99132 7.89432
      vertex 29.9069 0.34746 7.98822
    endloop
  endfacet
  facet normal 0.0862519 -0.0983291 0.991409
    outer loop
      vertex 30.7587 -0.758723 7.89432
      vertex 30.219 -0.285382 7.98822
      vertex 30.6532 -0.851265 7.89432
    endloop
  endfacet
  facet normal -0.057854 0.117309 0.991409
    outer loop
      vertex 29.8623 0.332335 7.98822
      vertex 29.5894 0.99132 7.89432
      vertex 29.8201 0.311523 7.98822
    endloop
  endfacet
  facet normal -0.114684 0.232591 0.965789
    outer loop
      vertex 29.5894 0.99132 7.89432
      vertex 29.116 1.53106 7.70812
      vertex 29.4635 0.929242 7.89432
    endloop
  endfacet
  facet normal -0.0983786 0.0862092 0.991408
    outer loop
      vertex 29.7456 0.254358 7.98822
      vertex 29.2413 0.758723 7.89432
      vertex 29.7146 0.218982 7.98822
    endloop
  endfacet
  facet normal 0.108786 0.072617 0.991409
    outer loop
      vertex 30.8513 0.653198 7.89432
      vertex 30.2854 0.218982 7.98822
      vertex 30.9292 0.536498 7.89432
    endloop
  endfacet
  facet normal 0.597869 0.118959 0.792718
    outer loop
      vertex 33.5028 0.938581 6.63512
      vertex 32.9515 0.790856 7.07308
      vertex 33.0295 0.39884 7.07308
    endloop
  endfacet
  facet normal 0.57723 0.195977 0.792716
    outer loop
      vertex 33.5028 0.938581 6.63512
      vertex 32.823 1.16934 7.07308
      vertex 32.9515 0.790856 7.07308
    endloop
  endfacet
  facet normal -0.0862519 0.0983291 0.991409
    outer loop
      vertex 29.3468 0.851265 7.89432
      vertex 29.2413 0.758723 7.89432
      vertex 29.781 0.285382 7.98822
    endloop
  endfacet
  facet normal -0.144119 0.215595 0.965789
    outer loop
      vertex 29.116 1.53106 7.70812
      vertex 28.9238 1.40258 7.70812
      vertex 29.4635 0.929242 7.89432
    endloop
  endfacet
  facet normal -0.252734 0.288257 0.923598
    outer loop
      vertex 28.9238 1.40258 7.70812
      vertex 28.5191 1.9299 7.4328
      vertex 28.7499 1.25011 7.70812
    endloop
  endfacet
  facet normal -0.212972 0.318771 0.923595
    outer loop
      vertex 28.7837 2.10668 7.4328
      vertex 28.5191 1.9299 7.4328
      vertex 28.9238 1.40258 7.70812
    endloop
  endfacet
  facet normal -0.0833683 0.24556 0.96579
    outer loop
      vertex 29.7223 1.03644 7.89432
      vertex 29.3234 1.63334 7.70812
      vertex 29.5894 0.99132 7.89432
    endloop
  endfacet
  facet normal -0.0977006 0.491178 0.865562
    outer loop
      vertex 29.6825 2.41178 7.4328
      vertex 29.2091 2.95152 7.07308
      vertex 29.3704 2.3497 7.4328
    endloop
  endfacet
  facet normal -0.0747957 0.376027 0.923585
    outer loop
      vertex 29.6825 2.41178 7.4328
      vertex 29.3704 2.3497 7.4328
      vertex 29.5424 1.70768 7.70812
    endloop
  endfacet
  facet normal -0.0747907 0.376026 0.923586
    outer loop
      vertex 29.6825 2.41178 7.4328
      vertex 29.5424 1.70768 7.70812
      vertex 29.7692 1.75279 7.70812
    endloop
  endfacet
  facet normal -0.16957 0.343863 0.923582
    outer loop
      vertex 29.0691 2.24742 7.4328
      vertex 28.7837 2.10668 7.4328
      vertex 29.3234 1.63334 7.70812
    endloop
  endfacet
  facet normal -0.195986 0.57722 0.792721
    outer loop
      vertex 29.0614 3.50284 6.63512
      vertex 28.8307 2.82304 7.07308
      vertex 29.2091 2.95152 7.07308
    endloop
  endfacet
  facet normal -0.393294 0.588547 0.706351
    outer loop
      vertex 27.9324 3.58112 6.1264
      vertex 27.4827 3.28061 6.1264
      vertex 27.7924 2.87702 6.63512
    endloop
  endfacet
  facet normal -0.401929 0.458297 0.792727
    outer loop
      vertex 28.1398 2.4242 7.07308
      vertex 27.4357 2.56425 6.63512
      vertex 27.8393 2.16066 7.07308
    endloop
  endfacet
  facet normal -0.278209 0.416417 0.865561
    outer loop
      vertex 28.7837 2.10668 7.4328
      vertex 28.1398 2.4242 7.07308
      vertex 28.5191 1.9299 7.4328
    endloop
  endfacet
  facet normal -0.278199 0.416434 0.865557
    outer loop
      vertex 28.4722 2.64626 7.07308
      vertex 28.1398 2.4242 7.07308
      vertex 28.7837 2.10668 7.4328
    endloop
  endfacet
  facet normal -0.588557 0.393356 0.706309
    outer loop
      vertex 27.123 2.20761 6.63512
      vertex 26.4189 2.06756 6.1264
      vertex 26.8594 1.8132 6.63512
    endloop
  endfacet
  facet normal -0.588569 0.39326 0.706352
    outer loop
      vertex 26.7194 2.5173 6.1264
      vertex 26.4189 2.06756 6.1264
      vertex 27.123 2.20761 6.63512
    endloop
  endfacet
  facet normal -0.401905 0.458354 0.792707
    outer loop
      vertex 27.7924 2.87702 6.63512
      vertex 27.4357 2.56425 6.63512
      vertex 28.1398 2.4242 7.07308
    endloop
  endfacet
  facet normal -0.338633 0.506897 0.792707
    outer loop
      vertex 28.4722 2.64626 7.07308
      vertex 27.7924 2.87702 6.63512
      vertex 28.1398 2.4242 7.07308
    endloop
  endfacet
  facet normal -0.227539 0.67032 0.706327
    outer loop
      vertex 29.0614 3.50284 6.63512
      vertex 28.4176 3.82035 6.1264
      vertex 28.6122 3.35036 6.63512
    endloop
  endfacet
  facet normal -0.227543 0.670315 0.70633
    outer loop
      vertex 28.9298 3.99422 6.1264
      vertex 28.4176 3.82035 6.1264
      vertex 29.0614 3.50284 6.63512
    endloop
  endfacet
  facet normal -0.0519376 0.792276 0.607949
    outer loop
      vertex 30 4.13512 6.1264
      vertex 29.4031 4.53396 5.55564
      vertex 29.4603 4.09974 6.1264
    endloop
  endfacet
  facet normal -0.154892 0.778718 0.607952
    outer loop
      vertex 29.4031 4.53396 5.55564
      vertex 28.9298 3.99422 6.1264
      vertex 29.4603 4.09974 6.1264
    endloop
  endfacet
  facet normal -0.278538 0.82049 0.499212
    outer loop
      vertex 28.7535 4.42976 5.5
      vertex 28.25 4.22498 5.55564
      vertex 28.8164 4.41726 5.55564
    endloop
  endfacet
  facet normal -0.278564 0.820532 0.499129
    outer loop
      vertex 28.25 4.22498 5.55564
      vertex 28.7535 4.42976 5.5
      vertex 28.2377 4.25465 5.5
    endloop
  endfacet
  facet normal -0.255229 0.75183 0.607956
    outer loop
      vertex 28.8164 4.41726 5.55564
      vertex 28.25 4.22498 5.55564
      vertex 28.9298 3.99422 6.1264
    endloop
  endfacet
  facet normal -0.0398659 0.608269 0.792729
    outer loop
      vertex 30 3.6264 6.63512
      vertex 29.5267 3.59538 6.63512
      vertex 29.6012 3.02949 7.07308
    endloop
  endfacet
  facet normal -0.0462943 0.706354 0.706343
    outer loop
      vertex 30 3.6264 6.63512
      vertex 29.4603 4.09974 6.1264
      vertex 29.5267 3.59538 6.63512
    endloop
  endfacet
  facet normal 0.138096 0.694276 0.706335
    outer loop
      vertex 31.0702 3.99422 6.1264
      vertex 30.5397 4.09974 6.1264
      vertex 30.9386 3.50284 6.63512
    endloop
  endfacet
  facet normal 0.138078 0.694271 0.706344
    outer loop
      vertex 30.5397 4.09974 6.1264
      vertex 30.4733 3.59538 6.63512
      vertex 30.9386 3.50284 6.63512
    endloop
  endfacet
  facet normal -0.382566 0.0250337 0.923589
    outer loop
      vertex 28.2472 0.230759 7.70812
      vertex 27.5882 0.317516 7.4328
      vertex 28.2321 0 7.70812
    endloop
  endfacet
  facet normal -0.382554 0.0250605 0.923593
    outer loop
      vertex 27.5882 0.317516 7.4328
      vertex 27.5674 0 7.4328
      vertex 28.2321 0 7.70812
    endloop
  endfacet
  facet normal -0.117315 0.0578219 0.99141
    outer loop
      vertex 29.6885 0.179858 7.98822
      vertex 29.0087 0.410618 7.89432
      vertex 29.6677 0.137657 7.98822
    endloop
  endfacet
  facet normal -0.117299 0.0578668 0.991409
    outer loop
      vertex 29.0708 0.536498 7.89432
      vertex 29.0087 0.410618 7.89432
      vertex 29.6885 0.179858 7.98822
    endloop
  endfacet
  facet normal -0.318774 0.213014 0.923584
    outer loop
      vertex 28.0701 1.48087 7.4328
      vertex 27.8933 1.21629 7.4328
      vertex 28.5974 1.07624 7.70812
    endloop
  endfacet
  facet normal -0.288236 0.252809 0.923584
    outer loop
      vertex 28.7499 1.25011 7.70812
      vertex 28.0701 1.48087 7.4328
      vertex 28.5974 1.07624 7.70812
    endloop
  endfacet
  facet normal -0.634864 0.313074 0.706352
    outer loop
      vertex 26.8594 1.8132 6.63512
      vertex 26.1796 1.58244 6.1264
      vertex 26.6496 1.38776 6.63512
    endloop
  endfacet
  facet normal -0.670333 0.227434 0.706348
    outer loop
      vertex 26.6496 1.38776 6.63512
      vertex 26.1796 1.58244 6.1264
      vertex 26.4972 0.938581 6.63512
    endloop
  endfacet
  facet normal -0.792257 -0.0518963 0.607976
    outer loop
      vertex 25.8649 0 6.1264
      vertex 25.4269 0 5.55564
      vertex 25.466 -0.596907 5.55564
    endloop
  endfacet
  facet normal -0.792257 0.0518963 0.607976
    outer loop
      vertex 25.466 0.596907 5.55564
      vertex 25.4269 0 5.55564
      vertex 25.8649 0 6.1264
    endloop
  endfacet
  facet normal -0.123775 -0.0422255 0.991412
    outer loop
      vertex 29.6525 -0.0931015 7.98822
      vertex 29.0087 -0.410618 7.89432
      vertex 29.6677 -0.137657 7.98822
    endloop
  endfacet
  facet normal -0.213072 -0.318746 0.923581
    outer loop
      vertex 28.9238 -1.40258 7.70812
      vertex 28.7837 -2.10668 7.4328
      vertex 29.116 -1.53106 7.70812
    endloop
  endfacet
  facet normal -0.252803 -0.288229 0.923588
    outer loop
      vertex 28.7499 -1.25011 7.70812
      vertex 28.2799 -1.7201 7.4328
      vertex 28.5191 -1.9299 7.4328
    endloop
  endfacet
  facet normal -0.0169563 -0.258778 0.965788
    outer loop
      vertex 30 -1.073 7.89432
      vertex 29.8599 -1.06382 7.89432
      vertex 30 -1.76792 7.70812
    endloop
  endfacet
  facet normal 0.0169563 -0.258778 0.965788
    outer loop
      vertex 30 -1.073 7.89432
      vertex 30 -1.76792 7.70812
      vertex 30.1401 -1.06382 7.89432
    endloop
  endfacet
  facet normal -0.0833683 -0.24556 0.96579
    outer loop
      vertex 29.5894 -0.99132 7.89432
      vertex 29.3234 -1.63334 7.70812
      vertex 29.7223 -1.03644 7.89432
    endloop
  endfacet
  facet normal -0.0833579 -0.245566 0.965789
    outer loop
      vertex 29.7223 -1.03644 7.89432
      vertex 29.3234 -1.63334 7.70812
      vertex 29.5424 -1.70768 7.70812
    endloop
  endfacet
  facet normal -0.17102 -0.194966 0.965785
    outer loop
      vertex 29.2413 -0.758723 7.89432
      vertex 28.9238 -1.40258 7.70812
      vertex 29.3468 -0.851265 7.89432
    endloop
  endfacet
  facet normal -0.144119 -0.215595 0.965789
    outer loop
      vertex 29.4635 -0.929242 7.89432
      vertex 28.9238 -1.40258 7.70812
      vertex 29.116 -1.53106 7.70812
    endloop
  endfacet
  facet normal 0.128306 -0.0253002 0.991412
    outer loop
      vertex 30.3566 -0.0469522 7.98822
      vertex 30.3475 -0.0931015 7.98822
      vertex 31.0638 -0.140054 7.89432
    endloop
  endfacet
  facet normal 0.130502 -0.00861636 0.991411
    outer loop
      vertex 30.3597 0 7.98822
      vertex 30.3566 -0.0469522 7.98822
      vertex 31.0638 -0.140054 7.89432
    endloop
  endfacet
  facet normal -0.0506098 -0.254343 0.965789
    outer loop
      vertex 29.7223 -1.03644 7.89432
      vertex 29.5424 -1.70768 7.70812
      vertex 29.8599 -1.06382 7.89432
    endloop
  endfacet
  facet normal -0.170965 -0.194994 0.965789
    outer loop
      vertex 29.2413 -0.758723 7.89432
      vertex 28.7499 -1.25011 7.70812
      vertex 28.9238 -1.40258 7.70812
    endloop
  endfacet
  facet normal -0.169575 -0.343858 0.923583
    outer loop
      vertex 29.116 -1.53106 7.70812
      vertex 28.7837 -2.10668 7.4328
      vertex 29.3234 -1.63334 7.70812
    endloop
  endfacet
  facet normal -0.31877 -0.21303 0.923582
    outer loop
      vertex 28.4689 -0.883958 7.70812
      vertex 27.8933 -1.21629 7.4328
      vertex 28.5974 -1.07624 7.70812
    endloop
  endfacet
  facet normal -0.318774 -0.213014 0.923584
    outer loop
      vertex 28.5974 -1.07624 7.70812
      vertex 27.8933 -1.21629 7.4328
      vertex 28.0701 -1.48087 7.4328
    endloop
  endfacet
  facet normal -0.12829 -0.0255354 0.991408
    outer loop
      vertex 29.6525 -0.0931015 7.98822
      vertex 28.9362 -0.140054 7.89432
      vertex 28.9636 -0.277712 7.89432
    endloop
  endfacet
  facet normal -0.363025 -0.123339 0.92358
    outer loop
      vertex 28.2923 -0.45757 7.70812
      vertex 27.6503 -0.6296 7.4328
      vertex 28.3667 -0.676552 7.70812
    endloop
  endfacet
  facet normal -0.376026 -0.0748236 0.923583
    outer loop
      vertex 28.2923 -0.45757 7.70812
      vertex 27.5882 -0.317516 7.4328
      vertex 27.6503 -0.6296 7.4328
    endloop
  endfacet
  facet normal 0.269584 -0.546701 0.792744
    outer loop
      vertex 31.5278 -2.64626 7.07308
      vertex 31.1693 -2.82304 7.07308
      vertex 31.3878 -3.35036 6.63512
    endloop
  endfacet
  facet normal 0.195934 -0.577214 0.792739
    outer loop
      vertex 31.1693 -2.82304 7.07308
      vertex 30.9386 -3.50284 6.63512
      vertex 31.3878 -3.35036 6.63512
    endloop
  endfacet
  facet normal -0.0250748 -0.382569 0.923587
    outer loop
      vertex 30 -1.76792 7.70812
      vertex 29.6825 -2.41178 7.4328
      vertex 30 -2.43259 7.4328
    endloop
  endfacet
  facet normal -0.0327546 -0.499741 0.865556
    outer loop
      vertex 29.6825 -2.41178 7.4328
      vertex 29.6012 -3.02949 7.07308
      vertex 30 -2.43259 7.4328
    endloop
  endfacet
  facet normal 0.195986 -0.57722 0.792721
    outer loop
      vertex 31.1693 -2.82304 7.07308
      vertex 30.7909 -2.95152 7.07308
      vertex 30.9386 -3.50284 6.63512
    endloop
  endfacet
  facet normal 0.161011 -0.47421 0.865563
    outer loop
      vertex 31.1693 -2.82304 7.07308
      vertex 30.6296 -2.3497 7.4328
      vertex 30.7909 -2.95152 7.07308
    endloop
  endfacet
  facet normal -0.269584 -0.546701 0.792744
    outer loop
      vertex 28.8307 -2.82304 7.07308
      vertex 28.4722 -2.64626 7.07308
      vertex 28.6122 -3.35036 6.63512
    endloop
  endfacet
  facet normal -0.195934 -0.577214 0.792739
    outer loop
      vertex 28.8307 -2.82304 7.07308
      vertex 28.6122 -3.35036 6.63512
      vertex 29.0614 -3.50284 6.63512
    endloop
  endfacet
  facet normal 0.0255414 -0.128278 0.991409
    outer loop
      vertex 30.0931 -0.34746 7.98822
      vertex 30.047 -0.356639 7.98822
      vertex 30.1401 -1.06382 7.89432
    endloop
  endfacet
  facet normal 0.330219 -0.376493 0.865568
    outer loop
      vertex 31.7201 -1.7201 7.4328
      vertex 31.4809 -1.9299 7.4328
      vertex 32.1607 -2.16066 7.07308
    endloop
  endfacet
  facet normal 0.252803 -0.288229 0.923588
    outer loop
      vertex 31.7201 -1.7201 7.4328
      vertex 31.2501 -1.25011 7.70812
      vertex 31.4809 -1.9299 7.4328
    endloop
  endfacet
  facet normal 0.17102 -0.194966 0.965785
    outer loop
      vertex 30.7587 -0.758723 7.89432
      vertex 30.6532 -0.851265 7.89432
      vertex 31.0762 -1.40258 7.70812
    endloop
  endfacet
  facet normal 0.170965 -0.194994 0.965789
    outer loop
      vertex 31.2501 -1.25011 7.70812
      vertex 30.7587 -0.758723 7.89432
      vertex 31.0762 -1.40258 7.70812
    endloop
  endfacet
  facet normal -0.117299 -0.0578668 0.991409
    outer loop
      vertex 29.6885 -0.179858 7.98822
      vertex 29.0087 -0.410618 7.89432
      vertex 29.0708 -0.536498 7.89432
    endloop
  endfacet
  facet normal 0.042048 -0.123852 0.991409
    outer loop
      vertex 30.4106 -0.99132 7.89432
      vertex 30.0931 -0.34746 7.98822
      vertex 30.2777 -1.03644 7.89432
    endloop
  endfacet
  facet normal 0.0506098 -0.254343 0.965789
    outer loop
      vertex 30.2777 -1.03644 7.89432
      vertex 30.1401 -1.06382 7.89432
      vertex 30.4576 -1.70768 7.70812
    endloop
  endfacet
  facet normal 0.123238 -0.363049 0.923584
    outer loop
      vertex 30.6766 -1.63334 7.70812
      vertex 30.4576 -1.70768 7.70812
      vertex 30.6296 -2.3497 7.4328
    endloop
  endfacet
  facet normal 0.0747907 -0.376026 0.923586
    outer loop
      vertex 30.4576 -1.70768 7.70812
      vertex 30.2308 -1.75279 7.70812
      vertex 30.3175 -2.41178 7.4328
    endloop
  endfacet
  facet normal 0.0505901 -0.254352 0.965788
    outer loop
      vertex 30.4576 -1.70768 7.70812
      vertex 30.1401 -1.06382 7.89432
      vertex 30.2308 -1.75279 7.70812
    endloop
  endfacet
  facet normal 0.288246 -0.252786 0.923588
    outer loop
      vertex 31.9299 -1.48087 7.4328
      vertex 31.2501 -1.25011 7.70812
      vertex 31.7201 -1.7201 7.4328
    endloop
  endfacet
  facet normal 0.376513 -0.330195 0.865569
    outer loop
      vertex 31.9299 -1.48087 7.4328
      vertex 31.7201 -1.7201 7.4328
      vertex 32.1607 -2.16066 7.07308
    endloop
  endfacet
  facet normal 0.232547 -0.114722 0.965795
    outer loop
      vertex 30.9913 -0.410618 7.89432
      vertex 30.9292 -0.536498 7.89432
      vertex 31.5311 -0.883958 7.70812
    endloop
  endfacet
  facet normal 0.0726668 -0.108753 0.991409
    outer loop
      vertex 30.6532 -0.851265 7.89432
      vertex 30.219 -0.285382 7.98822
      vertex 30.5365 -0.929242 7.89432
    endloop
  endfacet
  facet normal 0.0862129 -0.0983734 0.991408
    outer loop
      vertex 30.2544 -0.254358 7.98822
      vertex 30.219 -0.285382 7.98822
      vertex 30.7587 -0.758723 7.89432
    endloop
  endfacet
  facet normal 0.130511 0.00857312 0.99141
    outer loop
      vertex 31.0638 0.140054 7.89432
      vertex 30.3597 0 7.98822
      vertex 31.073 0 7.89432
    endloop
  endfacet
  facet normal 0.130511 -0.00857312 0.99141
    outer loop
      vertex 31.073 0 7.89432
      vertex 30.3597 0 7.98822
      vertex 31.0638 -0.140054 7.89432
    endloop
  endfacet
  facet normal 0.706361 -0.0463281 0.706334
    outer loop
      vertex 34.1351 0 6.1264
      vertex 33.6264 0 6.63512
      vertex 34.0997 -0.539741 6.1264
    endloop
  endfacet
  facet normal 0.706399 -0.0462635 0.7063
    outer loop
      vertex 33.6264 0 6.63512
      vertex 33.5954 -0.47334 6.63512
      vertex 34.0997 -0.539741 6.1264
    endloop
  endfacet
  facet normal 0.0578438 0.117313 0.991409
    outer loop
      vertex 30.4106 0.99132 7.89432
      vertex 30.1799 0.311523 7.98822
      vertex 30.5365 0.929242 7.89432
    endloop
  endfacet
  facet normal 0.114684 0.232591 0.965789
    outer loop
      vertex 30.884 1.53106 7.70812
      vertex 30.4106 0.99132 7.89432
      vertex 30.5365 0.929242 7.89432
    endloop
  endfacet
  facet normal -0.0169642 0.258779 0.965788
    outer loop
      vertex 30 1.76792 7.70812
      vertex 29.7692 1.75279 7.70812
      vertex 29.8599 1.06382 7.89432
    endloop
  endfacet
  facet normal -0.0169563 0.258778 0.965788
    outer loop
      vertex 30 1.76792 7.70812
      vertex 29.8599 1.06382 7.89432
      vertex 30 1.073 7.89432
    endloop
  endfacet
  facet normal 0.491186 0.0977387 0.865554
    outer loop
      vertex 32.9515 0.790856 7.07308
      vertex 32.3497 0.6296 7.4328
      vertex 32.4118 0.317516 7.4328
    endloop
  endfacet
  facet normal 0.474232 0.161008 0.865552
    outer loop
      vertex 32.823 1.16934 7.07308
      vertex 32.3497 0.6296 7.4328
      vertex 32.9515 0.790856 7.07308
    endloop
  endfacet
  facet normal -0.144083 0.215634 0.965786
    outer loop
      vertex 29.4635 0.929242 7.89432
      vertex 28.9238 1.40258 7.70812
      vertex 29.3468 0.851265 7.89432
    endloop
  endfacet
  facet normal -0.17102 0.194966 0.965785
    outer loop
      vertex 29.3468 0.851265 7.89432
      vertex 28.9238 1.40258 7.70812
      vertex 29.2413 0.758723 7.89432
    endloop
  endfacet
  facet normal -0.330219 0.376493 0.865568
    outer loop
      vertex 28.5191 1.9299 7.4328
      vertex 27.8393 2.16066 7.07308
      vertex 28.2799 1.7201 7.4328
    endloop
  endfacet
  facet normal -0.252803 0.288229 0.923588
    outer loop
      vertex 28.5191 1.9299 7.4328
      vertex 28.2799 1.7201 7.4328
      vertex 28.7499 1.25011 7.70812
    endloop
  endfacet
  facet normal 0.0398858 0.608277 0.792722
    outer loop
      vertex 30 3.6264 6.63512
      vertex 30 3.05564 7.07308
      vertex 30.3988 3.02949 7.07308
    endloop
  endfacet
  facet normal -0.0398858 0.608277 0.792722
    outer loop
      vertex 30 3.6264 6.63512
      vertex 29.6012 3.02949 7.07308
      vertex 30 3.05564 7.07308
    endloop
  endfacet
  facet normal -0.0506098 0.254343 0.965789
    outer loop
      vertex 29.8599 1.06382 7.89432
      vertex 29.5424 1.70768 7.70812
      vertex 29.7223 1.03644 7.89432
    endloop
  endfacet
  facet normal -0.0505901 0.254352 0.965788
    outer loop
      vertex 29.7692 1.75279 7.70812
      vertex 29.5424 1.70768 7.70812
      vertex 29.8599 1.06382 7.89432
    endloop
  endfacet
  facet normal -0.123238 0.363049 0.923584
    outer loop
      vertex 29.3704 2.3497 7.4328
      vertex 29.3234 1.63334 7.70812
      vertex 29.5424 1.70768 7.70812
    endloop
  endfacet
  facet normal -0.0976754 0.491196 0.865555
    outer loop
      vertex 29.6012 3.02949 7.07308
      vertex 29.2091 2.95152 7.07308
      vertex 29.6825 2.41178 7.4328
    endloop
  endfacet
  facet normal -0.161011 0.47421 0.865563
    outer loop
      vertex 29.2091 2.95152 7.07308
      vertex 28.8307 2.82304 7.07308
      vertex 29.3704 2.3497 7.4328
    endloop
  endfacet
  facet normal -0.123241 0.363049 0.923584
    outer loop
      vertex 29.3704 2.3497 7.4328
      vertex 29.0691 2.24742 7.4328
      vertex 29.3234 1.63334 7.70812
    endloop
  endfacet
  facet normal -0.393272 0.58855 0.706361
    outer loop
      vertex 27.9324 3.58112 6.1264
      vertex 27.7924 2.87702 6.63512
      vertex 28.1868 3.14056 6.63512
    endloop
  endfacet
  facet normal -0.338669 0.506834 0.792731
    outer loop
      vertex 28.1868 3.14056 6.63512
      vertex 27.7924 2.87702 6.63512
      vertex 28.4722 2.64626 7.07308
    endloop
  endfacet
  facet normal -0.138078 0.694271 0.706344
    outer loop
      vertex 29.4603 4.09974 6.1264
      vertex 29.0614 3.50284 6.63512
      vertex 29.5267 3.59538 6.63512
    endloop
  endfacet
  facet normal -0.118905 0.597864 0.792729
    outer loop
      vertex 29.5267 3.59538 6.63512
      vertex 29.0614 3.50284 6.63512
      vertex 29.6012 3.02949 7.07308
    endloop
  endfacet
  facet normal -0.258772 0.0169331 0.96579
    outer loop
      vertex 28.2472 0.230759 7.70812
      vertex 28.2321 0 7.70812
      vertex 28.9362 0.140054 7.89432
    endloop
  endfacet
  facet normal -0.254344 0.0505747 0.965791
    outer loop
      vertex 28.2923 0.45757 7.70812
      vertex 28.2472 0.230759 7.70812
      vertex 28.9362 0.140054 7.89432
    endloop
  endfacet
  facet normal -0.792221 -0.0519594 0.608018
    outer loop
      vertex 25.8649 0 6.1264
      vertex 25.466 -0.596907 5.55564
      vertex 25.9003 -0.539741 6.1264
    endloop
  endfacet
  facet normal -0.706361 0.0463281 0.706334
    outer loop
      vertex 25.9003 0.539741 6.1264
      vertex 25.8649 0 6.1264
      vertex 26.3736 0 6.63512
    endloop
  endfacet
  facet normal -0.025079 -0.382567 0.923587
    outer loop
      vertex 29.7692 -1.75279 7.70812
      vertex 29.6825 -2.41178 7.4328
      vertex 30 -1.76792 7.70812
    endloop
  endfacet
  facet normal -0.0169642 -0.258779 0.965788
    outer loop
      vertex 29.8599 -1.06382 7.89432
      vertex 29.7692 -1.75279 7.70812
      vertex 30 -1.76792 7.70812
    endloop
  endfacet
  facet normal -0.00854458 -0.130515 0.991409
    outer loop
      vertex 29.953 -0.356639 7.98822
      vertex 29.8599 -1.06382 7.89432
      vertex 30 -0.359716 7.98822
    endloop
  endfacet
  facet normal 0 0 1
    outer loop
      vertex 30.3566 0.0469522 7.98822
      vertex 30.3566 -0.0469522 7.98822
      vertex 30.3597 0 7.98822
    endloop
  endfacet
  facet normal 0 0 1
    outer loop
      vertex 30.3475 0.0931015 7.98822
      vertex 30.3566 -0.0469522 7.98822
      vertex 30.3566 0.0469522 7.98822
    endloop
  endfacet
  facet normal 0 0 1
    outer loop
      vertex 30.3475 0.0931015 7.98822
      vertex 30.3475 -0.0931015 7.98822
      vertex 30.3566 -0.0469522 7.98822
    endloop
  endfacet
  facet normal 0 0 1
    outer loop
      vertex 30.3323 0.137657 7.98822
      vertex 30.3475 -0.0931015 7.98822
      vertex 30.3475 0.0931015 7.98822
    endloop
  endfacet
  facet normal 0 0 1
    outer loop
      vertex 30.3323 0.137657 7.98822
      vertex 30.3323 -0.137657 7.98822
      vertex 30.3475 -0.0931015 7.98822
    endloop
  endfacet
  facet normal 0 0 1
    outer loop
      vertex 30.3115 0.179858 7.98822
      vertex 30.3323 -0.137657 7.98822
      vertex 30.3323 0.137657 7.98822
    endloop
  endfacet
  facet normal 0 0 1
    outer loop
      vertex 30.3115 0.179858 7.98822
      vertex 30.3115 -0.179858 7.98822
      vertex 30.3323 -0.137657 7.98822
    endloop
  endfacet
  facet normal 0 0 1
    outer loop
      vertex 30.2854 0.218982 7.98822
      vertex 30.3115 -0.179858 7.98822
      vertex 30.3115 0.179858 7.98822
    endloop
  endfacet
  facet normal 0 0 1
    outer loop
      vertex 30.2854 0.218982 7.98822
      vertex 30.2854 -0.218982 7.98822
      vertex 30.3115 -0.179858 7.98822
    endloop
  endfacet
  facet normal 0 0 1
    outer loop
      vertex 30.2544 0.254358 7.98822
      vertex 30.2854 -0.218982 7.98822
      vertex 30.2854 0.218982 7.98822
    endloop
  endfacet
  facet normal 0 0 1
    outer loop
      vertex 30.2544 0.254358 7.98822
      vertex 30.2544 -0.254358 7.98822
      vertex 30.2854 -0.218982 7.98822
    endloop
  endfacet
  facet normal 0 0 1
    outer loop
      vertex 30.219 0.285382 7.98822
      vertex 30.2544 -0.254358 7.98822
      vertex 30.2544 0.254358 7.98822
    endloop
  endfacet
  facet normal 0 0 1
    outer loop
      vertex 30.219 0.285382 7.98822
      vertex 30.219 -0.285382 7.98822
      vertex 30.2544 -0.254358 7.98822
    endloop
  endfacet
  facet normal 0 0 1
    outer loop
      vertex 30.1799 0.311523 7.98822
      vertex 30.219 -0.285382 7.98822
      vertex 30.219 0.285382 7.98822
    endloop
  endfacet
  facet normal 0 0 1
    outer loop
      vertex 30.1799 0.311523 7.98822
      vertex 30.1799 -0.311523 7.98822
      vertex 30.219 -0.285382 7.98822
    endloop
  endfacet
  facet normal 0 0 1
    outer loop
      vertex 30.1377 0.332335 7.98822
      vertex 30.1799 -0.311523 7.98822
      vertex 30.1799 0.311523 7.98822
    endloop
  endfacet
  facet normal 0 0 1
    outer loop
      vertex 30.1377 0.332335 7.98822
      vertex 30.1377 -0.332335 7.98822
      vertex 30.1799 -0.311523 7.98822
    endloop
  endfacet
  facet normal 0 0 1
    outer loop
      vertex 30.0931 0.34746 7.98822
      vertex 30.1377 -0.332335 7.98822
      vertex 30.1377 0.332335 7.98822
    endloop
  endfacet
  facet normal 0 0 1
    outer loop
      vertex 30.0931 0.34746 7.98822
      vertex 30.0931 -0.34746 7.98822
      vertex 30.1377 -0.332335 7.98822
    endloop
  endfacet
  facet normal 0 0 1
    outer loop
      vertex 30.047 0.356639 7.98822
      vertex 30.0931 -0.34746 7.98822
      vertex 30.0931 0.34746 7.98822
    endloop
  endfacet
  facet normal 0 0 1
    outer loop
      vertex 30.047 0.356639 7.98822
      vertex 30.047 -0.356639 7.98822
      vertex 30.0931 -0.34746 7.98822
    endloop
  endfacet
  facet normal 0 0 1
    outer loop
      vertex 30 0.359716 7.98822
      vertex 30.047 -0.356639 7.98822
      vertex 30.047 0.356639 7.98822
    endloop
  endfacet
  facet normal 0 0 1
    outer loop
      vertex 30 0.359716 7.98822
      vertex 30 -0.359716 7.98822
      vertex 30.047 -0.356639 7.98822
    endloop
  endfacet
  facet normal -0 0 1
    outer loop
      vertex 29.953 0.356639 7.98822
      vertex 30 -0.359716 7.98822
      vertex 30 0.359716 7.98822
    endloop
  endfacet
  facet normal 0 0 1
    outer loop
      vertex 29.953 0.356639 7.98822
      vertex 29.953 -0.356639 7.98822
      vertex 30 -0.359716 7.98822
    endloop
  endfacet
  facet normal -0 0 1
    outer loop
      vertex 29.9069 0.34746 7.98822
      vertex 29.953 -0.356639 7.98822
      vertex 29.953 0.356639 7.98822
    endloop
  endfacet
  facet normal 0 0 1
    outer loop
      vertex 29.9069 0.34746 7.98822
      vertex 29.9069 -0.34746 7.98822
      vertex 29.953 -0.356639 7.98822
    endloop
  endfacet
  facet normal -0 0 1
    outer loop
      vertex 29.8623 0.332335 7.98822
      vertex 29.9069 -0.34746 7.98822
      vertex 29.9069 0.34746 7.98822
    endloop
  endfacet
  facet normal 0 0 1
    outer loop
      vertex 29.8623 0.332335 7.98822
      vertex 29.8623 -0.332335 7.98822
      vertex 29.9069 -0.34746 7.98822
    endloop
  endfacet
  facet normal -0 0 1
    outer loop
      vertex 29.8201 0.311523 7.98822
      vertex 29.8623 -0.332335 7.98822
      vertex 29.8623 0.332335 7.98822
    endloop
  endfacet
  facet normal 0 0 1
    outer loop
      vertex 29.8201 0.311523 7.98822
      vertex 29.8201 -0.311523 7.98822
      vertex 29.8623 -0.332335 7.98822
    endloop
  endfacet
  facet normal -0 0 1
    outer loop
      vertex 29.781 0.285382 7.98822
      vertex 29.8201 -0.311523 7.98822
      vertex 29.8201 0.311523 7.98822
    endloop
  endfacet
  facet normal 0 0 1
    outer loop
      vertex 29.781 0.285382 7.98822
      vertex 29.781 -0.285382 7.98822
      vertex 29.8201 -0.311523 7.98822
    endloop
  endfacet
  facet normal -0 0 1
    outer loop
      vertex 29.7456 0.254358 7.98822
      vertex 29.781 -0.285382 7.98822
      vertex 29.781 0.285382 7.98822
    endloop
  endfacet
  facet normal 0 0 1
    outer loop
      vertex 29.7456 0.254358 7.98822
      vertex 29.7456 -0.254358 7.98822
      vertex 29.781 -0.285382 7.98822
    endloop
  endfacet
  facet normal -0 0 1
    outer loop
      vertex 29.7146 0.218982 7.98822
      vertex 29.7456 -0.254358 7.98822
      vertex 29.7456 0.254358 7.98822
    endloop
  endfacet
  facet normal 0 0 1
    outer loop
      vertex 29.7146 0.218982 7.98822
      vertex 29.7146 -0.218982 7.98822
      vertex 29.7456 -0.254358 7.98822
    endloop
  endfacet
  facet normal -0 0 1
    outer loop
      vertex 29.6885 0.179858 7.98822
      vertex 29.7146 -0.218982 7.98822
      vertex 29.7146 0.218982 7.98822
    endloop
  endfacet
  facet normal 0 0 1
    outer loop
      vertex 29.6885 0.179858 7.98822
      vertex 29.6885 -0.179858 7.98822
      vertex 29.7146 -0.218982 7.98822
    endloop
  endfacet
  facet normal -0 0 1
    outer loop
      vertex 29.6677 0.137657 7.98822
      vertex 29.6885 -0.179858 7.98822
      vertex 29.6885 0.179858 7.98822
    endloop
  endfacet
  facet normal 0 0 1
    outer loop
      vertex 29.6677 0.137657 7.98822
      vertex 29.6677 -0.137657 7.98822
      vertex 29.6885 -0.179858 7.98822
    endloop
  endfacet
  facet normal -0 0 1
    outer loop
      vertex 29.6525 0.0931015 7.98822
      vertex 29.6677 -0.137657 7.98822
      vertex 29.6677 0.137657 7.98822
    endloop
  endfacet
  facet normal 0 0 1
    outer loop
      vertex 29.6525 0.0931015 7.98822
      vertex 29.6525 -0.0931015 7.98822
      vertex 29.6677 -0.137657 7.98822
    endloop
  endfacet
  facet normal -0 0 1
    outer loop
      vertex 29.6434 0.0469522 7.98822
      vertex 29.6525 -0.0931015 7.98822
      vertex 29.6525 0.0931015 7.98822
    endloop
  endfacet
  facet normal 0 0 1
    outer loop
      vertex 29.6434 0.0469522 7.98822
      vertex 29.6434 -0.0469522 7.98822
      vertex 29.6525 -0.0931015 7.98822
    endloop
  endfacet
  facet normal 0 -0 1
    outer loop
      vertex 29.6434 -0.0469522 7.98822
      vertex 29.6434 0.0469522 7.98822
      vertex 29.6403 0 7.98822
    endloop
  endfacet
  facet normal -0.128306 -0.0253002 0.991412
    outer loop
      vertex 29.6434 -0.0469522 7.98822
      vertex 28.9362 -0.140054 7.89432
      vertex 29.6525 -0.0931015 7.98822
    endloop
  endfacet
  facet normal 0.0726982 -0.108737 0.991409
    outer loop
      vertex 30.219 -0.285382 7.98822
      vertex 30.1799 -0.311523 7.98822
      vertex 30.5365 -0.929242 7.89432
    endloop
  endfacet
  facet normal -0.252734 -0.288257 0.923598
    outer loop
      vertex 28.7499 -1.25011 7.70812
      vertex 28.5191 -1.9299 7.4328
      vertex 28.9238 -1.40258 7.70812
    endloop
  endfacet
  facet normal -0.212972 -0.318771 0.923595
    outer loop
      vertex 28.9238 -1.40258 7.70812
      vertex 28.5191 -1.9299 7.4328
      vertex 28.7837 -2.10668 7.4328
    endloop
  endfacet
  facet normal -0.278199 -0.416434 0.865557
    outer loop
      vertex 28.7837 -2.10668 7.4328
      vertex 28.1398 -2.4242 7.07308
      vertex 28.4722 -2.64626 7.07308
    endloop
  endfacet
  facet normal -0.338633 -0.506897 0.792707
    outer loop
      vertex 28.1398 -2.4242 7.07308
      vertex 27.7924 -2.87702 6.63512
      vertex 28.4722 -2.64626 7.07308
    endloop
  endfacet
  facet normal -0.108803 -0.0725832 0.99141
    outer loop
      vertex 29.6885 -0.179858 7.98822
      vertex 29.0708 -0.536498 7.89432
      vertex 29.7146 -0.218982 7.98822
    endloop
  endfacet
  facet normal 0.278209 -0.416417 0.865561
    outer loop
      vertex 31.4809 -1.9299 7.4328
      vertex 31.2163 -2.10668 7.4328
      vertex 31.8602 -2.4242 7.07308
    endloop
  endfacet
  facet normal 0.330207 -0.376517 0.865562
    outer loop
      vertex 32.1607 -2.16066 7.07308
      vertex 31.4809 -1.9299 7.4328
      vertex 31.8602 -2.4242 7.07308
    endloop
  endfacet
  facet normal 0.0833579 -0.245566 0.965789
    outer loop
      vertex 30.6766 -1.63334 7.70812
      vertex 30.2777 -1.03644 7.89432
      vertex 30.4576 -1.70768 7.70812
    endloop
  endfacet
  facet normal 0.0833683 -0.24556 0.96579
    outer loop
      vertex 30.4106 -0.99132 7.89432
      vertex 30.2777 -1.03644 7.89432
      vertex 30.6766 -1.63334 7.70812
    endloop
  endfacet
  facet normal 0.117299 -0.0578668 0.991409
    outer loop
      vertex 30.9913 -0.410618 7.89432
      vertex 30.3115 -0.179858 7.98822
      vertex 30.9292 -0.536498 7.89432
    endloop
  endfacet
  facet normal 0.117315 -0.0578219 0.99141
    outer loop
      vertex 30.3323 -0.137657 7.98822
      vertex 30.3115 -0.179858 7.98822
      vertex 30.9913 -0.410618 7.89432
    endloop
  endfacet
  facet normal 0.025079 0.382567 0.923587
    outer loop
      vertex 30.3175 2.41178 7.4328
      vertex 30 1.76792 7.70812
      vertex 30.2308 1.75279 7.70812
    endloop
  endfacet
  facet normal 0.0169642 0.258779 0.965788
    outer loop
      vertex 30.2308 1.75279 7.70812
      vertex 30 1.76792 7.70812
      vertex 30.1401 1.06382 7.89432
    endloop
  endfacet
  facet normal 0.0327684 0.499733 0.865559
    outer loop
      vertex 30 3.05564 7.07308
      vertex 30 2.43259 7.4328
      vertex 30.3988 3.02949 7.07308
    endloop
  endfacet
  facet normal -0.0327684 0.499733 0.865559
    outer loop
      vertex 30 3.05564 7.07308
      vertex 29.6012 3.02949 7.07308
      vertex 30 2.43259 7.4328
    endloop
  endfacet
  facet normal -0.160985 0.474234 0.865555
    outer loop
      vertex 29.3704 2.3497 7.4328
      vertex 28.8307 2.82304 7.07308
      vertex 29.0691 2.24742 7.4328
    endloop
  endfacet
  facet normal -0.2215 0.44917 0.865554
    outer loop
      vertex 28.8307 2.82304 7.07308
      vertex 28.7837 2.10668 7.4328
      vertex 29.0691 2.24742 7.4328
    endloop
  endfacet
  facet normal -0.69426 -0.138064 0.706358
    outer loop
      vertex 26.4972 -0.938581 6.63512
      vertex 25.9003 -0.539741 6.1264
      vertex 26.0058 -1.07025 6.1264
    endloop
  endfacet
  facet normal -0.694294 -0.13819 0.706299
    outer loop
      vertex 26.4046 -0.47334 6.63512
      vertex 25.9003 -0.539741 6.1264
      vertex 26.4972 -0.938581 6.63512
    endloop
  endfacet
  facet normal -0.215598 -0.144082 0.965794
    outer loop
      vertex 29.0708 -0.536498 7.89432
      vertex 28.4689 -0.883958 7.70812
      vertex 28.5974 -1.07624 7.70812
    endloop
  endfacet
  facet normal -0.232547 -0.114722 0.965795
    outer loop
      vertex 29.0087 -0.410618 7.89432
      vertex 28.4689 -0.883958 7.70812
      vertex 29.0708 -0.536498 7.89432
    endloop
  endfacet
  facet normal -0.194931 -0.171056 0.965786
    outer loop
      vertex 29.1487 -0.653198 7.89432
      vertex 28.5974 -1.07624 7.70812
      vertex 29.2413 -0.758723 7.89432
    endloop
  endfacet
  facet normal -0.0983105 -0.0862691 0.991409
    outer loop
      vertex 29.7146 -0.218982 7.98822
      vertex 29.1487 -0.653198 7.89432
      vertex 29.2413 -0.758723 7.89432
    endloop
  endfacet
  facet normal 0.057854 -0.117309 0.991409
    outer loop
      vertex 30.1799 -0.311523 7.98822
      vertex 30.1377 -0.332335 7.98822
      vertex 30.4106 -0.99132 7.89432
    endloop
  endfacet
  facet normal 0 0 -1
    outer loop
      vertex 32.6 0 5.5
      vertex 34.6052 0 5.5
      vertex 34.5696 -0.543605 5.5
    endloop
  endfacet
  facet normal 0 0 -1
    outer loop
      vertex 32.5778 -0.339368 5.5
      vertex 34.5696 -0.543605 5.5
      vertex 34.5658 -0.601099 5.5
    endloop
  endfacet
  facet normal 0 0 -1
    outer loop
      vertex 34.6052 0 5.5
      vertex 32.6 0 5.5
      vertex 34.5696 0.543605 5.5
    endloop
  endfacet
  facet normal 0 0 -1
    outer loop
      vertex 32.5778 -0.339368 5.5
      vertex 34.5658 -0.601099 5.5
      vertex 34.4595 -1.1354 5.5
    endloop
  endfacet
  facet normal 0 0 -1
    outer loop
      vertex 32.5778 0.339368 5.5
      vertex 34.5696 0.543605 5.5
      vertex 32.6 0 5.5
    endloop
  endfacet
  facet normal 0 0 -1
    outer loop
      vertex 34.4298 -1.24647 5.5
      vertex 34.4595 -1.1354 5.5
      vertex 34.4483 -1.19191 5.5
    endloop
  endfacet
  facet normal -0 0 -1
    outer loop
      vertex 34.5696 0.543605 5.5
      vertex 32.5778 0.339368 5.5
      vertex 34.5658 0.601099 5.5
    endloop
  endfacet
  facet normal -0 0 -1
    outer loop
      vertex 34.4595 -1.1354 5.5
      vertex 34.4298 -1.24647 5.5
      vertex 32.5114 -0.672929 5.5
    endloop
  endfacet
  facet normal -0 0 -1
    outer loop
      vertex 34.5658 0.601099 5.5
      vertex 32.5778 0.339368 5.5
      vertex 34.4595 1.1354 5.5
    endloop
  endfacet
  facet normal 0 0 -1
    outer loop
      vertex 32.4021 -0.994976 5.5
      vertex 34.4298 -1.24647 5.5
      vertex 34.2547 -1.76234 5.5
    endloop
  endfacet
  facet normal 0 0 -1
    outer loop
      vertex 32.5114 0.672929 5.5
      vertex 34.4595 1.1354 5.5
      vertex 32.5778 0.339368 5.5
    endloop
  endfacet
  facet normal 0 0 -1
    outer loop
      vertex 32.4021 -0.994976 5.5
      vertex 34.2547 -1.76234 5.5
      vertex 34.2292 -1.81401 5.5
    endloop
  endfacet
  facet normal 0 -0 -1
    outer loop
      vertex 34.4298 1.24647 5.5
      vertex 34.4595 1.1354 5.5
      vertex 32.5114 0.672929 5.5
    endloop
  endfacet
  facet normal 0 0 -1
    outer loop
      vertex 32.2517 -1.3 5.5
      vertex 34.2292 -1.81401 5.5
      vertex 33.9882 -2.3026 5.5
    endloop
  endfacet
  facet normal 0 0 -1
    outer loop
      vertex 34.4595 1.1354 5.5
      vertex 34.4298 1.24647 5.5
      vertex 34.4483 1.19191 5.5
    endloop
  endfacet
  facet normal 0 0 -1
    outer loop
      vertex 32.2517 -1.3 5.5
      vertex 33.9882 -2.3026 5.5
      vertex 33.9562 -2.35051 5.5
    endloop
  endfacet
  facet normal 0 0 -1
    outer loop
      vertex 32.4021 0.994976 5.5
      vertex 34.4298 1.24647 5.5
      vertex 32.5114 0.672929 5.5
    endloop
  endfacet
  facet normal 0 0 -1
    outer loop
      vertex 32.0627 -1.58278 5.5
      vertex 33.9562 -2.35051 5.5
      vertex 33.6536 -2.80347 5.5
    endloop
  endfacet
  facet normal -0 0 -1
    outer loop
      vertex 34.4298 1.24647 5.5
      vertex 32.4021 0.994976 5.5
      vertex 34.2547 1.76234 5.5
    endloop
  endfacet
  facet normal 0 0 -1
    outer loop
      vertex 32.0627 -1.58278 5.5
      vertex 33.6536 -2.80347 5.5
      vertex 33.2944 -3.21305 5.5
    endloop
  endfacet
  facet normal -0 0 -1
    outer loop
      vertex 34.2547 1.76234 5.5
      vertex 32.4021 0.994976 5.5
      vertex 34.2292 1.81401 5.5
    endloop
  endfacet
  facet normal 0 0 -1
    outer loop
      vertex 33.2131 -3.29436 5.5
      vertex 33.2944 -3.21305 5.5
      vertex 33.2564 -3.25637 5.5
    endloop
  endfacet
  facet normal 0 0 -1
    outer loop
      vertex 32.2517 1.3 5.5
      vertex 34.2292 1.81401 5.5
      vertex 32.4021 0.994976 5.5
    endloop
  endfacet
  facet normal -0 0 -1
    outer loop
      vertex 33.2944 -3.21305 5.5
      vertex 33.2131 -3.29436 5.5
      vertex 31.8385 -1.83848 5.5
    endloop
  endfacet
  facet normal -0 0 -1
    outer loop
      vertex 34.2292 1.81401 5.5
      vertex 32.2517 1.3 5.5
      vertex 33.9882 2.3026 5.5
    endloop
  endfacet
  facet normal 0 0 -1
    outer loop
      vertex 31.5828 -2.06272 5.5
      vertex 33.2131 -3.29436 5.5
      vertex 32.8035 -3.65355 5.5
    endloop
  endfacet
  facet normal -0 0 -1
    outer loop
      vertex 33.9882 2.3026 5.5
      vertex 32.2517 1.3 5.5
      vertex 33.9562 2.35051 5.5
    endloop
  endfacet
  facet normal 0 0 -1
    outer loop
      vertex 32.0627 1.58278 5.5
      vertex 33.9562 2.35051 5.5
      vertex 32.2517 1.3 5.5
    endloop
  endfacet
  facet normal 0 0 -1
    outer loop
      vertex 34.5696 -0.543605 5.5
      vertex 32.5778 -0.339368 5.5
      vertex 32.6 0 5.5
    endloop
  endfacet
  facet normal 0 0 -1
    outer loop
      vertex 34.4595 -1.1354 5.5
      vertex 32.5114 -0.672929 5.5
      vertex 32.5778 -0.339368 5.5
    endloop
  endfacet
  facet normal 0 0 -1
    outer loop
      vertex 34.4298 -1.24647 5.5
      vertex 32.4021 -0.994976 5.5
      vertex 32.5114 -0.672929 5.5
    endloop
  endfacet
  facet normal 0 0 -1
    outer loop
      vertex 31.5828 -2.06272 5.5
      vertex 32.8035 -3.65355 5.5
      vertex 32.3505 -3.95621 5.5
    endloop
  endfacet
  facet normal 0 0 -1
    outer loop
      vertex 31.3 -2.25167 5.5
      vertex 32.3505 -3.95621 5.5
      vertex 32.3026 -3.98822 5.5
    endloop
  endfacet
  facet normal 0 0 -1
    outer loop
      vertex 34.2292 -1.81401 5.5
      vertex 32.2517 -1.3 5.5
      vertex 32.4021 -0.994976 5.5
    endloop
  endfacet
  facet normal 0 0 -1
    outer loop
      vertex 33.9562 -2.35051 5.5
      vertex 32.0627 -1.58278 5.5
      vertex 32.2517 -1.3 5.5
    endloop
  endfacet
  facet normal 0 0 -1
    outer loop
      vertex 33.2944 -3.21305 5.5
      vertex 31.8385 -1.83848 5.5
      vertex 32.0627 -1.58278 5.5
    endloop
  endfacet
  facet normal 0 0 -1
    outer loop
      vertex 31.3 -2.25167 5.5
      vertex 32.3026 -3.98822 5.5
      vertex 31.814 -4.22917 5.5
    endloop
  endfacet
  facet normal 0 0 -1
    outer loop
      vertex 30.995 -2.40209 5.5
      vertex 31.814 -4.22917 5.5
      vertex 31.7623 -4.25465 5.5
    endloop
  endfacet
  facet normal 0 0 -1
    outer loop
      vertex 33.2131 -3.29436 5.5
      vertex 31.5828 -2.06272 5.5
      vertex 31.8385 -1.83848 5.5
    endloop
  endfacet
  facet normal 0 0 -1
    outer loop
      vertex 32.3505 -3.95621 5.5
      vertex 31.3 -2.25167 5.5
      vertex 31.5828 -2.06272 5.5
    endloop
  endfacet
  facet normal 0 0 -1
    outer loop
      vertex 30.995 -2.40209 5.5
      vertex 31.7623 -4.25465 5.5
      vertex 31.2465 -4.42976 5.5
    endloop
  endfacet
  facet normal 0 0 -1
    outer loop
      vertex 31.1354 -4.45953 5.5
      vertex 31.2465 -4.42976 5.5
      vertex 31.1919 -4.44829 5.5
    endloop
  endfacet
  facet normal -0 0 -1
    outer loop
      vertex 31.2465 -4.42976 5.5
      vertex 31.1354 -4.45953 5.5
      vertex 30.6729 -2.51141 5.5
    endloop
  endfacet
  facet normal 0 0 -1
    outer loop
      vertex 31.814 -4.22917 5.5
      vertex 30.995 -2.40209 5.5
      vertex 31.3 -2.25167 5.5
    endloop
  endfacet
  facet normal 0 0 -1
    outer loop
      vertex 31.2465 -4.42976 5.5
      vertex 30.6729 -2.51141 5.5
      vertex 30.995 -2.40209 5.5
    endloop
  endfacet
  facet normal 0 0 -1
    outer loop
      vertex 30.3394 -2.57776 5.5
      vertex 31.1354 -4.45953 5.5
      vertex 30.6011 -4.56581 5.5
    endloop
  endfacet
  facet normal 0 0 -1
    outer loop
      vertex 30.3394 -2.57776 5.5
      vertex 30.6011 -4.56581 5.5
      vertex 30.5436 -4.56957 5.5
    endloop
  endfacet
  facet normal 0 0 -1
    outer loop
      vertex 31.1354 -4.45953 5.5
      vertex 30.3394 -2.57776 5.5
      vertex 30.6729 -2.51141 5.5
    endloop
  endfacet
  facet normal 0 0 -1
    outer loop
      vertex 30 -2.6 5.5
      vertex 30.5436 -4.56957 5.5
      vertex 30 -4.6052 5.5
    endloop
  endfacet
  facet normal 0 0 -1
    outer loop
      vertex 30.5436 -4.56957 5.5
      vertex 30 -2.6 5.5
      vertex 30.3394 -2.57776 5.5
    endloop
  endfacet
  facet normal 0 0 -1
    outer loop
      vertex 29.4564 -4.56957 5.5
      vertex 30 -2.6 5.5
      vertex 30 -4.6052 5.5
    endloop
  endfacet
  facet normal -0 0 -1
    outer loop
      vertex 30 -2.6 5.5
      vertex 29.4564 -4.56957 5.5
      vertex 29.6606 -2.57776 5.5
    endloop
  endfacet
  facet normal 0 0 -1
    outer loop
      vertex 29.3989 -4.56581 5.5
      vertex 29.6606 -2.57776 5.5
      vertex 29.4564 -4.56957 5.5
    endloop
  endfacet
  facet normal 0 0 -1
    outer loop
      vertex 28.8646 -4.45953 5.5
      vertex 29.6606 -2.57776 5.5
      vertex 29.3989 -4.56581 5.5
    endloop
  endfacet
  facet normal -0 0 -1
    outer loop
      vertex 29.6606 -2.57776 5.5
      vertex 28.8646 -4.45953 5.5
      vertex 29.3271 -2.51141 5.5
    endloop
  endfacet
  facet normal 0 0 -1
    outer loop
      vertex 28.7535 -4.42976 5.5
      vertex 29.3271 -2.51141 5.5
      vertex 28.8646 -4.45953 5.5
    endloop
  endfacet
  facet normal 0 0 -1
    outer loop
      vertex 28.7535 -4.42976 5.5
      vertex 28.8646 -4.45953 5.5
      vertex 28.8081 -4.44829 5.5
    endloop
  endfacet
  facet normal -0 0 -1
    outer loop
      vertex 29.3271 -2.51141 5.5
      vertex 28.7535 -4.42976 5.5
      vertex 29.005 -2.40209 5.5
    endloop
  endfacet
  facet normal 0 0 -1
    outer loop
      vertex 28.2377 -4.25465 5.5
      vertex 29.005 -2.40209 5.5
      vertex 28.7535 -4.42976 5.5
    endloop
  endfacet
  facet normal 0 0 -1
    outer loop
      vertex 28.186 -4.22917 5.5
      vertex 29.005 -2.40209 5.5
      vertex 28.2377 -4.25465 5.5
    endloop
  endfacet
  facet normal -0 0 -1
    outer loop
      vertex 29.005 -2.40209 5.5
      vertex 28.186 -4.22917 5.5
      vertex 28.7 -2.25167 5.5
    endloop
  endfacet
  facet normal 0 0 -1
    outer loop
      vertex 27.6974 -3.98822 5.5
      vertex 28.7 -2.25167 5.5
      vertex 28.186 -4.22917 5.5
    endloop
  endfacet
  facet normal 0 0 -1
    outer loop
      vertex 27.6495 -3.95621 5.5
      vertex 28.7 -2.25167 5.5
      vertex 27.6974 -3.98822 5.5
    endloop
  endfacet
  facet normal -0 0 -1
    outer loop
      vertex 28.7 -2.25167 5.5
      vertex 27.6495 -3.95621 5.5
      vertex 28.4172 -2.06272 5.5
    endloop
  endfacet
  facet normal 0 0 -1
    outer loop
      vertex 27.1965 -3.65355 5.5
      vertex 28.4172 -2.06272 5.5
      vertex 27.6495 -3.95621 5.5
    endloop
  endfacet
  facet normal 0 0 -1
    outer loop
      vertex 26.7869 -3.29436 5.5
      vertex 28.4172 -2.06272 5.5
      vertex 27.1965 -3.65355 5.5
    endloop
  endfacet
  facet normal -0 0 -1
    outer loop
      vertex 28.4172 -2.06272 5.5
      vertex 26.7869 -3.29436 5.5
      vertex 28.1615 -1.83848 5.5
    endloop
  endfacet
  facet normal 0 0 -1
    outer loop
      vertex 26.7056 -3.21305 5.5
      vertex 28.1615 -1.83848 5.5
      vertex 26.7869 -3.29436 5.5
    endloop
  endfacet
  facet normal -0 0 -1
    outer loop
      vertex 28.1615 -1.83848 5.5
      vertex 26.7056 -3.21305 5.5
      vertex 27.9373 -1.58278 5.5
    endloop
  endfacet
  facet normal 0 0 -1
    outer loop
      vertex 26.3464 -2.80347 5.5
      vertex 27.9373 -1.58278 5.5
      vertex 26.7056 -3.21305 5.5
    endloop
  endfacet
  facet normal 0 0 -1
    outer loop
      vertex 26.0438 -2.35051 5.5
      vertex 27.9373 -1.58278 5.5
      vertex 26.3464 -2.80347 5.5
    endloop
  endfacet
  facet normal -0 0 -1
    outer loop
      vertex 27.9373 -1.58278 5.5
      vertex 26.0438 -2.35051 5.5
      vertex 27.7483 -1.3 5.5
    endloop
  endfacet
  facet normal -0 0 -1
    outer loop
      vertex 33.9562 2.35051 5.5
      vertex 32.0627 1.58278 5.5
      vertex 33.6536 2.80347 5.5
    endloop
  endfacet
  facet normal -0 0 -1
    outer loop
      vertex 33.6536 2.80347 5.5
      vertex 32.0627 1.58278 5.5
      vertex 33.2944 3.21305 5.5
    endloop
  endfacet
  facet normal 0 0 -1
    outer loop
      vertex 31.8385 1.83848 5.5
      vertex 33.2944 3.21305 5.5
      vertex 32.0627 1.58278 5.5
    endloop
  endfacet
  facet normal 0 -0 -1
    outer loop
      vertex 33.2131 3.29436 5.5
      vertex 33.2944 3.21305 5.5
      vertex 31.8385 1.83848 5.5
    endloop
  endfacet
  facet normal 0 0 -1
    outer loop
      vertex 33.2944 3.21305 5.5
      vertex 33.2131 3.29436 5.5
      vertex 33.2564 3.25637 5.5
    endloop
  endfacet
  facet normal 0 0 -1
    outer loop
      vertex 31.5828 2.06272 5.5
      vertex 33.2131 3.29436 5.5
      vertex 31.8385 1.83848 5.5
    endloop
  endfacet
  facet normal -0 0 -1
    outer loop
      vertex 33.2131 3.29436 5.5
      vertex 31.5828 2.06272 5.5
      vertex 32.8035 3.65355 5.5
    endloop
  endfacet
  facet normal -0 0 -1
    outer loop
      vertex 32.8035 3.65355 5.5
      vertex 31.5828 2.06272 5.5
      vertex 32.3505 3.95621 5.5
    endloop
  endfacet
  facet normal 0 0 -1
    outer loop
      vertex 31.3 2.25167 5.5
      vertex 32.3505 3.95621 5.5
      vertex 31.5828 2.06272 5.5
    endloop
  endfacet
  facet normal -0 0 -1
    outer loop
      vertex 32.3505 3.95621 5.5
      vertex 31.3 2.25167 5.5
      vertex 32.3026 3.98822 5.5
    endloop
  endfacet
  facet normal -0 0 -1
    outer loop
      vertex 32.3026 3.98822 5.5
      vertex 31.3 2.25167 5.5
      vertex 31.814 4.22917 5.5
    endloop
  endfacet
  facet normal 0 0 -1
    outer loop
      vertex 30.995 2.40209 5.5
      vertex 31.814 4.22917 5.5
      vertex 31.3 2.25167 5.5
    endloop
  endfacet
  facet normal -0 0 -1
    outer loop
      vertex 31.814 4.22917 5.5
      vertex 30.995 2.40209 5.5
      vertex 31.7623 4.25465 5.5
    endloop
  endfacet
  facet normal -0 0 -1
    outer loop
      vertex 31.7623 4.25465 5.5
      vertex 30.995 2.40209 5.5
      vertex 31.2465 4.42976 5.5
    endloop
  endfacet
  facet normal 0 0 -1
    outer loop
      vertex 30.6729 2.51141 5.5
      vertex 31.2465 4.42976 5.5
      vertex 30.995 2.40209 5.5
    endloop
  endfacet
  facet normal 0 -0 -1
    outer loop
      vertex 31.1354 4.45953 5.5
      vertex 31.2465 4.42976 5.5
      vertex 30.6729 2.51141 5.5
    endloop
  endfacet
  facet normal 0 0 -1
    outer loop
      vertex 31.2465 4.42976 5.5
      vertex 31.1354 4.45953 5.5
      vertex 31.1919 4.44829 5.5
    endloop
  endfacet
  facet normal 0 0 -1
    outer loop
      vertex 30.3394 2.57776 5.5
      vertex 31.1354 4.45953 5.5
      vertex 30.6729 2.51141 5.5
    endloop
  endfacet
  facet normal -0 0 -1
    outer loop
      vertex 31.1354 4.45953 5.5
      vertex 30.3394 2.57776 5.5
      vertex 30.6011 4.56581 5.5
    endloop
  endfacet
  facet normal -0 0 -1
    outer loop
      vertex 30.6011 4.56581 5.5
      vertex 30.3394 2.57776 5.5
      vertex 30.5436 4.56957 5.5
    endloop
  endfacet
  facet normal 0 0 -1
    outer loop
      vertex 30 2.6 5.5
      vertex 30.5436 4.56957 5.5
      vertex 30.3394 2.57776 5.5
    endloop
  endfacet
  facet normal 0 0 -1
    outer loop
      vertex 30 2.6 5.5
      vertex 30 4.6052 5.5
      vertex 30.5436 4.56957 5.5
    endloop
  endfacet
  facet normal 0 0 -1
    outer loop
      vertex 29.4564 4.56957 5.5
      vertex 30 2.6 5.5
      vertex 29.6606 2.57776 5.5
    endloop
  endfacet
  facet normal 0 0 -1
    outer loop
      vertex 30 2.6 5.5
      vertex 29.4564 4.56957 5.5
      vertex 30 4.6052 5.5
    endloop
  endfacet
  facet normal 0 0 -1
    outer loop
      vertex 29.6606 2.57776 5.5
      vertex 29.3989 4.56581 5.5
      vertex 29.4564 4.56957 5.5
    endloop
  endfacet
  facet normal 0 0 -1
    outer loop
      vertex 28.8646 4.45953 5.5
      vertex 29.6606 2.57776 5.5
      vertex 29.3271 2.51141 5.5
    endloop
  endfacet
  facet normal 0 0 -1
    outer loop
      vertex 28.7535 4.42976 5.5
      vertex 29.3271 2.51141 5.5
      vertex 29.005 2.40209 5.5
    endloop
  endfacet
  facet normal 0 0 -1
    outer loop
      vertex 29.6606 2.57776 5.5
      vertex 28.8646 4.45953 5.5
      vertex 29.3989 4.56581 5.5
    endloop
  endfacet
  facet normal 0 0 -1
    outer loop
      vertex 29.3271 2.51141 5.5
      vertex 28.7535 4.42976 5.5
      vertex 28.8646 4.45953 5.5
    endloop
  endfacet
  facet normal 0 0 -1
    outer loop
      vertex 28.8646 4.45953 5.5
      vertex 28.7535 4.42976 5.5
      vertex 28.8081 4.44829 5.5
    endloop
  endfacet
  facet normal 0 0 -1
    outer loop
      vertex 28.186 4.22917 5.5
      vertex 29.005 2.40209 5.5
      vertex 28.7 2.25167 5.5
    endloop
  endfacet
  facet normal 0 0 -1
    outer loop
      vertex 27.6495 3.95621 5.5
      vertex 28.7 2.25167 5.5
      vertex 28.4172 2.06272 5.5
    endloop
  endfacet
  facet normal 0 0 -1
    outer loop
      vertex 29.005 2.40209 5.5
      vertex 28.2377 4.25465 5.5
      vertex 28.7535 4.42976 5.5
    endloop
  endfacet
  facet normal 0 0 -1
    outer loop
      vertex 29.005 2.40209 5.5
      vertex 28.186 4.22917 5.5
      vertex 28.2377 4.25465 5.5
    endloop
  endfacet
  facet normal 0 0 -1
    outer loop
      vertex 26.7869 3.29436 5.5
      vertex 28.4172 2.06272 5.5
      vertex 28.1615 1.83848 5.5
    endloop
  endfacet
  facet normal 0 0 -1
    outer loop
      vertex 26.7056 3.21305 5.5
      vertex 28.1615 1.83848 5.5
      vertex 27.9373 1.58278 5.5
    endloop
  endfacet
  facet normal 0 0 -1
    outer loop
      vertex 26.0438 2.35051 5.5
      vertex 27.9373 1.58278 5.5
      vertex 27.7483 1.3 5.5
    endloop
  endfacet
  facet normal 0 0 -1
    outer loop
      vertex 28.7 2.25167 5.5
      vertex 27.6974 3.98822 5.5
      vertex 28.186 4.22917 5.5
    endloop
  endfacet
  facet normal 0 0 -1
    outer loop
      vertex 28.7 2.25167 5.5
      vertex 27.6495 3.95621 5.5
      vertex 27.6974 3.98822 5.5
    endloop
  endfacet
  facet normal 0 0 -1
    outer loop
      vertex 25.7708 1.81401 5.5
      vertex 27.7483 1.3 5.5
      vertex 27.5979 0.994976 5.5
    endloop
  endfacet
  facet normal 0 0 -1
    outer loop
      vertex 25.5702 1.24647 5.5
      vertex 27.5979 0.994976 5.5
      vertex 27.4886 0.672929 5.5
    endloop
  endfacet
  facet normal 0 0 -1
    outer loop
      vertex 25.5405 1.1354 5.5
      vertex 27.4886 0.672929 5.5
      vertex 27.4222 0.339368 5.5
    endloop
  endfacet
  facet normal 0 0 -1
    outer loop
      vertex 25.4304 0.543605 5.5
      vertex 27.4222 0.339368 5.5
      vertex 27.4 0 5.5
    endloop
  endfacet
  facet normal 0 0 -1
    outer loop
      vertex 28.4172 2.06272 5.5
      vertex 27.1965 3.65355 5.5
      vertex 27.6495 3.95621 5.5
    endloop
  endfacet
  facet normal 0 0 -1
    outer loop
      vertex 26.0118 -2.3026 5.5
      vertex 27.7483 -1.3 5.5
      vertex 26.0438 -2.35051 5.5
    endloop
  endfacet
  facet normal 0 0 -1
    outer loop
      vertex 25.7708 -1.81401 5.5
      vertex 27.7483 -1.3 5.5
      vertex 26.0118 -2.3026 5.5
    endloop
  endfacet
  facet normal 0 0 -1
    outer loop
      vertex 28.4172 2.06272 5.5
      vertex 26.7869 3.29436 5.5
      vertex 27.1965 3.65355 5.5
    endloop
  endfacet
  facet normal 0 0 -1
    outer loop
      vertex 26.7056 -3.21305 5.5
      vertex 26.7869 -3.29436 5.5
      vertex 26.7436 -3.25637 5.5
    endloop
  endfacet
  facet normal -0 0 -1
    outer loop
      vertex 27.7483 -1.3 5.5
      vertex 25.7708 -1.81401 5.5
      vertex 27.5979 -0.994976 5.5
    endloop
  endfacet
  facet normal 0 0 -1
    outer loop
      vertex 28.1615 1.83848 5.5
      vertex 26.7056 3.21305 5.5
      vertex 26.7869 3.29436 5.5
    endloop
  endfacet
  facet normal 0 0 -1
    outer loop
      vertex 26.7869 3.29436 5.5
      vertex 26.7056 3.21305 5.5
      vertex 26.7436 3.25637 5.5
    endloop
  endfacet
  facet normal 0 0 -1
    outer loop
      vertex 25.7453 -1.76234 5.5
      vertex 27.5979 -0.994976 5.5
      vertex 25.7708 -1.81401 5.5
    endloop
  endfacet
  facet normal 0 0 -1
    outer loop
      vertex 25.5702 -1.24647 5.5
      vertex 27.5979 -0.994976 5.5
      vertex 25.7453 -1.76234 5.5
    endloop
  endfacet
  facet normal 0 0 -1
    outer loop
      vertex 27.9373 1.58278 5.5
      vertex 26.0438 2.35051 5.5
      vertex 26.3464 2.80347 5.5
    endloop
  endfacet
  facet normal 0 0 -1
    outer loop
      vertex 27.9373 1.58278 5.5
      vertex 26.3464 2.80347 5.5
      vertex 26.7056 3.21305 5.5
    endloop
  endfacet
  facet normal -0 0 -1
    outer loop
      vertex 27.5979 -0.994976 5.5
      vertex 25.5702 -1.24647 5.5
      vertex 27.4886 -0.672929 5.5
    endloop
  endfacet
  facet normal 0 0 -1
    outer loop
      vertex 25.5405 -1.1354 5.5
      vertex 27.4886 -0.672929 5.5
      vertex 25.5702 -1.24647 5.5
    endloop
  endfacet
  facet normal 0 0 -1
    outer loop
      vertex 27.7483 1.3 5.5
      vertex 25.7708 1.81401 5.5
      vertex 26.0118 2.3026 5.5
    endloop
  endfacet
  facet normal 0 0 -1
    outer loop
      vertex 27.7483 1.3 5.5
      vertex 26.0118 2.3026 5.5
      vertex 26.0438 2.35051 5.5
    endloop
  endfacet
  facet normal -0 0 -1
    outer loop
      vertex 27.4886 -0.672929 5.5
      vertex 25.5405 -1.1354 5.5
      vertex 27.4222 -0.339368 5.5
    endloop
  endfacet
  facet normal 0 0 -1
    outer loop
      vertex 25.4342 -0.601099 5.5
      vertex 27.4222 -0.339368 5.5
      vertex 25.5405 -1.1354 5.5
    endloop
  endfacet
  facet normal 0 0 -1
    outer loop
      vertex 27.5979 0.994976 5.5
      vertex 25.5702 1.24647 5.5
      vertex 25.7453 1.76234 5.5
    endloop
  endfacet
  facet normal 0 0 -1
    outer loop
      vertex 27.5979 0.994976 5.5
      vertex 25.7453 1.76234 5.5
      vertex 25.7708 1.81401 5.5
    endloop
  endfacet
  facet normal 0 0 -1
    outer loop
      vertex 25.5405 -1.1354 5.5
      vertex 25.5702 -1.24647 5.5
      vertex 25.5517 -1.19191 5.5
    endloop
  endfacet
  facet normal 0 0 -1
    outer loop
      vertex 25.4304 -0.543605 5.5
      vertex 27.4222 -0.339368 5.5
      vertex 25.4342 -0.601099 5.5
    endloop
  endfacet
  facet normal 0 0 -1
    outer loop
      vertex 27.4886 0.672929 5.5
      vertex 25.5405 1.1354 5.5
      vertex 25.5702 1.24647 5.5
    endloop
  endfacet
  facet normal 0 0 -1
    outer loop
      vertex 25.5702 1.24647 5.5
      vertex 25.5405 1.1354 5.5
      vertex 25.5517 1.19191 5.5
    endloop
  endfacet
  facet normal -0 0 -1
    outer loop
      vertex 27.4222 -0.339368 5.5
      vertex 25.4304 -0.543605 5.5
      vertex 27.4 0 5.5
    endloop
  endfacet
  facet normal 0 0 -1
    outer loop
      vertex 25.3948 0 5.5
      vertex 27.4 0 5.5
      vertex 25.4304 -0.543605 5.5
    endloop
  endfacet
  facet normal 0 0 -1
    outer loop
      vertex 27.4222 0.339368 5.5
      vertex 25.4304 0.543605 5.5
      vertex 25.4342 0.601099 5.5
    endloop
  endfacet
  facet normal 0 0 -1
    outer loop
      vertex 27.4222 0.339368 5.5
      vertex 25.4342 0.601099 5.5
      vertex 25.5405 1.1354 5.5
    endloop
  endfacet
  facet normal 0 0 -1
    outer loop
      vertex 27.4 0 5.5
      vertex 25.3948 0 5.5
      vertex 25.4304 0.543605 5.5
    endloop
  endfacet
  facet normal 0.980757 0.195233 0
    outer loop
      vertex 32.5778 0.339368 5.5
      vertex 32.5114 0.672929 4.7
      vertex 32.5114 0.672929 5.5
    endloop
  endfacet
  facet normal 0.980757 0.195233 0
    outer loop
      vertex 32.5114 0.672929 4.7
      vertex 32.5778 0.339368 5.5
      vertex 32.5778 0.339368 4.7
    endloop
  endfacet
  facet normal 0.997867 0.0652762 0
    outer loop
      vertex 32.6 0 5.5
      vertex 32.5778 0.339368 4.7
      vertex 32.5778 0.339368 5.5
    endloop
  endfacet
  facet normal 0.997867 0.0652762 0
    outer loop
      vertex 32.5778 0.339368 4.7
      vertex 32.6 0 5.5
      vertex 32.6 0 4.7
    endloop
  endfacet
  facet normal 0.946948 0.321386 0
    outer loop
      vertex 32.5114 0.672929 5.5
      vertex 32.4021 0.994976 4.7
      vertex 32.4021 0.994976 5.5
    endloop
  endfacet
  facet normal 0.946948 0.321386 0
    outer loop
      vertex 32.4021 0.994976 4.7
      vertex 32.5114 0.672929 5.5
      vertex 32.5114 0.672929 4.7
    endloop
  endfacet
  facet normal -0.659341 0.751844 0
    outer loop
      vertex 28.4172 2.06272 4.7
      vertex 28.1615 1.83848 5.5
      vertex 28.4172 2.06272 5.5
    endloop
  endfacet
  facet normal -0.659341 0.751844 0
    outer loop
      vertex 28.1615 1.83848 5.5
      vertex 28.4172 2.06272 4.7
      vertex 28.1615 1.83848 4.7
    endloop
  endfacet
  facet normal 0.0653872 0.99786 -0
    outer loop
      vertex 30.3394 2.57776 4.7
      vertex 30 2.6 5.5
      vertex 30.3394 2.57776 5.5
    endloop
  endfacet
  facet normal 0.0653872 0.99786 0
    outer loop
      vertex 30 2.6 5.5
      vertex 30.3394 2.57776 4.7
      vertex 30 2.6 4.7
    endloop
  endfacet
  facet normal -0.946948 0.321386 0
    outer loop
      vertex 27.4886 0.672929 4.7
      vertex 27.5979 0.994976 5.5
      vertex 27.5979 0.994976 4.7
    endloop
  endfacet
  facet normal -0.946948 0.321386 0
    outer loop
      vertex 27.5979 0.994976 5.5
      vertex 27.4886 0.672929 4.7
      vertex 27.4886 0.672929 5.5
    endloop
  endfacet
  facet normal 0.980757 -0.195233 0
    outer loop
      vertex 32.5114 -0.672929 5.5
      vertex 32.5778 -0.339368 4.7
      vertex 32.5778 -0.339368 5.5
    endloop
  endfacet
  facet normal 0.980757 -0.195233 0
    outer loop
      vertex 32.5778 -0.339368 4.7
      vertex 32.5114 -0.672929 5.5
      vertex 32.5114 -0.672929 4.7
    endloop
  endfacet
  facet normal -0.831398 -0.555677 0
    outer loop
      vertex 27.9373 -1.58278 4.7
      vertex 27.7483 -1.3 5.5
      vertex 27.7483 -1.3 4.7
    endloop
  endfacet
  facet normal -0.831398 -0.555677 0
    outer loop
      vertex 27.7483 -1.3 5.5
      vertex 27.9373 -1.58278 4.7
      vertex 27.9373 -1.58278 5.5
    endloop
  endfacet
  facet normal -0.980757 0.195233 0
    outer loop
      vertex 27.4222 0.339368 4.7
      vertex 27.4886 0.672929 5.5
      vertex 27.4886 0.672929 4.7
    endloop
  endfacet
  facet normal -0.980757 0.195233 0
    outer loop
      vertex 27.4886 0.672929 5.5
      vertex 27.4222 0.339368 4.7
      vertex 27.4222 0.339368 5.5
    endloop
  endfacet
  facet normal -0.555548 0.831484 0
    outer loop
      vertex 28.7 2.25167 4.7
      vertex 28.4172 2.06272 5.5
      vertex 28.7 2.25167 5.5
    endloop
  endfacet
  facet normal -0.555548 0.831484 0
    outer loop
      vertex 28.4172 2.06272 5.5
      vertex 28.7 2.25167 4.7
      vertex 28.4172 2.06272 4.7
    endloop
  endfacet
  facet normal -0.946948 -0.321386 0
    outer loop
      vertex 27.5979 -0.994976 4.7
      vertex 27.4886 -0.672929 5.5
      vertex 27.4886 -0.672929 4.7
    endloop
  endfacet
  facet normal -0.946948 -0.321386 0
    outer loop
      vertex 27.4886 -0.672929 5.5
      vertex 27.5979 -0.994976 4.7
      vertex 27.5979 -0.994976 5.5
    endloop
  endfacet
  facet normal -0.980757 -0.195233 0
    outer loop
      vertex 27.4886 -0.672929 4.7
      vertex 27.4222 -0.339368 5.5
      vertex 27.4222 -0.339368 4.7
    endloop
  endfacet
  facet normal -0.980757 -0.195233 0
    outer loop
      vertex 27.4222 -0.339368 5.5
      vertex 27.4886 -0.672929 4.7
      vertex 27.4886 -0.672929 5.5
    endloop
  endfacet
  facet normal 0.321391 -0.946946 0
    outer loop
      vertex 30.6729 -2.51141 4.7
      vertex 30.995 -2.40209 5.5
      vertex 30.6729 -2.51141 5.5
    endloop
  endfacet
  facet normal 0.321391 -0.946946 0
    outer loop
      vertex 30.995 -2.40209 5.5
      vertex 30.6729 -2.51141 4.7
      vertex 30.995 -2.40209 4.7
    endloop
  endfacet
  facet normal -0.751902 0.659275 0
    outer loop
      vertex 27.9373 1.58278 4.7
      vertex 28.1615 1.83848 5.5
      vertex 28.1615 1.83848 4.7
    endloop
  endfacet
  facet normal -0.751902 0.659275 0
    outer loop
      vertex 28.1615 1.83848 5.5
      vertex 27.9373 1.58278 4.7
      vertex 27.9373 1.58278 5.5
    endloop
  endfacet
  facet normal 0.195126 -0.980778 0
    outer loop
      vertex 30.3394 -2.57776 4.7
      vertex 30.6729 -2.51141 5.5
      vertex 30.3394 -2.57776 5.5
    endloop
  endfacet
  facet normal 0.195126 -0.980778 0
    outer loop
      vertex 30.6729 -2.51141 5.5
      vertex 30.3394 -2.57776 4.7
      vertex 30.6729 -2.51141 4.7
    endloop
  endfacet
  facet normal -0.321391 0.946946 0
    outer loop
      vertex 29.3271 2.51141 4.7
      vertex 29.005 2.40209 5.5
      vertex 29.3271 2.51141 5.5
    endloop
  endfacet
  facet normal -0.321391 0.946946 0
    outer loop
      vertex 29.005 2.40209 5.5
      vertex 29.3271 2.51141 4.7
      vertex 29.005 2.40209 4.7
    endloop
  endfacet
  facet normal 0.896897 0.442239 0
    outer loop
      vertex 32.4021 0.994976 5.5
      vertex 32.2517 1.3 4.7
      vertex 32.2517 1.3 5.5
    endloop
  endfacet
  facet normal 0.896897 0.442239 0
    outer loop
      vertex 32.2517 1.3 4.7
      vertex 32.4021 0.994976 5.5
      vertex 32.4021 0.994976 4.7
    endloop
  endfacet
  facet normal -0.997867 -0.0652762 0
    outer loop
      vertex 27.4222 -0.339368 4.7
      vertex 27.4 0 5.5
      vertex 27.4 0 4.7
    endloop
  endfacet
  facet normal -0.997867 -0.0652762 0
    outer loop
      vertex 27.4 0 5.5
      vertex 27.4222 -0.339368 4.7
      vertex 27.4222 -0.339368 5.5
    endloop
  endfacet
  facet normal -0.0653872 -0.99786 0
    outer loop
      vertex 29.6606 -2.57776 4.7
      vertex 30 -2.6 5.5
      vertex 29.6606 -2.57776 5.5
    endloop
  endfacet
  facet normal -0.0653872 -0.99786 -0
    outer loop
      vertex 30 -2.6 5.5
      vertex 29.6606 -2.57776 4.7
      vertex 30 -2.6 4.7
    endloop
  endfacet
  facet normal 0.195126 0.980778 -0
    outer loop
      vertex 30.6729 2.51141 4.7
      vertex 30.3394 2.57776 5.5
      vertex 30.6729 2.51141 5.5
    endloop
  endfacet
  facet normal 0.195126 0.980778 0
    outer loop
      vertex 30.3394 2.57776 5.5
      vertex 30.6729 2.51141 4.7
      vertex 30.3394 2.57776 4.7
    endloop
  endfacet
  facet normal 0.831398 -0.555677 0
    outer loop
      vertex 32.0627 -1.58278 5.5
      vertex 32.2517 -1.3 4.7
      vertex 32.2517 -1.3 5.5
    endloop
  endfacet
  facet normal 0.831398 -0.555677 0
    outer loop
      vertex 32.2517 -1.3 4.7
      vertex 32.0627 -1.58278 5.5
      vertex 32.0627 -1.58278 4.7
    endloop
  endfacet
  facet normal -0.751902 -0.659275 0
    outer loop
      vertex 28.1615 -1.83848 4.7
      vertex 27.9373 -1.58278 5.5
      vertex 27.9373 -1.58278 4.7
    endloop
  endfacet
  facet normal -0.751902 -0.659275 0
    outer loop
      vertex 27.9373 -1.58278 5.5
      vertex 28.1615 -1.83848 4.7
      vertex 28.1615 -1.83848 5.5
    endloop
  endfacet
  facet normal -0.195126 -0.980778 0
    outer loop
      vertex 29.3271 -2.51141 4.7
      vertex 29.6606 -2.57776 5.5
      vertex 29.3271 -2.51141 5.5
    endloop
  endfacet
  facet normal -0.195126 -0.980778 -0
    outer loop
      vertex 29.6606 -2.57776 5.5
      vertex 29.3271 -2.51141 4.7
      vertex 29.6606 -2.57776 4.7
    endloop
  endfacet
  facet normal 0.555548 0.831484 -0
    outer loop
      vertex 31.5828 2.06272 4.7
      vertex 31.3 2.25167 5.5
      vertex 31.5828 2.06272 5.5
    endloop
  endfacet
  facet normal 0.555548 0.831484 0
    outer loop
      vertex 31.3 2.25167 5.5
      vertex 31.5828 2.06272 4.7
      vertex 31.3 2.25167 4.7
    endloop
  endfacet
  facet normal 0.997867 -0.0652762 0
    outer loop
      vertex 32.5778 -0.339368 5.5
      vertex 32.6 0 4.7
      vertex 32.6 0 5.5
    endloop
  endfacet
  facet normal 0.997867 -0.0652762 0
    outer loop
      vertex 32.6 0 4.7
      vertex 32.5778 -0.339368 5.5
      vertex 32.5778 -0.339368 4.7
    endloop
  endfacet
  facet normal -0.195126 0.980778 0
    outer loop
      vertex 29.6606 2.57776 4.7
      vertex 29.3271 2.51141 5.5
      vertex 29.6606 2.57776 5.5
    endloop
  endfacet
  facet normal -0.195126 0.980778 0
    outer loop
      vertex 29.3271 2.51141 5.5
      vertex 29.6606 2.57776 4.7
      vertex 29.3271 2.51141 4.7
    endloop
  endfacet
  facet normal 0.751902 0.659275 0
    outer loop
      vertex 32.0627 1.58278 5.5
      vertex 31.8385 1.83848 4.7
      vertex 31.8385 1.83848 5.5
    endloop
  endfacet
  facet normal 0.751902 0.659275 0
    outer loop
      vertex 31.8385 1.83848 4.7
      vertex 32.0627 1.58278 5.5
      vertex 32.0627 1.58278 4.7
    endloop
  endfacet
  facet normal 0.659341 0.751844 -0
    outer loop
      vertex 31.8385 1.83848 4.7
      vertex 31.5828 2.06272 5.5
      vertex 31.8385 1.83848 5.5
    endloop
  endfacet
  facet normal 0.659341 0.751844 0
    outer loop
      vertex 31.5828 2.06272 5.5
      vertex 31.8385 1.83848 4.7
      vertex 31.5828 2.06272 4.7
    endloop
  endfacet
  facet normal -0.896897 -0.442239 0
    outer loop
      vertex 27.7483 -1.3 4.7
      vertex 27.5979 -0.994976 5.5
      vertex 27.5979 -0.994976 4.7
    endloop
  endfacet
  facet normal -0.896897 -0.442239 0
    outer loop
      vertex 27.5979 -0.994976 5.5
      vertex 27.7483 -1.3 4.7
      vertex 27.7483 -1.3 5.5
    endloop
  endfacet
  facet normal -0.321391 -0.946946 0
    outer loop
      vertex 29.005 -2.40209 4.7
      vertex 29.3271 -2.51141 5.5
      vertex 29.005 -2.40209 5.5
    endloop
  endfacet
  facet normal -0.321391 -0.946946 -0
    outer loop
      vertex 29.3271 -2.51141 5.5
      vertex 29.005 -2.40209 4.7
      vertex 29.3271 -2.51141 4.7
    endloop
  endfacet
  facet normal 0.0653872 -0.99786 0
    outer loop
      vertex 30 -2.6 4.7
      vertex 30.3394 -2.57776 5.5
      vertex 30 -2.6 5.5
    endloop
  endfacet
  facet normal 0.0653872 -0.99786 0
    outer loop
      vertex 30.3394 -2.57776 5.5
      vertex 30 -2.6 4.7
      vertex 30.3394 -2.57776 4.7
    endloop
  endfacet
  facet normal 0.555548 -0.831484 0
    outer loop
      vertex 31.3 -2.25167 4.7
      vertex 31.5828 -2.06272 5.5
      vertex 31.3 -2.25167 5.5
    endloop
  endfacet
  facet normal 0.555548 -0.831484 0
    outer loop
      vertex 31.5828 -2.06272 5.5
      vertex 31.3 -2.25167 4.7
      vertex 31.5828 -2.06272 4.7
    endloop
  endfacet
  facet normal 0.946948 -0.321386 0
    outer loop
      vertex 32.4021 -0.994976 5.5
      vertex 32.5114 -0.672929 4.7
      vertex 32.5114 -0.672929 5.5
    endloop
  endfacet
  facet normal 0.946948 -0.321386 0
    outer loop
      vertex 32.5114 -0.672929 4.7
      vertex 32.4021 -0.994976 5.5
      vertex 32.4021 -0.994976 4.7
    endloop
  endfacet
  facet normal 0.442314 0.89686 -0
    outer loop
      vertex 31.3 2.25167 4.7
      vertex 30.995 2.40209 5.5
      vertex 31.3 2.25167 5.5
    endloop
  endfacet
  facet normal 0.442314 0.89686 0
    outer loop
      vertex 30.995 2.40209 5.5
      vertex 31.3 2.25167 4.7
      vertex 30.995 2.40209 4.7
    endloop
  endfacet
  facet normal 0.831398 0.555677 0
    outer loop
      vertex 32.2517 1.3 5.5
      vertex 32.0627 1.58278 4.7
      vertex 32.0627 1.58278 5.5
    endloop
  endfacet
  facet normal 0.831398 0.555677 0
    outer loop
      vertex 32.0627 1.58278 4.7
      vertex 32.2517 1.3 5.5
      vertex 32.2517 1.3 4.7
    endloop
  endfacet
  facet normal 0.659341 -0.751844 0
    outer loop
      vertex 31.5828 -2.06272 4.7
      vertex 31.8385 -1.83848 5.5
      vertex 31.5828 -2.06272 5.5
    endloop
  endfacet
  facet normal 0.659341 -0.751844 0
    outer loop
      vertex 31.8385 -1.83848 5.5
      vertex 31.5828 -2.06272 4.7
      vertex 31.8385 -1.83848 4.7
    endloop
  endfacet
  facet normal 0.751902 -0.659275 0
    outer loop
      vertex 31.8385 -1.83848 5.5
      vertex 32.0627 -1.58278 4.7
      vertex 32.0627 -1.58278 5.5
    endloop
  endfacet
  facet normal 0.751902 -0.659275 0
    outer loop
      vertex 32.0627 -1.58278 4.7
      vertex 31.8385 -1.83848 5.5
      vertex 31.8385 -1.83848 4.7
    endloop
  endfacet
  facet normal 0.321391 0.946946 -0
    outer loop
      vertex 30.995 2.40209 4.7
      vertex 30.6729 2.51141 5.5
      vertex 30.995 2.40209 5.5
    endloop
  endfacet
  facet normal 0.321391 0.946946 0
    outer loop
      vertex 30.6729 2.51141 5.5
      vertex 30.995 2.40209 4.7
      vertex 30.6729 2.51141 4.7
    endloop
  endfacet
  facet normal -0.0653872 0.99786 0
    outer loop
      vertex 30 2.6 4.7
      vertex 29.6606 2.57776 5.5
      vertex 30 2.6 5.5
    endloop
  endfacet
  facet normal -0.0653872 0.99786 0
    outer loop
      vertex 29.6606 2.57776 5.5
      vertex 30 2.6 4.7
      vertex 29.6606 2.57776 4.7
    endloop
  endfacet
  facet normal -0.659341 -0.751844 0
    outer loop
      vertex 28.1615 -1.83848 4.7
      vertex 28.4172 -2.06272 5.5
      vertex 28.1615 -1.83848 5.5
    endloop
  endfacet
  facet normal -0.659341 -0.751844 -0
    outer loop
      vertex 28.4172 -2.06272 5.5
      vertex 28.1615 -1.83848 4.7
      vertex 28.4172 -2.06272 4.7
    endloop
  endfacet
  facet normal 0.896897 -0.442239 0
    outer loop
      vertex 32.2517 -1.3 5.5
      vertex 32.4021 -0.994976 4.7
      vertex 32.4021 -0.994976 5.5
    endloop
  endfacet
  facet normal 0.896897 -0.442239 0
    outer loop
      vertex 32.4021 -0.994976 4.7
      vertex 32.2517 -1.3 5.5
      vertex 32.2517 -1.3 4.7
    endloop
  endfacet
  facet normal -0.997867 0.0652762 0
    outer loop
      vertex 27.4 0 4.7
      vertex 27.4222 0.339368 5.5
      vertex 27.4222 0.339368 4.7
    endloop
  endfacet
  facet normal -0.997867 0.0652762 0
    outer loop
      vertex 27.4222 0.339368 5.5
      vertex 27.4 0 4.7
      vertex 27.4 0 5.5
    endloop
  endfacet
  facet normal 0.442314 -0.89686 0
    outer loop
      vertex 30.995 -2.40209 4.7
      vertex 31.3 -2.25167 5.5
      vertex 30.995 -2.40209 5.5
    endloop
  endfacet
  facet normal 0.442314 -0.89686 0
    outer loop
      vertex 31.3 -2.25167 5.5
      vertex 30.995 -2.40209 4.7
      vertex 31.3 -2.25167 4.7
    endloop
  endfacet
  facet normal -0.442314 -0.89686 0
    outer loop
      vertex 28.7 -2.25167 4.7
      vertex 29.005 -2.40209 5.5
      vertex 28.7 -2.25167 5.5
    endloop
  endfacet
  facet normal -0.442314 -0.89686 -0
    outer loop
      vertex 29.005 -2.40209 5.5
      vertex 28.7 -2.25167 4.7
      vertex 29.005 -2.40209 4.7
    endloop
  endfacet
  facet normal -0.442314 0.89686 0
    outer loop
      vertex 29.005 2.40209 4.7
      vertex 28.7 2.25167 5.5
      vertex 29.005 2.40209 5.5
    endloop
  endfacet
  facet normal -0.442314 0.89686 0
    outer loop
      vertex 28.7 2.25167 5.5
      vertex 29.005 2.40209 4.7
      vertex 28.7 2.25167 4.7
    endloop
  endfacet
  facet normal 0 0 -1
    outer loop
      vertex 31.8 0 4.7
      vertex 32.6 0 4.7
      vertex 32.5778 -0.339368 4.7
    endloop
  endfacet
  facet normal 0 0 -1
    outer loop
      vertex 31.7846 -0.234946 4.7
      vertex 32.5778 -0.339368 4.7
      vertex 32.5114 -0.672929 4.7
    endloop
  endfacet
  facet normal 0 0 -1
    outer loop
      vertex 32.6 0 4.7
      vertex 31.8 0 4.7
      vertex 32.5778 0.339368 4.7
    endloop
  endfacet
  facet normal 0 0 -1
    outer loop
      vertex 31.7387 -0.465874 4.7
      vertex 32.5114 -0.672929 4.7
      vertex 32.4021 -0.994976 4.7
    endloop
  endfacet
  facet normal 0 0 -1
    outer loop
      vertex 31.7846 0.234946 4.7
      vertex 32.5778 0.339368 4.7
      vertex 31.8 0 4.7
    endloop
  endfacet
  facet normal 0 0 -1
    outer loop
      vertex 31.663 -0.688829 4.7
      vertex 32.4021 -0.994976 4.7
      vertex 32.2517 -1.3 4.7
    endloop
  endfacet
  facet normal -0 0 -1
    outer loop
      vertex 32.5778 0.339368 4.7
      vertex 31.7846 0.234946 4.7
      vertex 32.5114 0.672929 4.7
    endloop
  endfacet
  facet normal 0 0 -1
    outer loop
      vertex 31.5588 -0.9 4.7
      vertex 32.2517 -1.3 4.7
      vertex 32.0627 -1.58278 4.7
    endloop
  endfacet
  facet normal 0 0 -1
    outer loop
      vertex 31.7387 0.465874 4.7
      vertex 32.5114 0.672929 4.7
      vertex 31.7846 0.234946 4.7
    endloop
  endfacet
  facet normal 0 0 -1
    outer loop
      vertex 31.428 -1.09577 4.7
      vertex 32.0627 -1.58278 4.7
      vertex 31.8385 -1.83848 4.7
    endloop
  endfacet
  facet normal -0 0 -1
    outer loop
      vertex 32.5114 0.672929 4.7
      vertex 31.7387 0.465874 4.7
      vertex 32.4021 0.994976 4.7
    endloop
  endfacet
  facet normal 0 0 -1
    outer loop
      vertex 31.663 0.688829 4.7
      vertex 32.4021 0.994976 4.7
      vertex 31.7387 0.465874 4.7
    endloop
  endfacet
  facet normal 0 0 -1
    outer loop
      vertex 32.5778 -0.339368 4.7
      vertex 31.7846 -0.234946 4.7
      vertex 31.8 0 4.7
    endloop
  endfacet
  facet normal 0 0 -1
    outer loop
      vertex 32.5114 -0.672929 4.7
      vertex 31.7387 -0.465874 4.7
      vertex 31.7846 -0.234946 4.7
    endloop
  endfacet
  facet normal 0 0 -1
    outer loop
      vertex 32.4021 -0.994976 4.7
      vertex 31.663 -0.688829 4.7
      vertex 31.7387 -0.465874 4.7
    endloop
  endfacet
  facet normal 0 0 -1
    outer loop
      vertex 31.2728 -1.27279 4.7
      vertex 31.8385 -1.83848 4.7
      vertex 31.5828 -2.06272 4.7
    endloop
  endfacet
  facet normal 0 0 -1
    outer loop
      vertex 32.2517 -1.3 4.7
      vertex 31.5588 -0.9 4.7
      vertex 31.663 -0.688829 4.7
    endloop
  endfacet
  facet normal 0 0 -1
    outer loop
      vertex 32.0627 -1.58278 4.7
      vertex 31.428 -1.09577 4.7
      vertex 31.5588 -0.9 4.7
    endloop
  endfacet
  facet normal 0 0 -1
    outer loop
      vertex 31.0958 -1.42804 4.7
      vertex 31.5828 -2.06272 4.7
      vertex 31.3 -2.25167 4.7
    endloop
  endfacet
  facet normal 0 0 -1
    outer loop
      vertex 31.8385 -1.83848 4.7
      vertex 31.2728 -1.27279 4.7
      vertex 31.428 -1.09577 4.7
    endloop
  endfacet
  facet normal 0 0 -1
    outer loop
      vertex 31.5828 -2.06272 4.7
      vertex 31.0958 -1.42804 4.7
      vertex 31.2728 -1.27279 4.7
    endloop
  endfacet
  facet normal 0 0 -1
    outer loop
      vertex 30.9 -1.55885 4.7
      vertex 31.3 -2.25167 4.7
      vertex 30.995 -2.40209 4.7
    endloop
  endfacet
  facet normal 0 0 -1
    outer loop
      vertex 31.3 -2.25167 4.7
      vertex 30.9 -1.55885 4.7
      vertex 31.0958 -1.42804 4.7
    endloop
  endfacet
  facet normal 0 0 -1
    outer loop
      vertex 30.995 -2.40209 4.7
      vertex 30.6888 -1.66298 4.7
      vertex 30.9 -1.55885 4.7
    endloop
  endfacet
  facet normal 0 0 -1
    outer loop
      vertex 30.6729 -2.51141 4.7
      vertex 30.6888 -1.66298 4.7
      vertex 30.995 -2.40209 4.7
    endloop
  endfacet
  facet normal 0 0 -1
    outer loop
      vertex 30.6729 -2.51141 4.7
      vertex 30.4659 -1.73867 4.7
      vertex 30.6888 -1.66298 4.7
    endloop
  endfacet
  facet normal 0 0 -1
    outer loop
      vertex 30.3394 -2.57776 4.7
      vertex 30.4659 -1.73867 4.7
      vertex 30.6729 -2.51141 4.7
    endloop
  endfacet
  facet normal 0 0 -1
    outer loop
      vertex 30.3394 -2.57776 4.7
      vertex 30.2349 -1.7846 4.7
      vertex 30.4659 -1.73867 4.7
    endloop
  endfacet
  facet normal 0 0 -1
    outer loop
      vertex 30 -2.6 4.7
      vertex 30.2349 -1.7846 4.7
      vertex 30.3394 -2.57776 4.7
    endloop
  endfacet
  facet normal 0 0 -1
    outer loop
      vertex 30 -2.6 4.7
      vertex 30 -1.8 4.7
      vertex 30.2349 -1.7846 4.7
    endloop
  endfacet
  facet normal 0 0 -1
    outer loop
      vertex 30 -2.6 4.7
      vertex 29.7651 -1.7846 4.7
      vertex 30 -1.8 4.7
    endloop
  endfacet
  facet normal 0 0 -1
    outer loop
      vertex 29.6606 -2.57776 4.7
      vertex 29.7651 -1.7846 4.7
      vertex 30 -2.6 4.7
    endloop
  endfacet
  facet normal 0 0 -1
    outer loop
      vertex 29.6606 -2.57776 4.7
      vertex 29.5341 -1.73867 4.7
      vertex 29.7651 -1.7846 4.7
    endloop
  endfacet
  facet normal 0 0 -1
    outer loop
      vertex 29.3271 -2.51141 4.7
      vertex 29.5341 -1.73867 4.7
      vertex 29.6606 -2.57776 4.7
    endloop
  endfacet
  facet normal 0 0 -1
    outer loop
      vertex 29.3271 -2.51141 4.7
      vertex 29.3112 -1.66298 4.7
      vertex 29.5341 -1.73867 4.7
    endloop
  endfacet
  facet normal 0 0 -1
    outer loop
      vertex 29.005 -2.40209 4.7
      vertex 29.3112 -1.66298 4.7
      vertex 29.3271 -2.51141 4.7
    endloop
  endfacet
  facet normal -0 0 -1
    outer loop
      vertex 29.3112 -1.66298 4.7
      vertex 29.005 -2.40209 4.7
      vertex 29.1 -1.55885 4.7
    endloop
  endfacet
  facet normal 0 0 -1
    outer loop
      vertex 28.7 -2.25167 4.7
      vertex 29.1 -1.55885 4.7
      vertex 29.005 -2.40209 4.7
    endloop
  endfacet
  facet normal -0 0 -1
    outer loop
      vertex 29.1 -1.55885 4.7
      vertex 28.7 -2.25167 4.7
      vertex 28.9042 -1.42804 4.7
    endloop
  endfacet
  facet normal 0 0 -1
    outer loop
      vertex 28.4172 -2.06272 4.7
      vertex 28.9042 -1.42804 4.7
      vertex 28.7 -2.25167 4.7
    endloop
  endfacet
  facet normal -0 0 -1
    outer loop
      vertex 28.9042 -1.42804 4.7
      vertex 28.4172 -2.06272 4.7
      vertex 28.7272 -1.27279 4.7
    endloop
  endfacet
  facet normal 0 0 -1
    outer loop
      vertex 28.1615 -1.83848 4.7
      vertex 28.7272 -1.27279 4.7
      vertex 28.4172 -2.06272 4.7
    endloop
  endfacet
  facet normal -0 0 -1
    outer loop
      vertex 28.7272 -1.27279 4.7
      vertex 28.1615 -1.83848 4.7
      vertex 28.572 -1.09577 4.7
    endloop
  endfacet
  facet normal 0 0 -1
    outer loop
      vertex 27.9373 -1.58278 4.7
      vertex 28.572 -1.09577 4.7
      vertex 28.1615 -1.83848 4.7
    endloop
  endfacet
  facet normal -0 0 -1
    outer loop
      vertex 28.572 -1.09577 4.7
      vertex 27.9373 -1.58278 4.7
      vertex 28.4412 -0.9 4.7
    endloop
  endfacet
  facet normal 0 0 -1
    outer loop
      vertex 27.7483 -1.3 4.7
      vertex 28.4412 -0.9 4.7
      vertex 27.9373 -1.58278 4.7
    endloop
  endfacet
  facet normal 0 0 -1
    outer loop
      vertex 27.5979 -0.994976 4.7
      vertex 28.337 -0.688829 4.7
      vertex 27.7483 -1.3 4.7
    endloop
  endfacet
  facet normal -0 0 -1
    outer loop
      vertex 28.4412 -0.9 4.7
      vertex 27.7483 -1.3 4.7
      vertex 28.337 -0.688829 4.7
    endloop
  endfacet
  facet normal -0 0 -1
    outer loop
      vertex 32.4021 0.994976 4.7
      vertex 31.663 0.688829 4.7
      vertex 32.2517 1.3 4.7
    endloop
  endfacet
  facet normal 0 0 -1
    outer loop
      vertex 31.5588 0.9 4.7
      vertex 32.2517 1.3 4.7
      vertex 31.663 0.688829 4.7
    endloop
  endfacet
  facet normal -0 0 -1
    outer loop
      vertex 32.2517 1.3 4.7
      vertex 31.5588 0.9 4.7
      vertex 32.0627 1.58278 4.7
    endloop
  endfacet
  facet normal 0 0 -1
    outer loop
      vertex 31.428 1.09577 4.7
      vertex 32.0627 1.58278 4.7
      vertex 31.5588 0.9 4.7
    endloop
  endfacet
  facet normal -0 0 -1
    outer loop
      vertex 32.0627 1.58278 4.7
      vertex 31.428 1.09577 4.7
      vertex 31.8385 1.83848 4.7
    endloop
  endfacet
  facet normal 0 0 -1
    outer loop
      vertex 31.2728 1.27279 4.7
      vertex 31.8385 1.83848 4.7
      vertex 31.428 1.09577 4.7
    endloop
  endfacet
  facet normal -0 0 -1
    outer loop
      vertex 31.8385 1.83848 4.7
      vertex 31.2728 1.27279 4.7
      vertex 31.5828 2.06272 4.7
    endloop
  endfacet
  facet normal 0 0 -1
    outer loop
      vertex 31.0958 1.42804 4.7
      vertex 31.5828 2.06272 4.7
      vertex 31.2728 1.27279 4.7
    endloop
  endfacet
  facet normal -0 0 -1
    outer loop
      vertex 31.5828 2.06272 4.7
      vertex 31.0958 1.42804 4.7
      vertex 31.3 2.25167 4.7
    endloop
  endfacet
  facet normal 0 0 -1
    outer loop
      vertex 30.9 1.55885 4.7
      vertex 31.3 2.25167 4.7
      vertex 31.0958 1.42804 4.7
    endloop
  endfacet
  facet normal -0 0 -1
    outer loop
      vertex 31.3 2.25167 4.7
      vertex 30.9 1.55885 4.7
      vertex 30.995 2.40209 4.7
    endloop
  endfacet
  facet normal 0 0 -1
    outer loop
      vertex 30.6888 1.66298 4.7
      vertex 30.995 2.40209 4.7
      vertex 30.9 1.55885 4.7
    endloop
  endfacet
  facet normal 0 0 -1
    outer loop
      vertex 30.6888 1.66298 4.7
      vertex 30.6729 2.51141 4.7
      vertex 30.995 2.40209 4.7
    endloop
  endfacet
  facet normal 0 0 -1
    outer loop
      vertex 30.4659 1.73867 4.7
      vertex 30.6729 2.51141 4.7
      vertex 30.6888 1.66298 4.7
    endloop
  endfacet
  facet normal 0 0 -1
    outer loop
      vertex 30.4659 1.73867 4.7
      vertex 30.3394 2.57776 4.7
      vertex 30.6729 2.51141 4.7
    endloop
  endfacet
  facet normal 0 0 -1
    outer loop
      vertex 30.2349 1.7846 4.7
      vertex 30.3394 2.57776 4.7
      vertex 30.4659 1.73867 4.7
    endloop
  endfacet
  facet normal 0 0 -1
    outer loop
      vertex 30 1.8 4.7
      vertex 30.3394 2.57776 4.7
      vertex 30.2349 1.7846 4.7
    endloop
  endfacet
  facet normal 0 0 -1
    outer loop
      vertex 30 1.8 4.7
      vertex 30 2.6 4.7
      vertex 30.3394 2.57776 4.7
    endloop
  endfacet
  facet normal 0 0 -1
    outer loop
      vertex 29.7651 1.7846 4.7
      vertex 30 2.6 4.7
      vertex 30 1.8 4.7
    endloop
  endfacet
  facet normal 0 0 -1
    outer loop
      vertex 29.7651 1.7846 4.7
      vertex 29.6606 2.57776 4.7
      vertex 30 2.6 4.7
    endloop
  endfacet
  facet normal 0 0 -1
    outer loop
      vertex 29.5341 1.73867 4.7
      vertex 29.6606 2.57776 4.7
      vertex 29.7651 1.7846 4.7
    endloop
  endfacet
  facet normal 0 0 -1
    outer loop
      vertex 29.5341 1.73867 4.7
      vertex 29.3271 2.51141 4.7
      vertex 29.6606 2.57776 4.7
    endloop
  endfacet
  facet normal 0 0 -1
    outer loop
      vertex 29.3112 1.66298 4.7
      vertex 29.3271 2.51141 4.7
      vertex 29.5341 1.73867 4.7
    endloop
  endfacet
  facet normal 0 0 -1
    outer loop
      vertex 29.005 2.40209 4.7
      vertex 29.3112 1.66298 4.7
      vertex 29.1 1.55885 4.7
    endloop
  endfacet
  facet normal 0 0 -1
    outer loop
      vertex 29.3112 1.66298 4.7
      vertex 29.005 2.40209 4.7
      vertex 29.3271 2.51141 4.7
    endloop
  endfacet
  facet normal 0 0 -1
    outer loop
      vertex 28.7 2.25167 4.7
      vertex 29.1 1.55885 4.7
      vertex 28.9042 1.42804 4.7
    endloop
  endfacet
  facet normal 0 0 -1
    outer loop
      vertex 28.4172 2.06272 4.7
      vertex 28.9042 1.42804 4.7
      vertex 28.7272 1.27279 4.7
    endloop
  endfacet
  facet normal 0 0 -1
    outer loop
      vertex 29.1 1.55885 4.7
      vertex 28.7 2.25167 4.7
      vertex 29.005 2.40209 4.7
    endloop
  endfacet
  facet normal 0 0 -1
    outer loop
      vertex 28.1615 1.83848 4.7
      vertex 28.7272 1.27279 4.7
      vertex 28.572 1.09577 4.7
    endloop
  endfacet
  facet normal 0 0 -1
    outer loop
      vertex 27.9373 1.58278 4.7
      vertex 28.572 1.09577 4.7
      vertex 28.4412 0.9 4.7
    endloop
  endfacet
  facet normal 0 0 -1
    outer loop
      vertex 28.9042 1.42804 4.7
      vertex 28.4172 2.06272 4.7
      vertex 28.7 2.25167 4.7
    endloop
  endfacet
  facet normal 0 0 -1
    outer loop
      vertex 27.7483 1.3 4.7
      vertex 28.4412 0.9 4.7
      vertex 28.337 0.688829 4.7
    endloop
  endfacet
  facet normal 0 0 -1
    outer loop
      vertex 27.5979 0.994976 4.7
      vertex 28.337 0.688829 4.7
      vertex 28.2613 0.465874 4.7
    endloop
  endfacet
  facet normal 0 0 -1
    outer loop
      vertex 27.4886 0.672929 4.7
      vertex 28.2613 0.465874 4.7
      vertex 28.2154 0.234946 4.7
    endloop
  endfacet
  facet normal 0 0 -1
    outer loop
      vertex 28.7272 1.27279 4.7
      vertex 28.1615 1.83848 4.7
      vertex 28.4172 2.06272 4.7
    endloop
  endfacet
  facet normal 0 0 -1
    outer loop
      vertex 27.4222 0.339368 4.7
      vertex 28.2154 0.234946 4.7
      vertex 28.2 0 4.7
    endloop
  endfacet
  facet normal -0 0 -1
    outer loop
      vertex 28.337 -0.688829 4.7
      vertex 27.5979 -0.994976 4.7
      vertex 28.2613 -0.465874 4.7
    endloop
  endfacet
  facet normal 0 0 -1
    outer loop
      vertex 27.4886 -0.672929 4.7
      vertex 28.2613 -0.465874 4.7
      vertex 27.5979 -0.994976 4.7
    endloop
  endfacet
  facet normal 0 0 -1
    outer loop
      vertex 28.572 1.09577 4.7
      vertex 27.9373 1.58278 4.7
      vertex 28.1615 1.83848 4.7
    endloop
  endfacet
  facet normal -0 0 -1
    outer loop
      vertex 28.2613 -0.465874 4.7
      vertex 27.4886 -0.672929 4.7
      vertex 28.2154 -0.234946 4.7
    endloop
  endfacet
  facet normal 0 0 -1
    outer loop
      vertex 28.4412 0.9 4.7
      vertex 27.7483 1.3 4.7
      vertex 27.9373 1.58278 4.7
    endloop
  endfacet
  facet normal 0 0 -1
    outer loop
      vertex 27.4222 -0.339368 4.7
      vertex 28.2154 -0.234946 4.7
      vertex 27.4886 -0.672929 4.7
    endloop
  endfacet
  facet normal 0 0 -1
    outer loop
      vertex 28.337 0.688829 4.7
      vertex 27.5979 0.994976 4.7
      vertex 27.7483 1.3 4.7
    endloop
  endfacet
  facet normal -0 0 -1
    outer loop
      vertex 28.2154 -0.234946 4.7
      vertex 27.4222 -0.339368 4.7
      vertex 28.2 0 4.7
    endloop
  endfacet
  facet normal 0 0 -1
    outer loop
      vertex 28.2613 0.465874 4.7
      vertex 27.4886 0.672929 4.7
      vertex 27.5979 0.994976 4.7
    endloop
  endfacet
  facet normal 0 0 -1
    outer loop
      vertex 27.4 0 4.7
      vertex 28.2 0 4.7
      vertex 27.4222 -0.339368 4.7
    endloop
  endfacet
  facet normal 0 0 -1
    outer loop
      vertex 28.2154 0.234946 4.7
      vertex 27.4222 0.339368 4.7
      vertex 27.4886 0.672929 4.7
    endloop
  endfacet
  facet normal 0 0 -1
    outer loop
      vertex 28.2 0 4.7
      vertex 27.4 0 4.7
      vertex 27.4222 0.339368 4.7
    endloop
  endfacet
  facet normal -0.896897 0.442239 0
    outer loop
      vertex 27.5979 0.994976 4.7
      vertex 27.7483 1.3 5.5
      vertex 27.7483 1.3 4.7
    endloop
  endfacet
  facet normal -0.896897 0.442239 0
    outer loop
      vertex 27.7483 1.3 5.5
      vertex 27.5979 0.994976 4.7
      vertex 27.5979 0.994976 5.5
    endloop
  endfacet
  facet normal -0.831398 0.555677 0
    outer loop
      vertex 27.7483 1.3 4.7
      vertex 27.9373 1.58278 5.5
      vertex 27.9373 1.58278 4.7
    endloop
  endfacet
  facet normal -0.831398 0.555677 0
    outer loop
      vertex 27.9373 1.58278 5.5
      vertex 27.7483 1.3 4.7
      vertex 27.7483 1.3 5.5
    endloop
  endfacet
  facet normal -0.555548 -0.831484 0
    outer loop
      vertex 28.4172 -2.06272 4.7
      vertex 28.7 -2.25167 5.5
      vertex 28.4172 -2.06272 5.5
    endloop
  endfacet
  facet normal -0.555548 -0.831484 -0
    outer loop
      vertex 28.7 -2.25167 5.5
      vertex 28.4172 -2.06272 4.7
      vertex 28.7 -2.25167 4.7
    endloop
  endfacet
  facet normal 0.997859 0.0654066 0
    outer loop
      vertex 31.8 0 4.7
      vertex 31.7846 0.234946 0
      vertex 31.7846 0.234946 4.7
    endloop
  endfacet
  facet normal 0.997859 0.0654066 0
    outer loop
      vertex 31.7846 0.234946 0
      vertex 31.8 0 4.7
      vertex 31.8 0 0
    endloop
  endfacet
  facet normal 0.442212 0.89691 -0
    outer loop
      vertex 30.9 1.55885 0
      vertex 30.6888 1.66298 4.7
      vertex 30.9 1.55885 4.7
    endloop
  endfacet
  facet normal 0.442212 0.89691 0
    outer loop
      vertex 30.6888 1.66298 4.7
      vertex 30.9 1.55885 0
      vertex 30.6888 1.66298 0
    endloop
  endfacet
  facet normal -0.946908 -0.321504 0
    outer loop
      vertex 28.337 -0.688829 0
      vertex 28.2613 -0.465874 4.7
      vertex 28.2613 -0.465874 0
    endloop
  endfacet
  facet normal -0.946908 -0.321504 0
    outer loop
      vertex 28.2613 -0.465874 4.7
      vertex 28.337 -0.688829 0
      vertex 28.337 -0.688829 4.7
    endloop
  endfacet
  facet normal 0.946908 0.321504 0
    outer loop
      vertex 31.7387 0.465874 4.7
      vertex 31.663 0.688829 0
      vertex 31.663 0.688829 4.7
    endloop
  endfacet
  facet normal 0.946908 0.321504 0
    outer loop
      vertex 31.663 0.688829 0
      vertex 31.7387 0.465874 4.7
      vertex 31.7387 0.465874 0
    endloop
  endfacet
  facet normal 0.896768 -0.4425 0
    outer loop
      vertex 31.5588 -0.9 4.7
      vertex 31.663 -0.688829 0
      vertex 31.663 -0.688829 4.7
    endloop
  endfacet
  facet normal 0.896768 -0.4425 0
    outer loop
      vertex 31.663 -0.688829 0
      vertex 31.5588 -0.9 4.7
      vertex 31.5588 -0.9 0
    endloop
  endfacet
  facet normal 0.997859 -0.0654066 0
    outer loop
      vertex 31.7846 -0.234946 4.7
      vertex 31.8 0 0
      vertex 31.8 0 4.7
    endloop
  endfacet
  facet normal 0.997859 -0.0654066 0
    outer loop
      vertex 31.8 0 0
      vertex 31.7846 -0.234946 4.7
      vertex 31.7846 -0.234946 0
    endloop
  endfacet
  facet normal 0.896768 0.4425 0
    outer loop
      vertex 31.663 0.688829 4.7
      vertex 31.5588 0.9 0
      vertex 31.5588 0.9 4.7
    endloop
  endfacet
  facet normal 0.896768 0.4425 0
    outer loop
      vertex 31.5588 0.9 0
      vertex 31.663 0.688829 4.7
      vertex 31.663 0.688829 0
    endloop
  endfacet
  facet normal -0.997859 0.0654066 0
    outer loop
      vertex 28.2 0 0
      vertex 28.2154 0.234946 4.7
      vertex 28.2154 0.234946 0
    endloop
  endfacet
  facet normal -0.997859 0.0654066 0
    outer loop
      vertex 28.2154 0.234946 4.7
      vertex 28.2 0 0
      vertex 28.2 0 4.7
    endloop
  endfacet
  facet normal -0.980813 0.19495 0
    outer loop
      vertex 28.2154 0.234946 0
      vertex 28.2613 0.465874 4.7
      vertex 28.2613 0.465874 0
    endloop
  endfacet
  facet normal -0.980813 0.19495 0
    outer loop
      vertex 28.2613 0.465874 4.7
      vertex 28.2154 0.234946 0
      vertex 28.2154 0.234946 4.7
    endloop
  endfacet
  facet normal 0.555513 -0.831508 0
    outer loop
      vertex 30.9 -1.55885 0
      vertex 31.0958 -1.42804 4.7
      vertex 30.9 -1.55885 4.7
    endloop
  endfacet
  facet normal 0.555513 -0.831508 0
    outer loop
      vertex 31.0958 -1.42804 4.7
      vertex 30.9 -1.55885 0
      vertex 31.0958 -1.42804 0
    endloop
  endfacet
  facet normal 0.555513 0.831508 -0
    outer loop
      vertex 31.0958 1.42804 0
      vertex 30.9 1.55885 4.7
      vertex 31.0958 1.42804 4.7
    endloop
  endfacet
  facet normal 0.555513 0.831508 0
    outer loop
      vertex 30.9 1.55885 4.7
      vertex 31.0958 1.42804 0
      vertex 30.9 1.55885 0
    endloop
  endfacet
  facet normal 0.195014 -0.980801 0
    outer loop
      vertex 30.2349 -1.7846 0
      vertex 30.4659 -1.73867 4.7
      vertex 30.2349 -1.7846 4.7
    endloop
  endfacet
  facet normal 0.195014 -0.980801 0
    outer loop
      vertex 30.4659 -1.73867 4.7
      vertex 30.2349 -1.7846 0
      vertex 30.4659 -1.73867 0
    endloop
  endfacet
  facet normal -0.195014 -0.980801 0
    outer loop
      vertex 29.5341 -1.73867 0
      vertex 29.7651 -1.7846 4.7
      vertex 29.5341 -1.73867 4.7
    endloop
  endfacet
  facet normal -0.195014 -0.980801 -0
    outer loop
      vertex 29.7651 -1.7846 4.7
      vertex 29.5341 -1.73867 0
      vertex 29.7651 -1.7846 0
    endloop
  endfacet
  facet normal -0.321537 -0.946897 0
    outer loop
      vertex 29.3112 -1.66298 0
      vertex 29.5341 -1.73867 4.7
      vertex 29.3112 -1.66298 4.7
    endloop
  endfacet
  facet normal -0.321537 -0.946897 -0
    outer loop
      vertex 29.5341 -1.73867 4.7
      vertex 29.3112 -1.66298 0
      vertex 29.5341 -1.73867 0
    endloop
  endfacet
  facet normal -0.442212 0.89691 0
    outer loop
      vertex 29.3112 1.66298 0
      vertex 29.1 1.55885 4.7
      vertex 29.3112 1.66298 4.7
    endloop
  endfacet
  facet normal -0.442212 0.89691 0
    outer loop
      vertex 29.1 1.55885 4.7
      vertex 29.3112 1.66298 0
      vertex 29.1 1.55885 0
    endloop
  endfacet
  facet normal -0.896768 0.4425 0
    outer loop
      vertex 28.337 0.688829 0
      vertex 28.4412 0.9 4.7
      vertex 28.4412 0.9 0
    endloop
  endfacet
  facet normal -0.896768 0.4425 0
    outer loop
      vertex 28.4412 0.9 4.7
      vertex 28.337 0.688829 0
      vertex 28.337 0.688829 4.7
    endloop
  endfacet
  facet normal -0.997859 -0.0654066 0
    outer loop
      vertex 28.2154 -0.234946 0
      vertex 28.2 0 4.7
      vertex 28.2 0 0
    endloop
  endfacet
  facet normal -0.997859 -0.0654066 0
    outer loop
      vertex 28.2 0 4.7
      vertex 28.2154 -0.234946 0
      vertex 28.2154 -0.234946 4.7
    endloop
  endfacet
  facet normal -0.751929 -0.659244 0
    outer loop
      vertex 28.7272 -1.27279 0
      vertex 28.572 -1.09577 4.7
      vertex 28.572 -1.09577 0
    endloop
  endfacet
  facet normal -0.751929 -0.659244 0
    outer loop
      vertex 28.572 -1.09577 4.7
      vertex 28.7272 -1.27279 0
      vertex 28.7272 -1.27279 4.7
    endloop
  endfacet
  facet normal -0.980813 -0.19495 0
    outer loop
      vertex 28.2613 -0.465874 0
      vertex 28.2154 -0.234946 4.7
      vertex 28.2154 -0.234946 0
    endloop
  endfacet
  facet normal -0.980813 -0.19495 0
    outer loop
      vertex 28.2154 -0.234946 4.7
      vertex 28.2613 -0.465874 0
      vertex 28.2613 -0.465874 4.7
    endloop
  endfacet
  facet normal 0.0654194 0.997858 -0
    outer loop
      vertex 30.2349 1.7846 0
      vertex 30 1.8 4.7
      vertex 30.2349 1.7846 4.7
    endloop
  endfacet
  facet normal 0.0654194 0.997858 0
    outer loop
      vertex 30 1.8 4.7
      vertex 30.2349 1.7846 0
      vertex 30 1.8 0
    endloop
  endfacet
  facet normal 0.751929 0.659244 0
    outer loop
      vertex 31.428 1.09577 4.7
      vertex 31.2728 1.27279 0
      vertex 31.2728 1.27279 4.7
    endloop
  endfacet
  facet normal 0.751929 0.659244 0
    outer loop
      vertex 31.2728 1.27279 0
      vertex 31.428 1.09577 4.7
      vertex 31.428 1.09577 0
    endloop
  endfacet
  facet normal 0.980813 0.19495 0
    outer loop
      vertex 31.7846 0.234946 4.7
      vertex 31.7387 0.465874 0
      vertex 31.7387 0.465874 4.7
    endloop
  endfacet
  facet normal 0.980813 0.19495 0
    outer loop
      vertex 31.7387 0.465874 0
      vertex 31.7846 0.234946 4.7
      vertex 31.7846 0.234946 0
    endloop
  endfacet
  facet normal -0.659406 -0.751787 0
    outer loop
      vertex 28.7272 -1.27279 0
      vertex 28.9042 -1.42804 4.7
      vertex 28.7272 -1.27279 4.7
    endloop
  endfacet
  facet normal -0.659406 -0.751787 -0
    outer loop
      vertex 28.9042 -1.42804 4.7
      vertex 28.7272 -1.27279 0
      vertex 28.9042 -1.42804 0
    endloop
  endfacet
  facet normal -0.0654194 -0.997858 0
    outer loop
      vertex 29.7651 -1.7846 0
      vertex 30 -1.8 4.7
      vertex 29.7651 -1.7846 4.7
    endloop
  endfacet
  facet normal -0.0654194 -0.997858 -0
    outer loop
      vertex 30 -1.8 4.7
      vertex 29.7651 -1.7846 0
      vertex 30 -1.8 0
    endloop
  endfacet
  facet normal 0.659406 0.751787 -0
    outer loop
      vertex 31.2728 1.27279 0
      vertex 31.0958 1.42804 4.7
      vertex 31.2728 1.27279 4.7
    endloop
  endfacet
  facet normal 0.659406 0.751787 0
    outer loop
      vertex 31.0958 1.42804 4.7
      vertex 31.2728 1.27279 0
      vertex 31.0958 1.42804 0
    endloop
  endfacet
  facet normal 0 0 -1
    outer loop
      vertex 31.7846 -0.234946 0
      vertex 31.7846 0.234946 0
      vertex 31.8 0 0
    endloop
  endfacet
  facet normal 0 0 -1
    outer loop
      vertex 31.7387 -0.465874 0
      vertex 31.7846 0.234946 0
      vertex 31.7846 -0.234946 0
    endloop
  endfacet
  facet normal 0 0 -1
    outer loop
      vertex 31.7387 -0.465874 0
      vertex 31.7387 0.465874 0
      vertex 31.7846 0.234946 0
    endloop
  endfacet
  facet normal 0 0 -1
    outer loop
      vertex 31.663 -0.688829 0
      vertex 31.7387 0.465874 0
      vertex 31.7387 -0.465874 0
    endloop
  endfacet
  facet normal 0 0 -1
    outer loop
      vertex 31.663 -0.688829 0
      vertex 31.663 0.688829 0
      vertex 31.7387 0.465874 0
    endloop
  endfacet
  facet normal 0 0 -1
    outer loop
      vertex 31.5588 -0.9 0
      vertex 31.663 0.688829 0
      vertex 31.663 -0.688829 0
    endloop
  endfacet
  facet normal 0 0 -1
    outer loop
      vertex 31.5588 -0.9 0
      vertex 31.5588 0.9 0
      vertex 31.663 0.688829 0
    endloop
  endfacet
  facet normal 0 0 -1
    outer loop
      vertex 31.428 -1.09577 0
      vertex 31.5588 0.9 0
      vertex 31.5588 -0.9 0
    endloop
  endfacet
  facet normal 0 0 -1
    outer loop
      vertex 31.428 -1.09577 0
      vertex 31.428 1.09577 0
      vertex 31.5588 0.9 0
    endloop
  endfacet
  facet normal 0 0 -1
    outer loop
      vertex 31.2728 -1.27279 0
      vertex 31.428 1.09577 0
      vertex 31.428 -1.09577 0
    endloop
  endfacet
  facet normal 0 0 -1
    outer loop
      vertex 31.2728 -1.27279 0
      vertex 31.2728 1.27279 0
      vertex 31.428 1.09577 0
    endloop
  endfacet
  facet normal 0 0 -1
    outer loop
      vertex 31.0958 -1.42804 0
      vertex 31.2728 1.27279 0
      vertex 31.2728 -1.27279 0
    endloop
  endfacet
  facet normal 0 0 -1
    outer loop
      vertex 31.0958 -1.42804 0
      vertex 31.0958 1.42804 0
      vertex 31.2728 1.27279 0
    endloop
  endfacet
  facet normal 0 0 -1
    outer loop
      vertex 30.9 -1.55885 0
      vertex 31.0958 1.42804 0
      vertex 31.0958 -1.42804 0
    endloop
  endfacet
  facet normal 0 0 -1
    outer loop
      vertex 30.9 -1.55885 0
      vertex 30.9 1.55885 0
      vertex 31.0958 1.42804 0
    endloop
  endfacet
  facet normal 0 0 -1
    outer loop
      vertex 30.6888 -1.66298 0
      vertex 30.9 1.55885 0
      vertex 30.9 -1.55885 0
    endloop
  endfacet
  facet normal 0 0 -1
    outer loop
      vertex 30.6888 -1.66298 0
      vertex 30.6888 1.66298 0
      vertex 30.9 1.55885 0
    endloop
  endfacet
  facet normal 0 0 -1
    outer loop
      vertex 30.4659 -1.73867 0
      vertex 30.6888 1.66298 0
      vertex 30.6888 -1.66298 0
    endloop
  endfacet
  facet normal 0 0 -1
    outer loop
      vertex 30.4659 -1.73867 0
      vertex 30.4659 1.73867 0
      vertex 30.6888 1.66298 0
    endloop
  endfacet
  facet normal 0 0 -1
    outer loop
      vertex 30.2349 -1.7846 0
      vertex 30.4659 1.73867 0
      vertex 30.4659 -1.73867 0
    endloop
  endfacet
  facet normal 0 0 -1
    outer loop
      vertex 30.2349 -1.7846 0
      vertex 30.2349 1.7846 0
      vertex 30.4659 1.73867 0
    endloop
  endfacet
  facet normal 0 0 -1
    outer loop
      vertex 30 -1.8 0
      vertex 30.2349 1.7846 0
      vertex 30.2349 -1.7846 0
    endloop
  endfacet
  facet normal 0 0 -1
    outer loop
      vertex 30 -1.8 0
      vertex 30 1.8 0
      vertex 30.2349 1.7846 0
    endloop
  endfacet
  facet normal 0 0 -1
    outer loop
      vertex 29.7651 -1.7846 0
      vertex 30 1.8 0
      vertex 30 -1.8 0
    endloop
  endfacet
  facet normal 0 0 -1
    outer loop
      vertex 29.7651 -1.7846 0
      vertex 29.7651 1.7846 0
      vertex 30 1.8 0
    endloop
  endfacet
  facet normal 0 0 -1
    outer loop
      vertex 29.5341 -1.73867 0
      vertex 29.7651 1.7846 0
      vertex 29.7651 -1.7846 0
    endloop
  endfacet
  facet normal 0 0 -1
    outer loop
      vertex 29.5341 -1.73867 0
      vertex 29.5341 1.73867 0
      vertex 29.7651 1.7846 0
    endloop
  endfacet
  facet normal 0 0 -1
    outer loop
      vertex 29.3112 -1.66298 0
      vertex 29.5341 1.73867 0
      vertex 29.5341 -1.73867 0
    endloop
  endfacet
  facet normal 0 0 -1
    outer loop
      vertex 29.3112 -1.66298 0
      vertex 29.3112 1.66298 0
      vertex 29.5341 1.73867 0
    endloop
  endfacet
  facet normal 0 0 -1
    outer loop
      vertex 29.1 -1.55885 0
      vertex 29.3112 1.66298 0
      vertex 29.3112 -1.66298 0
    endloop
  endfacet
  facet normal 0 0 -1
    outer loop
      vertex 29.1 -1.55885 0
      vertex 29.1 1.55885 0
      vertex 29.3112 1.66298 0
    endloop
  endfacet
  facet normal 0 0 -1
    outer loop
      vertex 28.9042 -1.42804 0
      vertex 29.1 1.55885 0
      vertex 29.1 -1.55885 0
    endloop
  endfacet
  facet normal 0 0 -1
    outer loop
      vertex 28.9042 -1.42804 0
      vertex 28.9042 1.42804 0
      vertex 29.1 1.55885 0
    endloop
  endfacet
  facet normal 0 0 -1
    outer loop
      vertex 28.7272 -1.27279 0
      vertex 28.9042 1.42804 0
      vertex 28.9042 -1.42804 0
    endloop
  endfacet
  facet normal 0 0 -1
    outer loop
      vertex 28.7272 -1.27279 0
      vertex 28.7272 1.27279 0
      vertex 28.9042 1.42804 0
    endloop
  endfacet
  facet normal 0 0 -1
    outer loop
      vertex 28.572 -1.09577 0
      vertex 28.7272 1.27279 0
      vertex 28.7272 -1.27279 0
    endloop
  endfacet
  facet normal 0 0 -1
    outer loop
      vertex 28.572 -1.09577 0
      vertex 28.572 1.09577 0
      vertex 28.7272 1.27279 0
    endloop
  endfacet
  facet normal 0 0 -1
    outer loop
      vertex 28.4412 -0.9 0
      vertex 28.572 1.09577 0
      vertex 28.572 -1.09577 0
    endloop
  endfacet
  facet normal 0 0 -1
    outer loop
      vertex 28.4412 -0.9 0
      vertex 28.4412 0.9 0
      vertex 28.572 1.09577 0
    endloop
  endfacet
  facet normal 0 0 -1
    outer loop
      vertex 28.337 -0.688829 0
      vertex 28.4412 0.9 0
      vertex 28.4412 -0.9 0
    endloop
  endfacet
  facet normal 0 0 -1
    outer loop
      vertex 28.337 -0.688829 0
      vertex 28.337 0.688829 0
      vertex 28.4412 0.9 0
    endloop
  endfacet
  facet normal 0 0 -1
    outer loop
      vertex 28.2613 -0.465874 0
      vertex 28.337 0.688829 0
      vertex 28.337 -0.688829 0
    endloop
  endfacet
  facet normal 0 0 -1
    outer loop
      vertex 28.2613 -0.465874 0
      vertex 28.2613 0.465874 0
      vertex 28.337 0.688829 0
    endloop
  endfacet
  facet normal 0 0 -1
    outer loop
      vertex 28.2154 -0.234946 0
      vertex 28.2613 0.465874 0
      vertex 28.2613 -0.465874 0
    endloop
  endfacet
  facet normal 0 0 -1
    outer loop
      vertex 28.2154 -0.234946 0
      vertex 28.2154 0.234946 0
      vertex 28.2613 0.465874 0
    endloop
  endfacet
  facet normal 0 -0 -1
    outer loop
      vertex 28.2154 0.234946 0
      vertex 28.2154 -0.234946 0
      vertex 28.2 0 0
    endloop
  endfacet
  facet normal 0.831488 -0.555543 0
    outer loop
      vertex 31.428 -1.09577 4.7
      vertex 31.5588 -0.9 0
      vertex 31.5588 -0.9 4.7
    endloop
  endfacet
  facet normal 0.831488 -0.555543 0
    outer loop
      vertex 31.5588 -0.9 0
      vertex 31.428 -1.09577 4.7
      vertex 31.428 -1.09577 0
    endloop
  endfacet
  facet normal -0.321537 0.946897 0
    outer loop
      vertex 29.5341 1.73867 0
      vertex 29.3112 1.66298 4.7
      vertex 29.5341 1.73867 4.7
    endloop
  endfacet
  facet normal -0.321537 0.946897 0
    outer loop
      vertex 29.3112 1.66298 4.7
      vertex 29.5341 1.73867 0
      vertex 29.3112 1.66298 0
    endloop
  endfacet
  facet normal 0.659406 -0.751787 0
    outer loop
      vertex 31.0958 -1.42804 0
      vertex 31.2728 -1.27279 4.7
      vertex 31.0958 -1.42804 4.7
    endloop
  endfacet
  facet normal 0.659406 -0.751787 0
    outer loop
      vertex 31.2728 -1.27279 4.7
      vertex 31.0958 -1.42804 0
      vertex 31.2728 -1.27279 0
    endloop
  endfacet
  facet normal 0.321537 -0.946897 0
    outer loop
      vertex 30.4659 -1.73867 0
      vertex 30.6888 -1.66298 4.7
      vertex 30.4659 -1.73867 4.7
    endloop
  endfacet
  facet normal 0.321537 -0.946897 0
    outer loop
      vertex 30.6888 -1.66298 4.7
      vertex 30.4659 -1.73867 0
      vertex 30.6888 -1.66298 0
    endloop
  endfacet
  facet normal -0.555513 0.831508 0
    outer loop
      vertex 29.1 1.55885 0
      vertex 28.9042 1.42804 4.7
      vertex 29.1 1.55885 4.7
    endloop
  endfacet
  facet normal -0.555513 0.831508 0
    outer loop
      vertex 28.9042 1.42804 4.7
      vertex 29.1 1.55885 0
      vertex 28.9042 1.42804 0
    endloop
  endfacet
  facet normal -0.659406 0.751787 0
    outer loop
      vertex 28.9042 1.42804 0
      vertex 28.7272 1.27279 4.7
      vertex 28.9042 1.42804 4.7
    endloop
  endfacet
  facet normal -0.659406 0.751787 0
    outer loop
      vertex 28.7272 1.27279 4.7
      vertex 28.9042 1.42804 0
      vertex 28.7272 1.27279 0
    endloop
  endfacet
  facet normal 0.831488 0.555543 0
    outer loop
      vertex 31.5588 0.9 4.7
      vertex 31.428 1.09577 0
      vertex 31.428 1.09577 4.7
    endloop
  endfacet
  facet normal 0.831488 0.555543 0
    outer loop
      vertex 31.428 1.09577 0
      vertex 31.5588 0.9 4.7
      vertex 31.5588 0.9 0
    endloop
  endfacet
  facet normal -0.751929 0.659244 0
    outer loop
      vertex 28.572 1.09577 0
      vertex 28.7272 1.27279 4.7
      vertex 28.7272 1.27279 0
    endloop
  endfacet
  facet normal -0.751929 0.659244 0
    outer loop
      vertex 28.7272 1.27279 4.7
      vertex 28.572 1.09577 0
      vertex 28.572 1.09577 4.7
    endloop
  endfacet
  facet normal -0.831488 0.555543 0
    outer loop
      vertex 28.4412 0.9 0
      vertex 28.572 1.09577 4.7
      vertex 28.572 1.09577 0
    endloop
  endfacet
  facet normal -0.831488 0.555543 0
    outer loop
      vertex 28.572 1.09577 4.7
      vertex 28.4412 0.9 0
      vertex 28.4412 0.9 4.7
    endloop
  endfacet
  facet normal 0.751929 -0.659244 0
    outer loop
      vertex 31.2728 -1.27279 4.7
      vertex 31.428 -1.09577 0
      vertex 31.428 -1.09577 4.7
    endloop
  endfacet
  facet normal 0.751929 -0.659244 0
    outer loop
      vertex 31.428 -1.09577 0
      vertex 31.2728 -1.27279 4.7
      vertex 31.2728 -1.27279 0
    endloop
  endfacet
  facet normal 0.442212 -0.89691 0
    outer loop
      vertex 30.6888 -1.66298 0
      vertex 30.9 -1.55885 4.7
      vertex 30.6888 -1.66298 4.7
    endloop
  endfacet
  facet normal 0.442212 -0.89691 0
    outer loop
      vertex 30.9 -1.55885 4.7
      vertex 30.6888 -1.66298 0
      vertex 30.9 -1.55885 0
    endloop
  endfacet
  facet normal 0.195014 0.980801 -0
    outer loop
      vertex 30.4659 1.73867 0
      vertex 30.2349 1.7846 4.7
      vertex 30.4659 1.73867 4.7
    endloop
  endfacet
  facet normal 0.195014 0.980801 0
    outer loop
      vertex 30.2349 1.7846 4.7
      vertex 30.4659 1.73867 0
      vertex 30.2349 1.7846 0
    endloop
  endfacet
  facet normal -0.195014 0.980801 0
    outer loop
      vertex 29.7651 1.7846 0
      vertex 29.5341 1.73867 4.7
      vertex 29.7651 1.7846 4.7
    endloop
  endfacet
  facet normal -0.195014 0.980801 0
    outer loop
      vertex 29.5341 1.73867 4.7
      vertex 29.7651 1.7846 0
      vertex 29.5341 1.73867 0
    endloop
  endfacet
  facet normal -0.946908 0.321504 0
    outer loop
      vertex 28.2613 0.465874 0
      vertex 28.337 0.688829 4.7
      vertex 28.337 0.688829 0
    endloop
  endfacet
  facet normal -0.946908 0.321504 0
    outer loop
      vertex 28.337 0.688829 4.7
      vertex 28.2613 0.465874 0
      vertex 28.2613 0.465874 4.7
    endloop
  endfacet
  facet normal -0.896768 -0.4425 0
    outer loop
      vertex 28.4412 -0.9 0
      vertex 28.337 -0.688829 4.7
      vertex 28.337 -0.688829 0
    endloop
  endfacet
  facet normal -0.896768 -0.4425 0
    outer loop
      vertex 28.337 -0.688829 4.7
      vertex 28.4412 -0.9 0
      vertex 28.4412 -0.9 4.7
    endloop
  endfacet
  facet normal -0.442212 -0.89691 0
    outer loop
      vertex 29.1 -1.55885 0
      vertex 29.3112 -1.66298 4.7
      vertex 29.1 -1.55885 4.7
    endloop
  endfacet
  facet normal -0.442212 -0.89691 -0
    outer loop
      vertex 29.3112 -1.66298 4.7
      vertex 29.1 -1.55885 0
      vertex 29.3112 -1.66298 0
    endloop
  endfacet
  facet normal 0.321537 0.946897 -0
    outer loop
      vertex 30.6888 1.66298 0
      vertex 30.4659 1.73867 4.7
      vertex 30.6888 1.66298 4.7
    endloop
  endfacet
  facet normal 0.321537 0.946897 0
    outer loop
      vertex 30.4659 1.73867 4.7
      vertex 30.6888 1.66298 0
      vertex 30.4659 1.73867 0
    endloop
  endfacet
  facet normal -0.555513 -0.831508 0
    outer loop
      vertex 28.9042 -1.42804 0
      vertex 29.1 -1.55885 4.7
      vertex 28.9042 -1.42804 4.7
    endloop
  endfacet
  facet normal -0.555513 -0.831508 -0
    outer loop
      vertex 29.1 -1.55885 4.7
      vertex 28.9042 -1.42804 0
      vertex 29.1 -1.55885 0
    endloop
  endfacet
  facet normal 0.0654194 -0.997858 0
    outer loop
      vertex 30 -1.8 0
      vertex 30.2349 -1.7846 4.7
      vertex 30 -1.8 4.7
    endloop
  endfacet
  facet normal 0.0654194 -0.997858 0
    outer loop
      vertex 30.2349 -1.7846 4.7
      vertex 30 -1.8 0
      vertex 30.2349 -1.7846 0
    endloop
  endfacet
  facet normal 0.946908 -0.321504 0
    outer loop
      vertex 31.663 -0.688829 4.7
      vertex 31.7387 -0.465874 0
      vertex 31.7387 -0.465874 4.7
    endloop
  endfacet
  facet normal 0.946908 -0.321504 0
    outer loop
      vertex 31.7387 -0.465874 0
      vertex 31.663 -0.688829 4.7
      vertex 31.663 -0.688829 0
    endloop
  endfacet
  facet normal 0.980813 -0.19495 0
    outer loop
      vertex 31.7387 -0.465874 4.7
      vertex 31.7846 -0.234946 0
      vertex 31.7846 -0.234946 4.7
    endloop
  endfacet
  facet normal 0.980813 -0.19495 0
    outer loop
      vertex 31.7846 -0.234946 0
      vertex 31.7387 -0.465874 4.7
      vertex 31.7387 -0.465874 0
    endloop
  endfacet
  facet normal -0.0654194 0.997858 0
    outer loop
      vertex 30 1.8 0
      vertex 29.7651 1.7846 4.7
      vertex 30 1.8 4.7
    endloop
  endfacet
  facet normal -0.0654194 0.997858 0
    outer loop
      vertex 29.7651 1.7846 4.7
      vertex 30 1.8 0
      vertex 29.7651 1.7846 0
    endloop
  endfacet
  facet normal -0.831488 -0.555543 0
    outer loop
      vertex 28.572 -1.09577 0
      vertex 28.4412 -0.9 4.7
      vertex 28.4412 -0.9 0
    endloop
  endfacet
  facet normal -0.831488 -0.555543 0
    outer loop
      vertex 28.4412 -0.9 4.7
      vertex 28.572 -1.09577 0
      vertex 28.572 -1.09577 4.7
    endloop
  endfacet
  facet normal 1 -0 0
    outer loop
      vertex 10 -0.599999 5.5
      vertex 10 0.599999 4.7
      vertex 10 0.599999 5.5
    endloop
  endfacet
  facet normal 1 0 0
    outer loop
      vertex 10 0.599999 4.7
      vertex 10 -0.599999 5.5
      vertex 10 -0.599999 4.7
    endloop
  endfacet
  facet normal -0 0 1
    outer loop
      vertex 5 0.599999 5.5
      vertex 10 -0.599999 5.5
      vertex 10 0.599999 5.5
    endloop
  endfacet
  facet normal 0 0 1
    outer loop
      vertex 10 -0.599999 5.5
      vertex 5 0.599999 5.5
      vertex 5 -0.599999 5.5
    endloop
  endfacet
  facet normal 0 0 -1
    outer loop
      vertex 5 -0.599999 4.7
      vertex 10 0.599999 4.7
      vertex 10 -0.599999 4.7
    endloop
  endfacet
  facet normal -0 0 -1
    outer loop
      vertex 10 0.599999 4.7
      vertex 5 -0.599999 4.7
      vertex 5 0.599999 4.7
    endloop
  endfacet
  facet normal -1 0 0
    outer loop
      vertex 5 -0.599999 4.7
      vertex 5 0.599999 5.5
      vertex 5 0.599999 4.7
    endloop
  endfacet
  facet normal -1 -0 0
    outer loop
      vertex 5 0.599999 5.5
      vertex 5 -0.599999 4.7
      vertex 5 -0.599999 5.5
    endloop
  endfacet
  facet normal 0 1 -0
    outer loop
      vertex 10 0.599999 4.7
      vertex 5 0.599999 5.5
      vertex 10 0.599999 5.5
    endloop
  endfacet
  facet normal 0 1 0
    outer loop
      vertex 5 0.599999 5.5
      vertex 10 0.599999 4.7
      vertex 5 0.599999 4.7
    endloop
  endfacet
  facet normal 0 -1 0
    outer loop
      vertex 5 -0.599999 4.7
      vertex 10 -0.599999 5.5
      vertex 5 -0.599999 5.5
    endloop
  endfacet
  facet normal 0 -1 -0
    outer loop
      vertex 10 -0.599999 5.5
      vertex 5 -0.599999 4.7
      vertex 10 -0.599999 4.7
    endloop
  endfacet
  facet normal 1 -0 0
    outer loop
      vertex 25 -0.599999 5.5
      vertex 25 0.599999 4.7
      vertex 25 0.599999 5.5
    endloop
  endfacet
  facet normal 1 0 0
    outer loop
      vertex 25 0.599999 4.7
      vertex 25 -0.599999 5.5
      vertex 25 -0.599999 4.7
    endloop
  endfacet
  facet normal -0 0 1
    outer loop
      vertex 20 0.599999 5.5
      vertex 25 -0.599999 5.5
      vertex 25 0.599999 5.5
    endloop
  endfacet
  facet normal 0 0 1
    outer loop
      vertex 25 -0.599999 5.5
      vertex 20 0.599999 5.5
      vertex 20 -0.599999 5.5
    endloop
  endfacet
  facet normal 0 0 -1
    outer loop
      vertex 20 -0.599999 4.7
      vertex 25 0.599999 4.7
      vertex 25 -0.599999 4.7
    endloop
  endfacet
  facet normal -0 0 -1
    outer loop
      vertex 25 0.599999 4.7
      vertex 20 -0.599999 4.7
      vertex 20 0.599999 4.7
    endloop
  endfacet
  facet normal -1 0 0
    outer loop
      vertex 20 -0.599999 4.7
      vertex 20 0.599999 5.5
      vertex 20 0.599999 4.7
    endloop
  endfacet
  facet normal -1 -0 0
    outer loop
      vertex 20 0.599999 5.5
      vertex 20 -0.599999 4.7
      vertex 20 -0.599999 5.5
    endloop
  endfacet
  facet normal 0 1 -0
    outer loop
      vertex 25 0.599999 4.7
      vertex 20 0.599999 5.5
      vertex 25 0.599999 5.5
    endloop
  endfacet
  facet normal 0 1 0
    outer loop
      vertex 20 0.599999 5.5
      vertex 25 0.599999 4.7
      vertex 20 0.599999 4.7
    endloop
  endfacet
  facet normal 0 -1 0
    outer loop
      vertex 20 -0.599999 4.7
      vertex 25 -0.599999 5.5
      vertex 20 -0.599999 5.5
    endloop
  endfacet
  facet normal 0 -1 -0
    outer loop
      vertex 25 -0.599999 5.5
      vertex 20 -0.599999 4.7
      vertex 25 -0.599999 4.7
    endloop
  endfacet
endsolid OpenSCAD_Model
