solid OpenSCAD_Model
  facet normal -1 0 0
    outer loop
      vertex 2.75 2.75 0
      vertex 2.75 32.05 9.35
      vertex 2.75 32.05 0
    endloop
  endfacet
  facet normal -1 -0 0
    outer loop
      vertex 2.75 32.05 9.35
      vertex 2.75 2.75 0
      vertex 2.75 2.75 9.35
    endloop
  endfacet
  facet normal 0 0 -1
    outer loop
      vertex 18.35 0 9.35
      vertex 2.75 2.75 9.35
      vertex 18.35 2.75 9.35
    endloop
  endfacet
  facet normal 0 0 -1
    outer loop
      vertex 0 1.2 9.35
      vertex 2.75 2.75 9.35
      vertex 1.2 0 9.35
    endloop
  endfacet
  facet normal 0 0 -1
    outer loop
      vertex 1.2 0 9.35
      vertex 2.75 2.75 9.35
      vertex 18.35 0 9.35
    endloop
  endfacet
  facet normal 0 0 -1
    outer loop
      vertex 2.75 32.05 9.35
      vertex 18.35 34.8 9.35
      vertex 18.35 32.05 9.35
    endloop
  endfacet
  facet normal 0 0 -1
    outer loop
      vertex 2.75 32.05 9.35
      vertex 1.2 34.8 9.35
      vertex 18.35 34.8 9.35
    endloop
  endfacet
  facet normal -0 0 -1
    outer loop
      vertex 2.75 2.75 9.35
      vertex 0 1.2 9.35
      vertex 2.75 32.05 9.35
    endloop
  endfacet
  facet normal 0 0 -1
    outer loop
      vertex 0 33.6 9.35
      vertex 2.75 32.05 9.35
      vertex 0 1.2 9.35
    endloop
  endfacet
  facet normal 0 0 -1
    outer loop
      vertex 2.75 32.05 9.35
      vertex 0 33.6 9.35
      vertex 1.2 34.8 9.35
    endloop
  endfacet
  facet normal -1 0 0
    outer loop
      vertex 18.35 0 1.2
      vertex 18.35 2.75 0
      vertex 18.35 1.2 0
    endloop
  endfacet
  facet normal -1 0 0
    outer loop
      vertex 18.35 2.75 0
      vertex 18.35 0 1.2
      vertex 18.35 2.75 9.35
    endloop
  endfacet
  facet normal -1 -0 0
    outer loop
      vertex 18.35 2.75 9.35
      vertex 18.35 0 1.2
      vertex 18.35 0 9.35
    endloop
  endfacet
  facet normal 0 -1 0
    outer loop
      vertex 2.75 2.75 0
      vertex 18.35 2.75 9.35
      vertex 2.75 2.75 9.35
    endloop
  endfacet
  facet normal 0 -1 -0
    outer loop
      vertex 18.35 2.75 9.35
      vertex 2.75 2.75 0
      vertex 18.35 2.75 0
    endloop
  endfacet
  facet normal -1 0 0
    outer loop
      vertex 18.35 32.05 0
      vertex 18.35 34.8 1.2
      vertex 18.35 33.6 0
    endloop
  endfacet
  facet normal -1 -0 0
    outer loop
      vertex 18.35 34.8 1.2
      vertex 18.35 32.05 0
      vertex 18.35 32.05 9.35
    endloop
  endfacet
  facet normal -1 0 0
    outer loop
      vertex 18.35 34.8 1.2
      vertex 18.35 32.05 9.35
      vertex 18.35 34.8 9.35
    endloop
  endfacet
  facet normal 0 1 -0
    outer loop
      vertex 18.35 32.05 0
      vertex 2.75 32.05 9.35
      vertex 18.35 32.05 9.35
    endloop
  endfacet
  facet normal 0 1 0
    outer loop
      vertex 2.75 32.05 9.35
      vertex 18.35 32.05 0
      vertex 2.75 32.05 0
    endloop
  endfacet
  facet normal 0 0 -1
    outer loop
      vertex 79.05 2.75 9.35
      vertex 81.8 1.2 9.35
      vertex 80.6 0 9.35
    endloop
  endfacet
  facet normal 0 0 -1
    outer loop
      vertex 81.8 1.2 9.35
      vertex 79.05 2.75 9.35
      vertex 81.8 33.6 9.35
    endloop
  endfacet
  facet normal 0 0 -1
    outer loop
      vertex 79.05 32.05 9.35
      vertex 81.8 33.6 9.35
      vertex 79.05 2.75 9.35
    endloop
  endfacet
  facet normal 0 0 -1
    outer loop
      vertex 63.45 0 9.35
      vertex 79.05 2.75 9.35
      vertex 80.6 0 9.35
    endloop
  endfacet
  facet normal -0 0 -1
    outer loop
      vertex 79.05 2.75 9.35
      vertex 63.45 0 9.35
      vertex 63.45 2.75 9.35
    endloop
  endfacet
  facet normal -0 0 -1
    outer loop
      vertex 81.8 33.6 9.35
      vertex 79.05 32.05 9.35
      vertex 80.6 34.8 9.35
    endloop
  endfacet
  facet normal 0 0 -1
    outer loop
      vertex 63.45 34.8 9.35
      vertex 79.05 32.05 9.35
      vertex 63.45 32.05 9.35
    endloop
  endfacet
  facet normal 0 0 -1
    outer loop
      vertex 79.05 32.05 9.35
      vertex 63.45 34.8 9.35
      vertex 80.6 34.8 9.35
    endloop
  endfacet
  facet normal 1 -0 0
    outer loop
      vertex 79.05 2.75 9.35
      vertex 79.05 32.05 0
      vertex 79.05 32.05 9.35
    endloop
  endfacet
  facet normal 1 0 0
    outer loop
      vertex 79.05 32.05 0
      vertex 79.05 2.75 9.35
      vertex 79.05 2.75 0
    endloop
  endfacet
  facet normal 1 -0 0
    outer loop
      vertex 63.45 0 1.2
      vertex 63.45 2.75 0
      vertex 63.45 2.75 9.35
    endloop
  endfacet
  facet normal 1 0 0
    outer loop
      vertex 63.45 0 1.2
      vertex 63.45 2.75 9.35
      vertex 63.45 0 9.35
    endloop
  endfacet
  facet normal 1 0 0
    outer loop
      vertex 63.45 2.75 0
      vertex 63.45 0 1.2
      vertex 63.45 1.2 0
    endloop
  endfacet
  facet normal 0 -1 0
    outer loop
      vertex 63.45 2.75 0
      vertex 79.05 2.75 9.35
      vertex 63.45 2.75 9.35
    endloop
  endfacet
  facet normal 0 -1 -0
    outer loop
      vertex 79.05 2.75 9.35
      vertex 63.45 2.75 0
      vertex 79.05 2.75 0
    endloop
  endfacet
  facet normal 1 -0 0
    outer loop
      vertex 63.45 32.05 9.35
      vertex 63.45 34.8 1.2
      vertex 63.45 34.8 9.35
    endloop
  endfacet
  facet normal 1 0 0
    outer loop
      vertex 63.45 32.05 0
      vertex 63.45 34.8 1.2
      vertex 63.45 32.05 9.35
    endloop
  endfacet
  facet normal 1 0 0
    outer loop
      vertex 63.45 34.8 1.2
      vertex 63.45 32.05 0
      vertex 63.45 33.6 0
    endloop
  endfacet
  facet normal 0 1 -0
    outer loop
      vertex 79.05 32.05 0
      vertex 63.45 32.05 9.35
      vertex 79.05 32.05 9.35
    endloop
  endfacet
  facet normal 0 1 0
    outer loop
      vertex 63.45 32.05 9.35
      vertex 79.05 32.05 0
      vertex 63.45 32.05 0
    endloop
  endfacet
  facet normal -0.965906 -0.258895 0
    outer loop
      vertex 19.0529 7.53831 0
      vertex 18.913 8.06026 3.22
      vertex 18.913 8.06026 0
    endloop
  endfacet
  facet normal -0.965906 -0.258895 0
    outer loop
      vertex 18.913 8.06026 3.22
      vertex 19.0529 7.53831 0
      vertex 19.0529 7.53831 3.22
    endloop
  endfacet
  facet normal -0.996194 -0.087163 0
    outer loop
      vertex 19.1 7 0
      vertex 19.0529 7.53831 3.22
      vertex 19.0529 7.53831 0
    endloop
  endfacet
  facet normal -0.996194 -0.087163 0
    outer loop
      vertex 19.0529 7.53831 3.22
      vertex 19.1 7 0
      vertex 19.1 7 3.22
    endloop
  endfacet
  facet normal -0.906357 -0.422513 0
    outer loop
      vertex 18.913 8.06026 0
      vertex 18.6847 8.55 3.22
      vertex 18.6847 8.55 0
    endloop
  endfacet
  facet normal -0.906357 -0.422513 0
    outer loop
      vertex 18.6847 8.55 3.22
      vertex 18.913 8.06026 0
      vertex 18.913 8.06026 3.22
    endloop
  endfacet
  facet normal -0.8191 0.573651 0
    outer loop
      vertex 18.3747 5.00736 0
      vertex 18.6847 5.45 3.22
      vertex 18.6847 5.45 0
    endloop
  endfacet
  facet normal -0.8191 0.573651 0
    outer loop
      vertex 18.6847 5.45 3.22
      vertex 18.3747 5.00736 0
      vertex 18.3747 5.00736 3.22
    endloop
  endfacet
  facet normal 0.258785 -0.965935 0
    outer loop
      vertex 14.9397 9.91305 0
      vertex 15.4617 10.0529 3.22
      vertex 14.9397 9.91305 3.22
    endloop
  endfacet
  facet normal 0.258785 -0.965935 0
    outer loop
      vertex 15.4617 10.0529 3.22
      vertex 14.9397 9.91305 0
      vertex 15.4617 10.0529 0
    endloop
  endfacet
  facet normal -0.258785 0.965935 0
    outer loop
      vertex 17.0603 4.08695 0
      vertex 16.5383 3.9471 3.22
      vertex 17.0603 4.08695 3.22
    endloop
  endfacet
  facet normal -0.258785 0.965935 0
    outer loop
      vertex 16.5383 3.9471 3.22
      vertex 17.0603 4.08695 0
      vertex 16.5383 3.9471 0
    endloop
  endfacet
  facet normal 0.8191 0.573651 0
    outer loop
      vertex 13.6253 5.00736 3.22
      vertex 13.3153 5.45 0
      vertex 13.3153 5.45 3.22
    endloop
  endfacet
  facet normal 0.8191 0.573651 0
    outer loop
      vertex 13.3153 5.45 0
      vertex 13.6253 5.00736 3.22
      vertex 13.6253 5.00736 0
    endloop
  endfacet
  facet normal 0.707107 0.707107 0
    outer loop
      vertex 14.0074 4.62526 3.22
      vertex 13.6253 5.00736 0
      vertex 13.6253 5.00736 3.22
    endloop
  endfacet
  facet normal 0.707107 0.707107 0
    outer loop
      vertex 13.6253 5.00736 0
      vertex 14.0074 4.62526 3.22
      vertex 14.0074 4.62526 0
    endloop
  endfacet
  facet normal 0.422647 0.906294 -0
    outer loop
      vertex 14.9397 4.08695 0
      vertex 14.45 4.31532 3.22
      vertex 14.9397 4.08695 3.22
    endloop
  endfacet
  facet normal 0.422647 0.906294 0
    outer loop
      vertex 14.45 4.31532 3.22
      vertex 14.9397 4.08695 0
      vertex 14.45 4.31532 0
    endloop
  endfacet
  facet normal 0.258785 0.965935 -0
    outer loop
      vertex 15.4617 3.9471 0
      vertex 14.9397 4.08695 3.22
      vertex 15.4617 3.9471 3.22
    endloop
  endfacet
  facet normal 0.258785 0.965935 0
    outer loop
      vertex 14.9397 4.08695 3.22
      vertex 15.4617 3.9471 0
      vertex 14.9397 4.08695 0
    endloop
  endfacet
  facet normal -0.996194 0.087163 0
    outer loop
      vertex 19.0529 6.46169 0
      vertex 19.1 7 3.22
      vertex 19.1 7 0
    endloop
  endfacet
  facet normal -0.996194 0.087163 0
    outer loop
      vertex 19.1 7 3.22
      vertex 19.0529 6.46169 0
      vertex 19.0529 6.46169 3.22
    endloop
  endfacet
  facet normal -0.573611 -0.819128 0
    outer loop
      vertex 17.55 9.68468 0
      vertex 17.9926 9.37474 3.22
      vertex 17.55 9.68468 3.22
    endloop
  endfacet
  facet normal -0.573611 -0.819128 -0
    outer loop
      vertex 17.9926 9.37474 3.22
      vertex 17.55 9.68468 0
      vertex 17.9926 9.37474 0
    endloop
  endfacet
  facet normal -0.422647 -0.906294 0
    outer loop
      vertex 17.0603 9.91305 0
      vertex 17.55 9.68468 3.22
      vertex 17.0603 9.91305 3.22
    endloop
  endfacet
  facet normal -0.422647 -0.906294 -0
    outer loop
      vertex 17.55 9.68468 3.22
      vertex 17.0603 9.91305 0
      vertex 17.55 9.68468 0
    endloop
  endfacet
  facet normal -0.965906 0.258895 0
    outer loop
      vertex 18.913 5.93974 0
      vertex 19.0529 6.46169 3.22
      vertex 19.0529 6.46169 0
    endloop
  endfacet
  facet normal -0.965906 0.258895 0
    outer loop
      vertex 19.0529 6.46169 3.22
      vertex 18.913 5.93974 0
      vertex 18.913 5.93974 3.22
    endloop
  endfacet
  facet normal 0.906357 0.422513 0
    outer loop
      vertex 13.3153 5.45 3.22
      vertex 13.087 5.93974 0
      vertex 13.087 5.93974 3.22
    endloop
  endfacet
  facet normal 0.906357 0.422513 0
    outer loop
      vertex 13.087 5.93974 0
      vertex 13.3153 5.45 3.22
      vertex 13.3153 5.45 0
    endloop
  endfacet
  facet normal 0.996194 -0.087163 0
    outer loop
      vertex 12.9 7 3.22
      vertex 12.9471 7.53831 0
      vertex 12.9471 7.53831 3.22
    endloop
  endfacet
  facet normal 0.996194 -0.087163 0
    outer loop
      vertex 12.9471 7.53831 0
      vertex 12.9 7 3.22
      vertex 12.9 7 0
    endloop
  endfacet
  facet normal -0.422647 0.906294 0
    outer loop
      vertex 17.55 4.31532 0
      vertex 17.0603 4.08695 3.22
      vertex 17.55 4.31532 3.22
    endloop
  endfacet
  facet normal -0.422647 0.906294 0
    outer loop
      vertex 17.0603 4.08695 3.22
      vertex 17.55 4.31532 0
      vertex 17.0603 4.08695 0
    endloop
  endfacet
  facet normal -0.0871647 0.996194 0
    outer loop
      vertex 16.5383 3.9471 0
      vertex 16 3.9 3.22
      vertex 16.5383 3.9471 3.22
    endloop
  endfacet
  facet normal -0.0871647 0.996194 0
    outer loop
      vertex 16 3.9 3.22
      vertex 16.5383 3.9471 0
      vertex 16 3.9 0
    endloop
  endfacet
  facet normal -0.258785 -0.965935 0
    outer loop
      vertex 16.5383 10.0529 0
      vertex 17.0603 9.91305 3.22
      vertex 16.5383 10.0529 3.22
    endloop
  endfacet
  facet normal -0.258785 -0.965935 -0
    outer loop
      vertex 17.0603 9.91305 3.22
      vertex 16.5383 10.0529 0
      vertex 17.0603 9.91305 0
    endloop
  endfacet
  facet normal 0.573611 -0.819128 0
    outer loop
      vertex 14.0074 9.37474 0
      vertex 14.45 9.68468 3.22
      vertex 14.0074 9.37474 3.22
    endloop
  endfacet
  facet normal 0.573611 -0.819128 0
    outer loop
      vertex 14.45 9.68468 3.22
      vertex 14.0074 9.37474 0
      vertex 14.45 9.68468 0
    endloop
  endfacet
  facet normal -0.8191 -0.573651 0
    outer loop
      vertex 18.6847 8.55 0
      vertex 18.3747 8.99264 3.22
      vertex 18.3747 8.99264 0
    endloop
  endfacet
  facet normal -0.8191 -0.573651 0
    outer loop
      vertex 18.3747 8.99264 3.22
      vertex 18.6847 8.55 0
      vertex 18.6847 8.55 3.22
    endloop
  endfacet
  facet normal 0.422647 -0.906294 0
    outer loop
      vertex 14.45 9.68468 0
      vertex 14.9397 9.91305 3.22
      vertex 14.45 9.68468 3.22
    endloop
  endfacet
  facet normal 0.422647 -0.906294 0
    outer loop
      vertex 14.9397 9.91305 3.22
      vertex 14.45 9.68468 0
      vertex 14.9397 9.91305 0
    endloop
  endfacet
  facet normal 0 0 -1
    outer loop
      vertex 19.0529 6.46169 3.22
      vertex 19.0529 7.53831 3.22
      vertex 19.1 7 3.22
    endloop
  endfacet
  facet normal 0 0 -1
    outer loop
      vertex 18.913 5.93974 3.22
      vertex 19.0529 7.53831 3.22
      vertex 19.0529 6.46169 3.22
    endloop
  endfacet
  facet normal 0 0 -1
    outer loop
      vertex 18.913 5.93974 3.22
      vertex 18.913 8.06026 3.22
      vertex 19.0529 7.53831 3.22
    endloop
  endfacet
  facet normal 0 0 -1
    outer loop
      vertex 18.6847 5.45 3.22
      vertex 18.913 8.06026 3.22
      vertex 18.913 5.93974 3.22
    endloop
  endfacet
  facet normal 0 0 -1
    outer loop
      vertex 18.6847 5.45 3.22
      vertex 18.6847 8.55 3.22
      vertex 18.913 8.06026 3.22
    endloop
  endfacet
  facet normal 0 0 -1
    outer loop
      vertex 18.3747 5.00736 3.22
      vertex 18.6847 8.55 3.22
      vertex 18.6847 5.45 3.22
    endloop
  endfacet
  facet normal 0 0 -1
    outer loop
      vertex 18.3747 5.00736 3.22
      vertex 18.3747 8.99264 3.22
      vertex 18.6847 8.55 3.22
    endloop
  endfacet
  facet normal 0 0 -1
    outer loop
      vertex 17.9926 4.62526 3.22
      vertex 18.3747 8.99264 3.22
      vertex 18.3747 5.00736 3.22
    endloop
  endfacet
  facet normal 0 0 -1
    outer loop
      vertex 17.9926 4.62526 3.22
      vertex 17.9926 9.37474 3.22
      vertex 18.3747 8.99264 3.22
    endloop
  endfacet
  facet normal 0 0 -1
    outer loop
      vertex 17.55 4.31532 3.22
      vertex 17.9926 9.37474 3.22
      vertex 17.9926 4.62526 3.22
    endloop
  endfacet
  facet normal 0 0 -1
    outer loop
      vertex 17.55 4.31532 3.22
      vertex 17.55 9.68468 3.22
      vertex 17.9926 9.37474 3.22
    endloop
  endfacet
  facet normal 0 0 -1
    outer loop
      vertex 17.0603 4.08695 3.22
      vertex 17.55 9.68468 3.22
      vertex 17.55 4.31532 3.22
    endloop
  endfacet
  facet normal 0 0 -1
    outer loop
      vertex 17.0603 4.08695 3.22
      vertex 17.0603 9.91305 3.22
      vertex 17.55 9.68468 3.22
    endloop
  endfacet
  facet normal 0 0 -1
    outer loop
      vertex 16.5383 3.9471 3.22
      vertex 17.0603 9.91305 3.22
      vertex 17.0603 4.08695 3.22
    endloop
  endfacet
  facet normal 0 0 -1
    outer loop
      vertex 16.5383 3.9471 3.22
      vertex 16.5383 10.0529 3.22
      vertex 17.0603 9.91305 3.22
    endloop
  endfacet
  facet normal 0 0 -1
    outer loop
      vertex 16 3.9 3.22
      vertex 16.5383 10.0529 3.22
      vertex 16.5383 3.9471 3.22
    endloop
  endfacet
  facet normal 0 0 -1
    outer loop
      vertex 16 3.9 3.22
      vertex 16 10.1 3.22
      vertex 16.5383 10.0529 3.22
    endloop
  endfacet
  facet normal 0 0 -1
    outer loop
      vertex 15.4617 3.9471 3.22
      vertex 16 10.1 3.22
      vertex 16 3.9 3.22
    endloop
  endfacet
  facet normal 0 0 -1
    outer loop
      vertex 15.4617 3.9471 3.22
      vertex 15.4617 10.0529 3.22
      vertex 16 10.1 3.22
    endloop
  endfacet
  facet normal 0 0 -1
    outer loop
      vertex 14.9397 4.08695 3.22
      vertex 15.4617 10.0529 3.22
      vertex 15.4617 3.9471 3.22
    endloop
  endfacet
  facet normal 0 0 -1
    outer loop
      vertex 14.9397 4.08695 3.22
      vertex 14.9397 9.91305 3.22
      vertex 15.4617 10.0529 3.22
    endloop
  endfacet
  facet normal 0 0 -1
    outer loop
      vertex 14.45 4.31532 3.22
      vertex 14.9397 9.91305 3.22
      vertex 14.9397 4.08695 3.22
    endloop
  endfacet
  facet normal 0 0 -1
    outer loop
      vertex 14.45 4.31532 3.22
      vertex 14.45 9.68468 3.22
      vertex 14.9397 9.91305 3.22
    endloop
  endfacet
  facet normal 0 0 -1
    outer loop
      vertex 14.0074 4.62526 3.22
      vertex 14.45 9.68468 3.22
      vertex 14.45 4.31532 3.22
    endloop
  endfacet
  facet normal 0 0 -1
    outer loop
      vertex 14.0074 4.62526 3.22
      vertex 14.0074 9.37474 3.22
      vertex 14.45 9.68468 3.22
    endloop
  endfacet
  facet normal 0 0 -1
    outer loop
      vertex 13.6253 5.00736 3.22
      vertex 14.0074 9.37474 3.22
      vertex 14.0074 4.62526 3.22
    endloop
  endfacet
  facet normal 0 0 -1
    outer loop
      vertex 13.6253 5.00736 3.22
      vertex 13.6253 8.99264 3.22
      vertex 14.0074 9.37474 3.22
    endloop
  endfacet
  facet normal 0 0 -1
    outer loop
      vertex 13.3153 5.45 3.22
      vertex 13.6253 8.99264 3.22
      vertex 13.6253 5.00736 3.22
    endloop
  endfacet
  facet normal 0 0 -1
    outer loop
      vertex 13.3153 5.45 3.22
      vertex 13.3153 8.55 3.22
      vertex 13.6253 8.99264 3.22
    endloop
  endfacet
  facet normal 0 0 -1
    outer loop
      vertex 13.087 5.93974 3.22
      vertex 13.3153 8.55 3.22
      vertex 13.3153 5.45 3.22
    endloop
  endfacet
  facet normal 0 0 -1
    outer loop
      vertex 13.087 5.93974 3.22
      vertex 13.087 8.06026 3.22
      vertex 13.3153 8.55 3.22
    endloop
  endfacet
  facet normal 0 0 -1
    outer loop
      vertex 12.9471 6.46169 3.22
      vertex 13.087 8.06026 3.22
      vertex 13.087 5.93974 3.22
    endloop
  endfacet
  facet normal 0 0 -1
    outer loop
      vertex 12.9471 6.46169 3.22
      vertex 12.9471 7.53831 3.22
      vertex 13.087 8.06026 3.22
    endloop
  endfacet
  facet normal 0 -0 -1
    outer loop
      vertex 12.9471 7.53831 3.22
      vertex 12.9471 6.46169 3.22
      vertex 12.9 7 3.22
    endloop
  endfacet
  facet normal 0.8191 -0.573651 0
    outer loop
      vertex 13.3153 8.55 3.22
      vertex 13.6253 8.99264 0
      vertex 13.6253 8.99264 3.22
    endloop
  endfacet
  facet normal 0.8191 -0.573651 0
    outer loop
      vertex 13.6253 8.99264 0
      vertex 13.3153 8.55 3.22
      vertex 13.3153 8.55 0
    endloop
  endfacet
  facet normal -0.906357 0.422513 0
    outer loop
      vertex 18.6847 5.45 0
      vertex 18.913 5.93974 3.22
      vertex 18.913 5.93974 0
    endloop
  endfacet
  facet normal -0.906357 0.422513 0
    outer loop
      vertex 18.913 5.93974 3.22
      vertex 18.6847 5.45 0
      vertex 18.6847 5.45 3.22
    endloop
  endfacet
  facet normal 0.965906 -0.258895 0
    outer loop
      vertex 12.9471 7.53831 3.22
      vertex 13.087 8.06026 0
      vertex 13.087 8.06026 3.22
    endloop
  endfacet
  facet normal 0.965906 -0.258895 0
    outer loop
      vertex 13.087 8.06026 0
      vertex 12.9471 7.53831 3.22
      vertex 12.9471 7.53831 0
    endloop
  endfacet
  facet normal -0.707107 -0.707107 0
    outer loop
      vertex 18.3747 8.99264 0
      vertex 17.9926 9.37474 3.22
      vertex 17.9926 9.37474 0
    endloop
  endfacet
  facet normal -0.707107 -0.707107 0
    outer loop
      vertex 17.9926 9.37474 3.22
      vertex 18.3747 8.99264 0
      vertex 18.3747 8.99264 3.22
    endloop
  endfacet
  facet normal 0.0871647 -0.996194 0
    outer loop
      vertex 15.4617 10.0529 0
      vertex 16 10.1 3.22
      vertex 15.4617 10.0529 3.22
    endloop
  endfacet
  facet normal 0.0871647 -0.996194 0
    outer loop
      vertex 16 10.1 3.22
      vertex 15.4617 10.0529 0
      vertex 16 10.1 0
    endloop
  endfacet
  facet normal 0.965906 0.258895 0
    outer loop
      vertex 13.087 5.93974 3.22
      vertex 12.9471 6.46169 0
      vertex 12.9471 6.46169 3.22
    endloop
  endfacet
  facet normal 0.965906 0.258895 0
    outer loop
      vertex 12.9471 6.46169 0
      vertex 13.087 5.93974 3.22
      vertex 13.087 5.93974 0
    endloop
  endfacet
  facet normal 0.707107 -0.707107 0
    outer loop
      vertex 13.6253 8.99264 3.22
      vertex 14.0074 9.37474 0
      vertex 14.0074 9.37474 3.22
    endloop
  endfacet
  facet normal 0.707107 -0.707107 0
    outer loop
      vertex 14.0074 9.37474 0
      vertex 13.6253 8.99264 3.22
      vertex 13.6253 8.99264 0
    endloop
  endfacet
  facet normal 0.996194 0.087163 0
    outer loop
      vertex 12.9471 6.46169 3.22
      vertex 12.9 7 0
      vertex 12.9 7 3.22
    endloop
  endfacet
  facet normal 0.996194 0.087163 0
    outer loop
      vertex 12.9 7 0
      vertex 12.9471 6.46169 3.22
      vertex 12.9471 6.46169 0
    endloop
  endfacet
  facet normal -0.707107 0.707107 0
    outer loop
      vertex 17.9926 4.62526 0
      vertex 18.3747 5.00736 3.22
      vertex 18.3747 5.00736 0
    endloop
  endfacet
  facet normal -0.707107 0.707107 0
    outer loop
      vertex 18.3747 5.00736 3.22
      vertex 17.9926 4.62526 0
      vertex 17.9926 4.62526 3.22
    endloop
  endfacet
  facet normal 0.906357 -0.422513 0
    outer loop
      vertex 13.087 8.06026 3.22
      vertex 13.3153 8.55 0
      vertex 13.3153 8.55 3.22
    endloop
  endfacet
  facet normal 0.906357 -0.422513 0
    outer loop
      vertex 13.3153 8.55 0
      vertex 13.087 8.06026 3.22
      vertex 13.087 8.06026 0
    endloop
  endfacet
  facet normal 0.573611 0.819128 -0
    outer loop
      vertex 14.45 4.31532 0
      vertex 14.0074 4.62526 3.22
      vertex 14.45 4.31532 3.22
    endloop
  endfacet
  facet normal 0.573611 0.819128 0
    outer loop
      vertex 14.0074 4.62526 3.22
      vertex 14.45 4.31532 0
      vertex 14.0074 4.62526 0
    endloop
  endfacet
  facet normal -0.0871647 -0.996194 0
    outer loop
      vertex 16 10.1 0
      vertex 16.5383 10.0529 3.22
      vertex 16 10.1 3.22
    endloop
  endfacet
  facet normal -0.0871647 -0.996194 -0
    outer loop
      vertex 16.5383 10.0529 3.22
      vertex 16 10.1 0
      vertex 16.5383 10.0529 0
    endloop
  endfacet
  facet normal -0.573611 0.819128 0
    outer loop
      vertex 17.9926 4.62526 0
      vertex 17.55 4.31532 3.22
      vertex 17.9926 4.62526 3.22
    endloop
  endfacet
  facet normal -0.573611 0.819128 0
    outer loop
      vertex 17.55 4.31532 3.22
      vertex 17.9926 4.62526 0
      vertex 17.55 4.31532 0
    endloop
  endfacet
  facet normal 0.0871647 0.996194 -0
    outer loop
      vertex 16 3.9 0
      vertex 15.4617 3.9471 3.22
      vertex 16 3.9 3.22
    endloop
  endfacet
  facet normal 0.0871647 0.996194 0
    outer loop
      vertex 15.4617 3.9471 3.22
      vertex 16 3.9 0
      vertex 15.4617 3.9471 0
    endloop
  endfacet
  facet normal -0.258872 -0.965912 0
    outer loop
      vertex 16.5383 30.8529 0
      vertex 17.0603 30.713 3.22
      vertex 16.5383 30.8529 3.22
    endloop
  endfacet
  facet normal -0.258872 -0.965912 -0
    outer loop
      vertex 17.0603 30.713 3.22
      vertex 16.5383 30.8529 0
      vertex 17.0603 30.713 0
    endloop
  endfacet
  facet normal -0.965912 -0.258872 0
    outer loop
      vertex 19.0529 28.3383 0
      vertex 18.913 28.8603 3.22
      vertex 18.913 28.8603 0
    endloop
  endfacet
  facet normal -0.965912 -0.258872 0
    outer loop
      vertex 18.913 28.8603 3.22
      vertex 19.0529 28.3383 0
      vertex 19.0529 28.3383 3.22
    endloop
  endfacet
  facet normal -0.996194 -0.0871647 0
    outer loop
      vertex 19.1 27.8 0
      vertex 19.0529 28.3383 3.22
      vertex 19.0529 28.3383 0
    endloop
  endfacet
  facet normal -0.996194 -0.0871647 0
    outer loop
      vertex 19.0529 28.3383 3.22
      vertex 19.1 27.8 0
      vertex 19.1 27.8 3.22
    endloop
  endfacet
  facet normal -0.906344 -0.422541 0
    outer loop
      vertex 18.913 28.8603 0
      vertex 18.6847 29.35 3.22
      vertex 18.6847 29.35 0
    endloop
  endfacet
  facet normal -0.906344 -0.422541 0
    outer loop
      vertex 18.6847 29.35 3.22
      vertex 18.913 28.8603 0
      vertex 18.913 28.8603 3.22
    endloop
  endfacet
  facet normal 0.906344 0.422541 0
    outer loop
      vertex 13.3153 26.25 3.22
      vertex 13.087 26.7397 0
      vertex 13.087 26.7397 3.22
    endloop
  endfacet
  facet normal 0.906344 0.422541 0
    outer loop
      vertex 13.087 26.7397 0
      vertex 13.3153 26.25 3.22
      vertex 13.3153 26.25 0
    endloop
  endfacet
  facet normal 0.0871647 -0.996194 0
    outer loop
      vertex 15.4617 30.8529 0
      vertex 16 30.9 3.22
      vertex 15.4617 30.8529 3.22
    endloop
  endfacet
  facet normal 0.0871647 -0.996194 0
    outer loop
      vertex 16 30.9 3.22
      vertex 15.4617 30.8529 0
      vertex 16 30.9 0
    endloop
  endfacet
  facet normal 0.707107 0.707107 -0
    outer loop
      vertex 14.0074 25.4253 0
      vertex 13.6253 25.8074 3.22
      vertex 14.0074 25.4253 3.22
    endloop
  endfacet
  facet normal 0.707107 0.707107 0
    outer loop
      vertex 13.6253 25.8074 3.22
      vertex 14.0074 25.4253 0
      vertex 13.6253 25.8074 0
    endloop
  endfacet
  facet normal 0.573686 0.819075 -0
    outer loop
      vertex 14.45 25.1153 0
      vertex 14.0074 25.4253 3.22
      vertex 14.45 25.1153 3.22
    endloop
  endfacet
  facet normal 0.573686 0.819075 0
    outer loop
      vertex 14.0074 25.4253 3.22
      vertex 14.45 25.1153 0
      vertex 14.0074 25.4253 0
    endloop
  endfacet
  facet normal -0.906344 0.422541 0
    outer loop
      vertex 18.6847 26.25 0
      vertex 18.913 26.7397 3.22
      vertex 18.913 26.7397 0
    endloop
  endfacet
  facet normal -0.906344 0.422541 0
    outer loop
      vertex 18.913 26.7397 3.22
      vertex 18.6847 26.25 0
      vertex 18.6847 26.25 3.22
    endloop
  endfacet
  facet normal -0.258872 0.965912 0
    outer loop
      vertex 17.0603 24.887 0
      vertex 16.5383 24.7471 3.22
      vertex 17.0603 24.887 3.22
    endloop
  endfacet
  facet normal -0.258872 0.965912 0
    outer loop
      vertex 16.5383 24.7471 3.22
      vertex 17.0603 24.887 0
      vertex 16.5383 24.7471 0
    endloop
  endfacet
  facet normal -0.0871647 0.996194 0
    outer loop
      vertex 16.5383 24.7471 0
      vertex 16 24.7 3.22
      vertex 16.5383 24.7471 3.22
    endloop
  endfacet
  facet normal -0.0871647 0.996194 0
    outer loop
      vertex 16 24.7 3.22
      vertex 16.5383 24.7471 0
      vertex 16 24.7 0
    endloop
  endfacet
  facet normal -0.996194 0.0871647 0
    outer loop
      vertex 19.0529 27.2617 0
      vertex 19.1 27.8 3.22
      vertex 19.1 27.8 0
    endloop
  endfacet
  facet normal -0.996194 0.0871647 0
    outer loop
      vertex 19.1 27.8 3.22
      vertex 19.0529 27.2617 0
      vertex 19.0529 27.2617 3.22
    endloop
  endfacet
  facet normal -0.0871647 -0.996194 0
    outer loop
      vertex 16 30.9 0
      vertex 16.5383 30.8529 3.22
      vertex 16 30.9 3.22
    endloop
  endfacet
  facet normal -0.0871647 -0.996194 -0
    outer loop
      vertex 16.5383 30.8529 3.22
      vertex 16 30.9 0
      vertex 16.5383 30.8529 0
    endloop
  endfacet
  facet normal -0.422541 -0.906344 0
    outer loop
      vertex 17.0603 30.713 0
      vertex 17.55 30.4847 3.22
      vertex 17.0603 30.713 3.22
    endloop
  endfacet
  facet normal -0.422541 -0.906344 -0
    outer loop
      vertex 17.55 30.4847 3.22
      vertex 17.0603 30.713 0
      vertex 17.55 30.4847 0
    endloop
  endfacet
  facet normal -0.573686 0.819075 0
    outer loop
      vertex 17.9926 25.4253 0
      vertex 17.55 25.1153 3.22
      vertex 17.9926 25.4253 3.22
    endloop
  endfacet
  facet normal -0.573686 0.819075 0
    outer loop
      vertex 17.55 25.1153 3.22
      vertex 17.9926 25.4253 0
      vertex 17.55 25.1153 0
    endloop
  endfacet
  facet normal -0.965912 0.258872 0
    outer loop
      vertex 18.913 26.7397 0
      vertex 19.0529 27.2617 3.22
      vertex 19.0529 27.2617 0
    endloop
  endfacet
  facet normal -0.965912 0.258872 0
    outer loop
      vertex 19.0529 27.2617 3.22
      vertex 18.913 26.7397 0
      vertex 18.913 26.7397 3.22
    endloop
  endfacet
  facet normal 0.965912 0.258872 0
    outer loop
      vertex 13.087 26.7397 3.22
      vertex 12.9471 27.2617 0
      vertex 12.9471 27.2617 3.22
    endloop
  endfacet
  facet normal 0.965912 0.258872 0
    outer loop
      vertex 12.9471 27.2617 0
      vertex 13.087 26.7397 3.22
      vertex 13.087 26.7397 0
    endloop
  endfacet
  facet normal 0.965912 -0.258872 0
    outer loop
      vertex 12.9471 28.3383 3.22
      vertex 13.087 28.8603 0
      vertex 13.087 28.8603 3.22
    endloop
  endfacet
  facet normal 0.965912 -0.258872 0
    outer loop
      vertex 13.087 28.8603 0
      vertex 12.9471 28.3383 3.22
      vertex 12.9471 28.3383 0
    endloop
  endfacet
  facet normal -0.707107 0.707107 0
    outer loop
      vertex 17.9926 25.4253 0
      vertex 18.3747 25.8074 3.22
      vertex 18.3747 25.8074 0
    endloop
  endfacet
  facet normal -0.707107 0.707107 0
    outer loop
      vertex 18.3747 25.8074 3.22
      vertex 17.9926 25.4253 0
      vertex 17.9926 25.4253 3.22
    endloop
  endfacet
  facet normal 0.422541 -0.906344 0
    outer loop
      vertex 14.45 30.4847 0
      vertex 14.9397 30.713 3.22
      vertex 14.45 30.4847 3.22
    endloop
  endfacet
  facet normal 0.422541 -0.906344 0
    outer loop
      vertex 14.9397 30.713 3.22
      vertex 14.45 30.4847 0
      vertex 14.9397 30.713 0
    endloop
  endfacet
  facet normal -0.819075 -0.573686 0
    outer loop
      vertex 18.6847 29.35 0
      vertex 18.3747 29.7926 3.22
      vertex 18.3747 29.7926 0
    endloop
  endfacet
  facet normal -0.819075 -0.573686 0
    outer loop
      vertex 18.3747 29.7926 3.22
      vertex 18.6847 29.35 0
      vertex 18.6847 29.35 3.22
    endloop
  endfacet
  facet normal 0.258872 -0.965912 0
    outer loop
      vertex 14.9397 30.713 0
      vertex 15.4617 30.8529 3.22
      vertex 14.9397 30.713 3.22
    endloop
  endfacet
  facet normal 0.258872 -0.965912 0
    outer loop
      vertex 15.4617 30.8529 3.22
      vertex 14.9397 30.713 0
      vertex 15.4617 30.8529 0
    endloop
  endfacet
  facet normal 0.819075 -0.573686 0
    outer loop
      vertex 13.3153 29.35 3.22
      vertex 13.6253 29.7926 0
      vertex 13.6253 29.7926 3.22
    endloop
  endfacet
  facet normal 0.819075 -0.573686 0
    outer loop
      vertex 13.6253 29.7926 0
      vertex 13.3153 29.35 3.22
      vertex 13.3153 29.35 0
    endloop
  endfacet
  facet normal 0.906344 -0.422541 0
    outer loop
      vertex 13.087 28.8603 3.22
      vertex 13.3153 29.35 0
      vertex 13.3153 29.35 3.22
    endloop
  endfacet
  facet normal 0.906344 -0.422541 0
    outer loop
      vertex 13.3153 29.35 0
      vertex 13.087 28.8603 3.22
      vertex 13.087 28.8603 0
    endloop
  endfacet
  facet normal -0.819075 0.573686 0
    outer loop
      vertex 18.3747 25.8074 0
      vertex 18.6847 26.25 3.22
      vertex 18.6847 26.25 0
    endloop
  endfacet
  facet normal -0.819075 0.573686 0
    outer loop
      vertex 18.6847 26.25 3.22
      vertex 18.3747 25.8074 0
      vertex 18.3747 25.8074 3.22
    endloop
  endfacet
  facet normal -0.707107 -0.707107 0
    outer loop
      vertex 18.3747 29.7926 0
      vertex 17.9926 30.1747 3.22
      vertex 17.9926 30.1747 0
    endloop
  endfacet
  facet normal -0.707107 -0.707107 0
    outer loop
      vertex 17.9926 30.1747 3.22
      vertex 18.3747 29.7926 0
      vertex 18.3747 29.7926 3.22
    endloop
  endfacet
  facet normal -0.573686 -0.819075 0
    outer loop
      vertex 17.55 30.4847 0
      vertex 17.9926 30.1747 3.22
      vertex 17.55 30.4847 3.22
    endloop
  endfacet
  facet normal -0.573686 -0.819075 -0
    outer loop
      vertex 17.9926 30.1747 3.22
      vertex 17.55 30.4847 0
      vertex 17.9926 30.1747 0
    endloop
  endfacet
  facet normal 0.707107 -0.707107 0
    outer loop
      vertex 13.6253 29.7926 0
      vertex 14.0074 30.1747 3.22
      vertex 13.6253 29.7926 3.22
    endloop
  endfacet
  facet normal 0.707107 -0.707107 0
    outer loop
      vertex 14.0074 30.1747 3.22
      vertex 13.6253 29.7926 0
      vertex 14.0074 30.1747 0
    endloop
  endfacet
  facet normal 0.996194 0.0871647 0
    outer loop
      vertex 12.9471 27.2617 3.22
      vertex 12.9 27.8 0
      vertex 12.9 27.8 3.22
    endloop
  endfacet
  facet normal 0.996194 0.0871647 0
    outer loop
      vertex 12.9 27.8 0
      vertex 12.9471 27.2617 3.22
      vertex 12.9471 27.2617 0
    endloop
  endfacet
  facet normal 0.573686 -0.819075 0
    outer loop
      vertex 14.0074 30.1747 0
      vertex 14.45 30.4847 3.22
      vertex 14.0074 30.1747 3.22
    endloop
  endfacet
  facet normal 0.573686 -0.819075 0
    outer loop
      vertex 14.45 30.4847 3.22
      vertex 14.0074 30.1747 0
      vertex 14.45 30.4847 0
    endloop
  endfacet
  facet normal -0.422541 0.906344 0
    outer loop
      vertex 17.55 25.1153 0
      vertex 17.0603 24.887 3.22
      vertex 17.55 25.1153 3.22
    endloop
  endfacet
  facet normal -0.422541 0.906344 0
    outer loop
      vertex 17.0603 24.887 3.22
      vertex 17.55 25.1153 0
      vertex 17.0603 24.887 0
    endloop
  endfacet
  facet normal 0.819075 0.573686 0
    outer loop
      vertex 13.6253 25.8074 3.22
      vertex 13.3153 26.25 0
      vertex 13.3153 26.25 3.22
    endloop
  endfacet
  facet normal 0.819075 0.573686 0
    outer loop
      vertex 13.3153 26.25 0
      vertex 13.6253 25.8074 3.22
      vertex 13.6253 25.8074 0
    endloop
  endfacet
  facet normal 0.996194 -0.0871647 0
    outer loop
      vertex 12.9 27.8 3.22
      vertex 12.9471 28.3383 0
      vertex 12.9471 28.3383 3.22
    endloop
  endfacet
  facet normal 0.996194 -0.0871647 0
    outer loop
      vertex 12.9471 28.3383 0
      vertex 12.9 27.8 3.22
      vertex 12.9 27.8 0
    endloop
  endfacet
  facet normal 0.258872 0.965912 -0
    outer loop
      vertex 15.4617 24.7471 0
      vertex 14.9397 24.887 3.22
      vertex 15.4617 24.7471 3.22
    endloop
  endfacet
  facet normal 0.258872 0.965912 0
    outer loop
      vertex 14.9397 24.887 3.22
      vertex 15.4617 24.7471 0
      vertex 14.9397 24.887 0
    endloop
  endfacet
  facet normal 0.0871647 0.996194 -0
    outer loop
      vertex 16 24.7 0
      vertex 15.4617 24.7471 3.22
      vertex 16 24.7 3.22
    endloop
  endfacet
  facet normal 0.0871647 0.996194 0
    outer loop
      vertex 15.4617 24.7471 3.22
      vertex 16 24.7 0
      vertex 15.4617 24.7471 0
    endloop
  endfacet
  facet normal 0 0 -1
    outer loop
      vertex 19.0529 27.2617 3.22
      vertex 19.0529 28.3383 3.22
      vertex 19.1 27.8 3.22
    endloop
  endfacet
  facet normal 0 0 -1
    outer loop
      vertex 18.913 26.7397 3.22
      vertex 19.0529 28.3383 3.22
      vertex 19.0529 27.2617 3.22
    endloop
  endfacet
  facet normal 0 0 -1
    outer loop
      vertex 18.913 26.7397 3.22
      vertex 18.913 28.8603 3.22
      vertex 19.0529 28.3383 3.22
    endloop
  endfacet
  facet normal 0 0 -1
    outer loop
      vertex 18.6847 26.25 3.22
      vertex 18.913 28.8603 3.22
      vertex 18.913 26.7397 3.22
    endloop
  endfacet
  facet normal 0 0 -1
    outer loop
      vertex 18.6847 26.25 3.22
      vertex 18.6847 29.35 3.22
      vertex 18.913 28.8603 3.22
    endloop
  endfacet
  facet normal 0 0 -1
    outer loop
      vertex 18.3747 25.8074 3.22
      vertex 18.6847 29.35 3.22
      vertex 18.6847 26.25 3.22
    endloop
  endfacet
  facet normal 0 0 -1
    outer loop
      vertex 18.3747 25.8074 3.22
      vertex 18.3747 29.7926 3.22
      vertex 18.6847 29.35 3.22
    endloop
  endfacet
  facet normal 0 0 -1
    outer loop
      vertex 17.9926 25.4253 3.22
      vertex 18.3747 29.7926 3.22
      vertex 18.3747 25.8074 3.22
    endloop
  endfacet
  facet normal 0 0 -1
    outer loop
      vertex 17.9926 25.4253 3.22
      vertex 17.9926 30.1747 3.22
      vertex 18.3747 29.7926 3.22
    endloop
  endfacet
  facet normal 0 0 -1
    outer loop
      vertex 17.55 25.1153 3.22
      vertex 17.9926 30.1747 3.22
      vertex 17.9926 25.4253 3.22
    endloop
  endfacet
  facet normal 0 0 -1
    outer loop
      vertex 17.55 25.1153 3.22
      vertex 17.55 30.4847 3.22
      vertex 17.9926 30.1747 3.22
    endloop
  endfacet
  facet normal 0 0 -1
    outer loop
      vertex 17.0603 24.887 3.22
      vertex 17.55 30.4847 3.22
      vertex 17.55 25.1153 3.22
    endloop
  endfacet
  facet normal 0 0 -1
    outer loop
      vertex 17.0603 24.887 3.22
      vertex 17.0603 30.713 3.22
      vertex 17.55 30.4847 3.22
    endloop
  endfacet
  facet normal 0 0 -1
    outer loop
      vertex 16.5383 24.7471 3.22
      vertex 17.0603 30.713 3.22
      vertex 17.0603 24.887 3.22
    endloop
  endfacet
  facet normal 0 0 -1
    outer loop
      vertex 16.5383 24.7471 3.22
      vertex 16.5383 30.8529 3.22
      vertex 17.0603 30.713 3.22
    endloop
  endfacet
  facet normal 0 0 -1
    outer loop
      vertex 16 24.7 3.22
      vertex 16.5383 30.8529 3.22
      vertex 16.5383 24.7471 3.22
    endloop
  endfacet
  facet normal 0 0 -1
    outer loop
      vertex 16 24.7 3.22
      vertex 16 30.9 3.22
      vertex 16.5383 30.8529 3.22
    endloop
  endfacet
  facet normal 0 0 -1
    outer loop
      vertex 15.4617 24.7471 3.22
      vertex 16 30.9 3.22
      vertex 16 24.7 3.22
    endloop
  endfacet
  facet normal 0 0 -1
    outer loop
      vertex 15.4617 24.7471 3.22
      vertex 15.4617 30.8529 3.22
      vertex 16 30.9 3.22
    endloop
  endfacet
  facet normal 0 0 -1
    outer loop
      vertex 14.9397 24.887 3.22
      vertex 15.4617 30.8529 3.22
      vertex 15.4617 24.7471 3.22
    endloop
  endfacet
  facet normal 0 0 -1
    outer loop
      vertex 14.9397 24.887 3.22
      vertex 14.9397 30.713 3.22
      vertex 15.4617 30.8529 3.22
    endloop
  endfacet
  facet normal 0 0 -1
    outer loop
      vertex 14.45 25.1153 3.22
      vertex 14.9397 30.713 3.22
      vertex 14.9397 24.887 3.22
    endloop
  endfacet
  facet normal 0 0 -1
    outer loop
      vertex 14.45 25.1153 3.22
      vertex 14.45 30.4847 3.22
      vertex 14.9397 30.713 3.22
    endloop
  endfacet
  facet normal 0 0 -1
    outer loop
      vertex 14.0074 25.4253 3.22
      vertex 14.45 30.4847 3.22
      vertex 14.45 25.1153 3.22
    endloop
  endfacet
  facet normal 0 0 -1
    outer loop
      vertex 14.0074 25.4253 3.22
      vertex 14.0074 30.1747 3.22
      vertex 14.45 30.4847 3.22
    endloop
  endfacet
  facet normal 0 0 -1
    outer loop
      vertex 13.6253 25.8074 3.22
      vertex 14.0074 30.1747 3.22
      vertex 14.0074 25.4253 3.22
    endloop
  endfacet
  facet normal 0 0 -1
    outer loop
      vertex 13.6253 25.8074 3.22
      vertex 13.6253 29.7926 3.22
      vertex 14.0074 30.1747 3.22
    endloop
  endfacet
  facet normal 0 0 -1
    outer loop
      vertex 13.3153 26.25 3.22
      vertex 13.6253 29.7926 3.22
      vertex 13.6253 25.8074 3.22
    endloop
  endfacet
  facet normal 0 0 -1
    outer loop
      vertex 13.3153 26.25 3.22
      vertex 13.3153 29.35 3.22
      vertex 13.6253 29.7926 3.22
    endloop
  endfacet
  facet normal 0 0 -1
    outer loop
      vertex 13.087 26.7397 3.22
      vertex 13.3153 29.35 3.22
      vertex 13.3153 26.25 3.22
    endloop
  endfacet
  facet normal 0 0 -1
    outer loop
      vertex 13.087 26.7397 3.22
      vertex 13.087 28.8603 3.22
      vertex 13.3153 29.35 3.22
    endloop
  endfacet
  facet normal 0 0 -1
    outer loop
      vertex 12.9471 27.2617 3.22
      vertex 13.087 28.8603 3.22
      vertex 13.087 26.7397 3.22
    endloop
  endfacet
  facet normal 0 0 -1
    outer loop
      vertex 12.9471 27.2617 3.22
      vertex 12.9471 28.3383 3.22
      vertex 13.087 28.8603 3.22
    endloop
  endfacet
  facet normal 0 -0 -1
    outer loop
      vertex 12.9471 28.3383 3.22
      vertex 12.9471 27.2617 3.22
      vertex 12.9 27.8 3.22
    endloop
  endfacet
  facet normal 0.422541 0.906344 -0
    outer loop
      vertex 14.9397 24.887 0
      vertex 14.45 25.1153 3.22
      vertex 14.9397 24.887 3.22
    endloop
  endfacet
  facet normal 0.422541 0.906344 0
    outer loop
      vertex 14.45 25.1153 3.22
      vertex 14.9397 24.887 0
      vertex 14.45 25.1153 0
    endloop
  endfacet
  facet normal -0.965906 -0.258895 0
    outer loop
      vertex 77.8529 7.53831 0
      vertex 77.713 8.06026 3.22
      vertex 77.713 8.06026 0
    endloop
  endfacet
  facet normal -0.965906 -0.258895 0
    outer loop
      vertex 77.713 8.06026 3.22
      vertex 77.8529 7.53831 0
      vertex 77.8529 7.53831 3.22
    endloop
  endfacet
  facet normal -0.996194 -0.087163 0
    outer loop
      vertex 77.9 7 0
      vertex 77.8529 7.53831 3.22
      vertex 77.8529 7.53831 0
    endloop
  endfacet
  facet normal -0.996194 -0.087163 0
    outer loop
      vertex 77.8529 7.53831 3.22
      vertex 77.9 7 0
      vertex 77.9 7 3.22
    endloop
  endfacet
  facet normal -0.906357 -0.422513 0
    outer loop
      vertex 77.713 8.06026 0
      vertex 77.4847 8.55 3.22
      vertex 77.4847 8.55 0
    endloop
  endfacet
  facet normal -0.906357 -0.422513 0
    outer loop
      vertex 77.4847 8.55 3.22
      vertex 77.713 8.06026 0
      vertex 77.713 8.06026 3.22
    endloop
  endfacet
  facet normal 0.707107 0.707107 0
    outer loop
      vertex 72.8074 4.62526 3.22
      vertex 72.4253 5.00736 0
      vertex 72.4253 5.00736 3.22
    endloop
  endfacet
  facet normal 0.707107 0.707107 0
    outer loop
      vertex 72.4253 5.00736 0
      vertex 72.8074 4.62526 3.22
      vertex 72.8074 4.62526 0
    endloop
  endfacet
  facet normal 0.906357 0.422513 0
    outer loop
      vertex 72.1153 5.45 3.22
      vertex 71.887 5.93974 0
      vertex 71.887 5.93974 3.22
    endloop
  endfacet
  facet normal 0.906357 0.422513 0
    outer loop
      vertex 71.887 5.93974 0
      vertex 72.1153 5.45 3.22
      vertex 72.1153 5.45 0
    endloop
  endfacet
  facet normal -0.8191 0.573651 0
    outer loop
      vertex 77.1747 5.00736 0
      vertex 77.4847 5.45 3.22
      vertex 77.4847 5.45 0
    endloop
  endfacet
  facet normal -0.8191 0.573651 0
    outer loop
      vertex 77.4847 5.45 3.22
      vertex 77.1747 5.00736 0
      vertex 77.1747 5.00736 3.22
    endloop
  endfacet
  facet normal 0.8191 -0.573651 0
    outer loop
      vertex 72.1153 8.55 3.22
      vertex 72.4253 8.99264 0
      vertex 72.4253 8.99264 3.22
    endloop
  endfacet
  facet normal 0.8191 -0.573651 0
    outer loop
      vertex 72.4253 8.99264 0
      vertex 72.1153 8.55 3.22
      vertex 72.1153 8.55 0
    endloop
  endfacet
  facet normal 0.996194 0.087163 0
    outer loop
      vertex 71.7471 6.46169 3.22
      vertex 71.7 7 0
      vertex 71.7 7 3.22
    endloop
  endfacet
  facet normal 0.996194 0.087163 0
    outer loop
      vertex 71.7 7 0
      vertex 71.7471 6.46169 3.22
      vertex 71.7471 6.46169 0
    endloop
  endfacet
  facet normal 0.422647 -0.906294 0
    outer loop
      vertex 73.25 9.68468 0
      vertex 73.7397 9.91305 3.22
      vertex 73.25 9.68468 3.22
    endloop
  endfacet
  facet normal 0.422647 -0.906294 0
    outer loop
      vertex 73.7397 9.91305 3.22
      vertex 73.25 9.68468 0
      vertex 73.7397 9.91305 0
    endloop
  endfacet
  facet normal -0.258785 -0.965935 0
    outer loop
      vertex 75.3383 10.0529 0
      vertex 75.8603 9.91305 3.22
      vertex 75.3383 10.0529 3.22
    endloop
  endfacet
  facet normal -0.258785 -0.965935 -0
    outer loop
      vertex 75.8603 9.91305 3.22
      vertex 75.3383 10.0529 0
      vertex 75.8603 9.91305 0
    endloop
  endfacet
  facet normal -0.996194 0.087163 0
    outer loop
      vertex 77.8529 6.46169 0
      vertex 77.9 7 3.22
      vertex 77.9 7 0
    endloop
  endfacet
  facet normal -0.996194 0.087163 0
    outer loop
      vertex 77.9 7 3.22
      vertex 77.8529 6.46169 0
      vertex 77.8529 6.46169 3.22
    endloop
  endfacet
  facet normal -0.422647 -0.906294 0
    outer loop
      vertex 75.8603 9.91305 0
      vertex 76.35 9.68468 3.22
      vertex 75.8603 9.91305 3.22
    endloop
  endfacet
  facet normal -0.422647 -0.906294 -0
    outer loop
      vertex 76.35 9.68468 3.22
      vertex 75.8603 9.91305 0
      vertex 76.35 9.68468 0
    endloop
  endfacet
  facet normal -0.965906 0.258895 0
    outer loop
      vertex 77.713 5.93974 0
      vertex 77.8529 6.46169 3.22
      vertex 77.8529 6.46169 0
    endloop
  endfacet
  facet normal -0.965906 0.258895 0
    outer loop
      vertex 77.8529 6.46169 3.22
      vertex 77.713 5.93974 0
      vertex 77.713 5.93974 3.22
    endloop
  endfacet
  facet normal 0.996194 -0.087163 0
    outer loop
      vertex 71.7 7 3.22
      vertex 71.7471 7.53831 0
      vertex 71.7471 7.53831 3.22
    endloop
  endfacet
  facet normal 0.996194 -0.087163 0
    outer loop
      vertex 71.7471 7.53831 0
      vertex 71.7 7 3.22
      vertex 71.7 7 0
    endloop
  endfacet
  facet normal 0.906357 -0.422513 0
    outer loop
      vertex 71.887 8.06026 3.22
      vertex 72.1153 8.55 0
      vertex 72.1153 8.55 3.22
    endloop
  endfacet
  facet normal 0.906357 -0.422513 0
    outer loop
      vertex 72.1153 8.55 0
      vertex 71.887 8.06026 3.22
      vertex 71.887 8.06026 0
    endloop
  endfacet
  facet normal 0.573611 -0.819128 0
    outer loop
      vertex 72.8074 9.37474 0
      vertex 73.25 9.68468 3.22
      vertex 72.8074 9.37474 3.22
    endloop
  endfacet
  facet normal 0.573611 -0.819128 0
    outer loop
      vertex 73.25 9.68468 3.22
      vertex 72.8074 9.37474 0
      vertex 73.25 9.68468 0
    endloop
  endfacet
  facet normal -0.8191 -0.573651 0
    outer loop
      vertex 77.4847 8.55 0
      vertex 77.1747 8.99264 3.22
      vertex 77.1747 8.99264 0
    endloop
  endfacet
  facet normal -0.8191 -0.573651 0
    outer loop
      vertex 77.1747 8.99264 3.22
      vertex 77.4847 8.55 0
      vertex 77.4847 8.55 3.22
    endloop
  endfacet
  facet normal 0.0871647 -0.996194 0
    outer loop
      vertex 74.2617 10.0529 0
      vertex 74.8 10.1 3.22
      vertex 74.2617 10.0529 3.22
    endloop
  endfacet
  facet normal 0.0871647 -0.996194 0
    outer loop
      vertex 74.8 10.1 3.22
      vertex 74.2617 10.0529 0
      vertex 74.8 10.1 0
    endloop
  endfacet
  facet normal -0.258785 0.965935 0
    outer loop
      vertex 75.8603 4.08695 0
      vertex 75.3383 3.9471 3.22
      vertex 75.8603 4.08695 3.22
    endloop
  endfacet
  facet normal -0.258785 0.965935 0
    outer loop
      vertex 75.3383 3.9471 3.22
      vertex 75.8603 4.08695 0
      vertex 75.3383 3.9471 0
    endloop
  endfacet
  facet normal 0.258785 0.965935 -0
    outer loop
      vertex 74.2617 3.9471 0
      vertex 73.7397 4.08695 3.22
      vertex 74.2617 3.9471 3.22
    endloop
  endfacet
  facet normal 0.258785 0.965935 0
    outer loop
      vertex 73.7397 4.08695 3.22
      vertex 74.2617 3.9471 0
      vertex 73.7397 4.08695 0
    endloop
  endfacet
  facet normal -0.906357 0.422513 0
    outer loop
      vertex 77.4847 5.45 0
      vertex 77.713 5.93974 3.22
      vertex 77.713 5.93974 0
    endloop
  endfacet
  facet normal -0.906357 0.422513 0
    outer loop
      vertex 77.713 5.93974 3.22
      vertex 77.4847 5.45 0
      vertex 77.4847 5.45 3.22
    endloop
  endfacet
  facet normal 0.965906 -0.258895 0
    outer loop
      vertex 71.7471 7.53831 3.22
      vertex 71.887 8.06026 0
      vertex 71.887 8.06026 3.22
    endloop
  endfacet
  facet normal 0.965906 -0.258895 0
    outer loop
      vertex 71.887 8.06026 0
      vertex 71.7471 7.53831 3.22
      vertex 71.7471 7.53831 0
    endloop
  endfacet
  facet normal -0.0871647 0.996194 0
    outer loop
      vertex 75.3383 3.9471 0
      vertex 74.8 3.9 3.22
      vertex 75.3383 3.9471 3.22
    endloop
  endfacet
  facet normal -0.0871647 0.996194 0
    outer loop
      vertex 74.8 3.9 3.22
      vertex 75.3383 3.9471 0
      vertex 74.8 3.9 0
    endloop
  endfacet
  facet normal -0.422647 0.906294 0
    outer loop
      vertex 76.35 4.31532 0
      vertex 75.8603 4.08695 3.22
      vertex 76.35 4.31532 3.22
    endloop
  endfacet
  facet normal -0.422647 0.906294 0
    outer loop
      vertex 75.8603 4.08695 3.22
      vertex 76.35 4.31532 0
      vertex 75.8603 4.08695 0
    endloop
  endfacet
  facet normal 0.707107 -0.707107 0
    outer loop
      vertex 72.4253 8.99264 3.22
      vertex 72.8074 9.37474 0
      vertex 72.8074 9.37474 3.22
    endloop
  endfacet
  facet normal 0.707107 -0.707107 0
    outer loop
      vertex 72.8074 9.37474 0
      vertex 72.4253 8.99264 3.22
      vertex 72.4253 8.99264 0
    endloop
  endfacet
  facet normal -0.707107 -0.707107 0
    outer loop
      vertex 77.1747 8.99264 0
      vertex 76.7926 9.37474 3.22
      vertex 76.7926 9.37474 0
    endloop
  endfacet
  facet normal -0.707107 -0.707107 0
    outer loop
      vertex 76.7926 9.37474 3.22
      vertex 77.1747 8.99264 0
      vertex 77.1747 8.99264 3.22
    endloop
  endfacet
  facet normal -0.0871647 -0.996194 0
    outer loop
      vertex 74.8 10.1 0
      vertex 75.3383 10.0529 3.22
      vertex 74.8 10.1 3.22
    endloop
  endfacet
  facet normal -0.0871647 -0.996194 -0
    outer loop
      vertex 75.3383 10.0529 3.22
      vertex 74.8 10.1 0
      vertex 75.3383 10.0529 0
    endloop
  endfacet
  facet normal -0.573611 -0.819128 0
    outer loop
      vertex 76.35 9.68468 0
      vertex 76.7926 9.37474 3.22
      vertex 76.35 9.68468 3.22
    endloop
  endfacet
  facet normal -0.573611 -0.819128 -0
    outer loop
      vertex 76.7926 9.37474 3.22
      vertex 76.35 9.68468 0
      vertex 76.7926 9.37474 0
    endloop
  endfacet
  facet normal -0.573611 0.819128 0
    outer loop
      vertex 76.7926 4.62526 0
      vertex 76.35 4.31532 3.22
      vertex 76.7926 4.62526 3.22
    endloop
  endfacet
  facet normal -0.573611 0.819128 0
    outer loop
      vertex 76.35 4.31532 3.22
      vertex 76.7926 4.62526 0
      vertex 76.35 4.31532 0
    endloop
  endfacet
  facet normal 0.0871647 0.996194 -0
    outer loop
      vertex 74.8 3.9 0
      vertex 74.2617 3.9471 3.22
      vertex 74.8 3.9 3.22
    endloop
  endfacet
  facet normal 0.0871647 0.996194 0
    outer loop
      vertex 74.2617 3.9471 3.22
      vertex 74.8 3.9 0
      vertex 74.2617 3.9471 0
    endloop
  endfacet
  facet normal 0.258785 -0.965935 0
    outer loop
      vertex 73.7397 9.91305 0
      vertex 74.2617 10.0529 3.22
      vertex 73.7397 9.91305 3.22
    endloop
  endfacet
  facet normal 0.258785 -0.965935 0
    outer loop
      vertex 74.2617 10.0529 3.22
      vertex 73.7397 9.91305 0
      vertex 74.2617 10.0529 0
    endloop
  endfacet
  facet normal 0.8191 0.573651 0
    outer loop
      vertex 72.4253 5.00736 3.22
      vertex 72.1153 5.45 0
      vertex 72.1153 5.45 3.22
    endloop
  endfacet
  facet normal 0.8191 0.573651 0
    outer loop
      vertex 72.1153 5.45 0
      vertex 72.4253 5.00736 3.22
      vertex 72.4253 5.00736 0
    endloop
  endfacet
  facet normal -0.707107 0.707107 0
    outer loop
      vertex 76.7926 4.62526 0
      vertex 77.1747 5.00736 3.22
      vertex 77.1747 5.00736 0
    endloop
  endfacet
  facet normal -0.707107 0.707107 0
    outer loop
      vertex 77.1747 5.00736 3.22
      vertex 76.7926 4.62526 0
      vertex 76.7926 4.62526 3.22
    endloop
  endfacet
  facet normal 0.965906 0.258895 0
    outer loop
      vertex 71.887 5.93974 3.22
      vertex 71.7471 6.46169 0
      vertex 71.7471 6.46169 3.22
    endloop
  endfacet
  facet normal 0.965906 0.258895 0
    outer loop
      vertex 71.7471 6.46169 0
      vertex 71.887 5.93974 3.22
      vertex 71.887 5.93974 0
    endloop
  endfacet
  facet normal 0.422647 0.906294 -0
    outer loop
      vertex 73.7397 4.08695 0
      vertex 73.25 4.31532 3.22
      vertex 73.7397 4.08695 3.22
    endloop
  endfacet
  facet normal 0.422647 0.906294 0
    outer loop
      vertex 73.25 4.31532 3.22
      vertex 73.7397 4.08695 0
      vertex 73.25 4.31532 0
    endloop
  endfacet
  facet normal 0.573611 0.819128 -0
    outer loop
      vertex 73.25 4.31532 0
      vertex 72.8074 4.62526 3.22
      vertex 73.25 4.31532 3.22
    endloop
  endfacet
  facet normal 0.573611 0.819128 0
    outer loop
      vertex 72.8074 4.62526 3.22
      vertex 73.25 4.31532 0
      vertex 72.8074 4.62526 0
    endloop
  endfacet
  facet normal 0 0 -1
    outer loop
      vertex 77.8529 6.46169 3.22
      vertex 77.8529 7.53831 3.22
      vertex 77.9 7 3.22
    endloop
  endfacet
  facet normal 0 0 -1
    outer loop
      vertex 77.713 5.93974 3.22
      vertex 77.8529 7.53831 3.22
      vertex 77.8529 6.46169 3.22
    endloop
  endfacet
  facet normal 0 0 -1
    outer loop
      vertex 77.713 5.93974 3.22
      vertex 77.713 8.06026 3.22
      vertex 77.8529 7.53831 3.22
    endloop
  endfacet
  facet normal 0 0 -1
    outer loop
      vertex 77.4847 5.45 3.22
      vertex 77.713 8.06026 3.22
      vertex 77.713 5.93974 3.22
    endloop
  endfacet
  facet normal 0 0 -1
    outer loop
      vertex 77.4847 5.45 3.22
      vertex 77.4847 8.55 3.22
      vertex 77.713 8.06026 3.22
    endloop
  endfacet
  facet normal 0 0 -1
    outer loop
      vertex 77.1747 5.00736 3.22
      vertex 77.4847 8.55 3.22
      vertex 77.4847 5.45 3.22
    endloop
  endfacet
  facet normal 0 0 -1
    outer loop
      vertex 77.1747 5.00736 3.22
      vertex 77.1747 8.99264 3.22
      vertex 77.4847 8.55 3.22
    endloop
  endfacet
  facet normal 0 0 -1
    outer loop
      vertex 76.7926 4.62526 3.22
      vertex 77.1747 8.99264 3.22
      vertex 77.1747 5.00736 3.22
    endloop
  endfacet
  facet normal 0 0 -1
    outer loop
      vertex 76.7926 4.62526 3.22
      vertex 76.7926 9.37474 3.22
      vertex 77.1747 8.99264 3.22
    endloop
  endfacet
  facet normal 0 0 -1
    outer loop
      vertex 76.35 4.31532 3.22
      vertex 76.7926 9.37474 3.22
      vertex 76.7926 4.62526 3.22
    endloop
  endfacet
  facet normal 0 0 -1
    outer loop
      vertex 76.35 4.31532 3.22
      vertex 76.35 9.68468 3.22
      vertex 76.7926 9.37474 3.22
    endloop
  endfacet
  facet normal 0 0 -1
    outer loop
      vertex 75.8603 4.08695 3.22
      vertex 76.35 9.68468 3.22
      vertex 76.35 4.31532 3.22
    endloop
  endfacet
  facet normal 0 0 -1
    outer loop
      vertex 75.8603 4.08695 3.22
      vertex 75.8603 9.91305 3.22
      vertex 76.35 9.68468 3.22
    endloop
  endfacet
  facet normal 0 0 -1
    outer loop
      vertex 75.3383 3.9471 3.22
      vertex 75.8603 9.91305 3.22
      vertex 75.8603 4.08695 3.22
    endloop
  endfacet
  facet normal 0 0 -1
    outer loop
      vertex 75.3383 3.9471 3.22
      vertex 75.3383 10.0529 3.22
      vertex 75.8603 9.91305 3.22
    endloop
  endfacet
  facet normal 0 0 -1
    outer loop
      vertex 74.8 3.9 3.22
      vertex 75.3383 10.0529 3.22
      vertex 75.3383 3.9471 3.22
    endloop
  endfacet
  facet normal 0 0 -1
    outer loop
      vertex 74.8 3.9 3.22
      vertex 74.8 10.1 3.22
      vertex 75.3383 10.0529 3.22
    endloop
  endfacet
  facet normal 0 0 -1
    outer loop
      vertex 74.2617 3.9471 3.22
      vertex 74.8 10.1 3.22
      vertex 74.8 3.9 3.22
    endloop
  endfacet
  facet normal 0 0 -1
    outer loop
      vertex 74.2617 3.9471 3.22
      vertex 74.2617 10.0529 3.22
      vertex 74.8 10.1 3.22
    endloop
  endfacet
  facet normal 0 0 -1
    outer loop
      vertex 73.7397 4.08695 3.22
      vertex 74.2617 10.0529 3.22
      vertex 74.2617 3.9471 3.22
    endloop
  endfacet
  facet normal 0 0 -1
    outer loop
      vertex 73.7397 4.08695 3.22
      vertex 73.7397 9.91305 3.22
      vertex 74.2617 10.0529 3.22
    endloop
  endfacet
  facet normal 0 0 -1
    outer loop
      vertex 73.25 4.31532 3.22
      vertex 73.7397 9.91305 3.22
      vertex 73.7397 4.08695 3.22
    endloop
  endfacet
  facet normal 0 0 -1
    outer loop
      vertex 73.25 4.31532 3.22
      vertex 73.25 9.68468 3.22
      vertex 73.7397 9.91305 3.22
    endloop
  endfacet
  facet normal 0 0 -1
    outer loop
      vertex 72.8074 4.62526 3.22
      vertex 73.25 9.68468 3.22
      vertex 73.25 4.31532 3.22
    endloop
  endfacet
  facet normal 0 0 -1
    outer loop
      vertex 72.8074 4.62526 3.22
      vertex 72.8074 9.37474 3.22
      vertex 73.25 9.68468 3.22
    endloop
  endfacet
  facet normal 0 0 -1
    outer loop
      vertex 72.4253 5.00736 3.22
      vertex 72.8074 9.37474 3.22
      vertex 72.8074 4.62526 3.22
    endloop
  endfacet
  facet normal 0 0 -1
    outer loop
      vertex 72.4253 5.00736 3.22
      vertex 72.4253 8.99264 3.22
      vertex 72.8074 9.37474 3.22
    endloop
  endfacet
  facet normal 0 0 -1
    outer loop
      vertex 72.1153 5.45 3.22
      vertex 72.4253 8.99264 3.22
      vertex 72.4253 5.00736 3.22
    endloop
  endfacet
  facet normal 0 0 -1
    outer loop
      vertex 72.1153 5.45 3.22
      vertex 72.1153 8.55 3.22
      vertex 72.4253 8.99264 3.22
    endloop
  endfacet
  facet normal 0 0 -1
    outer loop
      vertex 71.887 5.93974 3.22
      vertex 72.1153 8.55 3.22
      vertex 72.1153 5.45 3.22
    endloop
  endfacet
  facet normal 0 0 -1
    outer loop
      vertex 71.887 5.93974 3.22
      vertex 71.887 8.06026 3.22
      vertex 72.1153 8.55 3.22
    endloop
  endfacet
  facet normal 0 0 -1
    outer loop
      vertex 71.7471 6.46169 3.22
      vertex 71.887 8.06026 3.22
      vertex 71.887 5.93974 3.22
    endloop
  endfacet
  facet normal 0 0 -1
    outer loop
      vertex 71.7471 6.46169 3.22
      vertex 71.7471 7.53831 3.22
      vertex 71.887 8.06026 3.22
    endloop
  endfacet
  facet normal 0 -0 -1
    outer loop
      vertex 71.7471 7.53831 3.22
      vertex 71.7471 6.46169 3.22
      vertex 71.7 7 3.22
    endloop
  endfacet
  facet normal -0.258872 0.965912 0
    outer loop
      vertex 75.8603 24.887 0
      vertex 75.3383 24.7471 3.22
      vertex 75.8603 24.887 3.22
    endloop
  endfacet
  facet normal -0.258872 0.965912 0
    outer loop
      vertex 75.3383 24.7471 3.22
      vertex 75.8603 24.887 0
      vertex 75.3383 24.7471 0
    endloop
  endfacet
  facet normal -0.965912 -0.258872 0
    outer loop
      vertex 77.8529 28.3383 0
      vertex 77.713 28.8603 3.22
      vertex 77.713 28.8603 0
    endloop
  endfacet
  facet normal -0.965912 -0.258872 0
    outer loop
      vertex 77.713 28.8603 3.22
      vertex 77.8529 28.3383 0
      vertex 77.8529 28.3383 3.22
    endloop
  endfacet
  facet normal -0.996194 -0.0871647 0
    outer loop
      vertex 77.9 27.8 0
      vertex 77.8529 28.3383 3.22
      vertex 77.8529 28.3383 0
    endloop
  endfacet
  facet normal -0.996194 -0.0871647 0
    outer loop
      vertex 77.8529 28.3383 3.22
      vertex 77.9 27.8 0
      vertex 77.9 27.8 3.22
    endloop
  endfacet
  facet normal -0.906344 -0.422541 0
    outer loop
      vertex 77.713 28.8603 0
      vertex 77.4847 29.35 3.22
      vertex 77.4847 29.35 0
    endloop
  endfacet
  facet normal -0.906344 -0.422541 0
    outer loop
      vertex 77.4847 29.35 3.22
      vertex 77.713 28.8603 0
      vertex 77.713 28.8603 3.22
    endloop
  endfacet
  facet normal 0.422541 0.906344 -0
    outer loop
      vertex 73.7397 24.887 0
      vertex 73.25 25.1153 3.22
      vertex 73.7397 24.887 3.22
    endloop
  endfacet
  facet normal 0.422541 0.906344 0
    outer loop
      vertex 73.25 25.1153 3.22
      vertex 73.7397 24.887 0
      vertex 73.25 25.1153 0
    endloop
  endfacet
  facet normal 0.996194 -0.0871647 0
    outer loop
      vertex 71.7 27.8 3.22
      vertex 71.7471 28.3383 0
      vertex 71.7471 28.3383 3.22
    endloop
  endfacet
  facet normal 0.996194 -0.0871647 0
    outer loop
      vertex 71.7471 28.3383 0
      vertex 71.7 27.8 3.22
      vertex 71.7 27.8 0
    endloop
  endfacet
  facet normal 0.906344 0.422541 0
    outer loop
      vertex 72.1153 26.25 3.22
      vertex 71.887 26.7397 0
      vertex 71.887 26.7397 3.22
    endloop
  endfacet
  facet normal 0.906344 0.422541 0
    outer loop
      vertex 71.887 26.7397 0
      vertex 72.1153 26.25 3.22
      vertex 72.1153 26.25 0
    endloop
  endfacet
  facet normal 0.906344 -0.422541 0
    outer loop
      vertex 71.887 28.8603 3.22
      vertex 72.1153 29.35 0
      vertex 72.1153 29.35 3.22
    endloop
  endfacet
  facet normal 0.906344 -0.422541 0
    outer loop
      vertex 72.1153 29.35 0
      vertex 71.887 28.8603 3.22
      vertex 71.887 28.8603 0
    endloop
  endfacet
  facet normal -0.258872 -0.965912 0
    outer loop
      vertex 75.3383 30.8529 0
      vertex 75.8603 30.713 3.22
      vertex 75.3383 30.8529 3.22
    endloop
  endfacet
  facet normal -0.258872 -0.965912 -0
    outer loop
      vertex 75.8603 30.713 3.22
      vertex 75.3383 30.8529 0
      vertex 75.8603 30.713 0
    endloop
  endfacet
  facet normal -0.0871647 0.996194 0
    outer loop
      vertex 75.3383 24.7471 0
      vertex 74.8 24.7 3.22
      vertex 75.3383 24.7471 3.22
    endloop
  endfacet
  facet normal -0.0871647 0.996194 0
    outer loop
      vertex 74.8 24.7 3.22
      vertex 75.3383 24.7471 0
      vertex 74.8 24.7 0
    endloop
  endfacet
  facet normal -0.422541 -0.906344 0
    outer loop
      vertex 75.8603 30.713 0
      vertex 76.35 30.4847 3.22
      vertex 75.8603 30.713 3.22
    endloop
  endfacet
  facet normal -0.422541 -0.906344 -0
    outer loop
      vertex 76.35 30.4847 3.22
      vertex 75.8603 30.713 0
      vertex 76.35 30.4847 0
    endloop
  endfacet
  facet normal 0.422541 -0.906344 0
    outer loop
      vertex 73.25 30.4847 0
      vertex 73.7397 30.713 3.22
      vertex 73.25 30.4847 3.22
    endloop
  endfacet
  facet normal 0.422541 -0.906344 0
    outer loop
      vertex 73.7397 30.713 3.22
      vertex 73.25 30.4847 0
      vertex 73.7397 30.713 0
    endloop
  endfacet
  facet normal 0.707107 -0.707107 0
    outer loop
      vertex 72.4253 29.7926 3.22
      vertex 72.8074 30.1747 0
      vertex 72.8074 30.1747 3.22
    endloop
  endfacet
  facet normal 0.707107 -0.707107 0
    outer loop
      vertex 72.8074 30.1747 0
      vertex 72.4253 29.7926 3.22
      vertex 72.4253 29.7926 0
    endloop
  endfacet
  facet normal -0.819075 -0.573686 0
    outer loop
      vertex 77.4847 29.35 0
      vertex 77.1747 29.7926 3.22
      vertex 77.1747 29.7926 0
    endloop
  endfacet
  facet normal -0.819075 -0.573686 0
    outer loop
      vertex 77.1747 29.7926 3.22
      vertex 77.4847 29.35 0
      vertex 77.4847 29.35 3.22
    endloop
  endfacet
  facet normal -0.819075 0.573686 0
    outer loop
      vertex 77.1747 25.8074 0
      vertex 77.4847 26.25 3.22
      vertex 77.4847 26.25 0
    endloop
  endfacet
  facet normal -0.819075 0.573686 0
    outer loop
      vertex 77.4847 26.25 3.22
      vertex 77.1747 25.8074 0
      vertex 77.1747 25.8074 3.22
    endloop
  endfacet
  facet normal 0.258872 -0.965912 0
    outer loop
      vertex 73.7397 30.713 0
      vertex 74.2617 30.8529 3.22
      vertex 73.7397 30.713 3.22
    endloop
  endfacet
  facet normal 0.258872 -0.965912 0
    outer loop
      vertex 74.2617 30.8529 3.22
      vertex 73.7397 30.713 0
      vertex 74.2617 30.8529 0
    endloop
  endfacet
  facet normal -0.707107 0.707107 0
    outer loop
      vertex 76.7926 25.4253 0
      vertex 77.1747 25.8074 3.22
      vertex 77.1747 25.8074 0
    endloop
  endfacet
  facet normal -0.707107 0.707107 0
    outer loop
      vertex 77.1747 25.8074 3.22
      vertex 76.7926 25.4253 0
      vertex 76.7926 25.4253 3.22
    endloop
  endfacet
  facet normal -0.996194 0.0871647 0
    outer loop
      vertex 77.8529 27.2617 0
      vertex 77.9 27.8 3.22
      vertex 77.9 27.8 0
    endloop
  endfacet
  facet normal -0.996194 0.0871647 0
    outer loop
      vertex 77.9 27.8 3.22
      vertex 77.8529 27.2617 0
      vertex 77.8529 27.2617 3.22
    endloop
  endfacet
  facet normal -0.965912 0.258872 0
    outer loop
      vertex 77.713 26.7397 0
      vertex 77.8529 27.2617 3.22
      vertex 77.8529 27.2617 0
    endloop
  endfacet
  facet normal -0.965912 0.258872 0
    outer loop
      vertex 77.8529 27.2617 3.22
      vertex 77.713 26.7397 0
      vertex 77.713 26.7397 3.22
    endloop
  endfacet
  facet normal 0.965912 0.258872 0
    outer loop
      vertex 71.887 26.7397 3.22
      vertex 71.7471 27.2617 0
      vertex 71.7471 27.2617 3.22
    endloop
  endfacet
  facet normal 0.965912 0.258872 0
    outer loop
      vertex 71.7471 27.2617 0
      vertex 71.887 26.7397 3.22
      vertex 71.887 26.7397 0
    endloop
  endfacet
  facet normal -0.906344 0.422541 0
    outer loop
      vertex 77.4847 26.25 0
      vertex 77.713 26.7397 3.22
      vertex 77.713 26.7397 0
    endloop
  endfacet
  facet normal -0.906344 0.422541 0
    outer loop
      vertex 77.713 26.7397 3.22
      vertex 77.4847 26.25 0
      vertex 77.4847 26.25 3.22
    endloop
  endfacet
  facet normal 0.258872 0.965912 -0
    outer loop
      vertex 74.2617 24.7471 0
      vertex 73.7397 24.887 3.22
      vertex 74.2617 24.7471 3.22
    endloop
  endfacet
  facet normal 0.258872 0.965912 0
    outer loop
      vertex 73.7397 24.887 3.22
      vertex 74.2617 24.7471 0
      vertex 73.7397 24.887 0
    endloop
  endfacet
  facet normal 0.996194 0.0871647 0
    outer loop
      vertex 71.7471 27.2617 3.22
      vertex 71.7 27.8 0
      vertex 71.7 27.8 3.22
    endloop
  endfacet
  facet normal 0.996194 0.0871647 0
    outer loop
      vertex 71.7 27.8 0
      vertex 71.7471 27.2617 3.22
      vertex 71.7471 27.2617 0
    endloop
  endfacet
  facet normal 0.573686 -0.819075 0
    outer loop
      vertex 72.8074 30.1747 0
      vertex 73.25 30.4847 3.22
      vertex 72.8074 30.1747 3.22
    endloop
  endfacet
  facet normal 0.573686 -0.819075 0
    outer loop
      vertex 73.25 30.4847 3.22
      vertex 72.8074 30.1747 0
      vertex 73.25 30.4847 0
    endloop
  endfacet
  facet normal -0.0871647 -0.996194 0
    outer loop
      vertex 74.8 30.9 0
      vertex 75.3383 30.8529 3.22
      vertex 74.8 30.9 3.22
    endloop
  endfacet
  facet normal -0.0871647 -0.996194 -0
    outer loop
      vertex 75.3383 30.8529 3.22
      vertex 74.8 30.9 0
      vertex 75.3383 30.8529 0
    endloop
  endfacet
  facet normal -0.573686 -0.819075 0
    outer loop
      vertex 76.35 30.4847 0
      vertex 76.7926 30.1747 3.22
      vertex 76.35 30.4847 3.22
    endloop
  endfacet
  facet normal -0.573686 -0.819075 -0
    outer loop
      vertex 76.7926 30.1747 3.22
      vertex 76.35 30.4847 0
      vertex 76.7926 30.1747 0
    endloop
  endfacet
  facet normal -0.707107 -0.707107 0
    outer loop
      vertex 77.1747 29.7926 0
      vertex 76.7926 30.1747 3.22
      vertex 76.7926 30.1747 0
    endloop
  endfacet
  facet normal -0.707107 -0.707107 0
    outer loop
      vertex 76.7926 30.1747 3.22
      vertex 77.1747 29.7926 0
      vertex 77.1747 29.7926 3.22
    endloop
  endfacet
  facet normal 0.819075 0.573686 0
    outer loop
      vertex 72.4253 25.8074 3.22
      vertex 72.1153 26.25 0
      vertex 72.1153 26.25 3.22
    endloop
  endfacet
  facet normal 0.819075 0.573686 0
    outer loop
      vertex 72.1153 26.25 0
      vertex 72.4253 25.8074 3.22
      vertex 72.4253 25.8074 0
    endloop
  endfacet
  facet normal -0.422541 0.906344 0
    outer loop
      vertex 76.35 25.1153 0
      vertex 75.8603 24.887 3.22
      vertex 76.35 25.1153 3.22
    endloop
  endfacet
  facet normal -0.422541 0.906344 0
    outer loop
      vertex 75.8603 24.887 3.22
      vertex 76.35 25.1153 0
      vertex 75.8603 24.887 0
    endloop
  endfacet
  facet normal 0.707107 0.707107 0
    outer loop
      vertex 72.8074 25.4253 3.22
      vertex 72.4253 25.8074 0
      vertex 72.4253 25.8074 3.22
    endloop
  endfacet
  facet normal 0.707107 0.707107 0
    outer loop
      vertex 72.4253 25.8074 0
      vertex 72.8074 25.4253 3.22
      vertex 72.8074 25.4253 0
    endloop
  endfacet
  facet normal 0 0 -1
    outer loop
      vertex 77.8529 27.2617 3.22
      vertex 77.8529 28.3383 3.22
      vertex 77.9 27.8 3.22
    endloop
  endfacet
  facet normal 0 0 -1
    outer loop
      vertex 77.713 26.7397 3.22
      vertex 77.8529 28.3383 3.22
      vertex 77.8529 27.2617 3.22
    endloop
  endfacet
  facet normal 0 0 -1
    outer loop
      vertex 77.713 26.7397 3.22
      vertex 77.713 28.8603 3.22
      vertex 77.8529 28.3383 3.22
    endloop
  endfacet
  facet normal 0 0 -1
    outer loop
      vertex 77.4847 26.25 3.22
      vertex 77.713 28.8603 3.22
      vertex 77.713 26.7397 3.22
    endloop
  endfacet
  facet normal 0 0 -1
    outer loop
      vertex 77.4847 26.25 3.22
      vertex 77.4847 29.35 3.22
      vertex 77.713 28.8603 3.22
    endloop
  endfacet
  facet normal 0 0 -1
    outer loop
      vertex 77.1747 25.8074 3.22
      vertex 77.4847 29.35 3.22
      vertex 77.4847 26.25 3.22
    endloop
  endfacet
  facet normal 0 0 -1
    outer loop
      vertex 77.1747 25.8074 3.22
      vertex 77.1747 29.7926 3.22
      vertex 77.4847 29.35 3.22
    endloop
  endfacet
  facet normal 0 0 -1
    outer loop
      vertex 76.7926 25.4253 3.22
      vertex 77.1747 29.7926 3.22
      vertex 77.1747 25.8074 3.22
    endloop
  endfacet
  facet normal 0 0 -1
    outer loop
      vertex 76.7926 25.4253 3.22
      vertex 76.7926 30.1747 3.22
      vertex 77.1747 29.7926 3.22
    endloop
  endfacet
  facet normal 0 0 -1
    outer loop
      vertex 76.35 25.1153 3.22
      vertex 76.7926 30.1747 3.22
      vertex 76.7926 25.4253 3.22
    endloop
  endfacet
  facet normal 0 0 -1
    outer loop
      vertex 76.35 25.1153 3.22
      vertex 76.35 30.4847 3.22
      vertex 76.7926 30.1747 3.22
    endloop
  endfacet
  facet normal 0 0 -1
    outer loop
      vertex 75.8603 24.887 3.22
      vertex 76.35 30.4847 3.22
      vertex 76.35 25.1153 3.22
    endloop
  endfacet
  facet normal 0 0 -1
    outer loop
      vertex 75.8603 24.887 3.22
      vertex 75.8603 30.713 3.22
      vertex 76.35 30.4847 3.22
    endloop
  endfacet
  facet normal 0 0 -1
    outer loop
      vertex 75.3383 24.7471 3.22
      vertex 75.8603 30.713 3.22
      vertex 75.8603 24.887 3.22
    endloop
  endfacet
  facet normal 0 0 -1
    outer loop
      vertex 75.3383 24.7471 3.22
      vertex 75.3383 30.8529 3.22
      vertex 75.8603 30.713 3.22
    endloop
  endfacet
  facet normal 0 0 -1
    outer loop
      vertex 74.8 24.7 3.22
      vertex 75.3383 30.8529 3.22
      vertex 75.3383 24.7471 3.22
    endloop
  endfacet
  facet normal 0 0 -1
    outer loop
      vertex 74.8 24.7 3.22
      vertex 74.8 30.9 3.22
      vertex 75.3383 30.8529 3.22
    endloop
  endfacet
  facet normal 0 0 -1
    outer loop
      vertex 74.2617 24.7471 3.22
      vertex 74.8 30.9 3.22
      vertex 74.8 24.7 3.22
    endloop
  endfacet
  facet normal 0 0 -1
    outer loop
      vertex 74.2617 24.7471 3.22
      vertex 74.2617 30.8529 3.22
      vertex 74.8 30.9 3.22
    endloop
  endfacet
  facet normal 0 0 -1
    outer loop
      vertex 73.7397 24.887 3.22
      vertex 74.2617 30.8529 3.22
      vertex 74.2617 24.7471 3.22
    endloop
  endfacet
  facet normal 0 0 -1
    outer loop
      vertex 73.7397 24.887 3.22
      vertex 73.7397 30.713 3.22
      vertex 74.2617 30.8529 3.22
    endloop
  endfacet
  facet normal 0 0 -1
    outer loop
      vertex 73.25 25.1153 3.22
      vertex 73.7397 30.713 3.22
      vertex 73.7397 24.887 3.22
    endloop
  endfacet
  facet normal 0 0 -1
    outer loop
      vertex 73.25 25.1153 3.22
      vertex 73.25 30.4847 3.22
      vertex 73.7397 30.713 3.22
    endloop
  endfacet
  facet normal 0 0 -1
    outer loop
      vertex 72.8074 25.4253 3.22
      vertex 73.25 30.4847 3.22
      vertex 73.25 25.1153 3.22
    endloop
  endfacet
  facet normal 0 0 -1
    outer loop
      vertex 72.8074 25.4253 3.22
      vertex 72.8074 30.1747 3.22
      vertex 73.25 30.4847 3.22
    endloop
  endfacet
  facet normal 0 0 -1
    outer loop
      vertex 72.4253 25.8074 3.22
      vertex 72.8074 30.1747 3.22
      vertex 72.8074 25.4253 3.22
    endloop
  endfacet
  facet normal 0 0 -1
    outer loop
      vertex 72.4253 25.8074 3.22
      vertex 72.4253 29.7926 3.22
      vertex 72.8074 30.1747 3.22
    endloop
  endfacet
  facet normal 0 0 -1
    outer loop
      vertex 72.1153 26.25 3.22
      vertex 72.4253 29.7926 3.22
      vertex 72.4253 25.8074 3.22
    endloop
  endfacet
  facet normal 0 0 -1
    outer loop
      vertex 72.1153 26.25 3.22
      vertex 72.1153 29.35 3.22
      vertex 72.4253 29.7926 3.22
    endloop
  endfacet
  facet normal 0 0 -1
    outer loop
      vertex 71.887 26.7397 3.22
      vertex 72.1153 29.35 3.22
      vertex 72.1153 26.25 3.22
    endloop
  endfacet
  facet normal 0 0 -1
    outer loop
      vertex 71.887 26.7397 3.22
      vertex 71.887 28.8603 3.22
      vertex 72.1153 29.35 3.22
    endloop
  endfacet
  facet normal 0 0 -1
    outer loop
      vertex 71.7471 27.2617 3.22
      vertex 71.887 28.8603 3.22
      vertex 71.887 26.7397 3.22
    endloop
  endfacet
  facet normal 0 0 -1
    outer loop
      vertex 71.7471 27.2617 3.22
      vertex 71.7471 28.3383 3.22
      vertex 71.887 28.8603 3.22
    endloop
  endfacet
  facet normal 0 -0 -1
    outer loop
      vertex 71.7471 28.3383 3.22
      vertex 71.7471 27.2617 3.22
      vertex 71.7 27.8 3.22
    endloop
  endfacet
  facet normal 0.0871647 -0.996194 0
    outer loop
      vertex 74.2617 30.8529 0
      vertex 74.8 30.9 3.22
      vertex 74.2617 30.8529 3.22
    endloop
  endfacet
  facet normal 0.0871647 -0.996194 0
    outer loop
      vertex 74.8 30.9 3.22
      vertex 74.2617 30.8529 0
      vertex 74.8 30.9 0
    endloop
  endfacet
  facet normal -0.573686 0.819075 0
    outer loop
      vertex 76.7926 25.4253 0
      vertex 76.35 25.1153 3.22
      vertex 76.7926 25.4253 3.22
    endloop
  endfacet
  facet normal -0.573686 0.819075 0
    outer loop
      vertex 76.35 25.1153 3.22
      vertex 76.7926 25.4253 0
      vertex 76.35 25.1153 0
    endloop
  endfacet
  facet normal 0.965912 -0.258872 0
    outer loop
      vertex 71.7471 28.3383 3.22
      vertex 71.887 28.8603 0
      vertex 71.887 28.8603 3.22
    endloop
  endfacet
  facet normal 0.965912 -0.258872 0
    outer loop
      vertex 71.887 28.8603 0
      vertex 71.7471 28.3383 3.22
      vertex 71.7471 28.3383 0
    endloop
  endfacet
  facet normal 0.0871647 0.996194 -0
    outer loop
      vertex 74.8 24.7 0
      vertex 74.2617 24.7471 3.22
      vertex 74.8 24.7 3.22
    endloop
  endfacet
  facet normal 0.0871647 0.996194 0
    outer loop
      vertex 74.2617 24.7471 3.22
      vertex 74.8 24.7 0
      vertex 74.2617 24.7471 0
    endloop
  endfacet
  facet normal 0.573686 0.819075 -0
    outer loop
      vertex 73.25 25.1153 0
      vertex 72.8074 25.4253 3.22
      vertex 73.25 25.1153 3.22
    endloop
  endfacet
  facet normal 0.573686 0.819075 0
    outer loop
      vertex 72.8074 25.4253 3.22
      vertex 73.25 25.1153 0
      vertex 72.8074 25.4253 0
    endloop
  endfacet
  facet normal 0.819075 -0.573686 0
    outer loop
      vertex 72.1153 29.35 3.22
      vertex 72.4253 29.7926 0
      vertex 72.4253 29.7926 3.22
    endloop
  endfacet
  facet normal 0.819075 -0.573686 0
    outer loop
      vertex 72.4253 29.7926 0
      vertex 72.1153 29.35 3.22
      vertex 72.1153 29.35 0
    endloop
  endfacet
  facet normal -0.707107 0 0.707107
    outer loop
      vertex 0 1.2 14.8
      vertex 1.2 33.6 16
      vertex 0 33.6 14.8
    endloop
  endfacet
  facet normal -0.707107 0 0.707107
    outer loop
      vertex 1.2 33.6 16
      vertex 0 1.2 14.8
      vertex 1.2 1.2 16
    endloop
  endfacet
  facet normal -0.57735 -0.57735 0.57735
    outer loop
      vertex 1.2 1.2 16
      vertex 0 1.2 14.8
      vertex 1.2 0 14.8
    endloop
  endfacet
  facet normal 0 0 1
    outer loop
      vertex 59.15 6 16
      vertex 80.6 33.6 16
      vertex 59.15 29.8 16
    endloop
  endfacet
  facet normal -0 0 1
    outer loop
      vertex 1.2 33.6 16
      vertex 59.15 29.8 16
      vertex 80.6 33.6 16
    endloop
  endfacet
  facet normal 0 0 1
    outer loop
      vertex 10.65 29.8 16
      vertex 1.2 33.6 16
      vertex 10.65 6 16
    endloop
  endfacet
  facet normal 0 0 1
    outer loop
      vertex 59.15 29.8 16
      vertex 1.2 33.6 16
      vertex 10.65 29.8 16
    endloop
  endfacet
  facet normal 0 0 1
    outer loop
      vertex 80.6 33.6 16
      vertex 59.15 6 16
      vertex 80.6 1.2 16
    endloop
  endfacet
  facet normal 0 0 1
    outer loop
      vertex 1.2 1.2 16
      vertex 59.15 6 16
      vertex 10.65 6 16
    endloop
  endfacet
  facet normal 0 0 1
    outer loop
      vertex 59.15 6 16
      vertex 1.2 1.2 16
      vertex 80.6 1.2 16
    endloop
  endfacet
  facet normal 0 0 1
    outer loop
      vertex 1.2 1.2 16
      vertex 10.65 6 16
      vertex 1.2 33.6 16
    endloop
  endfacet
  facet normal 0 1 -0
    outer loop
      vertex 63.45 34.8 1.2
      vertex 18.35 34.8 9.35
      vertex 63.45 34.8 9.35
    endloop
  endfacet
  facet normal 0 1 0
    outer loop
      vertex 18.35 34.8 9.35
      vertex 63.45 34.8 1.2
      vertex 18.35 34.8 1.2
    endloop
  endfacet
  facet normal 0 1 0
    outer loop
      vertex 63.45 34.8 9.35
      vertex 80.6 34.8 14.8
      vertex 80.6 34.8 9.35
    endloop
  endfacet
  facet normal 0 1 0
    outer loop
      vertex 80.6 34.8 14.8
      vertex 63.45 34.8 9.35
      vertex 1.2 34.8 14.8
    endloop
  endfacet
  facet normal 0 1 -0
    outer loop
      vertex 18.35 34.8 9.35
      vertex 1.2 34.8 14.8
      vertex 63.45 34.8 9.35
    endloop
  endfacet
  facet normal 0 1 0
    outer loop
      vertex 1.2 34.8 14.8
      vertex 18.35 34.8 9.35
      vertex 1.2 34.8 9.35
    endloop
  endfacet
  facet normal 0.707107 0.707107 -0
    outer loop
      vertex 81.8 33.6 9.35
      vertex 80.6 34.8 14.8
      vertex 81.8 33.6 14.8
    endloop
  endfacet
  facet normal 0.707107 0.707107 0
    outer loop
      vertex 80.6 34.8 14.8
      vertex 81.8 33.6 9.35
      vertex 80.6 34.8 9.35
    endloop
  endfacet
  facet normal 0 -0.707107 0.707107
    outer loop
      vertex 1.2 0 14.8
      vertex 80.6 1.2 16
      vertex 1.2 1.2 16
    endloop
  endfacet
  facet normal 0 -0.707107 0.707107
    outer loop
      vertex 80.6 1.2 16
      vertex 1.2 0 14.8
      vertex 80.6 0 14.8
    endloop
  endfacet
  facet normal 0 -0.707107 -0.707107
    outer loop
      vertex 18.35 1.2 0
      vertex 63.45 0 1.2
      vertex 18.35 0 1.2
    endloop
  endfacet
  facet normal 0 -0.707107 -0.707107
    outer loop
      vertex 63.45 0 1.2
      vertex 18.35 1.2 0
      vertex 63.45 1.2 0
    endloop
  endfacet
  facet normal 1 -0 0
    outer loop
      vertex 81.8 1.2 14.8
      vertex 81.8 33.6 9.35
      vertex 81.8 33.6 14.8
    endloop
  endfacet
  facet normal 1 0 0
    outer loop
      vertex 81.8 33.6 9.35
      vertex 81.8 1.2 14.8
      vertex 81.8 1.2 9.35
    endloop
  endfacet
  facet normal 0 0 -1
    outer loop
      vertex 17.9926 30.1747 0
      vertex 18.35 32.05 0
      vertex 18.3747 29.7926 0
    endloop
  endfacet
  facet normal 0 0 -1
    outer loop
      vertex 17.55 30.4847 0
      vertex 18.35 32.05 0
      vertex 17.9926 30.1747 0
    endloop
  endfacet
  facet normal 0 0 -1
    outer loop
      vertex 17.0603 30.713 0
      vertex 18.35 32.05 0
      vertex 17.55 30.4847 0
    endloop
  endfacet
  facet normal 0 0 -1
    outer loop
      vertex 16.5383 30.8529 0
      vertex 18.35 32.05 0
      vertex 17.0603 30.713 0
    endloop
  endfacet
  facet normal 0 0 -1
    outer loop
      vertex 16 30.9 0
      vertex 18.35 32.05 0
      vertex 16.5383 30.8529 0
    endloop
  endfacet
  facet normal 0 0 -1
    outer loop
      vertex 15.4617 30.8529 0
      vertex 18.35 32.05 0
      vertex 16 30.9 0
    endloop
  endfacet
  facet normal 0 0 -1
    outer loop
      vertex 14.9397 30.713 0
      vertex 18.35 32.05 0
      vertex 15.4617 30.8529 0
    endloop
  endfacet
  facet normal 0 0 -1
    outer loop
      vertex 12.9471 27.2617 0
      vertex 2.75 32.05 0
      vertex 12.9 27.8 0
    endloop
  endfacet
  facet normal 0 0 -1
    outer loop
      vertex 12.9 27.8 0
      vertex 2.75 32.05 0
      vertex 12.9471 28.3383 0
    endloop
  endfacet
  facet normal 0 0 -1
    outer loop
      vertex 14.9397 30.713 0
      vertex 2.75 32.05 0
      vertex 18.35 32.05 0
    endloop
  endfacet
  facet normal 0 0 -1
    outer loop
      vertex 14.45 30.4847 0
      vertex 2.75 32.05 0
      vertex 14.9397 30.713 0
    endloop
  endfacet
  facet normal 0 0 -1
    outer loop
      vertex 14.0074 30.1747 0
      vertex 2.75 32.05 0
      vertex 14.45 30.4847 0
    endloop
  endfacet
  facet normal 0 0 -1
    outer loop
      vertex 13.6253 29.7926 0
      vertex 2.75 32.05 0
      vertex 14.0074 30.1747 0
    endloop
  endfacet
  facet normal 0 0 -1
    outer loop
      vertex 13.3153 29.35 0
      vertex 2.75 32.05 0
      vertex 13.6253 29.7926 0
    endloop
  endfacet
  facet normal 0 0 -1
    outer loop
      vertex 13.087 28.8603 0
      vertex 2.75 32.05 0
      vertex 13.3153 29.35 0
    endloop
  endfacet
  facet normal 0 0 -1
    outer loop
      vertex 12.9471 28.3383 0
      vertex 2.75 32.05 0
      vertex 13.087 28.8603 0
    endloop
  endfacet
  facet normal -0 0 -1
    outer loop
      vertex 34.1812 14.9546 0
      vertex 18.6847 8.55 0
      vertex 33.8586 16.1584 0
    endloop
  endfacet
  facet normal 0 0 -1
    outer loop
      vertex 33.75 17.4 0
      vertex 19.0529 27.2617 0
      vertex 19.1 27.8 0
    endloop
  endfacet
  facet normal 0 0 -1
    outer loop
      vertex 18.3747 8.99264 0
      vertex 33.8586 16.1584 0
      vertex 18.6847 8.55 0
    endloop
  endfacet
  facet normal 0 0 -1
    outer loop
      vertex 33.75 17.4 0
      vertex 18.913 26.7397 0
      vertex 19.0529 27.2617 0
    endloop
  endfacet
  facet normal 0 0 -1
    outer loop
      vertex 17.9926 9.37474 0
      vertex 33.8586 16.1584 0
      vertex 18.3747 8.99264 0
    endloop
  endfacet
  facet normal 0 0 -1
    outer loop
      vertex 33.75 17.4 0
      vertex 18.6847 26.25 0
      vertex 18.913 26.7397 0
    endloop
  endfacet
  facet normal -0 0 -1
    outer loop
      vertex 33.8586 16.1584 0
      vertex 17.9926 9.37474 0
      vertex 33.75 17.4 0
    endloop
  endfacet
  facet normal 0 0 -1
    outer loop
      vertex 33.75 17.4 0
      vertex 18.3747 25.8074 0
      vertex 18.6847 26.25 0
    endloop
  endfacet
  facet normal 0 0 -1
    outer loop
      vertex 17.9926 25.4253 0
      vertex 33.75 17.4 0
      vertex 17.9926 9.37474 0
    endloop
  endfacet
  facet normal 0 0 -1
    outer loop
      vertex 33.75 17.4 0
      vertex 17.9926 25.4253 0
      vertex 18.3747 25.8074 0
    endloop
  endfacet
  facet normal 0 0 -1
    outer loop
      vertex 17.55 9.68468 0
      vertex 17.9926 25.4253 0
      vertex 17.9926 9.37474 0
    endloop
  endfacet
  facet normal 0 0 -1
    outer loop
      vertex 17.55 9.68468 0
      vertex 17.55 25.1153 0
      vertex 17.9926 25.4253 0
    endloop
  endfacet
  facet normal 0 0 -1
    outer loop
      vertex 17.0603 9.91305 0
      vertex 17.55 25.1153 0
      vertex 17.55 9.68468 0
    endloop
  endfacet
  facet normal 0 0 -1
    outer loop
      vertex 17.0603 9.91305 0
      vertex 17.0603 24.887 0
      vertex 17.55 25.1153 0
    endloop
  endfacet
  facet normal 0 0 -1
    outer loop
      vertex 16.5383 10.0529 0
      vertex 17.0603 24.887 0
      vertex 17.0603 9.91305 0
    endloop
  endfacet
  facet normal 0 0 -1
    outer loop
      vertex 16.5383 10.0529 0
      vertex 16.5383 24.7471 0
      vertex 17.0603 24.887 0
    endloop
  endfacet
  facet normal 0 0 -1
    outer loop
      vertex 16 10.1 0
      vertex 16.5383 24.7471 0
      vertex 16.5383 10.0529 0
    endloop
  endfacet
  facet normal 0 0 -1
    outer loop
      vertex 16 10.1 0
      vertex 16 24.7 0
      vertex 16.5383 24.7471 0
    endloop
  endfacet
  facet normal 0 0 -1
    outer loop
      vertex 15.4617 10.0529 0
      vertex 16 24.7 0
      vertex 16 10.1 0
    endloop
  endfacet
  facet normal 0 0 -1
    outer loop
      vertex 15.4617 10.0529 0
      vertex 15.4617 24.7471 0
      vertex 16 24.7 0
    endloop
  endfacet
  facet normal 0 0 -1
    outer loop
      vertex 14.9397 9.91305 0
      vertex 15.4617 24.7471 0
      vertex 15.4617 10.0529 0
    endloop
  endfacet
  facet normal 0 0 -1
    outer loop
      vertex 14.9397 9.91305 0
      vertex 14.9397 24.887 0
      vertex 15.4617 24.7471 0
    endloop
  endfacet
  facet normal 0 0 -1
    outer loop
      vertex 14.45 9.68468 0
      vertex 14.9397 24.887 0
      vertex 14.9397 9.91305 0
    endloop
  endfacet
  facet normal 0 0 -1
    outer loop
      vertex 14.45 9.68468 0
      vertex 14.45 25.1153 0
      vertex 14.9397 24.887 0
    endloop
  endfacet
  facet normal 0 0 -1
    outer loop
      vertex 14.0074 9.37474 0
      vertex 14.45 25.1153 0
      vertex 14.45 9.68468 0
    endloop
  endfacet
  facet normal 0 0 -1
    outer loop
      vertex 14.0074 9.37474 0
      vertex 14.0074 25.4253 0
      vertex 14.45 25.1153 0
    endloop
  endfacet
  facet normal 0 0 -1
    outer loop
      vertex 13.6253 8.99264 0
      vertex 14.0074 25.4253 0
      vertex 14.0074 9.37474 0
    endloop
  endfacet
  facet normal 0 0 -1
    outer loop
      vertex 13.6253 8.99264 0
      vertex 13.6253 25.8074 0
      vertex 14.0074 25.4253 0
    endloop
  endfacet
  facet normal 0 0 -1
    outer loop
      vertex 2.75 2.75 0
      vertex 13.6253 8.99264 0
      vertex 13.3153 8.55 0
    endloop
  endfacet
  facet normal -0 0 -1
    outer loop
      vertex 13.6253 8.99264 0
      vertex 2.75 2.75 0
      vertex 13.6253 25.8074 0
    endloop
  endfacet
  facet normal 0 0 -1
    outer loop
      vertex 2.75 2.75 0
      vertex 13.3153 8.55 0
      vertex 13.087 8.06026 0
    endloop
  endfacet
  facet normal 0 0 -1
    outer loop
      vertex 2.75 32.05 0
      vertex 13.6253 25.8074 0
      vertex 2.75 2.75 0
    endloop
  endfacet
  facet normal 0 0 -1
    outer loop
      vertex 2.75 2.75 0
      vertex 13.087 8.06026 0
      vertex 12.9471 7.53831 0
    endloop
  endfacet
  facet normal 0 0 -1
    outer loop
      vertex 13.6253 25.8074 0
      vertex 2.75 32.05 0
      vertex 13.3153 26.25 0
    endloop
  endfacet
  facet normal 0 0 -1
    outer loop
      vertex 2.75 2.75 0
      vertex 12.9471 7.53831 0
      vertex 12.9 7 0
    endloop
  endfacet
  facet normal 0 0 -1
    outer loop
      vertex 13.3153 26.25 0
      vertex 2.75 32.05 0
      vertex 13.087 26.7397 0
    endloop
  endfacet
  facet normal 0 0 -1
    outer loop
      vertex 45.4959 11.9228 0
      vertex 63.45 2.75 0
      vertex 63.45 1.2 0
    endloop
  endfacet
  facet normal 0 0 -1
    outer loop
      vertex 63.45 2.75 0
      vertex 48.05 17.4 0
      vertex 63.45 32.05 0
    endloop
  endfacet
  facet normal 0 0 -1
    outer loop
      vertex 47.9414 18.6416 0
      vertex 63.45 32.05 0
      vertex 48.05 17.4 0
    endloop
  endfacet
  facet normal 0 0 -1
    outer loop
      vertex 63.45 2.75 0
      vertex 47.9414 16.1584 0
      vertex 48.05 17.4 0
    endloop
  endfacet
  facet normal 0 0 -1
    outer loop
      vertex 63.45 2.75 0
      vertex 47.6188 14.9546 0
      vertex 47.9414 16.1584 0
    endloop
  endfacet
  facet normal 0 0 -1
    outer loop
      vertex 63.45 2.75 0
      vertex 47.0921 13.825 0
      vertex 47.6188 14.9546 0
    endloop
  endfacet
  facet normal 0 0 -1
    outer loop
      vertex 63.45 2.75 0
      vertex 46.3772 12.8041 0
      vertex 47.0921 13.825 0
    endloop
  endfacet
  facet normal 0 0 -1
    outer loop
      vertex 63.45 2.75 0
      vertex 45.4959 11.9228 0
      vertex 46.3772 12.8041 0
    endloop
  endfacet
  facet normal 0 0 -1
    outer loop
      vertex 63.45 1.2 0
      vertex 44.475 11.2079 0
      vertex 45.4959 11.9228 0
    endloop
  endfacet
  facet normal 0 0 -1
    outer loop
      vertex 63.45 1.2 0
      vertex 43.3454 10.6812 0
      vertex 44.475 11.2079 0
    endloop
  endfacet
  facet normal 0 0 -1
    outer loop
      vertex 63.45 1.2 0
      vertex 42.1416 10.3586 0
      vertex 43.3454 10.6812 0
    endloop
  endfacet
  facet normal 0 0 -1
    outer loop
      vertex 63.45 1.2 0
      vertex 40.9 10.25 0
      vertex 42.1416 10.3586 0
    endloop
  endfacet
  facet normal 0 0 -1
    outer loop
      vertex 18.35 1.2 0
      vertex 40.9 10.25 0
      vertex 63.45 1.2 0
    endloop
  endfacet
  facet normal -0 0 -1
    outer loop
      vertex 40.9 10.25 0
      vertex 18.35 1.2 0
      vertex 39.6584 10.3586 0
    endloop
  endfacet
  facet normal -0 0 -1
    outer loop
      vertex 34.7079 13.825 0
      vertex 18.913 8.06026 0
      vertex 34.1812 14.9546 0
    endloop
  endfacet
  facet normal 0 0 -1
    outer loop
      vertex 18.913 8.06026 0
      vertex 34.7079 13.825 0
      vertex 19.0529 7.53831 0
    endloop
  endfacet
  facet normal -0 0 -1
    outer loop
      vertex 35.4228 12.8041 0
      vertex 19.0529 7.53831 0
      vertex 34.7079 13.825 0
    endloop
  endfacet
  facet normal 0 0 -1
    outer loop
      vertex 19.0529 7.53831 0
      vertex 35.4228 12.8041 0
      vertex 19.1 7 0
    endloop
  endfacet
  facet normal 0 0 -1
    outer loop
      vertex 19.0529 6.46169 0
      vertex 35.4228 12.8041 0
      vertex 36.3041 11.9228 0
    endloop
  endfacet
  facet normal 0 0 -1
    outer loop
      vertex 18.35 2.75 0
      vertex 36.3041 11.9228 0
      vertex 37.325 11.2079 0
    endloop
  endfacet
  facet normal 0 0 -1
    outer loop
      vertex 18.35 1.2 0
      vertex 37.325 11.2079 0
      vertex 38.4546 10.6812 0
    endloop
  endfacet
  facet normal -0 0 -1
    outer loop
      vertex 39.6584 10.3586 0
      vertex 18.35 1.2 0
      vertex 38.4546 10.6812 0
    endloop
  endfacet
  facet normal 0 0 -1
    outer loop
      vertex 35.4228 12.8041 0
      vertex 19.0529 6.46169 0
      vertex 19.1 7 0
    endloop
  endfacet
  facet normal 0 0 -1
    outer loop
      vertex 37.325 11.2079 0
      vertex 18.35 1.2 0
      vertex 18.35 2.75 0
    endloop
  endfacet
  facet normal 0 0 -1
    outer loop
      vertex 36.3041 11.9228 0
      vertex 18.913 5.93974 0
      vertex 19.0529 6.46169 0
    endloop
  endfacet
  facet normal 0 0 -1
    outer loop
      vertex 36.3041 11.9228 0
      vertex 18.35 2.75 0
      vertex 18.913 5.93974 0
    endloop
  endfacet
  facet normal 0 0 -1
    outer loop
      vertex 18.913 5.93974 0
      vertex 18.35 2.75 0
      vertex 18.6847 5.45 0
    endloop
  endfacet
  facet normal 0 0 -1
    outer loop
      vertex 18.6847 5.45 0
      vertex 18.35 2.75 0
      vertex 18.3747 5.00736 0
    endloop
  endfacet
  facet normal 0 0 -1
    outer loop
      vertex 18.35 2.75 0
      vertex 17.9926 4.62526 0
      vertex 18.3747 5.00736 0
    endloop
  endfacet
  facet normal 0 0 -1
    outer loop
      vertex 18.35 2.75 0
      vertex 17.55 4.31532 0
      vertex 17.9926 4.62526 0
    endloop
  endfacet
  facet normal 0 0 -1
    outer loop
      vertex 18.35 2.75 0
      vertex 17.0603 4.08695 0
      vertex 17.55 4.31532 0
    endloop
  endfacet
  facet normal 0 0 -1
    outer loop
      vertex 18.35 2.75 0
      vertex 16.5383 3.9471 0
      vertex 17.0603 4.08695 0
    endloop
  endfacet
  facet normal 0 0 -1
    outer loop
      vertex 18.35 2.75 0
      vertex 16 3.9 0
      vertex 16.5383 3.9471 0
    endloop
  endfacet
  facet normal 0 0 -1
    outer loop
      vertex 18.35 2.75 0
      vertex 15.4617 3.9471 0
      vertex 16 3.9 0
    endloop
  endfacet
  facet normal 0 0 -1
    outer loop
      vertex 18.35 2.75 0
      vertex 14.9397 4.08695 0
      vertex 15.4617 3.9471 0
    endloop
  endfacet
  facet normal 0 0 -1
    outer loop
      vertex 13.087 26.7397 0
      vertex 2.75 32.05 0
      vertex 12.9471 27.2617 0
    endloop
  endfacet
  facet normal -0 0 -1
    outer loop
      vertex 12.9471 6.46169 0
      vertex 2.75 2.75 0
      vertex 12.9 7 0
    endloop
  endfacet
  facet normal -0 0 -1
    outer loop
      vertex 13.087 5.93974 0
      vertex 2.75 2.75 0
      vertex 12.9471 6.46169 0
    endloop
  endfacet
  facet normal -0 0 -1
    outer loop
      vertex 13.3153 5.45 0
      vertex 2.75 2.75 0
      vertex 13.087 5.93974 0
    endloop
  endfacet
  facet normal -0 0 -1
    outer loop
      vertex 13.6253 5.00736 0
      vertex 2.75 2.75 0
      vertex 13.3153 5.45 0
    endloop
  endfacet
  facet normal -0 0 -1
    outer loop
      vertex 14.0074 4.62526 0
      vertex 2.75 2.75 0
      vertex 13.6253 5.00736 0
    endloop
  endfacet
  facet normal -0 0 -1
    outer loop
      vertex 14.45 4.31532 0
      vertex 2.75 2.75 0
      vertex 14.0074 4.62526 0
    endloop
  endfacet
  facet normal -0 0 -1
    outer loop
      vertex 14.9397 4.08695 0
      vertex 2.75 2.75 0
      vertex 14.45 4.31532 0
    endloop
  endfacet
  facet normal 0 0 -1
    outer loop
      vertex 2.75 2.75 0
      vertex 14.9397 4.08695 0
      vertex 18.35 2.75 0
    endloop
  endfacet
  facet normal 0 0 -1
    outer loop
      vertex 47.6188 19.8454 0
      vertex 63.45 32.05 0
      vertex 47.9414 18.6416 0
    endloop
  endfacet
  facet normal 0 0 -1
    outer loop
      vertex 47.0921 20.975 0
      vertex 63.45 32.05 0
      vertex 47.6188 19.8454 0
    endloop
  endfacet
  facet normal 0 0 -1
    outer loop
      vertex 46.3772 21.9959 0
      vertex 63.45 32.05 0
      vertex 47.0921 20.975 0
    endloop
  endfacet
  facet normal 0 0 -1
    outer loop
      vertex 45.4959 22.8772 0
      vertex 63.45 32.05 0
      vertex 46.3772 21.9959 0
    endloop
  endfacet
  facet normal -0 0 -1
    outer loop
      vertex 63.45 32.05 0
      vertex 45.4959 22.8772 0
      vertex 63.45 33.6 0
    endloop
  endfacet
  facet normal 0 0 -1
    outer loop
      vertex 44.475 23.5921 0
      vertex 63.45 33.6 0
      vertex 45.4959 22.8772 0
    endloop
  endfacet
  facet normal 0 0 -1
    outer loop
      vertex 43.3454 24.1188 0
      vertex 63.45 33.6 0
      vertex 44.475 23.5921 0
    endloop
  endfacet
  facet normal 0 0 -1
    outer loop
      vertex 42.1416 24.4414 0
      vertex 63.45 33.6 0
      vertex 43.3454 24.1188 0
    endloop
  endfacet
  facet normal 0 0 -1
    outer loop
      vertex 40.9 24.55 0
      vertex 63.45 33.6 0
      vertex 42.1416 24.4414 0
    endloop
  endfacet
  facet normal 0 0 -1
    outer loop
      vertex 18.35 33.6 0
      vertex 40.9 24.55 0
      vertex 39.6584 24.4414 0
    endloop
  endfacet
  facet normal 0 0 -1
    outer loop
      vertex 18.35 33.6 0
      vertex 39.6584 24.4414 0
      vertex 38.4546 24.1188 0
    endloop
  endfacet
  facet normal 0 0 -1
    outer loop
      vertex 18.6847 8.55 0
      vertex 34.1812 14.9546 0
      vertex 18.913 8.06026 0
    endloop
  endfacet
  facet normal 0 0 -1
    outer loop
      vertex 33.75 17.4 0
      vertex 19.1 27.8 0
      vertex 33.8586 18.6416 0
    endloop
  endfacet
  facet normal 0 0 -1
    outer loop
      vertex 33.8586 18.6416 0
      vertex 19.1 27.8 0
      vertex 34.1812 19.8454 0
    endloop
  endfacet
  facet normal 0 0 -1
    outer loop
      vertex 34.1812 19.8454 0
      vertex 19.1 27.8 0
      vertex 34.7079 20.975 0
    endloop
  endfacet
  facet normal 0 0 -1
    outer loop
      vertex 34.7079 20.975 0
      vertex 19.1 27.8 0
      vertex 35.4228 21.9959 0
    endloop
  endfacet
  facet normal 0 0 -1
    outer loop
      vertex 19.0529 28.3383 0
      vertex 35.4228 21.9959 0
      vertex 19.1 27.8 0
    endloop
  endfacet
  facet normal 0 0 -1
    outer loop
      vertex 35.4228 21.9959 0
      vertex 19.0529 28.3383 0
      vertex 36.3041 22.8772 0
    endloop
  endfacet
  facet normal 0 0 -1
    outer loop
      vertex 18.913 28.8603 0
      vertex 36.3041 22.8772 0
      vertex 19.0529 28.3383 0
    endloop
  endfacet
  facet normal 0 0 -1
    outer loop
      vertex 18.35 32.05 0
      vertex 36.3041 22.8772 0
      vertex 18.913 28.8603 0
    endloop
  endfacet
  facet normal 0 0 -1
    outer loop
      vertex 36.3041 22.8772 0
      vertex 18.35 32.05 0
      vertex 37.325 23.5921 0
    endloop
  endfacet
  facet normal 0 0 -1
    outer loop
      vertex 18.35 33.6 0
      vertex 37.325 23.5921 0
      vertex 18.35 32.05 0
    endloop
  endfacet
  facet normal 0 0 -1
    outer loop
      vertex 18.35 32.05 0
      vertex 18.913 28.8603 0
      vertex 18.6847 29.35 0
    endloop
  endfacet
  facet normal 0 0 -1
    outer loop
      vertex 18.35 32.05 0
      vertex 18.6847 29.35 0
      vertex 18.3747 29.7926 0
    endloop
  endfacet
  facet normal 0 0 -1
    outer loop
      vertex 37.325 23.5921 0
      vertex 18.35 33.6 0
      vertex 38.4546 24.1188 0
    endloop
  endfacet
  facet normal 0 0 -1
    outer loop
      vertex 40.9 24.55 0
      vertex 18.35 33.6 0
      vertex 63.45 33.6 0
    endloop
  endfacet
  facet normal 0 0 -1
    outer loop
      vertex 77.8529 27.2617 0
      vertex 79.05 32.05 0
      vertex 77.8529 7.53831 0
    endloop
  endfacet
  facet normal 0 0 -1
    outer loop
      vertex 79.05 32.05 0
      vertex 77.8529 27.2617 0
      vertex 77.9 27.8 0
    endloop
  endfacet
  facet normal 0 0 -1
    outer loop
      vertex 77.713 8.06026 0
      vertex 77.8529 27.2617 0
      vertex 77.8529 7.53831 0
    endloop
  endfacet
  facet normal 0 0 -1
    outer loop
      vertex 77.713 8.06026 0
      vertex 77.713 26.7397 0
      vertex 77.8529 27.2617 0
    endloop
  endfacet
  facet normal 0 0 -1
    outer loop
      vertex 77.4847 8.55 0
      vertex 77.713 26.7397 0
      vertex 77.713 8.06026 0
    endloop
  endfacet
  facet normal 0 0 -1
    outer loop
      vertex 77.4847 8.55 0
      vertex 77.4847 26.25 0
      vertex 77.713 26.7397 0
    endloop
  endfacet
  facet normal 0 0 -1
    outer loop
      vertex 77.1747 8.99264 0
      vertex 77.4847 26.25 0
      vertex 77.4847 8.55 0
    endloop
  endfacet
  facet normal 0 0 -1
    outer loop
      vertex 77.1747 8.99264 0
      vertex 77.1747 25.8074 0
      vertex 77.4847 26.25 0
    endloop
  endfacet
  facet normal 0 0 -1
    outer loop
      vertex 76.7926 9.37474 0
      vertex 77.1747 25.8074 0
      vertex 77.1747 8.99264 0
    endloop
  endfacet
  facet normal 0 0 -1
    outer loop
      vertex 76.7926 9.37474 0
      vertex 76.7926 25.4253 0
      vertex 77.1747 25.8074 0
    endloop
  endfacet
  facet normal 0 0 -1
    outer loop
      vertex 76.35 9.68468 0
      vertex 76.7926 25.4253 0
      vertex 76.7926 9.37474 0
    endloop
  endfacet
  facet normal 0 0 -1
    outer loop
      vertex 76.35 9.68468 0
      vertex 76.35 25.1153 0
      vertex 76.7926 25.4253 0
    endloop
  endfacet
  facet normal 0 0 -1
    outer loop
      vertex 75.8603 9.91305 0
      vertex 76.35 25.1153 0
      vertex 76.35 9.68468 0
    endloop
  endfacet
  facet normal 0 0 -1
    outer loop
      vertex 75.8603 9.91305 0
      vertex 75.8603 24.887 0
      vertex 76.35 25.1153 0
    endloop
  endfacet
  facet normal 0 0 -1
    outer loop
      vertex 75.3383 10.0529 0
      vertex 75.8603 24.887 0
      vertex 75.8603 9.91305 0
    endloop
  endfacet
  facet normal 0 0 -1
    outer loop
      vertex 75.3383 10.0529 0
      vertex 75.3383 24.7471 0
      vertex 75.8603 24.887 0
    endloop
  endfacet
  facet normal 0 0 -1
    outer loop
      vertex 74.8 10.1 0
      vertex 75.3383 24.7471 0
      vertex 75.3383 10.0529 0
    endloop
  endfacet
  facet normal 0 0 -1
    outer loop
      vertex 74.8 10.1 0
      vertex 74.8 24.7 0
      vertex 75.3383 24.7471 0
    endloop
  endfacet
  facet normal 0 0 -1
    outer loop
      vertex 74.2617 10.0529 0
      vertex 74.8 24.7 0
      vertex 74.8 10.1 0
    endloop
  endfacet
  facet normal 0 0 -1
    outer loop
      vertex 74.2617 10.0529 0
      vertex 74.2617 24.7471 0
      vertex 74.8 24.7 0
    endloop
  endfacet
  facet normal 0 0 -1
    outer loop
      vertex 73.7397 9.91305 0
      vertex 74.2617 24.7471 0
      vertex 74.2617 10.0529 0
    endloop
  endfacet
  facet normal 0 0 -1
    outer loop
      vertex 73.7397 9.91305 0
      vertex 73.7397 24.887 0
      vertex 74.2617 24.7471 0
    endloop
  endfacet
  facet normal 0 0 -1
    outer loop
      vertex 73.25 9.68468 0
      vertex 73.7397 24.887 0
      vertex 73.7397 9.91305 0
    endloop
  endfacet
  facet normal 0 0 -1
    outer loop
      vertex 73.25 9.68468 0
      vertex 73.25 25.1153 0
      vertex 73.7397 24.887 0
    endloop
  endfacet
  facet normal 0 0 -1
    outer loop
      vertex 72.8074 9.37474 0
      vertex 73.25 25.1153 0
      vertex 73.25 9.68468 0
    endloop
  endfacet
  facet normal 0 0 -1
    outer loop
      vertex 72.8074 9.37474 0
      vertex 72.8074 25.4253 0
      vertex 73.25 25.1153 0
    endloop
  endfacet
  facet normal 0 0 -1
    outer loop
      vertex 72.4253 8.99264 0
      vertex 72.8074 25.4253 0
      vertex 72.8074 9.37474 0
    endloop
  endfacet
  facet normal 0 0 -1
    outer loop
      vertex 72.4253 8.99264 0
      vertex 72.4253 25.8074 0
      vertex 72.8074 25.4253 0
    endloop
  endfacet
  facet normal 0 0 -1
    outer loop
      vertex 72.1153 8.55 0
      vertex 72.4253 25.8074 0
      vertex 72.4253 8.99264 0
    endloop
  endfacet
  facet normal 0 0 -1
    outer loop
      vertex 72.1153 8.55 0
      vertex 72.1153 26.25 0
      vertex 72.4253 25.8074 0
    endloop
  endfacet
  facet normal 0 0 -1
    outer loop
      vertex 63.45 2.75 0
      vertex 72.1153 8.55 0
      vertex 71.887 8.06026 0
    endloop
  endfacet
  facet normal -0 0 -1
    outer loop
      vertex 72.1153 8.55 0
      vertex 63.45 2.75 0
      vertex 72.1153 26.25 0
    endloop
  endfacet
  facet normal 0 0 -1
    outer loop
      vertex 63.45 2.75 0
      vertex 71.887 8.06026 0
      vertex 71.7471 7.53831 0
    endloop
  endfacet
  facet normal 0 0 -1
    outer loop
      vertex 63.45 32.05 0
      vertex 72.1153 26.25 0
      vertex 63.45 2.75 0
    endloop
  endfacet
  facet normal 0 0 -1
    outer loop
      vertex 63.45 2.75 0
      vertex 71.7471 7.53831 0
      vertex 71.7 7 0
    endloop
  endfacet
  facet normal 0 0 -1
    outer loop
      vertex 72.1153 26.25 0
      vertex 63.45 32.05 0
      vertex 71.887 26.7397 0
    endloop
  endfacet
  facet normal 0 0 -1
    outer loop
      vertex 77.8529 7.53831 0
      vertex 79.05 2.75 0
      vertex 77.9 7 0
    endloop
  endfacet
  facet normal 0 0 -1
    outer loop
      vertex 79.05 2.75 0
      vertex 77.8529 6.46169 0
      vertex 77.9 7 0
    endloop
  endfacet
  facet normal 0 0 -1
    outer loop
      vertex 79.05 2.75 0
      vertex 77.713 5.93974 0
      vertex 77.8529 6.46169 0
    endloop
  endfacet
  facet normal 0 0 -1
    outer loop
      vertex 79.05 2.75 0
      vertex 77.4847 5.45 0
      vertex 77.713 5.93974 0
    endloop
  endfacet
  facet normal 0 0 -1
    outer loop
      vertex 79.05 2.75 0
      vertex 77.1747 5.00736 0
      vertex 77.4847 5.45 0
    endloop
  endfacet
  facet normal 0 0 -1
    outer loop
      vertex 79.05 2.75 0
      vertex 76.7926 4.62526 0
      vertex 77.1747 5.00736 0
    endloop
  endfacet
  facet normal 0 0 -1
    outer loop
      vertex 79.05 2.75 0
      vertex 76.35 4.31532 0
      vertex 76.7926 4.62526 0
    endloop
  endfacet
  facet normal 0 0 -1
    outer loop
      vertex 79.05 2.75 0
      vertex 75.8603 4.08695 0
      vertex 76.35 4.31532 0
    endloop
  endfacet
  facet normal 0 0 -1
    outer loop
      vertex 79.05 2.75 0
      vertex 75.3383 3.9471 0
      vertex 75.8603 4.08695 0
    endloop
  endfacet
  facet normal 0 0 -1
    outer loop
      vertex 79.05 2.75 0
      vertex 74.8 3.9 0
      vertex 75.3383 3.9471 0
    endloop
  endfacet
  facet normal 0 0 -1
    outer loop
      vertex 79.05 2.75 0
      vertex 74.2617 3.9471 0
      vertex 74.8 3.9 0
    endloop
  endfacet
  facet normal 0 0 -1
    outer loop
      vertex 71.887 26.7397 0
      vertex 63.45 32.05 0
      vertex 71.7471 27.2617 0
    endloop
  endfacet
  facet normal -0 0 -1
    outer loop
      vertex 71.7471 6.46169 0
      vertex 63.45 2.75 0
      vertex 71.7 7 0
    endloop
  endfacet
  facet normal -0 0 -1
    outer loop
      vertex 71.887 5.93974 0
      vertex 63.45 2.75 0
      vertex 71.7471 6.46169 0
    endloop
  endfacet
  facet normal -0 0 -1
    outer loop
      vertex 72.1153 5.45 0
      vertex 63.45 2.75 0
      vertex 71.887 5.93974 0
    endloop
  endfacet
  facet normal -0 0 -1
    outer loop
      vertex 72.4253 5.00736 0
      vertex 63.45 2.75 0
      vertex 72.1153 5.45 0
    endloop
  endfacet
  facet normal -0 0 -1
    outer loop
      vertex 72.8074 4.62526 0
      vertex 63.45 2.75 0
      vertex 72.4253 5.00736 0
    endloop
  endfacet
  facet normal -0 0 -1
    outer loop
      vertex 73.25 4.31532 0
      vertex 63.45 2.75 0
      vertex 72.8074 4.62526 0
    endloop
  endfacet
  facet normal -0 0 -1
    outer loop
      vertex 73.7397 4.08695 0
      vertex 63.45 2.75 0
      vertex 73.25 4.31532 0
    endloop
  endfacet
  facet normal -0 0 -1
    outer loop
      vertex 74.2617 3.9471 0
      vertex 63.45 2.75 0
      vertex 73.7397 4.08695 0
    endloop
  endfacet
  facet normal 0 0 -1
    outer loop
      vertex 63.45 2.75 0
      vertex 74.2617 3.9471 0
      vertex 79.05 2.75 0
    endloop
  endfacet
  facet normal 0 0 -1
    outer loop
      vertex 79.05 2.75 0
      vertex 77.8529 7.53831 0
      vertex 79.05 32.05 0
    endloop
  endfacet
  facet normal 0 0 -1
    outer loop
      vertex 77.8529 28.3383 0
      vertex 79.05 32.05 0
      vertex 77.9 27.8 0
    endloop
  endfacet
  facet normal 0 0 -1
    outer loop
      vertex 77.713 28.8603 0
      vertex 79.05 32.05 0
      vertex 77.8529 28.3383 0
    endloop
  endfacet
  facet normal 0 0 -1
    outer loop
      vertex 77.4847 29.35 0
      vertex 79.05 32.05 0
      vertex 77.713 28.8603 0
    endloop
  endfacet
  facet normal 0 0 -1
    outer loop
      vertex 77.1747 29.7926 0
      vertex 79.05 32.05 0
      vertex 77.4847 29.35 0
    endloop
  endfacet
  facet normal 0 0 -1
    outer loop
      vertex 76.7926 30.1747 0
      vertex 79.05 32.05 0
      vertex 77.1747 29.7926 0
    endloop
  endfacet
  facet normal 0 0 -1
    outer loop
      vertex 76.35 30.4847 0
      vertex 79.05 32.05 0
      vertex 76.7926 30.1747 0
    endloop
  endfacet
  facet normal 0 0 -1
    outer loop
      vertex 75.8603 30.713 0
      vertex 79.05 32.05 0
      vertex 76.35 30.4847 0
    endloop
  endfacet
  facet normal 0 0 -1
    outer loop
      vertex 75.3383 30.8529 0
      vertex 79.05 32.05 0
      vertex 75.8603 30.713 0
    endloop
  endfacet
  facet normal 0 0 -1
    outer loop
      vertex 74.8 30.9 0
      vertex 79.05 32.05 0
      vertex 75.3383 30.8529 0
    endloop
  endfacet
  facet normal 0 0 -1
    outer loop
      vertex 74.2617 30.8529 0
      vertex 79.05 32.05 0
      vertex 74.8 30.9 0
    endloop
  endfacet
  facet normal 0 0 -1
    outer loop
      vertex 71.7471 27.2617 0
      vertex 63.45 32.05 0
      vertex 71.7 27.8 0
    endloop
  endfacet
  facet normal 0 0 -1
    outer loop
      vertex 71.7 27.8 0
      vertex 63.45 32.05 0
      vertex 71.7471 28.3383 0
    endloop
  endfacet
  facet normal 0 0 -1
    outer loop
      vertex 74.2617 30.8529 0
      vertex 63.45 32.05 0
      vertex 79.05 32.05 0
    endloop
  endfacet
  facet normal 0 0 -1
    outer loop
      vertex 73.7397 30.713 0
      vertex 63.45 32.05 0
      vertex 74.2617 30.8529 0
    endloop
  endfacet
  facet normal 0 0 -1
    outer loop
      vertex 73.25 30.4847 0
      vertex 63.45 32.05 0
      vertex 73.7397 30.713 0
    endloop
  endfacet
  facet normal 0 0 -1
    outer loop
      vertex 72.8074 30.1747 0
      vertex 63.45 32.05 0
      vertex 73.25 30.4847 0
    endloop
  endfacet
  facet normal 0 0 -1
    outer loop
      vertex 72.4253 29.7926 0
      vertex 63.45 32.05 0
      vertex 72.8074 30.1747 0
    endloop
  endfacet
  facet normal 0 0 -1
    outer loop
      vertex 72.1153 29.35 0
      vertex 63.45 32.05 0
      vertex 72.4253 29.7926 0
    endloop
  endfacet
  facet normal 0 0 -1
    outer loop
      vertex 71.887 28.8603 0
      vertex 63.45 32.05 0
      vertex 72.1153 29.35 0
    endloop
  endfacet
  facet normal 0 0 -1
    outer loop
      vertex 71.7471 28.3383 0
      vertex 63.45 32.05 0
      vertex 71.887 28.8603 0
    endloop
  endfacet
  facet normal -0.57735 0.57735 0.57735
    outer loop
      vertex 1.2 34.8 14.8
      vertex 0 33.6 14.8
      vertex 1.2 33.6 16
    endloop
  endfacet
  facet normal -1 0 0
    outer loop
      vertex 0 1.2 9.35
      vertex 0 33.6 14.8
      vertex 0 33.6 9.35
    endloop
  endfacet
  facet normal -1 -0 0
    outer loop
      vertex 0 33.6 14.8
      vertex 0 1.2 9.35
      vertex 0 1.2 14.8
    endloop
  endfacet
  facet normal 0 -1 0
    outer loop
      vertex 18.35 0 1.2
      vertex 63.45 0 9.35
      vertex 18.35 0 9.35
    endloop
  endfacet
  facet normal 0 -1 -0
    outer loop
      vertex 63.45 0 9.35
      vertex 18.35 0 1.2
      vertex 63.45 0 1.2
    endloop
  endfacet
  facet normal 0 -1 0
    outer loop
      vertex 18.35 0 9.35
      vertex 1.2 0 14.8
      vertex 1.2 0 9.35
    endloop
  endfacet
  facet normal 0 -1 0
    outer loop
      vertex 1.2 0 14.8
      vertex 18.35 0 9.35
      vertex 80.6 0 14.8
    endloop
  endfacet
  facet normal 0 -1 0
    outer loop
      vertex 63.45 0 9.35
      vertex 80.6 0 14.8
      vertex 18.35 0 9.35
    endloop
  endfacet
  facet normal 0 -1 -0
    outer loop
      vertex 80.6 0 14.8
      vertex 63.45 0 9.35
      vertex 80.6 0 9.35
    endloop
  endfacet
  facet normal -0.707107 -0.707107 0
    outer loop
      vertex 1.2 0 9.35
      vertex 0 1.2 14.8
      vertex 0 1.2 9.35
    endloop
  endfacet
  facet normal -0.707107 -0.707107 0
    outer loop
      vertex 0 1.2 14.8
      vertex 1.2 0 9.35
      vertex 1.2 0 14.8
    endloop
  endfacet
  facet normal 0.707107 0 0.707107
    outer loop
      vertex 80.6 33.6 16
      vertex 81.8 1.2 14.8
      vertex 81.8 33.6 14.8
    endloop
  endfacet
  facet normal 0.707107 0 0.707107
    outer loop
      vertex 81.8 1.2 14.8
      vertex 80.6 33.6 16
      vertex 80.6 1.2 16
    endloop
  endfacet
  facet normal 0.57735 0.57735 0.57735
    outer loop
      vertex 80.6 34.8 14.8
      vertex 80.6 33.6 16
      vertex 81.8 33.6 14.8
    endloop
  endfacet
  facet normal -0.707107 0.707107 0
    outer loop
      vertex 0 33.6 9.35
      vertex 1.2 34.8 14.8
      vertex 1.2 34.8 9.35
    endloop
  endfacet
  facet normal -0.707107 0.707107 0
    outer loop
      vertex 1.2 34.8 14.8
      vertex 0 33.6 9.35
      vertex 0 33.6 14.8
    endloop
  endfacet
  facet normal 0 0.707107 0.707107
    outer loop
      vertex 80.6 34.8 14.8
      vertex 1.2 33.6 16
      vertex 80.6 33.6 16
    endloop
  endfacet
  facet normal 0 0.707107 0.707107
    outer loop
      vertex 1.2 33.6 16
      vertex 80.6 34.8 14.8
      vertex 1.2 34.8 14.8
    endloop
  endfacet
  facet normal 0.57735 -0.57735 0.57735
    outer loop
      vertex 80.6 1.2 16
      vertex 80.6 0 14.8
      vertex 81.8 1.2 14.8
    endloop
  endfacet
  facet normal 0.707107 -0.707107 0
    outer loop
      vertex 80.6 0 9.35
      vertex 81.8 1.2 14.8
      vertex 80.6 0 14.8
    endloop
  endfacet
  facet normal 0.707107 -0.707107 0
    outer loop
      vertex 81.8 1.2 14.8
      vertex 80.6 0 9.35
      vertex 81.8 1.2 9.35
    endloop
  endfacet
  facet normal 0 0.707107 -0.707107
    outer loop
      vertex 18.35 33.6 0
      vertex 63.45 34.8 1.2
      vertex 63.45 33.6 0
    endloop
  endfacet
  facet normal 0 0.707107 -0.707107
    outer loop
      vertex 63.45 34.8 1.2
      vertex 18.35 33.6 0
      vertex 18.35 34.8 1.2
    endloop
  endfacet
  facet normal -0.0871351 0.996197 0
    outer loop
      vertex 42.1416 10.3586 0
      vertex 40.9 10.25 4.42
      vertex 42.1416 10.3586 4.42
    endloop
  endfacet
  facet normal -0.0871351 0.996197 0
    outer loop
      vertex 40.9 10.25 4.42
      vertex 42.1416 10.3586 0
      vertex 40.9 10.25 0
    endloop
  endfacet
  facet normal -0.965917 -0.258851 0
    outer loop
      vertex 47.9414 18.6416 0
      vertex 47.6188 19.8454 4.42
      vertex 47.6188 19.8454 0
    endloop
  endfacet
  facet normal -0.965917 -0.258851 0
    outer loop
      vertex 47.6188 19.8454 4.42
      vertex 47.9414 18.6416 0
      vertex 47.9414 18.6416 4.42
    endloop
  endfacet
  facet normal -0.996197 -0.0871351 0
    outer loop
      vertex 48.05 17.4 0
      vertex 47.9414 18.6416 4.42
      vertex 47.9414 18.6416 0
    endloop
  endfacet
  facet normal -0.996197 -0.0871351 0
    outer loop
      vertex 47.9414 18.6416 4.42
      vertex 48.05 17.4 0
      vertex 48.05 17.4 4.42
    endloop
  endfacet
  facet normal -0.422591 -0.90632 0
    outer loop
      vertex 43.3454 24.1188 0
      vertex 44.475 23.5921 4.42
      vertex 43.3454 24.1188 4.42
    endloop
  endfacet
  facet normal -0.422591 -0.90632 -0
    outer loop
      vertex 44.475 23.5921 4.42
      vertex 43.3454 24.1188 0
      vertex 44.475 23.5921 0
    endloop
  endfacet
  facet normal -0.573608 -0.81913 0
    outer loop
      vertex 44.475 23.5921 0
      vertex 45.4959 22.8772 4.42
      vertex 44.475 23.5921 4.42
    endloop
  endfacet
  facet normal -0.573608 -0.81913 -0
    outer loop
      vertex 45.4959 22.8772 4.42
      vertex 44.475 23.5921 0
      vertex 45.4959 22.8772 0
    endloop
  endfacet
  facet normal 0.422591 0.90632 -0
    outer loop
      vertex 38.4546 10.6812 0
      vertex 37.325 11.2079 4.42
      vertex 38.4546 10.6812 4.42
    endloop
  endfacet
  facet normal 0.422591 0.90632 0
    outer loop
      vertex 37.325 11.2079 4.42
      vertex 38.4546 10.6812 0
      vertex 37.325 11.2079 0
    endloop
  endfacet
  facet normal 0.965917 0.258851 0
    outer loop
      vertex 34.1812 14.9546 4.42
      vertex 33.8586 16.1584 0
      vertex 33.8586 16.1584 4.42
    endloop
  endfacet
  facet normal 0.965917 0.258851 0
    outer loop
      vertex 33.8586 16.1584 0
      vertex 34.1812 14.9546 4.42
      vertex 34.1812 14.9546 0
    endloop
  endfacet
  facet normal 0.0871351 -0.996197 0
    outer loop
      vertex 39.6584 24.4414 0
      vertex 40.9 24.55 4.42
      vertex 39.6584 24.4414 4.42
    endloop
  endfacet
  facet normal 0.0871351 -0.996197 0
    outer loop
      vertex 40.9 24.55 4.42
      vertex 39.6584 24.4414 0
      vertex 40.9 24.55 0
    endloop
  endfacet
  facet normal -0.90632 0.422591 0
    outer loop
      vertex 47.0921 13.825 0
      vertex 47.6188 14.9546 4.42
      vertex 47.6188 14.9546 0
    endloop
  endfacet
  facet normal -0.90632 0.422591 0
    outer loop
      vertex 47.6188 14.9546 4.42
      vertex 47.0921 13.825 0
      vertex 47.0921 13.825 4.42
    endloop
  endfacet
  facet normal -0.707107 0.707107 0
    outer loop
      vertex 45.4959 11.9228 0
      vertex 46.3772 12.8041 4.42
      vertex 46.3772 12.8041 0
    endloop
  endfacet
  facet normal -0.707107 0.707107 0
    outer loop
      vertex 46.3772 12.8041 4.42
      vertex 45.4959 11.9228 0
      vertex 45.4959 11.9228 4.42
    endloop
  endfacet
  facet normal 0.573608 -0.81913 0
    outer loop
      vertex 36.3041 22.8772 0
      vertex 37.325 23.5921 4.42
      vertex 36.3041 22.8772 4.42
    endloop
  endfacet
  facet normal 0.573608 -0.81913 0
    outer loop
      vertex 37.325 23.5921 4.42
      vertex 36.3041 22.8772 0
      vertex 37.325 23.5921 0
    endloop
  endfacet
  facet normal 0.573608 0.81913 -0
    outer loop
      vertex 37.325 11.2079 0
      vertex 36.3041 11.9228 4.42
      vertex 37.325 11.2079 4.42
    endloop
  endfacet
  facet normal 0.573608 0.81913 0
    outer loop
      vertex 36.3041 11.9228 4.42
      vertex 37.325 11.2079 0
      vertex 36.3041 11.9228 0
    endloop
  endfacet
  facet normal -0.81913 0.573608 0
    outer loop
      vertex 46.3772 12.8041 0
      vertex 47.0921 13.825 4.42
      vertex 47.0921 13.825 0
    endloop
  endfacet
  facet normal -0.81913 0.573608 0
    outer loop
      vertex 47.0921 13.825 4.42
      vertex 46.3772 12.8041 0
      vertex 46.3772 12.8041 4.42
    endloop
  endfacet
  facet normal -0.258851 0.965917 0
    outer loop
      vertex 43.3454 10.6812 0
      vertex 42.1416 10.3586 4.42
      vertex 43.3454 10.6812 4.42
    endloop
  endfacet
  facet normal -0.258851 0.965917 0
    outer loop
      vertex 42.1416 10.3586 4.42
      vertex 43.3454 10.6812 0
      vertex 42.1416 10.3586 0
    endloop
  endfacet
  facet normal 0.996197 0.0871351 0
    outer loop
      vertex 33.8586 16.1584 4.42
      vertex 33.75 17.4 0
      vertex 33.75 17.4 4.42
    endloop
  endfacet
  facet normal 0.996197 0.0871351 0
    outer loop
      vertex 33.75 17.4 0
      vertex 33.8586 16.1584 4.42
      vertex 33.8586 16.1584 0
    endloop
  endfacet
  facet normal 0.707107 -0.707107 0
    outer loop
      vertex 35.4228 21.9959 4.42
      vertex 36.3041 22.8772 0
      vertex 36.3041 22.8772 4.42
    endloop
  endfacet
  facet normal 0.707107 -0.707107 0
    outer loop
      vertex 36.3041 22.8772 0
      vertex 35.4228 21.9959 4.42
      vertex 35.4228 21.9959 0
    endloop
  endfacet
  facet normal -0.707107 -0.707107 0
    outer loop
      vertex 46.3772 21.9959 0
      vertex 45.4959 22.8772 4.42
      vertex 45.4959 22.8772 0
    endloop
  endfacet
  facet normal -0.707107 -0.707107 0
    outer loop
      vertex 45.4959 22.8772 4.42
      vertex 46.3772 21.9959 0
      vertex 46.3772 21.9959 4.42
    endloop
  endfacet
  facet normal 0.422591 -0.90632 0
    outer loop
      vertex 37.325 23.5921 0
      vertex 38.4546 24.1188 4.42
      vertex 37.325 23.5921 4.42
    endloop
  endfacet
  facet normal 0.422591 -0.90632 0
    outer loop
      vertex 38.4546 24.1188 4.42
      vertex 37.325 23.5921 0
      vertex 38.4546 24.1188 0
    endloop
  endfacet
  facet normal 0.258851 -0.965917 0
    outer loop
      vertex 38.4546 24.1188 0
      vertex 39.6584 24.4414 4.42
      vertex 38.4546 24.1188 4.42
    endloop
  endfacet
  facet normal 0.258851 -0.965917 0
    outer loop
      vertex 39.6584 24.4414 4.42
      vertex 38.4546 24.1188 0
      vertex 39.6584 24.4414 0
    endloop
  endfacet
  facet normal 0 0 -1
    outer loop
      vertex 47.9414 16.1584 4.42
      vertex 47.9414 18.6416 4.42
      vertex 48.05 17.4 4.42
    endloop
  endfacet
  facet normal 0 0 -1
    outer loop
      vertex 47.6188 14.9546 4.42
      vertex 47.9414 18.6416 4.42
      vertex 47.9414 16.1584 4.42
    endloop
  endfacet
  facet normal 0 0 -1
    outer loop
      vertex 47.6188 14.9546 4.42
      vertex 47.6188 19.8454 4.42
      vertex 47.9414 18.6416 4.42
    endloop
  endfacet
  facet normal 0 0 -1
    outer loop
      vertex 47.0921 13.825 4.42
      vertex 47.6188 19.8454 4.42
      vertex 47.6188 14.9546 4.42
    endloop
  endfacet
  facet normal 0 0 -1
    outer loop
      vertex 47.0921 13.825 4.42
      vertex 47.0921 20.975 4.42
      vertex 47.6188 19.8454 4.42
    endloop
  endfacet
  facet normal 0 0 -1
    outer loop
      vertex 46.3772 12.8041 4.42
      vertex 47.0921 20.975 4.42
      vertex 47.0921 13.825 4.42
    endloop
  endfacet
  facet normal 0 0 -1
    outer loop
      vertex 46.3772 12.8041 4.42
      vertex 46.3772 21.9959 4.42
      vertex 47.0921 20.975 4.42
    endloop
  endfacet
  facet normal 0 0 -1
    outer loop
      vertex 45.4959 11.9228 4.42
      vertex 46.3772 21.9959 4.42
      vertex 46.3772 12.8041 4.42
    endloop
  endfacet
  facet normal 0 0 -1
    outer loop
      vertex 45.4959 11.9228 4.42
      vertex 45.4959 22.8772 4.42
      vertex 46.3772 21.9959 4.42
    endloop
  endfacet
  facet normal 0 0 -1
    outer loop
      vertex 44.475 11.2079 4.42
      vertex 45.4959 22.8772 4.42
      vertex 45.4959 11.9228 4.42
    endloop
  endfacet
  facet normal 0 0 -1
    outer loop
      vertex 44.475 11.2079 4.42
      vertex 44.475 23.5921 4.42
      vertex 45.4959 22.8772 4.42
    endloop
  endfacet
  facet normal 0 0 -1
    outer loop
      vertex 43.3454 10.6812 4.42
      vertex 44.475 23.5921 4.42
      vertex 44.475 11.2079 4.42
    endloop
  endfacet
  facet normal 0 0 -1
    outer loop
      vertex 43.3454 10.6812 4.42
      vertex 43.3454 24.1188 4.42
      vertex 44.475 23.5921 4.42
    endloop
  endfacet
  facet normal 0 0 -1
    outer loop
      vertex 42.1416 10.3586 4.42
      vertex 43.3454 24.1188 4.42
      vertex 43.3454 10.6812 4.42
    endloop
  endfacet
  facet normal 0 0 -1
    outer loop
      vertex 42.1416 10.3586 4.42
      vertex 42.1416 24.4414 4.42
      vertex 43.3454 24.1188 4.42
    endloop
  endfacet
  facet normal 0 0 -1
    outer loop
      vertex 40.9 10.25 4.42
      vertex 42.1416 24.4414 4.42
      vertex 42.1416 10.3586 4.42
    endloop
  endfacet
  facet normal 0 0 -1
    outer loop
      vertex 40.9 10.25 4.42
      vertex 40.9 24.55 4.42
      vertex 42.1416 24.4414 4.42
    endloop
  endfacet
  facet normal 0 0 -1
    outer loop
      vertex 39.6584 10.3586 4.42
      vertex 40.9 24.55 4.42
      vertex 40.9 10.25 4.42
    endloop
  endfacet
  facet normal 0 0 -1
    outer loop
      vertex 39.6584 10.3586 4.42
      vertex 39.6584 24.4414 4.42
      vertex 40.9 24.55 4.42
    endloop
  endfacet
  facet normal 0 0 -1
    outer loop
      vertex 38.4546 10.6812 4.42
      vertex 39.6584 24.4414 4.42
      vertex 39.6584 10.3586 4.42
    endloop
  endfacet
  facet normal 0 0 -1
    outer loop
      vertex 38.4546 10.6812 4.42
      vertex 38.4546 24.1188 4.42
      vertex 39.6584 24.4414 4.42
    endloop
  endfacet
  facet normal 0 0 -1
    outer loop
      vertex 37.325 11.2079 4.42
      vertex 38.4546 24.1188 4.42
      vertex 38.4546 10.6812 4.42
    endloop
  endfacet
  facet normal 0 0 -1
    outer loop
      vertex 37.325 11.2079 4.42
      vertex 37.325 23.5921 4.42
      vertex 38.4546 24.1188 4.42
    endloop
  endfacet
  facet normal 0 0 -1
    outer loop
      vertex 36.3041 11.9228 4.42
      vertex 37.325 23.5921 4.42
      vertex 37.325 11.2079 4.42
    endloop
  endfacet
  facet normal 0 0 -1
    outer loop
      vertex 36.3041 11.9228 4.42
      vertex 36.3041 22.8772 4.42
      vertex 37.325 23.5921 4.42
    endloop
  endfacet
  facet normal 0 0 -1
    outer loop
      vertex 35.4228 12.8041 4.42
      vertex 36.3041 22.8772 4.42
      vertex 36.3041 11.9228 4.42
    endloop
  endfacet
  facet normal 0 0 -1
    outer loop
      vertex 35.4228 12.8041 4.42
      vertex 35.4228 21.9959 4.42
      vertex 36.3041 22.8772 4.42
    endloop
  endfacet
  facet normal 0 0 -1
    outer loop
      vertex 34.7079 13.825 4.42
      vertex 35.4228 21.9959 4.42
      vertex 35.4228 12.8041 4.42
    endloop
  endfacet
  facet normal 0 0 -1
    outer loop
      vertex 34.7079 13.825 4.42
      vertex 34.7079 20.975 4.42
      vertex 35.4228 21.9959 4.42
    endloop
  endfacet
  facet normal 0 0 -1
    outer loop
      vertex 34.1812 14.9546 4.42
      vertex 34.7079 20.975 4.42
      vertex 34.7079 13.825 4.42
    endloop
  endfacet
  facet normal 0 0 -1
    outer loop
      vertex 34.1812 14.9546 4.42
      vertex 34.1812 19.8454 4.42
      vertex 34.7079 20.975 4.42
    endloop
  endfacet
  facet normal 0 0 -1
    outer loop
      vertex 33.8586 16.1584 4.42
      vertex 34.1812 19.8454 4.42
      vertex 34.1812 14.9546 4.42
    endloop
  endfacet
  facet normal 0 0 -1
    outer loop
      vertex 33.8586 16.1584 4.42
      vertex 33.8586 18.6416 4.42
      vertex 34.1812 19.8454 4.42
    endloop
  endfacet
  facet normal 0 -0 -1
    outer loop
      vertex 33.8586 18.6416 4.42
      vertex 33.8586 16.1584 4.42
      vertex 33.75 17.4 4.42
    endloop
  endfacet
  facet normal 0.707107 0.707107 0
    outer loop
      vertex 36.3041 11.9228 4.42
      vertex 35.4228 12.8041 0
      vertex 35.4228 12.8041 4.42
    endloop
  endfacet
  facet normal 0.707107 0.707107 0
    outer loop
      vertex 35.4228 12.8041 0
      vertex 36.3041 11.9228 4.42
      vertex 36.3041 11.9228 0
    endloop
  endfacet
  facet normal -0.0871351 -0.996197 0
    outer loop
      vertex 40.9 24.55 0
      vertex 42.1416 24.4414 4.42
      vertex 40.9 24.55 4.42
    endloop
  endfacet
  facet normal -0.0871351 -0.996197 -0
    outer loop
      vertex 42.1416 24.4414 4.42
      vertex 40.9 24.55 0
      vertex 42.1416 24.4414 0
    endloop
  endfacet
  facet normal -0.258851 -0.965917 0
    outer loop
      vertex 42.1416 24.4414 0
      vertex 43.3454 24.1188 4.42
      vertex 42.1416 24.4414 4.42
    endloop
  endfacet
  facet normal -0.258851 -0.965917 -0
    outer loop
      vertex 43.3454 24.1188 4.42
      vertex 42.1416 24.4414 0
      vertex 43.3454 24.1188 0
    endloop
  endfacet
  facet normal -0.996197 0.0871351 0
    outer loop
      vertex 47.9414 16.1584 0
      vertex 48.05 17.4 4.42
      vertex 48.05 17.4 0
    endloop
  endfacet
  facet normal -0.996197 0.0871351 0
    outer loop
      vertex 48.05 17.4 4.42
      vertex 47.9414 16.1584 0
      vertex 47.9414 16.1584 4.42
    endloop
  endfacet
  facet normal 0.965917 -0.258851 0
    outer loop
      vertex 33.8586 18.6416 4.42
      vertex 34.1812 19.8454 0
      vertex 34.1812 19.8454 4.42
    endloop
  endfacet
  facet normal 0.965917 -0.258851 0
    outer loop
      vertex 34.1812 19.8454 0
      vertex 33.8586 18.6416 4.42
      vertex 33.8586 18.6416 0
    endloop
  endfacet
  facet normal 0.90632 -0.422591 0
    outer loop
      vertex 34.1812 19.8454 4.42
      vertex 34.7079 20.975 0
      vertex 34.7079 20.975 4.42
    endloop
  endfacet
  facet normal 0.90632 -0.422591 0
    outer loop
      vertex 34.7079 20.975 0
      vertex 34.1812 19.8454 4.42
      vertex 34.1812 19.8454 0
    endloop
  endfacet
  facet normal -0.965917 0.258851 0
    outer loop
      vertex 47.6188 14.9546 0
      vertex 47.9414 16.1584 4.42
      vertex 47.9414 16.1584 0
    endloop
  endfacet
  facet normal -0.965917 0.258851 0
    outer loop
      vertex 47.9414 16.1584 4.42
      vertex 47.6188 14.9546 0
      vertex 47.6188 14.9546 4.42
    endloop
  endfacet
  facet normal 0.90632 0.422591 0
    outer loop
      vertex 34.7079 13.825 4.42
      vertex 34.1812 14.9546 0
      vertex 34.1812 14.9546 4.42
    endloop
  endfacet
  facet normal 0.90632 0.422591 0
    outer loop
      vertex 34.1812 14.9546 0
      vertex 34.7079 13.825 4.42
      vertex 34.7079 13.825 0
    endloop
  endfacet
  facet normal 0.0871351 0.996197 -0
    outer loop
      vertex 40.9 10.25 0
      vertex 39.6584 10.3586 4.42
      vertex 40.9 10.25 4.42
    endloop
  endfacet
  facet normal 0.0871351 0.996197 0
    outer loop
      vertex 39.6584 10.3586 4.42
      vertex 40.9 10.25 0
      vertex 39.6584 10.3586 0
    endloop
  endfacet
  facet normal 0.81913 0.573608 0
    outer loop
      vertex 35.4228 12.8041 4.42
      vertex 34.7079 13.825 0
      vertex 34.7079 13.825 4.42
    endloop
  endfacet
  facet normal 0.81913 0.573608 0
    outer loop
      vertex 34.7079 13.825 0
      vertex 35.4228 12.8041 4.42
      vertex 35.4228 12.8041 0
    endloop
  endfacet
  facet normal 0.996197 -0.0871351 0
    outer loop
      vertex 33.75 17.4 4.42
      vertex 33.8586 18.6416 0
      vertex 33.8586 18.6416 4.42
    endloop
  endfacet
  facet normal 0.996197 -0.0871351 0
    outer loop
      vertex 33.8586 18.6416 0
      vertex 33.75 17.4 4.42
      vertex 33.75 17.4 0
    endloop
  endfacet
  facet normal 0.81913 -0.573608 0
    outer loop
      vertex 34.7079 20.975 4.42
      vertex 35.4228 21.9959 0
      vertex 35.4228 21.9959 4.42
    endloop
  endfacet
  facet normal 0.81913 -0.573608 0
    outer loop
      vertex 35.4228 21.9959 0
      vertex 34.7079 20.975 4.42
      vertex 34.7079 20.975 0
    endloop
  endfacet
  facet normal -0.81913 -0.573608 0
    outer loop
      vertex 47.0921 20.975 0
      vertex 46.3772 21.9959 4.42
      vertex 46.3772 21.9959 0
    endloop
  endfacet
  facet normal -0.81913 -0.573608 0
    outer loop
      vertex 46.3772 21.9959 4.42
      vertex 47.0921 20.975 0
      vertex 47.0921 20.975 4.42
    endloop
  endfacet
  facet normal -0.422591 0.90632 0
    outer loop
      vertex 44.475 11.2079 0
      vertex 43.3454 10.6812 4.42
      vertex 44.475 11.2079 4.42
    endloop
  endfacet
  facet normal -0.422591 0.90632 0
    outer loop
      vertex 43.3454 10.6812 4.42
      vertex 44.475 11.2079 0
      vertex 43.3454 10.6812 0
    endloop
  endfacet
  facet normal -0.573608 0.81913 0
    outer loop
      vertex 45.4959 11.9228 0
      vertex 44.475 11.2079 4.42
      vertex 45.4959 11.9228 4.42
    endloop
  endfacet
  facet normal -0.573608 0.81913 0
    outer loop
      vertex 44.475 11.2079 4.42
      vertex 45.4959 11.9228 0
      vertex 44.475 11.2079 0
    endloop
  endfacet
  facet normal -0.90632 -0.422591 0
    outer loop
      vertex 47.6188 19.8454 0
      vertex 47.0921 20.975 4.42
      vertex 47.0921 20.975 0
    endloop
  endfacet
  facet normal -0.90632 -0.422591 0
    outer loop
      vertex 47.0921 20.975 4.42
      vertex 47.6188 19.8454 0
      vertex 47.6188 19.8454 4.42
    endloop
  endfacet
  facet normal 0.258851 0.965917 -0
    outer loop
      vertex 39.6584 10.3586 0
      vertex 38.4546 10.6812 4.42
      vertex 39.6584 10.3586 4.42
    endloop
  endfacet
  facet normal 0.258851 0.965917 0
    outer loop
      vertex 38.4546 10.6812 4.42
      vertex 39.6584 10.3586 0
      vertex 38.4546 10.6812 0
    endloop
  endfacet
  facet normal -1 0 0
    outer loop
      vertex 59.15 6 15.2
      vertex 59.15 29.8 16
      vertex 59.15 29.8 15.2
    endloop
  endfacet
  facet normal -1 -0 0
    outer loop
      vertex 59.15 29.8 16
      vertex 59.15 6 15.2
      vertex 59.15 6 16
    endloop
  endfacet
  facet normal -0 0 1
    outer loop
      vertex 10.65 29.8 15.2
      vertex 59.15 6 15.2
      vertex 59.15 29.8 15.2
    endloop
  endfacet
  facet normal 0 0 1
    outer loop
      vertex 59.15 6 15.2
      vertex 10.65 29.8 15.2
      vertex 10.65 6 15.2
    endloop
  endfacet
  facet normal 1 -0 0
    outer loop
      vertex 10.65 6 16
      vertex 10.65 29.8 15.2
      vertex 10.65 29.8 16
    endloop
  endfacet
  facet normal 1 0 0
    outer loop
      vertex 10.65 29.8 15.2
      vertex 10.65 6 16
      vertex 10.65 6 15.2
    endloop
  endfacet
  facet normal 0 -1 0
    outer loop
      vertex 10.65 29.8 15.2
      vertex 59.15 29.8 16
      vertex 10.65 29.8 16
    endloop
  endfacet
  facet normal 0 -1 -0
    outer loop
      vertex 59.15 29.8 16
      vertex 10.65 29.8 15.2
      vertex 59.15 29.8 15.2
    endloop
  endfacet
  facet normal 0 1 -0
    outer loop
      vertex 59.15 6 15.2
      vertex 10.65 6 16
      vertex 59.15 6 16
    endloop
  endfacet
  facet normal 0 1 0
    outer loop
      vertex 10.65 6 16
      vertex 59.15 6 15.2
      vertex 10.65 6 15.2
    endloop
  endfacet
endsolid OpenSCAD_Model
