solid OpenSCAD_Model
  facet normal 1 -0 0
    outer loop
      vertex 86.6 0 7
      vertex 86.6 39.6 0
      vertex 86.6 39.6 7
    endloop
  endfacet
  facet normal 1 0 0
    outer loop
      vertex 86.6 39.6 0
      vertex 86.6 0 7
      vertex 86.6 0 0
    endloop
  endfacet
  facet normal 0 0 1
    outer loop
      vertex 35.3 39.6 7
      vertex 2 37.6 7
      vertex 35.3 39.58 7
    endloop
  endfacet
  facet normal 0 0 1
    outer loop
      vertex 2 37.6 7
      vertex 0 39.6 7
      vertex 2 2 7
    endloop
  endfacet
  facet normal -0 0 1
    outer loop
      vertex 0 39.6 7
      vertex 2 37.6 7
      vertex 35.3 39.6 7
    endloop
  endfacet
  facet normal 0 0 1
    outer loop
      vertex 86.6 39.6 7
      vertex 84.6 37.6 7
      vertex 86.6 0 7
    endloop
  endfacet
  facet normal -0 0 1
    outer loop
      vertex 51.3 39.6 7
      vertex 84.6 37.6 7
      vertex 86.6 39.6 7
    endloop
  endfacet
  facet normal -0 0 1
    outer loop
      vertex 51.3 39.58 7
      vertex 84.6 37.6 7
      vertex 51.3 39.6 7
    endloop
  endfacet
  facet normal -0 0 1
    outer loop
      vertex 35.3 39.58 7
      vertex 84.6 37.6 7
      vertex 51.3 39.58 7
    endloop
  endfacet
  facet normal 0 0 1
    outer loop
      vertex 84.6 37.6 7
      vertex 35.3 39.58 7
      vertex 2 37.6 7
    endloop
  endfacet
  facet normal -0 0 1
    outer loop
      vertex 84.6 2 7
      vertex 86.6 0 7
      vertex 84.6 37.6 7
    endloop
  endfacet
  facet normal -0 0 1
    outer loop
      vertex 2 2 7
      vertex 86.6 0 7
      vertex 84.6 2 7
    endloop
  endfacet
  facet normal 0 0 1
    outer loop
      vertex 2 2 7
      vertex 0 0 7
      vertex 86.6 0 7
    endloop
  endfacet
  facet normal 0 0 1
    outer loop
      vertex 0 0 7
      vertex 2 2 7
      vertex 0 39.6 7
    endloop
  endfacet
  facet normal -1 0 0
    outer loop
      vertex 0 0 0
      vertex 0 39.6 7
      vertex 0 39.6 0
    endloop
  endfacet
  facet normal -1 -0 0
    outer loop
      vertex 0 39.6 7
      vertex 0 0 0
      vertex 0 0 7
    endloop
  endfacet
  facet normal 0 1 -0
    outer loop
      vertex 35.3 39.6 0
      vertex 0 39.6 7
      vertex 35.3 39.6 7
    endloop
  endfacet
  facet normal 0 1 0
    outer loop
      vertex 0 39.6 7
      vertex 35.3 39.6 0
      vertex 0 39.6 0
    endloop
  endfacet
  facet normal 0 1 -0
    outer loop
      vertex 86.6 39.6 0
      vertex 51.3 39.6 7
      vertex 86.6 39.6 7
    endloop
  endfacet
  facet normal 0 1 0
    outer loop
      vertex 51.3 39.6 7
      vertex 86.6 39.6 0
      vertex 51.3 39.6 0
    endloop
  endfacet
  facet normal 0 -1 0
    outer loop
      vertex 0 0 0
      vertex 86.6 0 7
      vertex 0 0 7
    endloop
  endfacet
  facet normal 0 -1 -0
    outer loop
      vertex 86.6 0 7
      vertex 0 0 0
      vertex 86.6 0 0
    endloop
  endfacet
  facet normal -1 0 0
    outer loop
      vertex 84.6 2 4
      vertex 84.6 37.6 7
      vertex 84.6 37.6 4
    endloop
  endfacet
  facet normal -1 -0 0
    outer loop
      vertex 84.6 37.6 7
      vertex 84.6 2 4
      vertex 84.6 2 7
    endloop
  endfacet
  facet normal 1 -0 0
    outer loop
      vertex 2 2 7
      vertex 2 37.6 4
      vertex 2 37.6 7
    endloop
  endfacet
  facet normal 1 0 0
    outer loop
      vertex 2 37.6 4
      vertex 2 2 7
      vertex 2 2 4
    endloop
  endfacet
  facet normal 0 -1 0
    outer loop
      vertex 2 37.6 4
      vertex 84.6 37.6 7
      vertex 2 37.6 7
    endloop
  endfacet
  facet normal 0 -1 -0
    outer loop
      vertex 84.6 37.6 7
      vertex 2 37.6 4
      vertex 84.6 37.6 4
    endloop
  endfacet
  facet normal 0 1 -0
    outer loop
      vertex 84.6 2 4
      vertex 2 2 7
      vertex 84.6 2 7
    endloop
  endfacet
  facet normal 0 1 0
    outer loop
      vertex 2 2 7
      vertex 84.6 2 4
      vertex 2 2 4
    endloop
  endfacet
  facet normal 0 0 1
    outer loop
      vertex 36.6943 22.5362 4
      vertex 21.0847 28.65 4
      vertex 36.3936 21.6506 4
    endloop
  endfacet
  facet normal 0 0 1
    outer loop
      vertex 36.15 19.8 4
      vertex 21.4735 9.80463 4
      vertex 21.5 9.4 4
    endloop
  endfacet
  facet normal -0 0 1
    outer loop
      vertex 20.8594 28.3128 4
      vertex 36.3936 21.6506 4
      vertex 21.0847 28.65 4
    endloop
  endfacet
  facet normal 0 0 1
    outer loop
      vertex 36.15 19.8 4
      vertex 21.3944 10.2023 4
      vertex 21.4735 9.80463 4
    endloop
  endfacet
  facet normal 0 0 1
    outer loop
      vertex 36.3936 21.6506 4
      vertex 20.8594 28.3128 4
      vertex 36.2112 20.7333 4
    endloop
  endfacet
  facet normal 0 0 1
    outer loop
      vertex 36.15 19.8 4
      vertex 21.264 10.5863 4
      vertex 21.3944 10.2023 4
    endloop
  endfacet
  facet normal -0 0 1
    outer loop
      vertex 20.592 28.008 4
      vertex 36.2112 20.7333 4
      vertex 20.8594 28.3128 4
    endloop
  endfacet
  facet normal 0 0 1
    outer loop
      vertex 36.15 19.8 4
      vertex 21.0847 10.95 4
      vertex 21.264 10.5863 4
    endloop
  endfacet
  facet normal 0 0 1
    outer loop
      vertex 36.2112 20.7333 4
      vertex 20.592 28.008 4
      vertex 36.15 19.8 4
    endloop
  endfacet
  facet normal 0 0 1
    outer loop
      vertex 36.15 19.8 4
      vertex 20.8594 11.2872 4
      vertex 21.0847 10.95 4
    endloop
  endfacet
  facet normal -0 0 1
    outer loop
      vertex 20.2872 27.7406 4
      vertex 36.15 19.8 4
      vertex 20.592 28.008 4
    endloop
  endfacet
  facet normal 0 0 1
    outer loop
      vertex 36.15 19.8 4
      vertex 20.592 11.592 4
      vertex 20.8594 11.2872 4
    endloop
  endfacet
  facet normal 0 0 1
    outer loop
      vertex 20.2872 11.8594 4
      vertex 36.15 19.8 4
      vertex 20.2872 27.7406 4
    endloop
  endfacet
  facet normal 0 0 1
    outer loop
      vertex 36.15 19.8 4
      vertex 20.2872 11.8594 4
      vertex 20.592 11.592 4
    endloop
  endfacet
  facet normal -0 0 1
    outer loop
      vertex 19.95 27.5153 4
      vertex 20.2872 11.8594 4
      vertex 20.2872 27.7406 4
    endloop
  endfacet
  facet normal 0 0 1
    outer loop
      vertex 19.95 27.5153 4
      vertex 19.95 12.0847 4
      vertex 20.2872 11.8594 4
    endloop
  endfacet
  facet normal -0 0 1
    outer loop
      vertex 19.5863 27.336 4
      vertex 19.95 12.0847 4
      vertex 19.95 27.5153 4
    endloop
  endfacet
  facet normal 0 0 1
    outer loop
      vertex 19.5863 27.336 4
      vertex 19.5863 12.264 4
      vertex 19.95 12.0847 4
    endloop
  endfacet
  facet normal -0 0 1
    outer loop
      vertex 19.2023 27.2056 4
      vertex 19.5863 12.264 4
      vertex 19.5863 27.336 4
    endloop
  endfacet
  facet normal 0 0 1
    outer loop
      vertex 19.2023 27.2056 4
      vertex 19.2023 12.3944 4
      vertex 19.5863 12.264 4
    endloop
  endfacet
  facet normal -0 0 1
    outer loop
      vertex 18.8046 27.1265 4
      vertex 19.2023 12.3944 4
      vertex 19.2023 27.2056 4
    endloop
  endfacet
  facet normal 0 0 1
    outer loop
      vertex 18.8046 27.1265 4
      vertex 18.8046 12.4735 4
      vertex 19.2023 12.3944 4
    endloop
  endfacet
  facet normal -0 0 1
    outer loop
      vertex 18.4 27.1 4
      vertex 18.8046 12.4735 4
      vertex 18.8046 27.1265 4
    endloop
  endfacet
  facet normal 0 0 1
    outer loop
      vertex 18.4 27.1 4
      vertex 18.4 12.5 4
      vertex 18.8046 12.4735 4
    endloop
  endfacet
  facet normal 0 0 1
    outer loop
      vertex 17.9954 27.1265 4
      vertex 18.4 12.5 4
      vertex 18.4 27.1 4
    endloop
  endfacet
  facet normal 0 0 1
    outer loop
      vertex 17.9954 27.1265 4
      vertex 17.9954 12.4735 4
      vertex 18.4 12.5 4
    endloop
  endfacet
  facet normal 0 0 1
    outer loop
      vertex 17.5977 27.2056 4
      vertex 17.9954 12.4735 4
      vertex 17.9954 27.1265 4
    endloop
  endfacet
  facet normal 0 0 1
    outer loop
      vertex 17.5977 27.2056 4
      vertex 17.5977 12.3944 4
      vertex 17.9954 12.4735 4
    endloop
  endfacet
  facet normal 0 0 1
    outer loop
      vertex 17.2137 27.336 4
      vertex 17.5977 12.3944 4
      vertex 17.5977 27.2056 4
    endloop
  endfacet
  facet normal 0 0 1
    outer loop
      vertex 17.2137 27.336 4
      vertex 17.2137 12.264 4
      vertex 17.5977 12.3944 4
    endloop
  endfacet
  facet normal 0 0 1
    outer loop
      vertex 16.85 27.5153 4
      vertex 17.2137 12.264 4
      vertex 17.2137 27.336 4
    endloop
  endfacet
  facet normal 0 0 1
    outer loop
      vertex 16.85 27.5153 4
      vertex 16.85 12.0847 4
      vertex 17.2137 12.264 4
    endloop
  endfacet
  facet normal 0 0 1
    outer loop
      vertex 16.5128 27.7406 4
      vertex 16.85 12.0847 4
      vertex 16.85 27.5153 4
    endloop
  endfacet
  facet normal 0 0 1
    outer loop
      vertex 16.5128 27.7406 4
      vertex 16.5128 11.8594 4
      vertex 16.85 12.0847 4
    endloop
  endfacet
  facet normal 0 0 1
    outer loop
      vertex 16.208 28.008 4
      vertex 16.5128 11.8594 4
      vertex 16.5128 27.7406 4
    endloop
  endfacet
  facet normal 0 0 1
    outer loop
      vertex 16.208 28.008 4
      vertex 16.208 11.592 4
      vertex 16.5128 11.8594 4
    endloop
  endfacet
  facet normal 0 0 1
    outer loop
      vertex 15.9406 28.3128 4
      vertex 16.208 11.592 4
      vertex 16.208 28.008 4
    endloop
  endfacet
  facet normal 0 0 1
    outer loop
      vertex 15.9406 28.3128 4
      vertex 15.9406 11.2872 4
      vertex 16.208 11.592 4
    endloop
  endfacet
  facet normal 0 0 1
    outer loop
      vertex 15.7153 28.65 4
      vertex 15.9406 11.2872 4
      vertex 15.9406 28.3128 4
    endloop
  endfacet
  facet normal 0 0 1
    outer loop
      vertex 15.7153 28.65 4
      vertex 15.7153 10.95 4
      vertex 15.9406 11.2872 4
    endloop
  endfacet
  facet normal 0 0 1
    outer loop
      vertex 2 37.6 4
      vertex 15.7153 28.65 4
      vertex 15.536 29.0137 4
    endloop
  endfacet
  facet normal 0 0 1
    outer loop
      vertex 15.7153 28.65 4
      vertex 2 37.6 4
      vertex 15.7153 10.95 4
    endloop
  endfacet
  facet normal 0 0 1
    outer loop
      vertex 2 37.6 4
      vertex 15.536 29.0137 4
      vertex 15.4056 29.3977 4
    endloop
  endfacet
  facet normal 0 0 1
    outer loop
      vertex 2 2 4
      vertex 15.7153 10.95 4
      vertex 2 37.6 4
    endloop
  endfacet
  facet normal 0 0 1
    outer loop
      vertex 2 37.6 4
      vertex 15.4056 29.3977 4
      vertex 15.3265 29.7954 4
    endloop
  endfacet
  facet normal 0 0 1
    outer loop
      vertex 15.7153 10.95 4
      vertex 2 2 4
      vertex 15.536 10.5863 4
    endloop
  endfacet
  facet normal 0 0 1
    outer loop
      vertex 2 37.6 4
      vertex 15.3265 29.7954 4
      vertex 15.3 30.2 4
    endloop
  endfacet
  facet normal 0 0 1
    outer loop
      vertex 15.536 10.5863 4
      vertex 2 2 4
      vertex 15.4056 10.2023 4
    endloop
  endfacet
  facet normal 0 0 1
    outer loop
      vertex 84.6 37.6 4
      vertex 80.1944 29.3977 4
      vertex 84.6 2 4
    endloop
  endfacet
  facet normal 0 0 1
    outer loop
      vertex 84.6 2 4
      vertex 80.2735 9.80463 4
      vertex 80.3 9.4 4
    endloop
  endfacet
  facet normal -0 0 1
    outer loop
      vertex 80.1944 10.2023 4
      vertex 84.6 2 4
      vertex 80.1944 29.3977 4
    endloop
  endfacet
  facet normal 0 0 1
    outer loop
      vertex 84.6 2 4
      vertex 80.1944 10.2023 4
      vertex 80.2735 9.80463 4
    endloop
  endfacet
  facet normal -0 0 1
    outer loop
      vertex 80.064 29.0137 4
      vertex 80.1944 10.2023 4
      vertex 80.1944 29.3977 4
    endloop
  endfacet
  facet normal 0 0 1
    outer loop
      vertex 80.064 29.0137 4
      vertex 80.064 10.5863 4
      vertex 80.1944 10.2023 4
    endloop
  endfacet
  facet normal -0 0 1
    outer loop
      vertex 79.8847 28.65 4
      vertex 80.064 10.5863 4
      vertex 80.064 29.0137 4
    endloop
  endfacet
  facet normal 0 0 1
    outer loop
      vertex 79.8847 28.65 4
      vertex 79.8847 10.95 4
      vertex 80.064 10.5863 4
    endloop
  endfacet
  facet normal -0 0 1
    outer loop
      vertex 79.6594 28.3128 4
      vertex 79.8847 10.95 4
      vertex 79.8847 28.65 4
    endloop
  endfacet
  facet normal 0 0 1
    outer loop
      vertex 79.6594 28.3128 4
      vertex 79.6594 11.2872 4
      vertex 79.8847 10.95 4
    endloop
  endfacet
  facet normal -0 0 1
    outer loop
      vertex 79.392 28.008 4
      vertex 79.6594 11.2872 4
      vertex 79.6594 28.3128 4
    endloop
  endfacet
  facet normal 0 0 1
    outer loop
      vertex 79.392 28.008 4
      vertex 79.392 11.592 4
      vertex 79.6594 11.2872 4
    endloop
  endfacet
  facet normal -0 0 1
    outer loop
      vertex 79.0872 27.7406 4
      vertex 79.392 11.592 4
      vertex 79.392 28.008 4
    endloop
  endfacet
  facet normal 0 0 1
    outer loop
      vertex 79.0872 27.7406 4
      vertex 79.0872 11.8594 4
      vertex 79.392 11.592 4
    endloop
  endfacet
  facet normal -0 0 1
    outer loop
      vertex 78.75 27.5153 4
      vertex 79.0872 11.8594 4
      vertex 79.0872 27.7406 4
    endloop
  endfacet
  facet normal 0 0 1
    outer loop
      vertex 78.75 27.5153 4
      vertex 78.75 12.0847 4
      vertex 79.0872 11.8594 4
    endloop
  endfacet
  facet normal -0 0 1
    outer loop
      vertex 78.3863 27.336 4
      vertex 78.75 12.0847 4
      vertex 78.75 27.5153 4
    endloop
  endfacet
  facet normal 0 0 1
    outer loop
      vertex 78.3863 27.336 4
      vertex 78.3863 12.264 4
      vertex 78.75 12.0847 4
    endloop
  endfacet
  facet normal -0 0 1
    outer loop
      vertex 78.0023 27.2056 4
      vertex 78.3863 12.264 4
      vertex 78.3863 27.336 4
    endloop
  endfacet
  facet normal 0 0 1
    outer loop
      vertex 78.0023 27.2056 4
      vertex 78.0023 12.3944 4
      vertex 78.3863 12.264 4
    endloop
  endfacet
  facet normal -0 0 1
    outer loop
      vertex 77.6046 27.1265 4
      vertex 78.0023 12.3944 4
      vertex 78.0023 27.2056 4
    endloop
  endfacet
  facet normal 0 0 1
    outer loop
      vertex 77.6046 27.1265 4
      vertex 77.6046 12.4735 4
      vertex 78.0023 12.3944 4
    endloop
  endfacet
  facet normal -0 0 1
    outer loop
      vertex 77.2 27.1 4
      vertex 77.6046 12.4735 4
      vertex 77.6046 27.1265 4
    endloop
  endfacet
  facet normal 0 0 1
    outer loop
      vertex 77.2 27.1 4
      vertex 77.2 12.5 4
      vertex 77.6046 12.4735 4
    endloop
  endfacet
  facet normal 0 0 1
    outer loop
      vertex 76.7954 27.1265 4
      vertex 77.2 12.5 4
      vertex 77.2 27.1 4
    endloop
  endfacet
  facet normal 0 0 1
    outer loop
      vertex 76.7954 27.1265 4
      vertex 76.7954 12.4735 4
      vertex 77.2 12.5 4
    endloop
  endfacet
  facet normal 0 0 1
    outer loop
      vertex 76.3977 27.2056 4
      vertex 76.7954 12.4735 4
      vertex 76.7954 27.1265 4
    endloop
  endfacet
  facet normal 0 0 1
    outer loop
      vertex 76.3977 27.2056 4
      vertex 76.3977 12.3944 4
      vertex 76.7954 12.4735 4
    endloop
  endfacet
  facet normal 0 0 1
    outer loop
      vertex 76.0137 27.336 4
      vertex 76.3977 12.3944 4
      vertex 76.3977 27.2056 4
    endloop
  endfacet
  facet normal 0 0 1
    outer loop
      vertex 76.0137 27.336 4
      vertex 76.0137 12.264 4
      vertex 76.3977 12.3944 4
    endloop
  endfacet
  facet normal 0 0 1
    outer loop
      vertex 75.65 27.5153 4
      vertex 76.0137 12.264 4
      vertex 76.0137 27.336 4
    endloop
  endfacet
  facet normal 0 0 1
    outer loop
      vertex 75.65 27.5153 4
      vertex 75.65 12.0847 4
      vertex 76.0137 12.264 4
    endloop
  endfacet
  facet normal 0 0 1
    outer loop
      vertex 75.3128 27.7406 4
      vertex 75.65 12.0847 4
      vertex 75.65 27.5153 4
    endloop
  endfacet
  facet normal 0 0 1
    outer loop
      vertex 75.3128 27.7406 4
      vertex 75.3128 11.8594 4
      vertex 75.65 12.0847 4
    endloop
  endfacet
  facet normal 0 0 1
    outer loop
      vertex 75.008 28.008 4
      vertex 75.3128 11.8594 4
      vertex 75.3128 27.7406 4
    endloop
  endfacet
  facet normal 0 0 1
    outer loop
      vertex 75.008 28.008 4
      vertex 75.008 11.592 4
      vertex 75.3128 11.8594 4
    endloop
  endfacet
  facet normal 0 0 1
    outer loop
      vertex 74.7406 28.3128 4
      vertex 75.008 11.592 4
      vertex 75.008 28.008 4
    endloop
  endfacet
  facet normal 0 0 1
    outer loop
      vertex 74.7406 28.3128 4
      vertex 74.7406 11.2872 4
      vertex 75.008 11.592 4
    endloop
  endfacet
  facet normal 0 0 1
    outer loop
      vertex 50.45 19.8 4
      vertex 74.7406 28.3128 4
      vertex 74.5153 28.65 4
    endloop
  endfacet
  facet normal 0 0 1
    outer loop
      vertex 74.7406 28.3128 4
      vertex 50.45 19.8 4
      vertex 74.7406 11.2872 4
    endloop
  endfacet
  facet normal 0 0 1
    outer loop
      vertex 50.3888 20.7333 4
      vertex 74.5153 28.65 4
      vertex 74.336 29.0137 4
    endloop
  endfacet
  facet normal 0 0 1
    outer loop
      vertex 74.7406 11.2872 4
      vertex 50.45 19.8 4
      vertex 74.5153 10.95 4
    endloop
  endfacet
  facet normal 0 0 1
    outer loop
      vertex 50.2064 21.6506 4
      vertex 74.336 29.0137 4
      vertex 74.2056 29.3977 4
    endloop
  endfacet
  facet normal -0 0 1
    outer loop
      vertex 50.3888 18.8667 4
      vertex 74.5153 10.95 4
      vertex 50.45 19.8 4
    endloop
  endfacet
  facet normal 0 0 1
    outer loop
      vertex 49.9057 22.5362 4
      vertex 74.2056 29.3977 4
      vertex 74.1265 29.7954 4
    endloop
  endfacet
  facet normal 0 0 1
    outer loop
      vertex 74.5153 10.95 4
      vertex 50.3888 18.8667 4
      vertex 74.336 10.5863 4
    endloop
  endfacet
  facet normal 0 0 1
    outer loop
      vertex 49.4921 23.375 4
      vertex 74.1265 29.7954 4
      vertex 74.1 30.2 4
    endloop
  endfacet
  facet normal -0 0 1
    outer loop
      vertex 50.2064 17.9494 4
      vertex 74.336 10.5863 4
      vertex 50.3888 18.8667 4
    endloop
  endfacet
  facet normal 0 0 1
    outer loop
      vertex 80.2735 29.7954 4
      vertex 84.6 37.6 4
      vertex 80.3 30.2 4
    endloop
  endfacet
  facet normal 0 0 1
    outer loop
      vertex 84.6 37.6 4
      vertex 80.2735 30.6046 4
      vertex 80.3 30.2 4
    endloop
  endfacet
  facet normal 0 0 1
    outer loop
      vertex 84.6 37.6 4
      vertex 80.1944 31.0023 4
      vertex 80.2735 30.6046 4
    endloop
  endfacet
  facet normal 0 0 1
    outer loop
      vertex 84.6 37.6 4
      vertex 80.064 31.3863 4
      vertex 80.1944 31.0023 4
    endloop
  endfacet
  facet normal 0 0 1
    outer loop
      vertex 84.6 37.6 4
      vertex 79.8847 31.75 4
      vertex 80.064 31.3863 4
    endloop
  endfacet
  facet normal 0 0 1
    outer loop
      vertex 84.6 37.6 4
      vertex 79.6594 32.0872 4
      vertex 79.8847 31.75 4
    endloop
  endfacet
  facet normal 0 0 1
    outer loop
      vertex 84.6 37.6 4
      vertex 79.392 32.392 4
      vertex 79.6594 32.0872 4
    endloop
  endfacet
  facet normal 0 0 1
    outer loop
      vertex 84.6 37.6 4
      vertex 79.0872 32.6594 4
      vertex 79.392 32.392 4
    endloop
  endfacet
  facet normal 0 0 1
    outer loop
      vertex 84.6 37.6 4
      vertex 78.75 32.8847 4
      vertex 79.0872 32.6594 4
    endloop
  endfacet
  facet normal 0 0 1
    outer loop
      vertex 84.6 37.6 4
      vertex 78.3863 33.064 4
      vertex 78.75 32.8847 4
    endloop
  endfacet
  facet normal 0 0 1
    outer loop
      vertex 84.6 37.6 4
      vertex 78.0023 33.1944 4
      vertex 78.3863 33.064 4
    endloop
  endfacet
  facet normal 0 0 1
    outer loop
      vertex 84.6 37.6 4
      vertex 77.6046 33.2735 4
      vertex 78.0023 33.1944 4
    endloop
  endfacet
  facet normal 0 0 1
    outer loop
      vertex 84.6 37.6 4
      vertex 77.2 33.3 4
      vertex 77.6046 33.2735 4
    endloop
  endfacet
  facet normal 0 0 1
    outer loop
      vertex 84.6 37.6 4
      vertex 76.7954 33.2735 4
      vertex 77.2 33.3 4
    endloop
  endfacet
  facet normal 0 0 1
    outer loop
      vertex 84.6 37.6 4
      vertex 76.3977 33.1944 4
      vertex 76.7954 33.2735 4
    endloop
  endfacet
  facet normal 0 0 1
    outer loop
      vertex 84.6 37.6 4
      vertex 76.0137 33.064 4
      vertex 76.3977 33.1944 4
    endloop
  endfacet
  facet normal 0 0 1
    outer loop
      vertex 19.5863 33.064 4
      vertex 76.0137 33.064 4
      vertex 84.6 37.6 4
    endloop
  endfacet
  facet normal 0 0 1
    outer loop
      vertex 74.336 10.5863 4
      vertex 50.2064 17.9494 4
      vertex 74.2056 10.2023 4
    endloop
  endfacet
  facet normal 0 0 1
    outer loop
      vertex 49.4921 23.375 4
      vertex 74.1 30.2 4
      vertex 74.1265 30.6046 4
    endloop
  endfacet
  facet normal 0 0 1
    outer loop
      vertex 48.9725 24.1526 4
      vertex 74.1265 30.6046 4
      vertex 74.2056 31.0023 4
    endloop
  endfacet
  facet normal 0 0 1
    outer loop
      vertex 48.3558 24.8558 4
      vertex 74.2056 31.0023 4
      vertex 74.336 31.3863 4
    endloop
  endfacet
  facet normal 0 0 1
    outer loop
      vertex 47.6526 25.4725 4
      vertex 74.336 31.3863 4
      vertex 74.5153 31.75 4
    endloop
  endfacet
  facet normal 0 0 1
    outer loop
      vertex 46.875 25.9921 4
      vertex 74.5153 31.75 4
      vertex 74.7406 32.0872 4
    endloop
  endfacet
  facet normal 0 0 1
    outer loop
      vertex 46.0362 26.4057 4
      vertex 74.7406 32.0872 4
      vertex 75.008 32.392 4
    endloop
  endfacet
  facet normal 0 0 1
    outer loop
      vertex 46.0362 26.4057 4
      vertex 75.008 32.392 4
      vertex 75.3128 32.6594 4
    endloop
  endfacet
  facet normal 0 0 1
    outer loop
      vertex 45.1506 26.7064 4
      vertex 75.3128 32.6594 4
      vertex 75.65 32.8847 4
    endloop
  endfacet
  facet normal 0 -0 1
    outer loop
      vertex 43.3 26.95 4
      vertex 76.0137 33.064 4
      vertex 19.5863 33.064 4
    endloop
  endfacet
  facet normal 0 0 1
    outer loop
      vertex 74.5153 28.65 4
      vertex 50.3888 20.7333 4
      vertex 50.45 19.8 4
    endloop
  endfacet
  facet normal 0 0 1
    outer loop
      vertex 74.336 29.0137 4
      vertex 50.2064 21.6506 4
      vertex 50.3888 20.7333 4
    endloop
  endfacet
  facet normal 0 0 1
    outer loop
      vertex 74.2056 29.3977 4
      vertex 49.9057 22.5362 4
      vertex 50.2064 21.6506 4
    endloop
  endfacet
  facet normal 0 0 1
    outer loop
      vertex 74.1265 29.7954 4
      vertex 49.4921 23.375 4
      vertex 49.9057 22.5362 4
    endloop
  endfacet
  facet normal 0 0 1
    outer loop
      vertex 74.1265 30.6046 4
      vertex 48.9725 24.1526 4
      vertex 49.4921 23.375 4
    endloop
  endfacet
  facet normal 0 0 1
    outer loop
      vertex 74.2056 31.0023 4
      vertex 48.3558 24.8558 4
      vertex 48.9725 24.1526 4
    endloop
  endfacet
  facet normal 0 0 1
    outer loop
      vertex 74.336 31.3863 4
      vertex 47.6526 25.4725 4
      vertex 48.3558 24.8558 4
    endloop
  endfacet
  facet normal 0 0 1
    outer loop
      vertex 74.5153 31.75 4
      vertex 46.875 25.9921 4
      vertex 47.6526 25.4725 4
    endloop
  endfacet
  facet normal 0 0 1
    outer loop
      vertex 74.7406 32.0872 4
      vertex 46.0362 26.4057 4
      vertex 46.875 25.9921 4
    endloop
  endfacet
  facet normal 0 0 1
    outer loop
      vertex 75.3128 32.6594 4
      vertex 45.1506 26.7064 4
      vertex 46.0362 26.4057 4
    endloop
  endfacet
  facet normal 0 0 1
    outer loop
      vertex 75.65 32.8847 4
      vertex 44.2333 26.8888 4
      vertex 45.1506 26.7064 4
    endloop
  endfacet
  facet normal 0 0 1
    outer loop
      vertex 76.0137 33.064 4
      vertex 44.2333 26.8888 4
      vertex 75.65 32.8847 4
    endloop
  endfacet
  facet normal 0 -0 1
    outer loop
      vertex 44.2333 26.8888 4
      vertex 76.0137 33.064 4
      vertex 43.3 26.95 4
    endloop
  endfacet
  facet normal -0 -0 1
    outer loop
      vertex 19.95 32.8847 4
      vertex 43.3 26.95 4
      vertex 19.5863 33.064 4
    endloop
  endfacet
  facet normal -0 0 1
    outer loop
      vertex 21.264 29.0137 4
      vertex 36.6943 22.5362 4
      vertex 21.3944 29.3977 4
    endloop
  endfacet
  facet normal 0 0 1
    outer loop
      vertex 37.1079 23.375 4
      vertex 21.3944 29.3977 4
      vertex 36.6943 22.5362 4
    endloop
  endfacet
  facet normal -0 0 1
    outer loop
      vertex 21.3944 29.3977 4
      vertex 37.1079 23.375 4
      vertex 21.4735 29.7954 4
    endloop
  endfacet
  facet normal 0 0 1
    outer loop
      vertex 37.6275 24.1526 4
      vertex 21.4735 29.7954 4
      vertex 37.1079 23.375 4
    endloop
  endfacet
  facet normal -0 0 1
    outer loop
      vertex 21.4735 29.7954 4
      vertex 37.6275 24.1526 4
      vertex 21.5 30.2 4
    endloop
  endfacet
  facet normal 0 0 1
    outer loop
      vertex 38.2442 24.8558 4
      vertex 21.5 30.2 4
      vertex 37.6275 24.1526 4
    endloop
  endfacet
  facet normal 0 0 1
    outer loop
      vertex 21.3944 31.0023 4
      vertex 38.2442 24.8558 4
      vertex 38.9474 25.4725 4
    endloop
  endfacet
  facet normal 0 0 1
    outer loop
      vertex 21.264 31.3863 4
      vertex 38.9474 25.4725 4
      vertex 39.725 25.9921 4
    endloop
  endfacet
  facet normal 0 0 1
    outer loop
      vertex 21.0847 31.75 4
      vertex 39.725 25.9921 4
      vertex 40.5638 26.4057 4
    endloop
  endfacet
  facet normal 0 0 1
    outer loop
      vertex 20.8594 32.0872 4
      vertex 40.5638 26.4057 4
      vertex 41.4494 26.7064 4
    endloop
  endfacet
  facet normal -0 -0 1
    outer loop
      vertex 20.2872 32.6594 4
      vertex 42.3667 26.8888 4
      vertex 19.95 32.8847 4
    endloop
  endfacet
  facet normal 0 0 1
    outer loop
      vertex 38.2442 24.8558 4
      vertex 21.4735 30.6046 4
      vertex 21.5 30.2 4
    endloop
  endfacet
  facet normal 0 0 1
    outer loop
      vertex 38.2442 24.8558 4
      vertex 21.3944 31.0023 4
      vertex 21.4735 30.6046 4
    endloop
  endfacet
  facet normal 0 0 1
    outer loop
      vertex 38.9474 25.4725 4
      vertex 21.264 31.3863 4
      vertex 21.3944 31.0023 4
    endloop
  endfacet
  facet normal 0 0 1
    outer loop
      vertex 39.725 25.9921 4
      vertex 21.0847 31.75 4
      vertex 21.264 31.3863 4
    endloop
  endfacet
  facet normal 0 0 1
    outer loop
      vertex 40.5638 26.4057 4
      vertex 20.8594 32.0872 4
      vertex 21.0847 31.75 4
    endloop
  endfacet
  facet normal 0 0 1
    outer loop
      vertex 41.4494 26.7064 4
      vertex 20.592 32.392 4
      vertex 20.8594 32.0872 4
    endloop
  endfacet
  facet normal 0 0 1
    outer loop
      vertex 41.4494 26.7064 4
      vertex 20.2872 32.6594 4
      vertex 20.592 32.392 4
    endloop
  endfacet
  facet normal 0 0 1
    outer loop
      vertex 42.3667 26.8888 4
      vertex 20.2872 32.6594 4
      vertex 41.4494 26.7064 4
    endloop
  endfacet
  facet normal 0 0 1
    outer loop
      vertex 43.3 26.95 4
      vertex 19.95 32.8847 4
      vertex 42.3667 26.8888 4
    endloop
  endfacet
  facet normal 0 0 1
    outer loop
      vertex 84.6 37.6 4
      vertex 19.2023 33.1944 4
      vertex 19.5863 33.064 4
    endloop
  endfacet
  facet normal 0 0 1
    outer loop
      vertex 84.6 37.6 4
      vertex 18.8046 33.2735 4
      vertex 19.2023 33.1944 4
    endloop
  endfacet
  facet normal -0 0 1
    outer loop
      vertex 2 37.6 4
      vertex 18.8046 33.2735 4
      vertex 84.6 37.6 4
    endloop
  endfacet
  facet normal 0 0 1
    outer loop
      vertex 15.4056 10.2023 4
      vertex 2 2 4
      vertex 15.3265 9.80463 4
    endloop
  endfacet
  facet normal 0 0 1
    outer loop
      vertex 15.3265 30.6046 4
      vertex 2 37.6 4
      vertex 15.3 30.2 4
    endloop
  endfacet
  facet normal 0 0 1
    outer loop
      vertex 15.4056 31.0023 4
      vertex 2 37.6 4
      vertex 15.3265 30.6046 4
    endloop
  endfacet
  facet normal 0 0 1
    outer loop
      vertex 15.536 31.3863 4
      vertex 2 37.6 4
      vertex 15.4056 31.0023 4
    endloop
  endfacet
  facet normal 0 0 1
    outer loop
      vertex 15.7153 31.75 4
      vertex 2 37.6 4
      vertex 15.536 31.3863 4
    endloop
  endfacet
  facet normal 0 0 1
    outer loop
      vertex 15.9406 32.0872 4
      vertex 2 37.6 4
      vertex 15.7153 31.75 4
    endloop
  endfacet
  facet normal 0 0 1
    outer loop
      vertex 16.208 32.392 4
      vertex 2 37.6 4
      vertex 15.9406 32.0872 4
    endloop
  endfacet
  facet normal 0 0 1
    outer loop
      vertex 16.5128 32.6594 4
      vertex 2 37.6 4
      vertex 16.208 32.392 4
    endloop
  endfacet
  facet normal 0 0 1
    outer loop
      vertex 16.85 32.8847 4
      vertex 2 37.6 4
      vertex 16.5128 32.6594 4
    endloop
  endfacet
  facet normal 0 0 1
    outer loop
      vertex 17.2137 33.064 4
      vertex 2 37.6 4
      vertex 16.85 32.8847 4
    endloop
  endfacet
  facet normal 0 0 1
    outer loop
      vertex 17.5977 33.1944 4
      vertex 2 37.6 4
      vertex 17.2137 33.064 4
    endloop
  endfacet
  facet normal 0 0 1
    outer loop
      vertex 17.9954 33.2735 4
      vertex 2 37.6 4
      vertex 17.5977 33.1944 4
    endloop
  endfacet
  facet normal 0 0 1
    outer loop
      vertex 18.4 33.3 4
      vertex 2 37.6 4
      vertex 17.9954 33.2735 4
    endloop
  endfacet
  facet normal 0 0 1
    outer loop
      vertex 18.8046 33.2735 4
      vertex 2 37.6 4
      vertex 18.4 33.3 4
    endloop
  endfacet
  facet normal 0 0 1
    outer loop
      vertex 80.1944 29.3977 4
      vertex 84.6 37.6 4
      vertex 80.2735 29.7954 4
    endloop
  endfacet
  facet normal -0 0 1
    outer loop
      vertex 80.2735 8.99537 4
      vertex 84.6 2 4
      vertex 80.3 9.4 4
    endloop
  endfacet
  facet normal -0 0 1
    outer loop
      vertex 80.1944 8.59766 4
      vertex 84.6 2 4
      vertex 80.2735 8.99537 4
    endloop
  endfacet
  facet normal -0 0 1
    outer loop
      vertex 80.064 8.21368 4
      vertex 84.6 2 4
      vertex 80.1944 8.59766 4
    endloop
  endfacet
  facet normal -0 0 1
    outer loop
      vertex 79.8847 7.85 4
      vertex 84.6 2 4
      vertex 80.064 8.21368 4
    endloop
  endfacet
  facet normal -0 0 1
    outer loop
      vertex 79.6594 7.51284 4
      vertex 84.6 2 4
      vertex 79.8847 7.85 4
    endloop
  endfacet
  facet normal -0 0 1
    outer loop
      vertex 79.392 7.20797 4
      vertex 84.6 2 4
      vertex 79.6594 7.51284 4
    endloop
  endfacet
  facet normal -0 0 1
    outer loop
      vertex 79.0872 6.9406 4
      vertex 84.6 2 4
      vertex 79.392 7.20797 4
    endloop
  endfacet
  facet normal -0 0 1
    outer loop
      vertex 78.75 6.71532 4
      vertex 84.6 2 4
      vertex 79.0872 6.9406 4
    endloop
  endfacet
  facet normal -0 0 1
    outer loop
      vertex 78.3863 6.53597 4
      vertex 84.6 2 4
      vertex 78.75 6.71532 4
    endloop
  endfacet
  facet normal -0 0 1
    outer loop
      vertex 78.0023 6.40563 4
      vertex 84.6 2 4
      vertex 78.3863 6.53597 4
    endloop
  endfacet
  facet normal -0 0 1
    outer loop
      vertex 77.6046 6.32652 4
      vertex 84.6 2 4
      vertex 78.0023 6.40563 4
    endloop
  endfacet
  facet normal -0 0 1
    outer loop
      vertex 77.2 6.3 4
      vertex 84.6 2 4
      vertex 77.6046 6.32652 4
    endloop
  endfacet
  facet normal 0 0 1
    outer loop
      vertex 76.7954 6.32652 4
      vertex 84.6 2 4
      vertex 77.2 6.3 4
    endloop
  endfacet
  facet normal 0 0 1
    outer loop
      vertex 76.3977 6.40563 4
      vertex 84.6 2 4
      vertex 76.7954 6.32652 4
    endloop
  endfacet
  facet normal 0 0 1
    outer loop
      vertex 76.0137 6.53597 4
      vertex 84.6 2 4
      vertex 76.3977 6.40563 4
    endloop
  endfacet
  facet normal 0 0 1
    outer loop
      vertex 44.2333 12.7112 4
      vertex 76.0137 6.53597 4
      vertex 75.65 6.71532 4
    endloop
  endfacet
  facet normal -0 0 1
    outer loop
      vertex 49.9057 17.0638 4
      vertex 74.2056 10.2023 4
      vertex 50.2064 17.9494 4
    endloop
  endfacet
  facet normal 0 0 1
    outer loop
      vertex 74.2056 10.2023 4
      vertex 49.9057 17.0638 4
      vertex 74.1265 9.80463 4
    endloop
  endfacet
  facet normal -0 0 1
    outer loop
      vertex 49.4921 16.225 4
      vertex 74.1265 9.80463 4
      vertex 49.9057 17.0638 4
    endloop
  endfacet
  facet normal 0 0 1
    outer loop
      vertex 74.1265 9.80463 4
      vertex 49.4921 16.225 4
      vertex 74.1 9.4 4
    endloop
  endfacet
  facet normal 0 0 1
    outer loop
      vertex 74.1 9.4 4
      vertex 49.4921 16.225 4
      vertex 74.1265 8.99537 4
    endloop
  endfacet
  facet normal -0 0 1
    outer loop
      vertex 48.9725 15.4474 4
      vertex 74.1265 8.99537 4
      vertex 49.4921 16.225 4
    endloop
  endfacet
  facet normal 0 0 1
    outer loop
      vertex 74.1265 8.99537 4
      vertex 48.9725 15.4474 4
      vertex 74.2056 8.59766 4
    endloop
  endfacet
  facet normal -0 0 1
    outer loop
      vertex 48.3558 14.7442 4
      vertex 74.2056 8.59766 4
      vertex 48.9725 15.4474 4
    endloop
  endfacet
  facet normal 0 0 1
    outer loop
      vertex 74.2056 8.59766 4
      vertex 48.3558 14.7442 4
      vertex 74.336 8.21368 4
    endloop
  endfacet
  facet normal -0 0 1
    outer loop
      vertex 47.6526 14.1275 4
      vertex 74.336 8.21368 4
      vertex 48.3558 14.7442 4
    endloop
  endfacet
  facet normal 0 0 1
    outer loop
      vertex 74.336 8.21368 4
      vertex 47.6526 14.1275 4
      vertex 74.5153 7.85 4
    endloop
  endfacet
  facet normal -0 0 1
    outer loop
      vertex 46.875 13.6079 4
      vertex 74.5153 7.85 4
      vertex 47.6526 14.1275 4
    endloop
  endfacet
  facet normal 0 0 1
    outer loop
      vertex 74.5153 7.85 4
      vertex 46.875 13.6079 4
      vertex 74.7406 7.51284 4
    endloop
  endfacet
  facet normal -0 0 1
    outer loop
      vertex 46.0362 13.1943 4
      vertex 74.7406 7.51284 4
      vertex 46.875 13.6079 4
    endloop
  endfacet
  facet normal 0 0 1
    outer loop
      vertex 74.7406 7.51284 4
      vertex 46.0362 13.1943 4
      vertex 75.008 7.20797 4
    endloop
  endfacet
  facet normal 0 0 1
    outer loop
      vertex 75.008 7.20797 4
      vertex 46.0362 13.1943 4
      vertex 75.3128 6.9406 4
    endloop
  endfacet
  facet normal -0 0 1
    outer loop
      vertex 45.1506 12.8936 4
      vertex 75.3128 6.9406 4
      vertex 46.0362 13.1943 4
    endloop
  endfacet
  facet normal 0 0 1
    outer loop
      vertex 75.3128 6.9406 4
      vertex 45.1506 12.8936 4
      vertex 75.65 6.71532 4
    endloop
  endfacet
  facet normal -0 0 1
    outer loop
      vertex 44.2333 12.7112 4
      vertex 75.65 6.71532 4
      vertex 45.1506 12.8936 4
    endloop
  endfacet
  facet normal 0 0 1
    outer loop
      vertex 76.0137 6.53597 4
      vertex 44.2333 12.7112 4
      vertex 43.3 12.65 4
    endloop
  endfacet
  facet normal 0 0 1
    outer loop
      vertex 76.0137 6.53597 4
      vertex 43.3 12.65 4
      vertex 19.5863 6.53597 4
    endloop
  endfacet
  facet normal 0 0 1
    outer loop
      vertex 19.95 6.71532 4
      vertex 43.3 12.65 4
      vertex 42.3667 12.7112 4
    endloop
  endfacet
  facet normal 0 0 1
    outer loop
      vertex 20.2872 6.9406 4
      vertex 42.3667 12.7112 4
      vertex 41.4494 12.8936 4
    endloop
  endfacet
  facet normal -0 0 1
    outer loop
      vertex 21.0847 28.65 4
      vertex 36.6943 22.5362 4
      vertex 21.264 29.0137 4
    endloop
  endfacet
  facet normal 0 0 1
    outer loop
      vertex 36.15 19.8 4
      vertex 21.5 9.4 4
      vertex 36.2112 18.8667 4
    endloop
  endfacet
  facet normal 0 0 1
    outer loop
      vertex 36.2112 18.8667 4
      vertex 21.5 9.4 4
      vertex 36.3936 17.9494 4
    endloop
  endfacet
  facet normal 0 0 1
    outer loop
      vertex 36.3936 17.9494 4
      vertex 21.5 9.4 4
      vertex 36.6943 17.0638 4
    endloop
  endfacet
  facet normal 0 0 1
    outer loop
      vertex 36.6943 17.0638 4
      vertex 21.5 9.4 4
      vertex 37.1079 16.225 4
    endloop
  endfacet
  facet normal 0 0 1
    outer loop
      vertex 37.1079 16.225 4
      vertex 21.5 9.4 4
      vertex 37.6275 15.4474 4
    endloop
  endfacet
  facet normal 0 0 1
    outer loop
      vertex 37.6275 15.4474 4
      vertex 21.5 9.4 4
      vertex 38.2442 14.7442 4
    endloop
  endfacet
  facet normal 0 0 1
    outer loop
      vertex 21.4735 8.99537 4
      vertex 38.2442 14.7442 4
      vertex 21.5 9.4 4
    endloop
  endfacet
  facet normal 0 0 1
    outer loop
      vertex 21.3944 8.59766 4
      vertex 38.2442 14.7442 4
      vertex 21.4735 8.99537 4
    endloop
  endfacet
  facet normal 0 0 1
    outer loop
      vertex 38.2442 14.7442 4
      vertex 21.3944 8.59766 4
      vertex 38.9474 14.1275 4
    endloop
  endfacet
  facet normal 0 0 1
    outer loop
      vertex 21.264 8.21368 4
      vertex 38.9474 14.1275 4
      vertex 21.3944 8.59766 4
    endloop
  endfacet
  facet normal 0 0 1
    outer loop
      vertex 38.9474 14.1275 4
      vertex 21.264 8.21368 4
      vertex 39.725 13.6079 4
    endloop
  endfacet
  facet normal 0 0 1
    outer loop
      vertex 21.0847 7.85 4
      vertex 39.725 13.6079 4
      vertex 21.264 8.21368 4
    endloop
  endfacet
  facet normal 0 0 1
    outer loop
      vertex 39.725 13.6079 4
      vertex 21.0847 7.85 4
      vertex 40.5638 13.1943 4
    endloop
  endfacet
  facet normal 0 0 1
    outer loop
      vertex 20.8594 7.51284 4
      vertex 40.5638 13.1943 4
      vertex 21.0847 7.85 4
    endloop
  endfacet
  facet normal 0 0 1
    outer loop
      vertex 40.5638 13.1943 4
      vertex 20.8594 7.51284 4
      vertex 41.4494 12.8936 4
    endloop
  endfacet
  facet normal 0 0 1
    outer loop
      vertex 20.592 7.20797 4
      vertex 41.4494 12.8936 4
      vertex 20.8594 7.51284 4
    endloop
  endfacet
  facet normal 0 0 1
    outer loop
      vertex 20.2872 6.9406 4
      vertex 41.4494 12.8936 4
      vertex 20.592 7.20797 4
    endloop
  endfacet
  facet normal 0 0 1
    outer loop
      vertex 42.3667 12.7112 4
      vertex 20.2872 6.9406 4
      vertex 19.95 6.71532 4
    endloop
  endfacet
  facet normal 0 0 1
    outer loop
      vertex 43.3 12.65 4
      vertex 19.95 6.71532 4
      vertex 19.5863 6.53597 4
    endloop
  endfacet
  facet normal 0 0 1
    outer loop
      vertex 76.0137 6.53597 4
      vertex 19.5863 6.53597 4
      vertex 84.6 2 4
    endloop
  endfacet
  facet normal -0 0 1
    outer loop
      vertex 19.2023 6.40563 4
      vertex 84.6 2 4
      vertex 19.5863 6.53597 4
    endloop
  endfacet
  facet normal -0 0 1
    outer loop
      vertex 18.8046 6.32652 4
      vertex 84.6 2 4
      vertex 19.2023 6.40563 4
    endloop
  endfacet
  facet normal 0 0 1
    outer loop
      vertex 2 2 4
      vertex 18.8046 6.32652 4
      vertex 18.4 6.3 4
    endloop
  endfacet
  facet normal 0 0 1
    outer loop
      vertex 15.3265 9.80463 4
      vertex 2 2 4
      vertex 15.3 9.4 4
    endloop
  endfacet
  facet normal 0 0 1
    outer loop
      vertex 15.3 9.4 4
      vertex 2 2 4
      vertex 15.3265 8.99537 4
    endloop
  endfacet
  facet normal 0 0 1
    outer loop
      vertex 15.3265 8.99537 4
      vertex 2 2 4
      vertex 15.4056 8.59766 4
    endloop
  endfacet
  facet normal 0 0 1
    outer loop
      vertex 18.8046 6.32652 4
      vertex 2 2 4
      vertex 84.6 2 4
    endloop
  endfacet
  facet normal 0 0 1
    outer loop
      vertex 17.9954 6.32652 4
      vertex 2 2 4
      vertex 18.4 6.3 4
    endloop
  endfacet
  facet normal 0 0 1
    outer loop
      vertex 17.5977 6.40563 4
      vertex 2 2 4
      vertex 17.9954 6.32652 4
    endloop
  endfacet
  facet normal 0 0 1
    outer loop
      vertex 17.2137 6.53597 4
      vertex 2 2 4
      vertex 17.5977 6.40563 4
    endloop
  endfacet
  facet normal 0 0 1
    outer loop
      vertex 16.85 6.71532 4
      vertex 2 2 4
      vertex 17.2137 6.53597 4
    endloop
  endfacet
  facet normal 0 0 1
    outer loop
      vertex 16.5128 6.9406 4
      vertex 2 2 4
      vertex 16.85 6.71532 4
    endloop
  endfacet
  facet normal 0 0 1
    outer loop
      vertex 16.208 7.20797 4
      vertex 2 2 4
      vertex 16.5128 6.9406 4
    endloop
  endfacet
  facet normal 0 0 1
    outer loop
      vertex 15.9406 7.51284 4
      vertex 2 2 4
      vertex 16.208 7.20797 4
    endloop
  endfacet
  facet normal 0 0 1
    outer loop
      vertex 15.7153 7.85 4
      vertex 2 2 4
      vertex 15.9406 7.51284 4
    endloop
  endfacet
  facet normal 0 0 1
    outer loop
      vertex 15.536 8.21368 4
      vertex 2 2 4
      vertex 15.7153 7.85 4
    endloop
  endfacet
  facet normal 0 0 1
    outer loop
      vertex 15.4056 8.59766 4
      vertex 2 2 4
      vertex 15.536 8.21368 4
    endloop
  endfacet
  facet normal 0 0 -1
    outer loop
      vertex 50.45 19.8 0
      vertex 86.6 39.6 0
      vertex 86.6 0 0
    endloop
  endfacet
  facet normal 0 0 -1
    outer loop
      vertex 86.6 39.6 0
      vertex 50.3888 20.7333 0
      vertex 50.2064 21.6506 0
    endloop
  endfacet
  facet normal 0 0 -1
    outer loop
      vertex 86.6 39.6 0
      vertex 50.45 19.8 0
      vertex 50.3888 20.7333 0
    endloop
  endfacet
  facet normal 0 0 -1
    outer loop
      vertex 86.6 0 0
      vertex 50.3888 18.8667 0
      vertex 50.45 19.8 0
    endloop
  endfacet
  facet normal 0 0 -1
    outer loop
      vertex 86.6 0 0
      vertex 50.2064 17.9494 0
      vertex 50.3888 18.8667 0
    endloop
  endfacet
  facet normal 0 0 -1
    outer loop
      vertex 86.6 0 0
      vertex 49.9057 17.0638 0
      vertex 50.2064 17.9494 0
    endloop
  endfacet
  facet normal 0 0 -1
    outer loop
      vertex 86.6 0 0
      vertex 49.4921 16.225 0
      vertex 49.9057 17.0638 0
    endloop
  endfacet
  facet normal 0 0 -1
    outer loop
      vertex 86.6 0 0
      vertex 48.9725 15.4474 0
      vertex 49.4921 16.225 0
    endloop
  endfacet
  facet normal 0 0 -1
    outer loop
      vertex 86.6 0 0
      vertex 48.3558 14.7442 0
      vertex 48.9725 15.4474 0
    endloop
  endfacet
  facet normal 0 0 -1
    outer loop
      vertex 86.6 0 0
      vertex 47.6526 14.1275 0
      vertex 48.3558 14.7442 0
    endloop
  endfacet
  facet normal 0 0 -1
    outer loop
      vertex 86.6 0 0
      vertex 46.875 13.6079 0
      vertex 47.6526 14.1275 0
    endloop
  endfacet
  facet normal 0 0 -1
    outer loop
      vertex 86.6 0 0
      vertex 46.0362 13.1943 0
      vertex 46.875 13.6079 0
    endloop
  endfacet
  facet normal 0 0 -1
    outer loop
      vertex 86.6 0 0
      vertex 45.1506 12.8936 0
      vertex 46.0362 13.1943 0
    endloop
  endfacet
  facet normal 0 0 -1
    outer loop
      vertex 86.6 0 0
      vertex 44.2333 12.7112 0
      vertex 45.1506 12.8936 0
    endloop
  endfacet
  facet normal 0 0 -1
    outer loop
      vertex 86.6 0 0
      vertex 43.3 12.65 0
      vertex 44.2333 12.7112 0
    endloop
  endfacet
  facet normal 0 0 -1
    outer loop
      vertex 0 0 0
      vertex 43.3 12.65 0
      vertex 86.6 0 0
    endloop
  endfacet
  facet normal -0 0 -1
    outer loop
      vertex 43.3 12.65 0
      vertex 0 0 0
      vertex 42.3667 12.7112 0
    endloop
  endfacet
  facet normal -0 0 -1
    outer loop
      vertex 42.3667 12.7112 0
      vertex 0 0 0
      vertex 41.4494 12.8936 0
    endloop
  endfacet
  facet normal 0 0 -1
    outer loop
      vertex 0 0 0
      vertex 40.5638 13.1943 0
      vertex 41.4494 12.8936 0
    endloop
  endfacet
  facet normal 0 0 -1
    outer loop
      vertex 0 0 0
      vertex 39.725 13.6079 0
      vertex 40.5638 13.1943 0
    endloop
  endfacet
  facet normal 0 0 -1
    outer loop
      vertex 0 0 0
      vertex 38.9474 14.1275 0
      vertex 39.725 13.6079 0
    endloop
  endfacet
  facet normal 0 0 -1
    outer loop
      vertex 0 0 0
      vertex 38.2442 14.7442 0
      vertex 38.9474 14.1275 0
    endloop
  endfacet
  facet normal 0 0 -1
    outer loop
      vertex 0 0 0
      vertex 37.6275 15.4474 0
      vertex 38.2442 14.7442 0
    endloop
  endfacet
  facet normal 0 0 -1
    outer loop
      vertex 0 0 0
      vertex 37.1079 16.225 0
      vertex 37.6275 15.4474 0
    endloop
  endfacet
  facet normal 0 0 -1
    outer loop
      vertex 0 0 0
      vertex 36.6943 17.0638 0
      vertex 37.1079 16.225 0
    endloop
  endfacet
  facet normal 0 0 -1
    outer loop
      vertex 0 0 0
      vertex 36.3936 17.9494 0
      vertex 36.6943 17.0638 0
    endloop
  endfacet
  facet normal 0 0 -1
    outer loop
      vertex 0 0 0
      vertex 36.2112 18.8667 0
      vertex 36.3936 17.9494 0
    endloop
  endfacet
  facet normal 0 0 -1
    outer loop
      vertex 0 0 0
      vertex 36.15 19.8 0
      vertex 36.2112 18.8667 0
    endloop
  endfacet
  facet normal 0 0 -1
    outer loop
      vertex 36.2112 20.7333 0
      vertex 0 39.6 0
      vertex 36.3936 21.6506 0
    endloop
  endfacet
  facet normal 0 0 -1
    outer loop
      vertex 36.3936 21.6506 0
      vertex 0 39.6 0
      vertex 35.3 39.6 0
    endloop
  endfacet
  facet normal 0 0 -1
    outer loop
      vertex 49.9057 22.5362 0
      vertex 86.6 39.6 0
      vertex 50.2064 21.6506 0
    endloop
  endfacet
  facet normal -0 0 -1
    outer loop
      vertex 86.6 39.6 0
      vertex 49.9057 22.5362 0
      vertex 51.3 39.6 0
    endloop
  endfacet
  facet normal 0 0 -1
    outer loop
      vertex 49.4921 23.375 0
      vertex 51.3 39.6 0
      vertex 49.9057 22.5362 0
    endloop
  endfacet
  facet normal 0 0 -1
    outer loop
      vertex 48.9725 24.1526 0
      vertex 51.3 39.6 0
      vertex 49.4921 23.375 0
    endloop
  endfacet
  facet normal 0 0 -1
    outer loop
      vertex 48.3558 24.8558 0
      vertex 51.3 39.6 0
      vertex 48.9725 24.1526 0
    endloop
  endfacet
  facet normal 0 0 -1
    outer loop
      vertex 47.6526 25.4725 0
      vertex 51.3 39.6 0
      vertex 48.3558 24.8558 0
    endloop
  endfacet
  facet normal 0 0 -1
    outer loop
      vertex 46.875 25.9921 0
      vertex 51.3 39.6 0
      vertex 47.6526 25.4725 0
    endloop
  endfacet
  facet normal 0 0 -1
    outer loop
      vertex 46.0362 26.4057 0
      vertex 51.3 39.6 0
      vertex 46.875 25.9921 0
    endloop
  endfacet
  facet normal 0 0 -1
    outer loop
      vertex 45.1506 26.7064 0
      vertex 51.3 39.6 0
      vertex 46.0362 26.4057 0
    endloop
  endfacet
  facet normal 0 0 -1
    outer loop
      vertex 44.2333 26.8888 0
      vertex 51.3 39.6 0
      vertex 45.1506 26.7064 0
    endloop
  endfacet
  facet normal 0 0 -1
    outer loop
      vertex 43.3 26.95 0
      vertex 51.3 39.6 0
      vertex 44.2333 26.8888 0
    endloop
  endfacet
  facet normal -0 0 -1
    outer loop
      vertex 51.3 39.6 0
      vertex 43.3 26.95 0
      vertex 35.3 39.6 0
    endloop
  endfacet
  facet normal 0 0 -1
    outer loop
      vertex 35.3 39.6 0
      vertex 43.3 26.95 0
      vertex 42.3667 26.8888 0
    endloop
  endfacet
  facet normal 0 0 -1
    outer loop
      vertex 35.3 39.6 0
      vertex 42.3667 26.8888 0
      vertex 41.4494 26.7064 0
    endloop
  endfacet
  facet normal 0 0 -1
    outer loop
      vertex 35.3 39.6 0
      vertex 41.4494 26.7064 0
      vertex 40.5638 26.4057 0
    endloop
  endfacet
  facet normal 0 0 -1
    outer loop
      vertex 35.3 39.6 0
      vertex 40.5638 26.4057 0
      vertex 39.725 25.9921 0
    endloop
  endfacet
  facet normal 0 0 -1
    outer loop
      vertex 35.3 39.6 0
      vertex 39.725 25.9921 0
      vertex 38.9474 25.4725 0
    endloop
  endfacet
  facet normal 0 0 -1
    outer loop
      vertex 35.3 39.6 0
      vertex 38.9474 25.4725 0
      vertex 38.2442 24.8558 0
    endloop
  endfacet
  facet normal 0 0 -1
    outer loop
      vertex 35.3 39.6 0
      vertex 38.2442 24.8558 0
      vertex 37.6275 24.1526 0
    endloop
  endfacet
  facet normal 0 0 -1
    outer loop
      vertex 35.3 39.6 0
      vertex 37.6275 24.1526 0
      vertex 37.1079 23.375 0
    endloop
  endfacet
  facet normal 0 0 -1
    outer loop
      vertex 0 39.6 0
      vertex 36.15 19.8 0
      vertex 0 0 0
    endloop
  endfacet
  facet normal 0 0 -1
    outer loop
      vertex 36.15 19.8 0
      vertex 0 39.6 0
      vertex 36.2112 20.7333 0
    endloop
  endfacet
  facet normal 0 0 -1
    outer loop
      vertex 35.3 39.6 0
      vertex 36.6943 22.5362 0
      vertex 36.3936 21.6506 0
    endloop
  endfacet
  facet normal 0 0 -1
    outer loop
      vertex 35.3 39.6 0
      vertex 37.1079 23.375 0
      vertex 36.6943 22.5362 0
    endloop
  endfacet
  facet normal 0 0 -1
    outer loop
      vertex 51.3 39.6 0
      vertex 35.3 39.6 0
      vertex 51.3 49.6 0
    endloop
  endfacet
  facet normal -0 0 -1
    outer loop
      vertex 51.3 49.6 0
      vertex 35.3 39.6 0
      vertex 35.3 49.6 0
    endloop
  endfacet
  facet normal 1 0 0
    outer loop
      vertex 51.3 49.6 8
      vertex 51.3 39.6 7
      vertex 51.3 49.6 0
    endloop
  endfacet
  facet normal 1 -0 0
    outer loop
      vertex 51.3 39.58 8
      vertex 51.3 39.6 7
      vertex 51.3 49.6 8
    endloop
  endfacet
  facet normal 1 0 0
    outer loop
      vertex 51.3 39.6 7
      vertex 51.3 39.58 8
      vertex 51.3 39.58 7
    endloop
  endfacet
  facet normal 1 0 0
    outer loop
      vertex 51.3 49.6 0
      vertex 51.3 39.6 7
      vertex 51.3 39.6 0
    endloop
  endfacet
  facet normal -0 0 1
    outer loop
      vertex 35.3 49.6 8
      vertex 51.3 39.58 8
      vertex 51.3 49.6 8
    endloop
  endfacet
  facet normal 0 0 1
    outer loop
      vertex 51.3 39.58 8
      vertex 35.3 49.6 8
      vertex 35.3 39.58 8
    endloop
  endfacet
  facet normal -1 0 0
    outer loop
      vertex 35.3 39.6 7
      vertex 35.3 49.6 0
      vertex 35.3 39.6 0
    endloop
  endfacet
  facet normal -1 0 0
    outer loop
      vertex 35.3 49.6 0
      vertex 35.3 39.6 7
      vertex 35.3 49.6 8
    endloop
  endfacet
  facet normal -1 0 0
    outer loop
      vertex 35.3 39.58 8
      vertex 35.3 39.6 7
      vertex 35.3 39.58 7
    endloop
  endfacet
  facet normal -1 0 0
    outer loop
      vertex 35.3 39.6 7
      vertex 35.3 39.58 8
      vertex 35.3 49.6 8
    endloop
  endfacet
  facet normal 0 1 0
    outer loop
      vertex 51.3 49.6 8
      vertex 47.9 49.6 5.5
      vertex 35.3 49.6 8
    endloop
  endfacet
  facet normal 0 1 -0
    outer loop
      vertex 51.3 49.6 0
      vertex 47.9 49.6 5.5
      vertex 51.3 49.6 8
    endloop
  endfacet
  facet normal 0 1 0
    outer loop
      vertex 47.9 49.6 2
      vertex 51.3 49.6 0
      vertex 38.7 49.6 2
    endloop
  endfacet
  facet normal 0 1 0
    outer loop
      vertex 47.9 49.6 5.5
      vertex 51.3 49.6 0
      vertex 47.9 49.6 2
    endloop
  endfacet
  facet normal 0 1 -0
    outer loop
      vertex 38.7 49.6 5.5
      vertex 35.3 49.6 8
      vertex 47.9 49.6 5.5
    endloop
  endfacet
  facet normal 0 1 0
    outer loop
      vertex 35.3 49.6 0
      vertex 38.7 49.6 5.5
      vertex 38.7 49.6 2
    endloop
  endfacet
  facet normal 0 1 0
    outer loop
      vertex 38.7 49.6 5.5
      vertex 35.3 49.6 0
      vertex 35.3 49.6 8
    endloop
  endfacet
  facet normal 0 1 0
    outer loop
      vertex 35.3 49.6 0
      vertex 38.7 49.6 2
      vertex 51.3 49.6 0
    endloop
  endfacet
  facet normal 0 -1 0
    outer loop
      vertex 35.3 39.58 7
      vertex 51.3 39.58 8
      vertex 35.3 39.58 8
    endloop
  endfacet
  facet normal 0 -1 -0
    outer loop
      vertex 51.3 39.58 8
      vertex 35.3 39.58 7
      vertex 51.3 39.58 7
    endloop
  endfacet
  facet normal -0.896919 0.442195 0
    outer loop
      vertex 21.0847 7.85 0.780001
      vertex 21.264 8.21368 4
      vertex 21.264 8.21368 0.780001
    endloop
  endfacet
  facet normal -0.896919 0.442195 0
    outer loop
      vertex 21.264 8.21368 4
      vertex 21.0847 7.85 0.780001
      vertex 21.0847 7.85 4
    endloop
  endfacet
  facet normal -0.980786 -0.195087 0
    outer loop
      vertex 21.4735 9.80463 0.780001
      vertex 21.3944 10.2023 4
      vertex 21.3944 10.2023 0.780001
    endloop
  endfacet
  facet normal -0.980786 -0.195087 0
    outer loop
      vertex 21.3944 10.2023 4
      vertex 21.4735 9.80463 0.780001
      vertex 21.4735 9.80463 4
    endloop
  endfacet
  facet normal -0.997862 -0.0653519 0
    outer loop
      vertex 21.5 9.4 0.780001
      vertex 21.4735 9.80463 4
      vertex 21.4735 9.80463 0.780001
    endloop
  endfacet
  facet normal -0.997862 -0.0653519 0
    outer loop
      vertex 21.4735 9.80463 4
      vertex 21.5 9.4 0.780001
      vertex 21.5 9.4 4
    endloop
  endfacet
  facet normal -0.946893 -0.321549 0
    outer loop
      vertex 21.3944 10.2023 0.780001
      vertex 21.264 10.5863 4
      vertex 21.264 10.5863 0.780001
    endloop
  endfacet
  facet normal -0.946893 -0.321549 0
    outer loop
      vertex 21.264 10.5863 4
      vertex 21.3944 10.2023 0.780001
      vertex 21.3944 10.2023 4
    endloop
  endfacet
  facet normal -0.98079 0.195068 0
    outer loop
      vertex 21.3944 8.59766 0.780001
      vertex 21.4735 8.99537 4
      vertex 21.4735 8.99537 0.780001
    endloop
  endfacet
  facet normal -0.98079 0.195068 0
    outer loop
      vertex 21.4735 8.99537 4
      vertex 21.3944 8.59766 0.780001
      vertex 21.3944 8.59766 4
    endloop
  endfacet
  facet normal -0.896928 -0.442176 0
    outer loop
      vertex 21.264 10.5863 0.780001
      vertex 21.0847 10.95 4
      vertex 21.0847 10.95 0.780001
    endloop
  endfacet
  facet normal -0.896928 -0.442176 0
    outer loop
      vertex 21.0847 10.95 4
      vertex 21.264 10.5863 0.780001
      vertex 21.264 10.5863 4
    endloop
  endfacet
  facet normal 0.946893 -0.321549 0
    outer loop
      vertex 15.4056 10.2023 4
      vertex 15.536 10.5863 0.780001
      vertex 15.536 10.5863 4
    endloop
  endfacet
  facet normal 0.946893 -0.321549 0
    outer loop
      vertex 15.536 10.5863 0.780001
      vertex 15.4056 10.2023 4
      vertex 15.4056 10.2023 0.780001
    endloop
  endfacet
  facet normal -0.83145 0.555599 0
    outer loop
      vertex 20.8594 7.51284 0.780001
      vertex 21.0847 7.85 4
      vertex 21.0847 7.85 0.780001
    endloop
  endfacet
  facet normal -0.83145 0.555599 0
    outer loop
      vertex 21.0847 7.85 4
      vertex 20.8594 7.51284 0.780001
      vertex 20.8594 7.51284 4
    endloop
  endfacet
  facet normal -0.321549 -0.946893 0
    outer loop
      vertex 19.2023 12.3944 0.780001
      vertex 19.5863 12.264 4
      vertex 19.2023 12.3944 4
    endloop
  endfacet
  facet normal -0.321549 -0.946893 -0
    outer loop
      vertex 19.5863 12.264 4
      vertex 19.2023 12.3944 0.780001
      vertex 19.5863 12.264 0.780001
    endloop
  endfacet
  facet normal 0.555553 -0.831481 0
    outer loop
      vertex 16.5128 11.8594 0.780001
      vertex 16.85 12.0847 4
      vertex 16.5128 11.8594 4
    endloop
  endfacet
  facet normal 0.555553 -0.831481 0
    outer loop
      vertex 16.85 12.0847 4
      vertex 16.5128 11.8594 0.780001
      vertex 16.85 12.0847 0.780001
    endloop
  endfacet
  facet normal 0.896928 -0.442176 0
    outer loop
      vertex 15.536 10.5863 4
      vertex 15.7153 10.95 0.780001
      vertex 15.7153 10.95 4
    endloop
  endfacet
  facet normal 0.896928 -0.442176 0
    outer loop
      vertex 15.7153 10.95 0.780001
      vertex 15.536 10.5863 4
      vertex 15.536 10.5863 0.780001
    endloop
  endfacet
  facet normal -0.442176 -0.896928 0
    outer loop
      vertex 19.5863 12.264 0.780001
      vertex 19.95 12.0847 4
      vertex 19.5863 12.264 4
    endloop
  endfacet
  facet normal -0.442176 -0.896928 -0
    outer loop
      vertex 19.95 12.0847 4
      vertex 19.5863 12.264 0.780001
      vertex 19.95 12.0847 0.780001
    endloop
  endfacet
  facet normal -0.659482 -0.751721 0
    outer loop
      vertex 20.2872 11.8594 0.780001
      vertex 20.592 11.592 4
      vertex 20.2872 11.8594 4
    endloop
  endfacet
  facet normal -0.659482 -0.751721 -0
    outer loop
      vertex 20.592 11.592 4
      vertex 20.2872 11.8594 0.780001
      vertex 20.592 11.592 0.780001
    endloop
  endfacet
  facet normal 0.896919 0.442195 0
    outer loop
      vertex 15.7153 7.85 4
      vertex 15.536 8.21368 0.780001
      vertex 15.536 8.21368 4
    endloop
  endfacet
  facet normal 0.896919 0.442195 0
    outer loop
      vertex 15.536 8.21368 0.780001
      vertex 15.7153 7.85 4
      vertex 15.7153 7.85 0.780001
    endloop
  endfacet
  facet normal 0.997862 -0.0653519 0
    outer loop
      vertex 15.3 9.4 4
      vertex 15.3265 9.80463 0.780001
      vertex 15.3265 9.80463 4
    endloop
  endfacet
  facet normal 0.997862 -0.0653519 0
    outer loop
      vertex 15.3265 9.80463 0.780001
      vertex 15.3 9.4 4
      vertex 15.3 9.4 0.780001
    endloop
  endfacet
  facet normal 0.65944 0.751757 -0
    outer loop
      vertex 16.5128 6.9406 0.780001
      vertex 16.208 7.20797 4
      vertex 16.5128 6.9406 4
    endloop
  endfacet
  facet normal 0.65944 0.751757 0
    outer loop
      vertex 16.208 7.20797 4
      vertex 16.5128 6.9406 0.780001
      vertex 16.208 7.20797 0.780001
    endloop
  endfacet
  facet normal 0.751721 -0.659482 0
    outer loop
      vertex 15.9406 11.2872 4
      vertex 16.208 11.592 0.780001
      vertex 16.208 11.592 4
    endloop
  endfacet
  facet normal 0.751721 -0.659482 0
    outer loop
      vertex 16.208 11.592 0.780001
      vertex 15.9406 11.2872 4
      vertex 15.9406 11.2872 0.780001
    endloop
  endfacet
  facet normal 0.442176 -0.896928 0
    outer loop
      vertex 16.85 12.0847 0.780001
      vertex 17.2137 12.264 4
      vertex 16.85 12.0847 4
    endloop
  endfacet
  facet normal 0.442176 -0.896928 0
    outer loop
      vertex 17.2137 12.264 4
      vertex 16.85 12.0847 0.780001
      vertex 17.2137 12.264 0.780001
    endloop
  endfacet
  facet normal -0.195073 -0.980789 0
    outer loop
      vertex 18.8046 12.4735 0.780001
      vertex 19.2023 12.3944 4
      vertex 18.8046 12.4735 4
    endloop
  endfacet
  facet normal -0.195073 -0.980789 -0
    outer loop
      vertex 19.2023 12.3944 4
      vertex 18.8046 12.4735 0.780001
      vertex 19.2023 12.3944 0.780001
    endloop
  endfacet
  facet normal -0.442275 0.89688 0
    outer loop
      vertex 19.95 6.71532 0.780001
      vertex 19.5863 6.53597 4
      vertex 19.95 6.71532 4
    endloop
  endfacet
  facet normal -0.442275 0.89688 0
    outer loop
      vertex 19.5863 6.53597 4
      vertex 19.95 6.71532 0.780001
      vertex 19.5863 6.53597 0.780001
    endloop
  endfacet
  facet normal -0.997862 0.0653519 0
    outer loop
      vertex 21.4735 8.99537 0.780001
      vertex 21.5 9.4 4
      vertex 21.5 9.4 0.780001
    endloop
  endfacet
  facet normal -0.997862 0.0653519 0
    outer loop
      vertex 21.5 9.4 4
      vertex 21.4735 8.99537 0.780001
      vertex 21.4735 8.99537 4
    endloop
  endfacet
  facet normal -0.321416 0.946938 0
    outer loop
      vertex 19.5863 6.53597 0.780001
      vertex 19.2023 6.40563 4
      vertex 19.5863 6.53597 4
    endloop
  endfacet
  facet normal -0.321416 0.946938 0
    outer loop
      vertex 19.2023 6.40563 4
      vertex 19.5863 6.53597 0.780001
      vertex 19.2023 6.40563 0.780001
    endloop
  endfacet
  facet normal -0.555553 -0.831481 0
    outer loop
      vertex 19.95 12.0847 0.780001
      vertex 20.2872 11.8594 4
      vertex 19.95 12.0847 4
    endloop
  endfacet
  facet normal -0.555553 -0.831481 -0
    outer loop
      vertex 20.2872 11.8594 4
      vertex 19.95 12.0847 0.780001
      vertex 20.2872 11.8594 0.780001
    endloop
  endfacet
  facet normal -0.831481 -0.555553 0
    outer loop
      vertex 21.0847 10.95 0.780001
      vertex 20.8594 11.2872 4
      vertex 20.8594 11.2872 0.780001
    endloop
  endfacet
  facet normal -0.831481 -0.555553 0
    outer loop
      vertex 20.8594 11.2872 4
      vertex 21.0847 10.95 0.780001
      vertex 21.0847 10.95 4
    endloop
  endfacet
  facet normal 0.195073 -0.980789 0
    outer loop
      vertex 17.5977 12.3944 0.780001
      vertex 17.9954 12.4735 4
      vertex 17.5977 12.3944 4
    endloop
  endfacet
  facet normal 0.195073 -0.980789 0
    outer loop
      vertex 17.9954 12.4735 4
      vertex 17.5977 12.3944 0.780001
      vertex 17.9954 12.4735 0.780001
    endloop
  endfacet
  facet normal -0.751796 0.659396 0
    outer loop
      vertex 20.592 7.20797 0.780001
      vertex 20.8594 7.51284 4
      vertex 20.8594 7.51284 0.780001
    endloop
  endfacet
  facet normal -0.751796 0.659396 0
    outer loop
      vertex 20.8594 7.51284 4
      vertex 20.592 7.20797 0.780001
      vertex 20.592 7.20797 4
    endloop
  endfacet
  facet normal -0.0654059 0.997859 0
    outer loop
      vertex 18.8046 6.32652 0.780001
      vertex 18.4 6.3 4
      vertex 18.8046 6.32652 4
    endloop
  endfacet
  facet normal -0.0654059 0.997859 0
    outer loop
      vertex 18.4 6.3 4
      vertex 18.8046 6.32652 0.780001
      vertex 18.4 6.3 0.780001
    endloop
  endfacet
  facet normal -0.946888 0.321564 0
    outer loop
      vertex 21.264 8.21368 0.780001
      vertex 21.3944 8.59766 4
      vertex 21.3944 8.59766 0.780001
    endloop
  endfacet
  facet normal -0.946888 0.321564 0
    outer loop
      vertex 21.3944 8.59766 4
      vertex 21.264 8.21368 0.780001
      vertex 21.264 8.21368 4
    endloop
  endfacet
  facet normal 0.751796 0.659396 0
    outer loop
      vertex 16.208 7.20797 4
      vertex 15.9406 7.51284 0.780001
      vertex 15.9406 7.51284 4
    endloop
  endfacet
  facet normal 0.751796 0.659396 0
    outer loop
      vertex 15.9406 7.51284 0.780001
      vertex 16.208 7.20797 4
      vertex 16.208 7.20797 0.780001
    endloop
  endfacet
  facet normal 0.321549 -0.946893 0
    outer loop
      vertex 17.2137 12.264 0.780001
      vertex 17.5977 12.3944 4
      vertex 17.2137 12.264 4
    endloop
  endfacet
  facet normal 0.321549 -0.946893 0
    outer loop
      vertex 17.5977 12.3944 4
      vertex 17.2137 12.264 0.780001
      vertex 17.5977 12.3944 0.780001
    endloop
  endfacet
  facet normal 0.659482 -0.751721 0
    outer loop
      vertex 16.208 11.592 0.780001
      vertex 16.5128 11.8594 4
      vertex 16.208 11.592 4
    endloop
  endfacet
  facet normal 0.659482 -0.751721 0
    outer loop
      vertex 16.5128 11.8594 4
      vertex 16.208 11.592 0.780001
      vertex 16.5128 11.8594 0.780001
    endloop
  endfacet
  facet normal 0.195096 0.980784 -0
    outer loop
      vertex 17.9954 6.32652 0.780001
      vertex 17.5977 6.40563 4
      vertex 17.9954 6.32652 4
    endloop
  endfacet
  facet normal 0.195096 0.980784 0
    outer loop
      vertex 17.5977 6.40563 4
      vertex 17.9954 6.32652 0.780001
      vertex 17.5977 6.40563 0.780001
    endloop
  endfacet
  facet normal 0 0 1
    outer loop
      vertex 21.4735 9.80463 0.780001
      vertex 21.4735 8.99537 0.780001
      vertex 21.5 9.4 0.780001
    endloop
  endfacet
  facet normal 0 0 1
    outer loop
      vertex 21.3944 10.2023 0.780001
      vertex 21.4735 8.99537 0.780001
      vertex 21.4735 9.80463 0.780001
    endloop
  endfacet
  facet normal 0 0 1
    outer loop
      vertex 21.3944 10.2023 0.780001
      vertex 21.3944 8.59766 0.780001
      vertex 21.4735 8.99537 0.780001
    endloop
  endfacet
  facet normal 0 0 1
    outer loop
      vertex 21.264 10.5863 0.780001
      vertex 21.3944 8.59766 0.780001
      vertex 21.3944 10.2023 0.780001
    endloop
  endfacet
  facet normal 0 0 1
    outer loop
      vertex 21.264 10.5863 0.780001
      vertex 21.264 8.21368 0.780001
      vertex 21.3944 8.59766 0.780001
    endloop
  endfacet
  facet normal 0 0 1
    outer loop
      vertex 21.0847 10.95 0.780001
      vertex 21.264 8.21368 0.780001
      vertex 21.264 10.5863 0.780001
    endloop
  endfacet
  facet normal 0 0 1
    outer loop
      vertex 21.0847 10.95 0.780001
      vertex 21.0847 7.85 0.780001
      vertex 21.264 8.21368 0.780001
    endloop
  endfacet
  facet normal 0 0 1
    outer loop
      vertex 20.8594 11.2872 0.780001
      vertex 21.0847 7.85 0.780001
      vertex 21.0847 10.95 0.780001
    endloop
  endfacet
  facet normal 0 0 1
    outer loop
      vertex 20.8594 11.2872 0.780001
      vertex 20.8594 7.51284 0.780001
      vertex 21.0847 7.85 0.780001
    endloop
  endfacet
  facet normal 0 0 1
    outer loop
      vertex 20.592 11.592 0.780001
      vertex 20.8594 7.51284 0.780001
      vertex 20.8594 11.2872 0.780001
    endloop
  endfacet
  facet normal 0 0 1
    outer loop
      vertex 20.592 11.592 0.780001
      vertex 20.592 7.20797 0.780001
      vertex 20.8594 7.51284 0.780001
    endloop
  endfacet
  facet normal 0 0 1
    outer loop
      vertex 20.2872 11.8594 0.780001
      vertex 20.592 7.20797 0.780001
      vertex 20.592 11.592 0.780001
    endloop
  endfacet
  facet normal 0 0 1
    outer loop
      vertex 20.2872 11.8594 0.780001
      vertex 20.2872 6.9406 0.780001
      vertex 20.592 7.20797 0.780001
    endloop
  endfacet
  facet normal 0 0 1
    outer loop
      vertex 19.95 12.0847 0.780001
      vertex 20.2872 6.9406 0.780001
      vertex 20.2872 11.8594 0.780001
    endloop
  endfacet
  facet normal 0 0 1
    outer loop
      vertex 19.95 12.0847 0.780001
      vertex 19.95 6.71532 0.780001
      vertex 20.2872 6.9406 0.780001
    endloop
  endfacet
  facet normal 0 0 1
    outer loop
      vertex 19.5863 12.264 0.780001
      vertex 19.95 6.71532 0.780001
      vertex 19.95 12.0847 0.780001
    endloop
  endfacet
  facet normal 0 0 1
    outer loop
      vertex 19.5863 12.264 0.780001
      vertex 19.5863 6.53597 0.780001
      vertex 19.95 6.71532 0.780001
    endloop
  endfacet
  facet normal 0 0 1
    outer loop
      vertex 19.2023 12.3944 0.780001
      vertex 19.5863 6.53597 0.780001
      vertex 19.5863 12.264 0.780001
    endloop
  endfacet
  facet normal 0 0 1
    outer loop
      vertex 19.2023 12.3944 0.780001
      vertex 19.2023 6.40563 0.780001
      vertex 19.5863 6.53597 0.780001
    endloop
  endfacet
  facet normal 0 0 1
    outer loop
      vertex 18.8046 12.4735 0.780001
      vertex 19.2023 6.40563 0.780001
      vertex 19.2023 12.3944 0.780001
    endloop
  endfacet
  facet normal 0 0 1
    outer loop
      vertex 18.8046 12.4735 0.780001
      vertex 18.8046 6.32652 0.780001
      vertex 19.2023 6.40563 0.780001
    endloop
  endfacet
  facet normal 0 0 1
    outer loop
      vertex 18.4 12.5 0.780001
      vertex 18.8046 6.32652 0.780001
      vertex 18.8046 12.4735 0.780001
    endloop
  endfacet
  facet normal 0 0 1
    outer loop
      vertex 18.4 12.5 0.780001
      vertex 18.4 6.3 0.780001
      vertex 18.8046 6.32652 0.780001
    endloop
  endfacet
  facet normal -0 0 1
    outer loop
      vertex 17.9954 12.4735 0.780001
      vertex 18.4 6.3 0.780001
      vertex 18.4 12.5 0.780001
    endloop
  endfacet
  facet normal 0 0 1
    outer loop
      vertex 17.9954 12.4735 0.780001
      vertex 17.9954 6.32652 0.780001
      vertex 18.4 6.3 0.780001
    endloop
  endfacet
  facet normal -0 0 1
    outer loop
      vertex 17.5977 12.3944 0.780001
      vertex 17.9954 6.32652 0.780001
      vertex 17.9954 12.4735 0.780001
    endloop
  endfacet
  facet normal 0 0 1
    outer loop
      vertex 17.5977 12.3944 0.780001
      vertex 17.5977 6.40563 0.780001
      vertex 17.9954 6.32652 0.780001
    endloop
  endfacet
  facet normal -0 0 1
    outer loop
      vertex 17.2137 12.264 0.780001
      vertex 17.5977 6.40563 0.780001
      vertex 17.5977 12.3944 0.780001
    endloop
  endfacet
  facet normal 0 0 1
    outer loop
      vertex 17.2137 12.264 0.780001
      vertex 17.2137 6.53597 0.780001
      vertex 17.5977 6.40563 0.780001
    endloop
  endfacet
  facet normal -0 0 1
    outer loop
      vertex 16.85 12.0847 0.780001
      vertex 17.2137 6.53597 0.780001
      vertex 17.2137 12.264 0.780001
    endloop
  endfacet
  facet normal 0 0 1
    outer loop
      vertex 16.85 12.0847 0.780001
      vertex 16.85 6.71532 0.780001
      vertex 17.2137 6.53597 0.780001
    endloop
  endfacet
  facet normal -0 0 1
    outer loop
      vertex 16.5128 11.8594 0.780001
      vertex 16.85 6.71532 0.780001
      vertex 16.85 12.0847 0.780001
    endloop
  endfacet
  facet normal 0 0 1
    outer loop
      vertex 16.5128 11.8594 0.780001
      vertex 16.5128 6.9406 0.780001
      vertex 16.85 6.71532 0.780001
    endloop
  endfacet
  facet normal -0 0 1
    outer loop
      vertex 16.208 11.592 0.780001
      vertex 16.5128 6.9406 0.780001
      vertex 16.5128 11.8594 0.780001
    endloop
  endfacet
  facet normal 0 0 1
    outer loop
      vertex 16.208 11.592 0.780001
      vertex 16.208 7.20797 0.780001
      vertex 16.5128 6.9406 0.780001
    endloop
  endfacet
  facet normal -0 0 1
    outer loop
      vertex 15.9406 11.2872 0.780001
      vertex 16.208 7.20797 0.780001
      vertex 16.208 11.592 0.780001
    endloop
  endfacet
  facet normal 0 0 1
    outer loop
      vertex 15.9406 11.2872 0.780001
      vertex 15.9406 7.51284 0.780001
      vertex 16.208 7.20797 0.780001
    endloop
  endfacet
  facet normal -0 0 1
    outer loop
      vertex 15.7153 10.95 0.780001
      vertex 15.9406 7.51284 0.780001
      vertex 15.9406 11.2872 0.780001
    endloop
  endfacet
  facet normal 0 0 1
    outer loop
      vertex 15.7153 10.95 0.780001
      vertex 15.7153 7.85 0.780001
      vertex 15.9406 7.51284 0.780001
    endloop
  endfacet
  facet normal -0 0 1
    outer loop
      vertex 15.536 10.5863 0.780001
      vertex 15.7153 7.85 0.780001
      vertex 15.7153 10.95 0.780001
    endloop
  endfacet
  facet normal 0 0 1
    outer loop
      vertex 15.536 10.5863 0.780001
      vertex 15.536 8.21368 0.780001
      vertex 15.7153 7.85 0.780001
    endloop
  endfacet
  facet normal -0 0 1
    outer loop
      vertex 15.4056 10.2023 0.780001
      vertex 15.536 8.21368 0.780001
      vertex 15.536 10.5863 0.780001
    endloop
  endfacet
  facet normal 0 0 1
    outer loop
      vertex 15.4056 10.2023 0.780001
      vertex 15.4056 8.59766 0.780001
      vertex 15.536 8.21368 0.780001
    endloop
  endfacet
  facet normal -0 0 1
    outer loop
      vertex 15.3265 9.80463 0.780001
      vertex 15.4056 8.59766 0.780001
      vertex 15.4056 10.2023 0.780001
    endloop
  endfacet
  facet normal 0 0 1
    outer loop
      vertex 15.3265 9.80463 0.780001
      vertex 15.3265 8.99537 0.780001
      vertex 15.4056 8.59766 0.780001
    endloop
  endfacet
  facet normal 0 -0 1
    outer loop
      vertex 15.3265 8.99537 0.780001
      vertex 15.3265 9.80463 0.780001
      vertex 15.3 9.4 0.780001
    endloop
  endfacet
  facet normal -0.751721 -0.659482 0
    outer loop
      vertex 20.8594 11.2872 0.780001
      vertex 20.592 11.592 4
      vertex 20.592 11.592 0.780001
    endloop
  endfacet
  facet normal -0.751721 -0.659482 0
    outer loop
      vertex 20.592 11.592 4
      vertex 20.8594 11.2872 0.780001
      vertex 20.8594 11.2872 4
    endloop
  endfacet
  facet normal 0.442275 0.89688 -0
    outer loop
      vertex 17.2137 6.53597 0.780001
      vertex 16.85 6.71532 4
      vertex 17.2137 6.53597 4
    endloop
  endfacet
  facet normal 0.442275 0.89688 0
    outer loop
      vertex 16.85 6.71532 4
      vertex 17.2137 6.53597 0.780001
      vertex 16.85 6.71532 0.780001
    endloop
  endfacet
  facet normal -0.195096 0.980784 0
    outer loop
      vertex 19.2023 6.40563 0.780001
      vertex 18.8046 6.32652 4
      vertex 19.2023 6.40563 4
    endloop
  endfacet
  facet normal -0.195096 0.980784 0
    outer loop
      vertex 18.8046 6.32652 4
      vertex 19.2023 6.40563 0.780001
      vertex 18.8046 6.32652 0.780001
    endloop
  endfacet
  facet normal 0.321416 0.946938 -0
    outer loop
      vertex 17.5977 6.40563 0.780001
      vertex 17.2137 6.53597 4
      vertex 17.5977 6.40563 4
    endloop
  endfacet
  facet normal 0.321416 0.946938 0
    outer loop
      vertex 17.2137 6.53597 4
      vertex 17.5977 6.40563 0.780001
      vertex 17.2137 6.53597 0.780001
    endloop
  endfacet
  facet normal -0.65944 0.751757 0
    outer loop
      vertex 20.592 7.20797 0.780001
      vertex 20.2872 6.9406 4
      vertex 20.592 7.20797 4
    endloop
  endfacet
  facet normal -0.65944 0.751757 0
    outer loop
      vertex 20.2872 6.9406 4
      vertex 20.592 7.20797 0.780001
      vertex 20.2872 6.9406 0.780001
    endloop
  endfacet
  facet normal 0.555519 0.831504 -0
    outer loop
      vertex 16.85 6.71532 0.780001
      vertex 16.5128 6.9406 4
      vertex 16.85 6.71532 4
    endloop
  endfacet
  facet normal 0.555519 0.831504 0
    outer loop
      vertex 16.5128 6.9406 4
      vertex 16.85 6.71532 0.780001
      vertex 16.5128 6.9406 0.780001
    endloop
  endfacet
  facet normal 0.946888 0.321564 0
    outer loop
      vertex 15.536 8.21368 4
      vertex 15.4056 8.59766 0.780001
      vertex 15.4056 8.59766 4
    endloop
  endfacet
  facet normal 0.946888 0.321564 0
    outer loop
      vertex 15.4056 8.59766 0.780001
      vertex 15.536 8.21368 4
      vertex 15.536 8.21368 0.780001
    endloop
  endfacet
  facet normal -0.555519 0.831504 0
    outer loop
      vertex 20.2872 6.9406 0.780001
      vertex 19.95 6.71532 4
      vertex 20.2872 6.9406 4
    endloop
  endfacet
  facet normal -0.555519 0.831504 0
    outer loop
      vertex 19.95 6.71532 4
      vertex 20.2872 6.9406 0.780001
      vertex 19.95 6.71532 0.780001
    endloop
  endfacet
  facet normal 0.980786 -0.195087 0
    outer loop
      vertex 15.3265 9.80463 4
      vertex 15.4056 10.2023 0.780001
      vertex 15.4056 10.2023 4
    endloop
  endfacet
  facet normal 0.980786 -0.195087 0
    outer loop
      vertex 15.4056 10.2023 0.780001
      vertex 15.3265 9.80463 4
      vertex 15.3265 9.80463 0.780001
    endloop
  endfacet
  facet normal 0.98079 0.195068 0
    outer loop
      vertex 15.4056 8.59766 4
      vertex 15.3265 8.99537 0.780001
      vertex 15.3265 8.99537 4
    endloop
  endfacet
  facet normal 0.98079 0.195068 0
    outer loop
      vertex 15.3265 8.99537 0.780001
      vertex 15.4056 8.59766 4
      vertex 15.4056 8.59766 0.780001
    endloop
  endfacet
  facet normal -0.0653568 -0.997862 0
    outer loop
      vertex 18.4 12.5 0.780001
      vertex 18.8046 12.4735 4
      vertex 18.4 12.5 4
    endloop
  endfacet
  facet normal -0.0653568 -0.997862 -0
    outer loop
      vertex 18.8046 12.4735 4
      vertex 18.4 12.5 0.780001
      vertex 18.8046 12.4735 0.780001
    endloop
  endfacet
  facet normal 0.997862 0.0653519 0
    outer loop
      vertex 15.3265 8.99537 4
      vertex 15.3 9.4 0.780001
      vertex 15.3 9.4 4
    endloop
  endfacet
  facet normal 0.997862 0.0653519 0
    outer loop
      vertex 15.3 9.4 0.780001
      vertex 15.3265 8.99537 4
      vertex 15.3265 8.99537 0.780001
    endloop
  endfacet
  facet normal 0.831481 -0.555553 0
    outer loop
      vertex 15.7153 10.95 4
      vertex 15.9406 11.2872 0.780001
      vertex 15.9406 11.2872 4
    endloop
  endfacet
  facet normal 0.831481 -0.555553 0
    outer loop
      vertex 15.9406 11.2872 0.780001
      vertex 15.7153 10.95 4
      vertex 15.7153 10.95 0.780001
    endloop
  endfacet
  facet normal 0.0653568 -0.997862 0
    outer loop
      vertex 17.9954 12.4735 0.780001
      vertex 18.4 12.5 4
      vertex 17.9954 12.4735 4
    endloop
  endfacet
  facet normal 0.0653568 -0.997862 0
    outer loop
      vertex 18.4 12.5 4
      vertex 17.9954 12.4735 0.780001
      vertex 18.4 12.5 0.780001
    endloop
  endfacet
  facet normal 0.83145 0.555599 0
    outer loop
      vertex 15.9406 7.51284 4
      vertex 15.7153 7.85 0.780001
      vertex 15.7153 7.85 4
    endloop
  endfacet
  facet normal 0.83145 0.555599 0
    outer loop
      vertex 15.7153 7.85 0.780001
      vertex 15.9406 7.51284 4
      vertex 15.9406 7.51284 0.780001
    endloop
  endfacet
  facet normal 0.0654059 0.997859 -0
    outer loop
      vertex 18.4 6.3 0.780001
      vertex 17.9954 6.32652 4
      vertex 18.4 6.3 4
    endloop
  endfacet
  facet normal 0.0654059 0.997859 0
    outer loop
      vertex 17.9954 6.32652 4
      vertex 18.4 6.3 0.780001
      vertex 17.9954 6.32652 0.780001
    endloop
  endfacet
  facet normal -0.659482 0.751721 0
    outer loop
      vertex 20.592 28.008 0.780001
      vertex 20.2872 27.7406 4
      vertex 20.592 28.008 4
    endloop
  endfacet
  facet normal -0.659482 0.751721 0
    outer loop
      vertex 20.2872 27.7406 4
      vertex 20.592 28.008 0.780001
      vertex 20.2872 27.7406 0.780001
    endloop
  endfacet
  facet normal -0.980789 -0.195073 0
    outer loop
      vertex 21.4735 30.6046 0.780001
      vertex 21.3944 31.0023 4
      vertex 21.3944 31.0023 0.780001
    endloop
  endfacet
  facet normal -0.980789 -0.195073 0
    outer loop
      vertex 21.3944 31.0023 4
      vertex 21.4735 30.6046 0.780001
      vertex 21.4735 30.6046 4
    endloop
  endfacet
  facet normal -0.997862 -0.0653568 0
    outer loop
      vertex 21.5 30.2 0.780001
      vertex 21.4735 30.6046 4
      vertex 21.4735 30.6046 0.780001
    endloop
  endfacet
  facet normal -0.997862 -0.0653568 0
    outer loop
      vertex 21.4735 30.6046 4
      vertex 21.5 30.2 0.780001
      vertex 21.5 30.2 4
    endloop
  endfacet
  facet normal -0.946893 -0.321549 0
    outer loop
      vertex 21.3944 31.0023 0.780001
      vertex 21.264 31.3863 4
      vertex 21.264 31.3863 0.780001
    endloop
  endfacet
  facet normal -0.946893 -0.321549 0
    outer loop
      vertex 21.264 31.3863 4
      vertex 21.3944 31.0023 0.780001
      vertex 21.3944 31.0023 4
    endloop
  endfacet
  facet normal -0.831481 -0.555553 0
    outer loop
      vertex 21.0847 31.75 0.780001
      vertex 20.8594 32.0872 4
      vertex 20.8594 32.0872 0.780001
    endloop
  endfacet
  facet normal -0.831481 -0.555553 0
    outer loop
      vertex 20.8594 32.0872 4
      vertex 21.0847 31.75 0.780001
      vertex 21.0847 31.75 4
    endloop
  endfacet
  facet normal -0.896928 0.442176 0
    outer loop
      vertex 21.0847 28.65 0.780001
      vertex 21.264 29.0137 4
      vertex 21.264 29.0137 0.780001
    endloop
  endfacet
  facet normal -0.896928 0.442176 0
    outer loop
      vertex 21.264 29.0137 4
      vertex 21.0847 28.65 0.780001
      vertex 21.0847 28.65 4
    endloop
  endfacet
  facet normal -0.321549 -0.946893 0
    outer loop
      vertex 19.2023 33.1944 0.780001
      vertex 19.5863 33.064 4
      vertex 19.2023 33.1944 4
    endloop
  endfacet
  facet normal -0.321549 -0.946893 -0
    outer loop
      vertex 19.5863 33.064 4
      vertex 19.2023 33.1944 0.780001
      vertex 19.5863 33.064 0.780001
    endloop
  endfacet
  facet normal -0.0653568 0.997862 0
    outer loop
      vertex 18.8046 27.1265 0.780001
      vertex 18.4 27.1 4
      vertex 18.8046 27.1265 4
    endloop
  endfacet
  facet normal -0.0653568 0.997862 0
    outer loop
      vertex 18.4 27.1 4
      vertex 18.8046 27.1265 0.780001
      vertex 18.4 27.1 0.780001
    endloop
  endfacet
  facet normal -0.997862 0.0653568 0
    outer loop
      vertex 21.4735 29.7954 0.780001
      vertex 21.5 30.2 4
      vertex 21.5 30.2 0.780001
    endloop
  endfacet
  facet normal -0.997862 0.0653568 0
    outer loop
      vertex 21.5 30.2 4
      vertex 21.4735 29.7954 0.780001
      vertex 21.4735 29.7954 4
    endloop
  endfacet
  facet normal 0.555553 -0.831481 0
    outer loop
      vertex 16.5128 32.6594 0.780001
      vertex 16.85 32.8847 4
      vertex 16.5128 32.6594 4
    endloop
  endfacet
  facet normal 0.555553 -0.831481 0
    outer loop
      vertex 16.85 32.8847 4
      vertex 16.5128 32.6594 0.780001
      vertex 16.85 32.8847 0.780001
    endloop
  endfacet
  facet normal -0.896928 -0.442176 0
    outer loop
      vertex 21.264 31.3863 0.780001
      vertex 21.0847 31.75 4
      vertex 21.0847 31.75 0.780001
    endloop
  endfacet
  facet normal -0.896928 -0.442176 0
    outer loop
      vertex 21.0847 31.75 4
      vertex 21.264 31.3863 0.780001
      vertex 21.264 31.3863 4
    endloop
  endfacet
  facet normal 0.195073 -0.980789 0
    outer loop
      vertex 17.5977 33.1944 0.780001
      vertex 17.9954 33.2735 4
      vertex 17.5977 33.1944 4
    endloop
  endfacet
  facet normal 0.195073 -0.980789 0
    outer loop
      vertex 17.9954 33.2735 4
      vertex 17.5977 33.1944 0.780001
      vertex 17.9954 33.2735 0.780001
    endloop
  endfacet
  facet normal -0.0653568 -0.997862 0
    outer loop
      vertex 18.4 33.3 0.780001
      vertex 18.8046 33.2735 4
      vertex 18.4 33.3 4
    endloop
  endfacet
  facet normal -0.0653568 -0.997862 -0
    outer loop
      vertex 18.8046 33.2735 4
      vertex 18.4 33.3 0.780001
      vertex 18.8046 33.2735 0.780001
    endloop
  endfacet
  facet normal 0.896928 0.442176 0
    outer loop
      vertex 15.7153 28.65 4
      vertex 15.536 29.0137 0.780001
      vertex 15.536 29.0137 4
    endloop
  endfacet
  facet normal 0.896928 0.442176 0
    outer loop
      vertex 15.536 29.0137 0.780001
      vertex 15.7153 28.65 4
      vertex 15.7153 28.65 0.780001
    endloop
  endfacet
  facet normal -0.442176 0.896928 0
    outer loop
      vertex 19.95 27.5153 0.780001
      vertex 19.5863 27.336 4
      vertex 19.95 27.5153 4
    endloop
  endfacet
  facet normal -0.442176 0.896928 0
    outer loop
      vertex 19.5863 27.336 4
      vertex 19.95 27.5153 0.780001
      vertex 19.5863 27.336 0.780001
    endloop
  endfacet
  facet normal 0.659482 0.751721 -0
    outer loop
      vertex 16.5128 27.7406 0.780001
      vertex 16.208 28.008 4
      vertex 16.5128 27.7406 4
    endloop
  endfacet
  facet normal 0.659482 0.751721 0
    outer loop
      vertex 16.208 28.008 4
      vertex 16.5128 27.7406 0.780001
      vertex 16.208 28.008 0.780001
    endloop
  endfacet
  facet normal 0.659482 -0.751721 0
    outer loop
      vertex 16.208 32.392 0.780001
      vertex 16.5128 32.6594 4
      vertex 16.208 32.392 4
    endloop
  endfacet
  facet normal 0.659482 -0.751721 0
    outer loop
      vertex 16.5128 32.6594 4
      vertex 16.208 32.392 0.780001
      vertex 16.5128 32.6594 0.780001
    endloop
  endfacet
  facet normal 0.321549 0.946893 -0
    outer loop
      vertex 17.5977 27.2056 0.780001
      vertex 17.2137 27.336 4
      vertex 17.5977 27.2056 4
    endloop
  endfacet
  facet normal 0.321549 0.946893 0
    outer loop
      vertex 17.2137 27.336 4
      vertex 17.5977 27.2056 0.780001
      vertex 17.2137 27.336 0.780001
    endloop
  endfacet
  facet normal -0.831481 0.555553 0
    outer loop
      vertex 20.8594 28.3128 0.780001
      vertex 21.0847 28.65 4
      vertex 21.0847 28.65 0.780001
    endloop
  endfacet
  facet normal -0.831481 0.555553 0
    outer loop
      vertex 21.0847 28.65 4
      vertex 20.8594 28.3128 0.780001
      vertex 20.8594 28.3128 4
    endloop
  endfacet
  facet normal -0.195073 0.980789 0
    outer loop
      vertex 19.2023 27.2056 0.780001
      vertex 18.8046 27.1265 4
      vertex 19.2023 27.2056 4
    endloop
  endfacet
  facet normal -0.195073 0.980789 0
    outer loop
      vertex 18.8046 27.1265 4
      vertex 19.2023 27.2056 0.780001
      vertex 18.8046 27.1265 0.780001
    endloop
  endfacet
  facet normal 0.321549 -0.946893 0
    outer loop
      vertex 17.2137 33.064 0.780001
      vertex 17.5977 33.1944 4
      vertex 17.2137 33.064 4
    endloop
  endfacet
  facet normal 0.321549 -0.946893 0
    outer loop
      vertex 17.5977 33.1944 4
      vertex 17.2137 33.064 0.780001
      vertex 17.5977 33.1944 0.780001
    endloop
  endfacet
  facet normal -0.555553 -0.831481 0
    outer loop
      vertex 19.95 32.8847 0.780001
      vertex 20.2872 32.6594 4
      vertex 19.95 32.8847 4
    endloop
  endfacet
  facet normal -0.555553 -0.831481 -0
    outer loop
      vertex 20.2872 32.6594 4
      vertex 19.95 32.8847 0.780001
      vertex 20.2872 32.6594 0.780001
    endloop
  endfacet
  facet normal 0.831481 -0.555553 0
    outer loop
      vertex 15.7153 31.75 4
      vertex 15.9406 32.0872 0.780001
      vertex 15.9406 32.0872 4
    endloop
  endfacet
  facet normal 0.831481 -0.555553 0
    outer loop
      vertex 15.9406 32.0872 0.780001
      vertex 15.7153 31.75 4
      vertex 15.7153 31.75 0.780001
    endloop
  endfacet
  facet normal -0.946893 0.321549 0
    outer loop
      vertex 21.264 29.0137 0.780001
      vertex 21.3944 29.3977 4
      vertex 21.3944 29.3977 0.780001
    endloop
  endfacet
  facet normal -0.946893 0.321549 0
    outer loop
      vertex 21.3944 29.3977 4
      vertex 21.264 29.0137 0.780001
      vertex 21.264 29.0137 4
    endloop
  endfacet
  facet normal -0.751721 -0.659482 0
    outer loop
      vertex 20.8594 32.0872 0.780001
      vertex 20.592 32.392 4
      vertex 20.592 32.392 0.780001
    endloop
  endfacet
  facet normal -0.751721 -0.659482 0
    outer loop
      vertex 20.592 32.392 4
      vertex 20.8594 32.0872 0.780001
      vertex 20.8594 32.0872 4
    endloop
  endfacet
  facet normal 0.980789 0.195073 0
    outer loop
      vertex 15.4056 29.3977 4
      vertex 15.3265 29.7954 0.780001
      vertex 15.3265 29.7954 4
    endloop
  endfacet
  facet normal 0.980789 0.195073 0
    outer loop
      vertex 15.3265 29.7954 0.780001
      vertex 15.4056 29.3977 4
      vertex 15.4056 29.3977 0.780001
    endloop
  endfacet
  facet normal -0.442176 -0.896928 0
    outer loop
      vertex 19.5863 33.064 0.780001
      vertex 19.95 32.8847 4
      vertex 19.5863 33.064 4
    endloop
  endfacet
  facet normal -0.442176 -0.896928 -0
    outer loop
      vertex 19.95 32.8847 4
      vertex 19.5863 33.064 0.780001
      vertex 19.95 32.8847 0.780001
    endloop
  endfacet
  facet normal -0.659482 -0.751721 0
    outer loop
      vertex 20.2872 32.6594 0.780001
      vertex 20.592 32.392 4
      vertex 20.2872 32.6594 4
    endloop
  endfacet
  facet normal -0.659482 -0.751721 -0
    outer loop
      vertex 20.592 32.392 4
      vertex 20.2872 32.6594 0.780001
      vertex 20.592 32.392 0.780001
    endloop
  endfacet
  facet normal 0.946893 0.321549 0
    outer loop
      vertex 15.536 29.0137 4
      vertex 15.4056 29.3977 0.780001
      vertex 15.4056 29.3977 4
    endloop
  endfacet
  facet normal 0.946893 0.321549 0
    outer loop
      vertex 15.4056 29.3977 0.780001
      vertex 15.536 29.0137 4
      vertex 15.536 29.0137 0.780001
    endloop
  endfacet
  facet normal 0.442176 -0.896928 0
    outer loop
      vertex 16.85 32.8847 0.780001
      vertex 17.2137 33.064 4
      vertex 16.85 32.8847 4
    endloop
  endfacet
  facet normal 0.442176 -0.896928 0
    outer loop
      vertex 17.2137 33.064 4
      vertex 16.85 32.8847 0.780001
      vertex 17.2137 33.064 0.780001
    endloop
  endfacet
  facet normal 0.555553 0.831481 -0
    outer loop
      vertex 16.85 27.5153 0.780001
      vertex 16.5128 27.7406 4
      vertex 16.85 27.5153 4
    endloop
  endfacet
  facet normal 0.555553 0.831481 0
    outer loop
      vertex 16.5128 27.7406 4
      vertex 16.85 27.5153 0.780001
      vertex 16.5128 27.7406 0.780001
    endloop
  endfacet
  facet normal -0.321549 0.946893 0
    outer loop
      vertex 19.5863 27.336 0.780001
      vertex 19.2023 27.2056 4
      vertex 19.5863 27.336 4
    endloop
  endfacet
  facet normal -0.321549 0.946893 0
    outer loop
      vertex 19.2023 27.2056 4
      vertex 19.5863 27.336 0.780001
      vertex 19.2023 27.2056 0.780001
    endloop
  endfacet
  facet normal 0.195073 0.980789 -0
    outer loop
      vertex 17.9954 27.1265 0.780001
      vertex 17.5977 27.2056 4
      vertex 17.9954 27.1265 4
    endloop
  endfacet
  facet normal 0.195073 0.980789 0
    outer loop
      vertex 17.5977 27.2056 4
      vertex 17.9954 27.1265 0.780001
      vertex 17.5977 27.2056 0.780001
    endloop
  endfacet
  facet normal 0.997862 -0.0653568 0
    outer loop
      vertex 15.3 30.2 4
      vertex 15.3265 30.6046 0.780001
      vertex 15.3265 30.6046 4
    endloop
  endfacet
  facet normal 0.997862 -0.0653568 0
    outer loop
      vertex 15.3265 30.6046 0.780001
      vertex 15.3 30.2 4
      vertex 15.3 30.2 0.780001
    endloop
  endfacet
  facet normal 0.442176 0.896928 -0
    outer loop
      vertex 17.2137 27.336 0.780001
      vertex 16.85 27.5153 4
      vertex 17.2137 27.336 4
    endloop
  endfacet
  facet normal 0.442176 0.896928 0
    outer loop
      vertex 16.85 27.5153 4
      vertex 17.2137 27.336 0.780001
      vertex 16.85 27.5153 0.780001
    endloop
  endfacet
  facet normal -0.980789 0.195073 0
    outer loop
      vertex 21.3944 29.3977 0.780001
      vertex 21.4735 29.7954 4
      vertex 21.4735 29.7954 0.780001
    endloop
  endfacet
  facet normal -0.980789 0.195073 0
    outer loop
      vertex 21.4735 29.7954 4
      vertex 21.3944 29.3977 0.780001
      vertex 21.3944 29.3977 4
    endloop
  endfacet
  facet normal 0.946893 -0.321549 0
    outer loop
      vertex 15.4056 31.0023 4
      vertex 15.536 31.3863 0.780001
      vertex 15.536 31.3863 4
    endloop
  endfacet
  facet normal 0.946893 -0.321549 0
    outer loop
      vertex 15.536 31.3863 0.780001
      vertex 15.4056 31.0023 4
      vertex 15.4056 31.0023 0.780001
    endloop
  endfacet
  facet normal -0.195073 -0.980789 0
    outer loop
      vertex 18.8046 33.2735 0.780001
      vertex 19.2023 33.1944 4
      vertex 18.8046 33.2735 4
    endloop
  endfacet
  facet normal -0.195073 -0.980789 -0
    outer loop
      vertex 19.2023 33.1944 4
      vertex 18.8046 33.2735 0.780001
      vertex 19.2023 33.1944 0.780001
    endloop
  endfacet
  facet normal 0.0653568 0.997862 -0
    outer loop
      vertex 18.4 27.1 0.780001
      vertex 17.9954 27.1265 4
      vertex 18.4 27.1 4
    endloop
  endfacet
  facet normal 0.0653568 0.997862 0
    outer loop
      vertex 17.9954 27.1265 4
      vertex 18.4 27.1 0.780001
      vertex 17.9954 27.1265 0.780001
    endloop
  endfacet
  facet normal 0.751721 0.659482 0
    outer loop
      vertex 16.208 28.008 4
      vertex 15.9406 28.3128 0.780001
      vertex 15.9406 28.3128 4
    endloop
  endfacet
  facet normal 0.751721 0.659482 0
    outer loop
      vertex 15.9406 28.3128 0.780001
      vertex 16.208 28.008 4
      vertex 16.208 28.008 0.780001
    endloop
  endfacet
  facet normal 0.751721 -0.659482 0
    outer loop
      vertex 15.9406 32.0872 4
      vertex 16.208 32.392 0.780001
      vertex 16.208 32.392 4
    endloop
  endfacet
  facet normal 0.751721 -0.659482 0
    outer loop
      vertex 16.208 32.392 0.780001
      vertex 15.9406 32.0872 4
      vertex 15.9406 32.0872 0.780001
    endloop
  endfacet
  facet normal 0.896928 -0.442176 0
    outer loop
      vertex 15.536 31.3863 4
      vertex 15.7153 31.75 0.780001
      vertex 15.7153 31.75 4
    endloop
  endfacet
  facet normal 0.896928 -0.442176 0
    outer loop
      vertex 15.7153 31.75 0.780001
      vertex 15.536 31.3863 4
      vertex 15.536 31.3863 0.780001
    endloop
  endfacet
  facet normal 0.0653568 -0.997862 0
    outer loop
      vertex 17.9954 33.2735 0.780001
      vertex 18.4 33.3 4
      vertex 17.9954 33.2735 4
    endloop
  endfacet
  facet normal 0.0653568 -0.997862 0
    outer loop
      vertex 18.4 33.3 4
      vertex 17.9954 33.2735 0.780001
      vertex 18.4 33.3 0.780001
    endloop
  endfacet
  facet normal -0.555553 0.831481 0
    outer loop
      vertex 20.2872 27.7406 0.780001
      vertex 19.95 27.5153 4
      vertex 20.2872 27.7406 4
    endloop
  endfacet
  facet normal -0.555553 0.831481 0
    outer loop
      vertex 19.95 27.5153 4
      vertex 20.2872 27.7406 0.780001
      vertex 19.95 27.5153 0.780001
    endloop
  endfacet
  facet normal 0.980789 -0.195073 0
    outer loop
      vertex 15.3265 30.6046 4
      vertex 15.4056 31.0023 0.780001
      vertex 15.4056 31.0023 4
    endloop
  endfacet
  facet normal 0.980789 -0.195073 0
    outer loop
      vertex 15.4056 31.0023 0.780001
      vertex 15.3265 30.6046 4
      vertex 15.3265 30.6046 0.780001
    endloop
  endfacet
  facet normal -0.751721 0.659482 0
    outer loop
      vertex 20.592 28.008 0.780001
      vertex 20.8594 28.3128 4
      vertex 20.8594 28.3128 0.780001
    endloop
  endfacet
  facet normal -0.751721 0.659482 0
    outer loop
      vertex 20.8594 28.3128 4
      vertex 20.592 28.008 0.780001
      vertex 20.592 28.008 4
    endloop
  endfacet
  facet normal 0 0 1
    outer loop
      vertex 21.4735 30.6046 0.780001
      vertex 21.4735 29.7954 0.780001
      vertex 21.5 30.2 0.780001
    endloop
  endfacet
  facet normal 0 0 1
    outer loop
      vertex 21.3944 31.0023 0.780001
      vertex 21.4735 29.7954 0.780001
      vertex 21.4735 30.6046 0.780001
    endloop
  endfacet
  facet normal 0 0 1
    outer loop
      vertex 21.3944 31.0023 0.780001
      vertex 21.3944 29.3977 0.780001
      vertex 21.4735 29.7954 0.780001
    endloop
  endfacet
  facet normal 0 0 1
    outer loop
      vertex 21.264 31.3863 0.780001
      vertex 21.3944 29.3977 0.780001
      vertex 21.3944 31.0023 0.780001
    endloop
  endfacet
  facet normal 0 0 1
    outer loop
      vertex 21.264 31.3863 0.780001
      vertex 21.264 29.0137 0.780001
      vertex 21.3944 29.3977 0.780001
    endloop
  endfacet
  facet normal 0 0 1
    outer loop
      vertex 21.0847 31.75 0.780001
      vertex 21.264 29.0137 0.780001
      vertex 21.264 31.3863 0.780001
    endloop
  endfacet
  facet normal 0 0 1
    outer loop
      vertex 21.0847 31.75 0.780001
      vertex 21.0847 28.65 0.780001
      vertex 21.264 29.0137 0.780001
    endloop
  endfacet
  facet normal 0 0 1
    outer loop
      vertex 20.8594 32.0872 0.780001
      vertex 21.0847 28.65 0.780001
      vertex 21.0847 31.75 0.780001
    endloop
  endfacet
  facet normal 0 0 1
    outer loop
      vertex 20.8594 32.0872 0.780001
      vertex 20.8594 28.3128 0.780001
      vertex 21.0847 28.65 0.780001
    endloop
  endfacet
  facet normal 0 0 1
    outer loop
      vertex 20.592 32.392 0.780001
      vertex 20.8594 28.3128 0.780001
      vertex 20.8594 32.0872 0.780001
    endloop
  endfacet
  facet normal 0 0 1
    outer loop
      vertex 20.592 32.392 0.780001
      vertex 20.592 28.008 0.780001
      vertex 20.8594 28.3128 0.780001
    endloop
  endfacet
  facet normal 0 0 1
    outer loop
      vertex 20.2872 32.6594 0.780001
      vertex 20.592 28.008 0.780001
      vertex 20.592 32.392 0.780001
    endloop
  endfacet
  facet normal 0 0 1
    outer loop
      vertex 20.2872 32.6594 0.780001
      vertex 20.2872 27.7406 0.780001
      vertex 20.592 28.008 0.780001
    endloop
  endfacet
  facet normal 0 0 1
    outer loop
      vertex 19.95 32.8847 0.780001
      vertex 20.2872 27.7406 0.780001
      vertex 20.2872 32.6594 0.780001
    endloop
  endfacet
  facet normal 0 0 1
    outer loop
      vertex 19.95 32.8847 0.780001
      vertex 19.95 27.5153 0.780001
      vertex 20.2872 27.7406 0.780001
    endloop
  endfacet
  facet normal 0 0 1
    outer loop
      vertex 19.5863 33.064 0.780001
      vertex 19.95 27.5153 0.780001
      vertex 19.95 32.8847 0.780001
    endloop
  endfacet
  facet normal 0 0 1
    outer loop
      vertex 19.5863 33.064 0.780001
      vertex 19.5863 27.336 0.780001
      vertex 19.95 27.5153 0.780001
    endloop
  endfacet
  facet normal 0 0 1
    outer loop
      vertex 19.2023 33.1944 0.780001
      vertex 19.5863 27.336 0.780001
      vertex 19.5863 33.064 0.780001
    endloop
  endfacet
  facet normal 0 0 1
    outer loop
      vertex 19.2023 33.1944 0.780001
      vertex 19.2023 27.2056 0.780001
      vertex 19.5863 27.336 0.780001
    endloop
  endfacet
  facet normal 0 0 1
    outer loop
      vertex 18.8046 33.2735 0.780001
      vertex 19.2023 27.2056 0.780001
      vertex 19.2023 33.1944 0.780001
    endloop
  endfacet
  facet normal 0 0 1
    outer loop
      vertex 18.8046 33.2735 0.780001
      vertex 18.8046 27.1265 0.780001
      vertex 19.2023 27.2056 0.780001
    endloop
  endfacet
  facet normal 0 0 1
    outer loop
      vertex 18.4 33.3 0.780001
      vertex 18.8046 27.1265 0.780001
      vertex 18.8046 33.2735 0.780001
    endloop
  endfacet
  facet normal 0 0 1
    outer loop
      vertex 18.4 33.3 0.780001
      vertex 18.4 27.1 0.780001
      vertex 18.8046 27.1265 0.780001
    endloop
  endfacet
  facet normal -0 0 1
    outer loop
      vertex 17.9954 33.2735 0.780001
      vertex 18.4 27.1 0.780001
      vertex 18.4 33.3 0.780001
    endloop
  endfacet
  facet normal 0 0 1
    outer loop
      vertex 17.9954 33.2735 0.780001
      vertex 17.9954 27.1265 0.780001
      vertex 18.4 27.1 0.780001
    endloop
  endfacet
  facet normal -0 0 1
    outer loop
      vertex 17.5977 33.1944 0.780001
      vertex 17.9954 27.1265 0.780001
      vertex 17.9954 33.2735 0.780001
    endloop
  endfacet
  facet normal 0 0 1
    outer loop
      vertex 17.5977 33.1944 0.780001
      vertex 17.5977 27.2056 0.780001
      vertex 17.9954 27.1265 0.780001
    endloop
  endfacet
  facet normal -0 0 1
    outer loop
      vertex 17.2137 33.064 0.780001
      vertex 17.5977 27.2056 0.780001
      vertex 17.5977 33.1944 0.780001
    endloop
  endfacet
  facet normal 0 0 1
    outer loop
      vertex 17.2137 33.064 0.780001
      vertex 17.2137 27.336 0.780001
      vertex 17.5977 27.2056 0.780001
    endloop
  endfacet
  facet normal -0 0 1
    outer loop
      vertex 16.85 32.8847 0.780001
      vertex 17.2137 27.336 0.780001
      vertex 17.2137 33.064 0.780001
    endloop
  endfacet
  facet normal 0 0 1
    outer loop
      vertex 16.85 32.8847 0.780001
      vertex 16.85 27.5153 0.780001
      vertex 17.2137 27.336 0.780001
    endloop
  endfacet
  facet normal -0 0 1
    outer loop
      vertex 16.5128 32.6594 0.780001
      vertex 16.85 27.5153 0.780001
      vertex 16.85 32.8847 0.780001
    endloop
  endfacet
  facet normal 0 0 1
    outer loop
      vertex 16.5128 32.6594 0.780001
      vertex 16.5128 27.7406 0.780001
      vertex 16.85 27.5153 0.780001
    endloop
  endfacet
  facet normal -0 0 1
    outer loop
      vertex 16.208 32.392 0.780001
      vertex 16.5128 27.7406 0.780001
      vertex 16.5128 32.6594 0.780001
    endloop
  endfacet
  facet normal 0 0 1
    outer loop
      vertex 16.208 32.392 0.780001
      vertex 16.208 28.008 0.780001
      vertex 16.5128 27.7406 0.780001
    endloop
  endfacet
  facet normal -0 0 1
    outer loop
      vertex 15.9406 32.0872 0.780001
      vertex 16.208 28.008 0.780001
      vertex 16.208 32.392 0.780001
    endloop
  endfacet
  facet normal 0 0 1
    outer loop
      vertex 15.9406 32.0872 0.780001
      vertex 15.9406 28.3128 0.780001
      vertex 16.208 28.008 0.780001
    endloop
  endfacet
  facet normal -0 0 1
    outer loop
      vertex 15.7153 31.75 0.780001
      vertex 15.9406 28.3128 0.780001
      vertex 15.9406 32.0872 0.780001
    endloop
  endfacet
  facet normal 0 0 1
    outer loop
      vertex 15.7153 31.75 0.780001
      vertex 15.7153 28.65 0.780001
      vertex 15.9406 28.3128 0.780001
    endloop
  endfacet
  facet normal -0 0 1
    outer loop
      vertex 15.536 31.3863 0.780001
      vertex 15.7153 28.65 0.780001
      vertex 15.7153 31.75 0.780001
    endloop
  endfacet
  facet normal 0 0 1
    outer loop
      vertex 15.536 31.3863 0.780001
      vertex 15.536 29.0137 0.780001
      vertex 15.7153 28.65 0.780001
    endloop
  endfacet
  facet normal -0 0 1
    outer loop
      vertex 15.4056 31.0023 0.780001
      vertex 15.536 29.0137 0.780001
      vertex 15.536 31.3863 0.780001
    endloop
  endfacet
  facet normal 0 0 1
    outer loop
      vertex 15.4056 31.0023 0.780001
      vertex 15.4056 29.3977 0.780001
      vertex 15.536 29.0137 0.780001
    endloop
  endfacet
  facet normal -0 0 1
    outer loop
      vertex 15.3265 30.6046 0.780001
      vertex 15.4056 29.3977 0.780001
      vertex 15.4056 31.0023 0.780001
    endloop
  endfacet
  facet normal 0 0 1
    outer loop
      vertex 15.3265 30.6046 0.780001
      vertex 15.3265 29.7954 0.780001
      vertex 15.4056 29.3977 0.780001
    endloop
  endfacet
  facet normal 0 -0 1
    outer loop
      vertex 15.3265 29.7954 0.780001
      vertex 15.3265 30.6046 0.780001
      vertex 15.3 30.2 0.780001
    endloop
  endfacet
  facet normal 0.997862 0.0653568 0
    outer loop
      vertex 15.3265 29.7954 4
      vertex 15.3 30.2 0.780001
      vertex 15.3 30.2 4
    endloop
  endfacet
  facet normal 0.997862 0.0653568 0
    outer loop
      vertex 15.3 30.2 0.780001
      vertex 15.3265 29.7954 4
      vertex 15.3265 29.7954 0.780001
    endloop
  endfacet
  facet normal 0.831481 0.555553 0
    outer loop
      vertex 15.9406 28.3128 4
      vertex 15.7153 28.65 0.780001
      vertex 15.7153 28.65 4
    endloop
  endfacet
  facet normal 0.831481 0.555553 0
    outer loop
      vertex 15.7153 28.65 0.780001
      vertex 15.9406 28.3128 4
      vertex 15.9406 28.3128 0.780001
    endloop
  endfacet
  facet normal -0.980786 -0.195087 0
    outer loop
      vertex 80.2735 9.80463 0.780001
      vertex 80.1944 10.2023 4
      vertex 80.1944 10.2023 0.780001
    endloop
  endfacet
  facet normal -0.980786 -0.195087 0
    outer loop
      vertex 80.1944 10.2023 4
      vertex 80.2735 9.80463 0.780001
      vertex 80.2735 9.80463 4
    endloop
  endfacet
  facet normal -0.997862 -0.0653519 0
    outer loop
      vertex 80.3 9.4 0.780001
      vertex 80.2735 9.80463 4
      vertex 80.2735 9.80463 0.780001
    endloop
  endfacet
  facet normal -0.997862 -0.0653519 0
    outer loop
      vertex 80.2735 9.80463 4
      vertex 80.3 9.4 0.780001
      vertex 80.3 9.4 4
    endloop
  endfacet
  facet normal -0.946893 -0.321549 0
    outer loop
      vertex 80.1944 10.2023 0.780001
      vertex 80.064 10.5863 4
      vertex 80.064 10.5863 0.780001
    endloop
  endfacet
  facet normal -0.946893 -0.321549 0
    outer loop
      vertex 80.064 10.5863 4
      vertex 80.1944 10.2023 0.780001
      vertex 80.1944 10.2023 4
    endloop
  endfacet
  facet normal -0.98079 0.195068 0
    outer loop
      vertex 80.1944 8.59766 0.780001
      vertex 80.2735 8.99537 4
      vertex 80.2735 8.99537 0.780001
    endloop
  endfacet
  facet normal -0.98079 0.195068 0
    outer loop
      vertex 80.2735 8.99537 4
      vertex 80.1944 8.59766 0.780001
      vertex 80.1944 8.59766 4
    endloop
  endfacet
  facet normal -0.321416 0.946938 0
    outer loop
      vertex 78.3863 6.53597 0.780001
      vertex 78.0023 6.40563 4
      vertex 78.3863 6.53597 4
    endloop
  endfacet
  facet normal -0.321416 0.946938 0
    outer loop
      vertex 78.0023 6.40563 4
      vertex 78.3863 6.53597 0.780001
      vertex 78.0023 6.40563 0.780001
    endloop
  endfacet
  facet normal 0.195096 0.980784 -0
    outer loop
      vertex 76.7954 6.32652 0.780001
      vertex 76.3977 6.40563 4
      vertex 76.7954 6.32652 4
    endloop
  endfacet
  facet normal 0.195096 0.980784 0
    outer loop
      vertex 76.3977 6.40563 4
      vertex 76.7954 6.32652 0.780001
      vertex 76.3977 6.40563 0.780001
    endloop
  endfacet
  facet normal -0.896928 -0.442176 0
    outer loop
      vertex 80.064 10.5863 0.780001
      vertex 79.8847 10.95 4
      vertex 79.8847 10.95 0.780001
    endloop
  endfacet
  facet normal -0.896928 -0.442176 0
    outer loop
      vertex 79.8847 10.95 4
      vertex 80.064 10.5863 0.780001
      vertex 80.064 10.5863 4
    endloop
  endfacet
  facet normal 0.980786 -0.195087 0
    outer loop
      vertex 74.1265 9.80463 4
      vertex 74.2056 10.2023 0.780001
      vertex 74.2056 10.2023 4
    endloop
  endfacet
  facet normal 0.980786 -0.195087 0
    outer loop
      vertex 74.2056 10.2023 0.780001
      vertex 74.1265 9.80463 4
      vertex 74.1265 9.80463 0.780001
    endloop
  endfacet
  facet normal 0 0 1
    outer loop
      vertex 80.2735 9.80463 0.780001
      vertex 80.2735 8.99537 0.780001
      vertex 80.3 9.4 0.780001
    endloop
  endfacet
  facet normal 0 0 1
    outer loop
      vertex 80.1944 10.2023 0.780001
      vertex 80.2735 8.99537 0.780001
      vertex 80.2735 9.80463 0.780001
    endloop
  endfacet
  facet normal 0 0 1
    outer loop
      vertex 80.1944 10.2023 0.780001
      vertex 80.1944 8.59766 0.780001
      vertex 80.2735 8.99537 0.780001
    endloop
  endfacet
  facet normal 0 0 1
    outer loop
      vertex 80.064 10.5863 0.780001
      vertex 80.1944 8.59766 0.780001
      vertex 80.1944 10.2023 0.780001
    endloop
  endfacet
  facet normal 0 0 1
    outer loop
      vertex 80.064 10.5863 0.780001
      vertex 80.064 8.21368 0.780001
      vertex 80.1944 8.59766 0.780001
    endloop
  endfacet
  facet normal 0 0 1
    outer loop
      vertex 79.8847 10.95 0.780001
      vertex 80.064 8.21368 0.780001
      vertex 80.064 10.5863 0.780001
    endloop
  endfacet
  facet normal 0 0 1
    outer loop
      vertex 79.8847 10.95 0.780001
      vertex 79.8847 7.85 0.780001
      vertex 80.064 8.21368 0.780001
    endloop
  endfacet
  facet normal 0 0 1
    outer loop
      vertex 79.6594 11.2872 0.780001
      vertex 79.8847 7.85 0.780001
      vertex 79.8847 10.95 0.780001
    endloop
  endfacet
  facet normal 0 0 1
    outer loop
      vertex 79.6594 11.2872 0.780001
      vertex 79.6594 7.51284 0.780001
      vertex 79.8847 7.85 0.780001
    endloop
  endfacet
  facet normal 0 0 1
    outer loop
      vertex 79.392 11.592 0.780001
      vertex 79.6594 7.51284 0.780001
      vertex 79.6594 11.2872 0.780001
    endloop
  endfacet
  facet normal 0 0 1
    outer loop
      vertex 79.392 11.592 0.780001
      vertex 79.392 7.20797 0.780001
      vertex 79.6594 7.51284 0.780001
    endloop
  endfacet
  facet normal 0 0 1
    outer loop
      vertex 79.0872 11.8594 0.780001
      vertex 79.392 7.20797 0.780001
      vertex 79.392 11.592 0.780001
    endloop
  endfacet
  facet normal 0 0 1
    outer loop
      vertex 79.0872 11.8594 0.780001
      vertex 79.0872 6.9406 0.780001
      vertex 79.392 7.20797 0.780001
    endloop
  endfacet
  facet normal 0 0 1
    outer loop
      vertex 78.75 12.0847 0.780001
      vertex 79.0872 6.9406 0.780001
      vertex 79.0872 11.8594 0.780001
    endloop
  endfacet
  facet normal 0 0 1
    outer loop
      vertex 78.75 12.0847 0.780001
      vertex 78.75 6.71532 0.780001
      vertex 79.0872 6.9406 0.780001
    endloop
  endfacet
  facet normal 0 0 1
    outer loop
      vertex 78.3863 12.264 0.780001
      vertex 78.75 6.71532 0.780001
      vertex 78.75 12.0847 0.780001
    endloop
  endfacet
  facet normal 0 0 1
    outer loop
      vertex 78.3863 12.264 0.780001
      vertex 78.3863 6.53597 0.780001
      vertex 78.75 6.71532 0.780001
    endloop
  endfacet
  facet normal 0 0 1
    outer loop
      vertex 78.0023 12.3944 0.780001
      vertex 78.3863 6.53597 0.780001
      vertex 78.3863 12.264 0.780001
    endloop
  endfacet
  facet normal 0 0 1
    outer loop
      vertex 78.0023 12.3944 0.780001
      vertex 78.0023 6.40563 0.780001
      vertex 78.3863 6.53597 0.780001
    endloop
  endfacet
  facet normal 0 0 1
    outer loop
      vertex 77.6046 12.4735 0.780001
      vertex 78.0023 6.40563 0.780001
      vertex 78.0023 12.3944 0.780001
    endloop
  endfacet
  facet normal 0 0 1
    outer loop
      vertex 77.6046 12.4735 0.780001
      vertex 77.6046 6.32652 0.780001
      vertex 78.0023 6.40563 0.780001
    endloop
  endfacet
  facet normal 0 0 1
    outer loop
      vertex 77.2 12.5 0.780001
      vertex 77.6046 6.32652 0.780001
      vertex 77.6046 12.4735 0.780001
    endloop
  endfacet
  facet normal 0 0 1
    outer loop
      vertex 77.2 12.5 0.780001
      vertex 77.2 6.3 0.780001
      vertex 77.6046 6.32652 0.780001
    endloop
  endfacet
  facet normal -0 0 1
    outer loop
      vertex 76.7954 12.4735 0.780001
      vertex 77.2 6.3 0.780001
      vertex 77.2 12.5 0.780001
    endloop
  endfacet
  facet normal 0 0 1
    outer loop
      vertex 76.7954 12.4735 0.780001
      vertex 76.7954 6.32652 0.780001
      vertex 77.2 6.3 0.780001
    endloop
  endfacet
  facet normal -0 0 1
    outer loop
      vertex 76.3977 12.3944 0.780001
      vertex 76.7954 6.32652 0.780001
      vertex 76.7954 12.4735 0.780001
    endloop
  endfacet
  facet normal 0 0 1
    outer loop
      vertex 76.3977 12.3944 0.780001
      vertex 76.3977 6.40563 0.780001
      vertex 76.7954 6.32652 0.780001
    endloop
  endfacet
  facet normal -0 0 1
    outer loop
      vertex 76.0137 12.264 0.780001
      vertex 76.3977 6.40563 0.780001
      vertex 76.3977 12.3944 0.780001
    endloop
  endfacet
  facet normal 0 0 1
    outer loop
      vertex 76.0137 12.264 0.780001
      vertex 76.0137 6.53597 0.780001
      vertex 76.3977 6.40563 0.780001
    endloop
  endfacet
  facet normal -0 0 1
    outer loop
      vertex 75.65 12.0847 0.780001
      vertex 76.0137 6.53597 0.780001
      vertex 76.0137 12.264 0.780001
    endloop
  endfacet
  facet normal 0 0 1
    outer loop
      vertex 75.65 12.0847 0.780001
      vertex 75.65 6.71532 0.780001
      vertex 76.0137 6.53597 0.780001
    endloop
  endfacet
  facet normal -0 0 1
    outer loop
      vertex 75.3128 11.8594 0.780001
      vertex 75.65 6.71532 0.780001
      vertex 75.65 12.0847 0.780001
    endloop
  endfacet
  facet normal 0 0 1
    outer loop
      vertex 75.3128 11.8594 0.780001
      vertex 75.3128 6.9406 0.780001
      vertex 75.65 6.71532 0.780001
    endloop
  endfacet
  facet normal -0 0 1
    outer loop
      vertex 75.008 11.592 0.780001
      vertex 75.3128 6.9406 0.780001
      vertex 75.3128 11.8594 0.780001
    endloop
  endfacet
  facet normal 0 0 1
    outer loop
      vertex 75.008 11.592 0.780001
      vertex 75.008 7.20797 0.780001
      vertex 75.3128 6.9406 0.780001
    endloop
  endfacet
  facet normal -0 0 1
    outer loop
      vertex 74.7406 11.2872 0.780001
      vertex 75.008 7.20797 0.780001
      vertex 75.008 11.592 0.780001
    endloop
  endfacet
  facet normal 0 0 1
    outer loop
      vertex 74.7406 11.2872 0.780001
      vertex 74.7406 7.51284 0.780001
      vertex 75.008 7.20797 0.780001
    endloop
  endfacet
  facet normal -0 0 1
    outer loop
      vertex 74.5153 10.95 0.780001
      vertex 74.7406 7.51284 0.780001
      vertex 74.7406 11.2872 0.780001
    endloop
  endfacet
  facet normal 0 0 1
    outer loop
      vertex 74.5153 10.95 0.780001
      vertex 74.5153 7.85 0.780001
      vertex 74.7406 7.51284 0.780001
    endloop
  endfacet
  facet normal -0 0 1
    outer loop
      vertex 74.336 10.5863 0.780001
      vertex 74.5153 7.85 0.780001
      vertex 74.5153 10.95 0.780001
    endloop
  endfacet
  facet normal 0 0 1
    outer loop
      vertex 74.336 10.5863 0.780001
      vertex 74.336 8.21368 0.780001
      vertex 74.5153 7.85 0.780001
    endloop
  endfacet
  facet normal -0 0 1
    outer loop
      vertex 74.2056 10.2023 0.780001
      vertex 74.336 8.21368 0.780001
      vertex 74.336 10.5863 0.780001
    endloop
  endfacet
  facet normal 0 0 1
    outer loop
      vertex 74.2056 10.2023 0.780001
      vertex 74.2056 8.59766 0.780001
      vertex 74.336 8.21368 0.780001
    endloop
  endfacet
  facet normal -0 0 1
    outer loop
      vertex 74.1265 9.80463 0.780001
      vertex 74.2056 8.59766 0.780001
      vertex 74.2056 10.2023 0.780001
    endloop
  endfacet
  facet normal 0 0 1
    outer loop
      vertex 74.1265 9.80463 0.780001
      vertex 74.1265 8.99537 0.780001
      vertex 74.2056 8.59766 0.780001
    endloop
  endfacet
  facet normal 0 -0 1
    outer loop
      vertex 74.1265 8.99537 0.780001
      vertex 74.1265 9.80463 0.780001
      vertex 74.1 9.4 0.780001
    endloop
  endfacet
  facet normal -0.321549 -0.946893 0
    outer loop
      vertex 78.0023 12.3944 0.780001
      vertex 78.3863 12.264 4
      vertex 78.0023 12.3944 4
    endloop
  endfacet
  facet normal -0.321549 -0.946893 -0
    outer loop
      vertex 78.3863 12.264 4
      vertex 78.0023 12.3944 0.780001
      vertex 78.3863 12.264 0.780001
    endloop
  endfacet
  facet normal 0.896928 -0.442176 0
    outer loop
      vertex 74.336 10.5863 4
      vertex 74.5153 10.95 0.780001
      vertex 74.5153 10.95 4
    endloop
  endfacet
  facet normal 0.896928 -0.442176 0
    outer loop
      vertex 74.5153 10.95 0.780001
      vertex 74.336 10.5863 4
      vertex 74.336 10.5863 0.780001
    endloop
  endfacet
  facet normal -0.442176 -0.896928 0
    outer loop
      vertex 78.3863 12.264 0.780001
      vertex 78.75 12.0847 4
      vertex 78.3863 12.264 4
    endloop
  endfacet
  facet normal -0.442176 -0.896928 -0
    outer loop
      vertex 78.75 12.0847 4
      vertex 78.3863 12.264 0.780001
      vertex 78.75 12.0847 0.780001
    endloop
  endfacet
  facet normal -0.659482 -0.751721 0
    outer loop
      vertex 79.0872 11.8594 0.780001
      vertex 79.392 11.592 4
      vertex 79.0872 11.8594 4
    endloop
  endfacet
  facet normal -0.659482 -0.751721 -0
    outer loop
      vertex 79.392 11.592 4
      vertex 79.0872 11.8594 0.780001
      vertex 79.392 11.592 0.780001
    endloop
  endfacet
  facet normal 0.896919 0.442195 0
    outer loop
      vertex 74.5153 7.85 4
      vertex 74.336 8.21368 0.780001
      vertex 74.336 8.21368 4
    endloop
  endfacet
  facet normal 0.896919 0.442195 0
    outer loop
      vertex 74.336 8.21368 0.780001
      vertex 74.5153 7.85 4
      vertex 74.5153 7.85 0.780001
    endloop
  endfacet
  facet normal 0.997862 0.0653519 0
    outer loop
      vertex 74.1265 8.99537 4
      vertex 74.1 9.4 0.780001
      vertex 74.1 9.4 4
    endloop
  endfacet
  facet normal 0.997862 0.0653519 0
    outer loop
      vertex 74.1 9.4 0.780001
      vertex 74.1265 8.99537 4
      vertex 74.1265 8.99537 0.780001
    endloop
  endfacet
  facet normal 0.321416 0.946938 -0
    outer loop
      vertex 76.3977 6.40563 0.780001
      vertex 76.0137 6.53597 4
      vertex 76.3977 6.40563 4
    endloop
  endfacet
  facet normal 0.321416 0.946938 0
    outer loop
      vertex 76.0137 6.53597 4
      vertex 76.3977 6.40563 0.780001
      vertex 76.0137 6.53597 0.780001
    endloop
  endfacet
  facet normal 0.751721 -0.659482 0
    outer loop
      vertex 74.7406 11.2872 4
      vertex 75.008 11.592 0.780001
      vertex 75.008 11.592 4
    endloop
  endfacet
  facet normal 0.751721 -0.659482 0
    outer loop
      vertex 75.008 11.592 0.780001
      vertex 74.7406 11.2872 4
      vertex 74.7406 11.2872 0.780001
    endloop
  endfacet
  facet normal -0.195096 0.980784 0
    outer loop
      vertex 78.0023 6.40563 0.780001
      vertex 77.6046 6.32652 4
      vertex 78.0023 6.40563 4
    endloop
  endfacet
  facet normal -0.195096 0.980784 0
    outer loop
      vertex 77.6046 6.32652 4
      vertex 78.0023 6.40563 0.780001
      vertex 77.6046 6.32652 0.780001
    endloop
  endfacet
  facet normal 0.442176 -0.896928 0
    outer loop
      vertex 75.65 12.0847 0.780001
      vertex 76.0137 12.264 4
      vertex 75.65 12.0847 4
    endloop
  endfacet
  facet normal 0.442176 -0.896928 0
    outer loop
      vertex 76.0137 12.264 4
      vertex 75.65 12.0847 0.780001
      vertex 76.0137 12.264 0.780001
    endloop
  endfacet
  facet normal -0.0654059 0.997859 0
    outer loop
      vertex 77.6046 6.32652 0.780001
      vertex 77.2 6.3 4
      vertex 77.6046 6.32652 4
    endloop
  endfacet
  facet normal -0.0654059 0.997859 0
    outer loop
      vertex 77.2 6.3 4
      vertex 77.6046 6.32652 0.780001
      vertex 77.2 6.3 0.780001
    endloop
  endfacet
  facet normal -0.442275 0.89688 0
    outer loop
      vertex 78.75 6.71532 0.780001
      vertex 78.3863 6.53597 4
      vertex 78.75 6.71532 4
    endloop
  endfacet
  facet normal -0.442275 0.89688 0
    outer loop
      vertex 78.3863 6.53597 4
      vertex 78.75 6.71532 0.780001
      vertex 78.3863 6.53597 0.780001
    endloop
  endfacet
  facet normal -0.65944 0.751757 0
    outer loop
      vertex 79.392 7.20797 0.780001
      vertex 79.0872 6.9406 4
      vertex 79.392 7.20797 4
    endloop
  endfacet
  facet normal -0.65944 0.751757 0
    outer loop
      vertex 79.0872 6.9406 4
      vertex 79.392 7.20797 0.780001
      vertex 79.0872 6.9406 0.780001
    endloop
  endfacet
  facet normal -0.997862 0.0653519 0
    outer loop
      vertex 80.2735 8.99537 0.780001
      vertex 80.3 9.4 4
      vertex 80.3 9.4 0.780001
    endloop
  endfacet
  facet normal -0.997862 0.0653519 0
    outer loop
      vertex 80.3 9.4 4
      vertex 80.2735 8.99537 0.780001
      vertex 80.2735 8.99537 4
    endloop
  endfacet
  facet normal 0.555519 0.831504 -0
    outer loop
      vertex 75.65 6.71532 0.780001
      vertex 75.3128 6.9406 4
      vertex 75.65 6.71532 4
    endloop
  endfacet
  facet normal 0.555519 0.831504 0
    outer loop
      vertex 75.3128 6.9406 4
      vertex 75.65 6.71532 0.780001
      vertex 75.3128 6.9406 0.780001
    endloop
  endfacet
  facet normal -0.555553 -0.831481 0
    outer loop
      vertex 78.75 12.0847 0.780001
      vertex 79.0872 11.8594 4
      vertex 78.75 12.0847 4
    endloop
  endfacet
  facet normal -0.555553 -0.831481 -0
    outer loop
      vertex 79.0872 11.8594 4
      vertex 78.75 12.0847 0.780001
      vertex 79.0872 11.8594 0.780001
    endloop
  endfacet
  facet normal -0.831481 -0.555553 0
    outer loop
      vertex 79.8847 10.95 0.780001
      vertex 79.6594 11.2872 4
      vertex 79.6594 11.2872 0.780001
    endloop
  endfacet
  facet normal -0.831481 -0.555553 0
    outer loop
      vertex 79.6594 11.2872 4
      vertex 79.8847 10.95 0.780001
      vertex 79.8847 10.95 4
    endloop
  endfacet
  facet normal 0.195073 -0.980789 0
    outer loop
      vertex 76.3977 12.3944 0.780001
      vertex 76.7954 12.4735 4
      vertex 76.3977 12.3944 4
    endloop
  endfacet
  facet normal 0.195073 -0.980789 0
    outer loop
      vertex 76.7954 12.4735 4
      vertex 76.3977 12.3944 0.780001
      vertex 76.7954 12.4735 0.780001
    endloop
  endfacet
  facet normal -0.751796 0.659396 0
    outer loop
      vertex 79.392 7.20797 0.780001
      vertex 79.6594 7.51284 4
      vertex 79.6594 7.51284 0.780001
    endloop
  endfacet
  facet normal -0.751796 0.659396 0
    outer loop
      vertex 79.6594 7.51284 4
      vertex 79.392 7.20797 0.780001
      vertex 79.392 7.20797 4
    endloop
  endfacet
  facet normal 0.321549 -0.946893 0
    outer loop
      vertex 76.0137 12.264 0.780001
      vertex 76.3977 12.3944 4
      vertex 76.0137 12.264 4
    endloop
  endfacet
  facet normal 0.321549 -0.946893 0
    outer loop
      vertex 76.3977 12.3944 4
      vertex 76.0137 12.264 0.780001
      vertex 76.3977 12.3944 0.780001
    endloop
  endfacet
  facet normal 0.555553 -0.831481 0
    outer loop
      vertex 75.3128 11.8594 0.780001
      vertex 75.65 12.0847 4
      vertex 75.3128 11.8594 4
    endloop
  endfacet
  facet normal 0.555553 -0.831481 0
    outer loop
      vertex 75.65 12.0847 4
      vertex 75.3128 11.8594 0.780001
      vertex 75.65 12.0847 0.780001
    endloop
  endfacet
  facet normal 0.0654059 0.997859 -0
    outer loop
      vertex 77.2 6.3 0.780001
      vertex 76.7954 6.32652 4
      vertex 77.2 6.3 4
    endloop
  endfacet
  facet normal 0.0654059 0.997859 0
    outer loop
      vertex 76.7954 6.32652 4
      vertex 77.2 6.3 0.780001
      vertex 76.7954 6.32652 0.780001
    endloop
  endfacet
  facet normal -0.896919 0.442195 0
    outer loop
      vertex 79.8847 7.85 0.780001
      vertex 80.064 8.21368 4
      vertex 80.064 8.21368 0.780001
    endloop
  endfacet
  facet normal -0.896919 0.442195 0
    outer loop
      vertex 80.064 8.21368 4
      vertex 79.8847 7.85 0.780001
      vertex 79.8847 7.85 4
    endloop
  endfacet
  facet normal 0.83145 0.555599 0
    outer loop
      vertex 74.7406 7.51284 4
      vertex 74.5153 7.85 0.780001
      vertex 74.5153 7.85 4
    endloop
  endfacet
  facet normal 0.83145 0.555599 0
    outer loop
      vertex 74.5153 7.85 0.780001
      vertex 74.7406 7.51284 4
      vertex 74.7406 7.51284 0.780001
    endloop
  endfacet
  facet normal -0.751721 -0.659482 0
    outer loop
      vertex 79.6594 11.2872 0.780001
      vertex 79.392 11.592 4
      vertex 79.392 11.592 0.780001
    endloop
  endfacet
  facet normal -0.751721 -0.659482 0
    outer loop
      vertex 79.392 11.592 4
      vertex 79.6594 11.2872 0.780001
      vertex 79.6594 11.2872 4
    endloop
  endfacet
  facet normal 0.442275 0.89688 -0
    outer loop
      vertex 76.0137 6.53597 0.780001
      vertex 75.65 6.71532 4
      vertex 76.0137 6.53597 4
    endloop
  endfacet
  facet normal 0.442275 0.89688 0
    outer loop
      vertex 75.65 6.71532 4
      vertex 76.0137 6.53597 0.780001
      vertex 75.65 6.71532 0.780001
    endloop
  endfacet
  facet normal 0.751796 0.659396 0
    outer loop
      vertex 75.008 7.20797 4
      vertex 74.7406 7.51284 0.780001
      vertex 74.7406 7.51284 4
    endloop
  endfacet
  facet normal 0.751796 0.659396 0
    outer loop
      vertex 74.7406 7.51284 0.780001
      vertex 75.008 7.20797 4
      vertex 75.008 7.20797 0.780001
    endloop
  endfacet
  facet normal 0.946888 0.321564 0
    outer loop
      vertex 74.336 8.21368 4
      vertex 74.2056 8.59766 0.780001
      vertex 74.2056 8.59766 4
    endloop
  endfacet
  facet normal 0.946888 0.321564 0
    outer loop
      vertex 74.2056 8.59766 0.780001
      vertex 74.336 8.21368 4
      vertex 74.336 8.21368 0.780001
    endloop
  endfacet
  facet normal -0.195073 -0.980789 0
    outer loop
      vertex 77.6046 12.4735 0.780001
      vertex 78.0023 12.3944 4
      vertex 77.6046 12.4735 4
    endloop
  endfacet
  facet normal -0.195073 -0.980789 -0
    outer loop
      vertex 78.0023 12.3944 4
      vertex 77.6046 12.4735 0.780001
      vertex 78.0023 12.3944 0.780001
    endloop
  endfacet
  facet normal -0.83145 0.555599 0
    outer loop
      vertex 79.6594 7.51284 0.780001
      vertex 79.8847 7.85 4
      vertex 79.8847 7.85 0.780001
    endloop
  endfacet
  facet normal -0.83145 0.555599 0
    outer loop
      vertex 79.8847 7.85 4
      vertex 79.6594 7.51284 0.780001
      vertex 79.6594 7.51284 4
    endloop
  endfacet
  facet normal 0.98079 0.195068 0
    outer loop
      vertex 74.2056 8.59766 4
      vertex 74.1265 8.99537 0.780001
      vertex 74.1265 8.99537 4
    endloop
  endfacet
  facet normal 0.98079 0.195068 0
    outer loop
      vertex 74.1265 8.99537 0.780001
      vertex 74.2056 8.59766 4
      vertex 74.2056 8.59766 0.780001
    endloop
  endfacet
  facet normal -0.555519 0.831504 0
    outer loop
      vertex 79.0872 6.9406 0.780001
      vertex 78.75 6.71532 4
      vertex 79.0872 6.9406 4
    endloop
  endfacet
  facet normal -0.555519 0.831504 0
    outer loop
      vertex 78.75 6.71532 4
      vertex 79.0872 6.9406 0.780001
      vertex 78.75 6.71532 0.780001
    endloop
  endfacet
  facet normal -0.946888 0.321564 0
    outer loop
      vertex 80.064 8.21368 0.780001
      vertex 80.1944 8.59766 4
      vertex 80.1944 8.59766 0.780001
    endloop
  endfacet
  facet normal -0.946888 0.321564 0
    outer loop
      vertex 80.1944 8.59766 4
      vertex 80.064 8.21368 0.780001
      vertex 80.064 8.21368 4
    endloop
  endfacet
  facet normal 0.659482 -0.751721 0
    outer loop
      vertex 75.008 11.592 0.780001
      vertex 75.3128 11.8594 4
      vertex 75.008 11.592 4
    endloop
  endfacet
  facet normal 0.659482 -0.751721 0
    outer loop
      vertex 75.3128 11.8594 4
      vertex 75.008 11.592 0.780001
      vertex 75.3128 11.8594 0.780001
    endloop
  endfacet
  facet normal 0.65944 0.751757 -0
    outer loop
      vertex 75.3128 6.9406 0.780001
      vertex 75.008 7.20797 4
      vertex 75.3128 6.9406 4
    endloop
  endfacet
  facet normal 0.65944 0.751757 0
    outer loop
      vertex 75.008 7.20797 4
      vertex 75.3128 6.9406 0.780001
      vertex 75.008 7.20797 0.780001
    endloop
  endfacet
  facet normal -0.0653568 -0.997862 0
    outer loop
      vertex 77.2 12.5 0.780001
      vertex 77.6046 12.4735 4
      vertex 77.2 12.5 4
    endloop
  endfacet
  facet normal -0.0653568 -0.997862 -0
    outer loop
      vertex 77.6046 12.4735 4
      vertex 77.2 12.5 0.780001
      vertex 77.6046 12.4735 0.780001
    endloop
  endfacet
  facet normal 0.997862 -0.0653519 0
    outer loop
      vertex 74.1 9.4 4
      vertex 74.1265 9.80463 0.780001
      vertex 74.1265 9.80463 4
    endloop
  endfacet
  facet normal 0.997862 -0.0653519 0
    outer loop
      vertex 74.1265 9.80463 0.780001
      vertex 74.1 9.4 4
      vertex 74.1 9.4 0.780001
    endloop
  endfacet
  facet normal 0.831481 -0.555553 0
    outer loop
      vertex 74.5153 10.95 4
      vertex 74.7406 11.2872 0.780001
      vertex 74.7406 11.2872 4
    endloop
  endfacet
  facet normal 0.831481 -0.555553 0
    outer loop
      vertex 74.7406 11.2872 0.780001
      vertex 74.5153 10.95 4
      vertex 74.5153 10.95 0.780001
    endloop
  endfacet
  facet normal 0.946893 -0.321549 0
    outer loop
      vertex 74.2056 10.2023 4
      vertex 74.336 10.5863 0.780001
      vertex 74.336 10.5863 4
    endloop
  endfacet
  facet normal 0.946893 -0.321549 0
    outer loop
      vertex 74.336 10.5863 0.780001
      vertex 74.2056 10.2023 4
      vertex 74.2056 10.2023 0.780001
    endloop
  endfacet
  facet normal 0.0653568 -0.997862 0
    outer loop
      vertex 76.7954 12.4735 0.780001
      vertex 77.2 12.5 4
      vertex 76.7954 12.4735 4
    endloop
  endfacet
  facet normal 0.0653568 -0.997862 0
    outer loop
      vertex 77.2 12.5 4
      vertex 76.7954 12.4735 0.780001
      vertex 77.2 12.5 0.780001
    endloop
  endfacet
  facet normal -0.980789 -0.195073 0
    outer loop
      vertex 80.2735 30.6046 0.780001
      vertex 80.1944 31.0023 4
      vertex 80.1944 31.0023 0.780001
    endloop
  endfacet
  facet normal -0.980789 -0.195073 0
    outer loop
      vertex 80.1944 31.0023 4
      vertex 80.2735 30.6046 0.780001
      vertex 80.2735 30.6046 4
    endloop
  endfacet
  facet normal -0.997862 -0.0653568 0
    outer loop
      vertex 80.3 30.2 0.780001
      vertex 80.2735 30.6046 4
      vertex 80.2735 30.6046 0.780001
    endloop
  endfacet
  facet normal -0.997862 -0.0653568 0
    outer loop
      vertex 80.2735 30.6046 4
      vertex 80.3 30.2 0.780001
      vertex 80.3 30.2 4
    endloop
  endfacet
  facet normal -0.946893 -0.321549 0
    outer loop
      vertex 80.1944 31.0023 0.780001
      vertex 80.064 31.3863 4
      vertex 80.064 31.3863 0.780001
    endloop
  endfacet
  facet normal -0.946893 -0.321549 0
    outer loop
      vertex 80.064 31.3863 4
      vertex 80.1944 31.0023 0.780001
      vertex 80.1944 31.0023 4
    endloop
  endfacet
  facet normal -0.321549 -0.946893 0
    outer loop
      vertex 78.0023 33.1944 0.780001
      vertex 78.3863 33.064 4
      vertex 78.0023 33.1944 4
    endloop
  endfacet
  facet normal -0.321549 -0.946893 -0
    outer loop
      vertex 78.3863 33.064 4
      vertex 78.0023 33.1944 0.780001
      vertex 78.3863 33.064 0.780001
    endloop
  endfacet
  facet normal 0.321549 -0.946893 0
    outer loop
      vertex 76.0137 33.064 0.780001
      vertex 76.3977 33.1944 4
      vertex 76.0137 33.064 4
    endloop
  endfacet
  facet normal 0.321549 -0.946893 0
    outer loop
      vertex 76.3977 33.1944 4
      vertex 76.0137 33.064 0.780001
      vertex 76.3977 33.1944 0.780001
    endloop
  endfacet
  facet normal 0.555553 0.831481 -0
    outer loop
      vertex 75.65 27.5153 0.780001
      vertex 75.3128 27.7406 4
      vertex 75.65 27.5153 4
    endloop
  endfacet
  facet normal 0.555553 0.831481 0
    outer loop
      vertex 75.3128 27.7406 4
      vertex 75.65 27.5153 0.780001
      vertex 75.3128 27.7406 0.780001
    endloop
  endfacet
  facet normal -0.997862 0.0653568 0
    outer loop
      vertex 80.2735 29.7954 0.780001
      vertex 80.3 30.2 4
      vertex 80.3 30.2 0.780001
    endloop
  endfacet
  facet normal -0.997862 0.0653568 0
    outer loop
      vertex 80.3 30.2 4
      vertex 80.2735 29.7954 0.780001
      vertex 80.2735 29.7954 4
    endloop
  endfacet
  facet normal -0.896928 -0.442176 0
    outer loop
      vertex 80.064 31.3863 0.780001
      vertex 79.8847 31.75 4
      vertex 79.8847 31.75 0.780001
    endloop
  endfacet
  facet normal -0.896928 -0.442176 0
    outer loop
      vertex 79.8847 31.75 4
      vertex 80.064 31.3863 0.780001
      vertex 80.064 31.3863 4
    endloop
  endfacet
  facet normal -0.831481 -0.555553 0
    outer loop
      vertex 79.8847 31.75 0.780001
      vertex 79.6594 32.0872 4
      vertex 79.6594 32.0872 0.780001
    endloop
  endfacet
  facet normal -0.831481 -0.555553 0
    outer loop
      vertex 79.6594 32.0872 4
      vertex 79.8847 31.75 0.780001
      vertex 79.8847 31.75 4
    endloop
  endfacet
  facet normal 0.321549 0.946893 -0
    outer loop
      vertex 76.3977 27.2056 0.780001
      vertex 76.0137 27.336 4
      vertex 76.3977 27.2056 4
    endloop
  endfacet
  facet normal 0.321549 0.946893 0
    outer loop
      vertex 76.0137 27.336 4
      vertex 76.3977 27.2056 0.780001
      vertex 76.0137 27.336 0.780001
    endloop
  endfacet
  facet normal 0.896928 -0.442176 0
    outer loop
      vertex 74.336 31.3863 4
      vertex 74.5153 31.75 0.780001
      vertex 74.5153 31.75 4
    endloop
  endfacet
  facet normal 0.896928 -0.442176 0
    outer loop
      vertex 74.5153 31.75 0.780001
      vertex 74.336 31.3863 4
      vertex 74.336 31.3863 0.780001
    endloop
  endfacet
  facet normal 0.751721 0.659482 0
    outer loop
      vertex 75.008 28.008 4
      vertex 74.7406 28.3128 0.780001
      vertex 74.7406 28.3128 4
    endloop
  endfacet
  facet normal 0.751721 0.659482 0
    outer loop
      vertex 74.7406 28.3128 0.780001
      vertex 75.008 28.008 4
      vertex 75.008 28.008 0.780001
    endloop
  endfacet
  facet normal 0.659482 -0.751721 0
    outer loop
      vertex 75.008 32.392 0.780001
      vertex 75.3128 32.6594 4
      vertex 75.008 32.392 4
    endloop
  endfacet
  facet normal 0.659482 -0.751721 0
    outer loop
      vertex 75.3128 32.6594 4
      vertex 75.008 32.392 0.780001
      vertex 75.3128 32.6594 0.780001
    endloop
  endfacet
  facet normal 0.442176 -0.896928 0
    outer loop
      vertex 75.65 32.8847 0.780001
      vertex 76.0137 33.064 4
      vertex 75.65 32.8847 4
    endloop
  endfacet
  facet normal 0.442176 -0.896928 0
    outer loop
      vertex 76.0137 33.064 4
      vertex 75.65 32.8847 0.780001
      vertex 76.0137 33.064 0.780001
    endloop
  endfacet
  facet normal -0.555553 -0.831481 0
    outer loop
      vertex 78.75 32.8847 0.780001
      vertex 79.0872 32.6594 4
      vertex 78.75 32.8847 4
    endloop
  endfacet
  facet normal -0.555553 -0.831481 -0
    outer loop
      vertex 79.0872 32.6594 4
      vertex 78.75 32.8847 0.780001
      vertex 79.0872 32.6594 0.780001
    endloop
  endfacet
  facet normal 0.831481 -0.555553 0
    outer loop
      vertex 74.5153 31.75 4
      vertex 74.7406 32.0872 0.780001
      vertex 74.7406 32.0872 4
    endloop
  endfacet
  facet normal 0.831481 -0.555553 0
    outer loop
      vertex 74.7406 32.0872 0.780001
      vertex 74.5153 31.75 4
      vertex 74.5153 31.75 0.780001
    endloop
  endfacet
  facet normal 0.980789 0.195073 0
    outer loop
      vertex 74.2056 29.3977 4
      vertex 74.1265 29.7954 0.780001
      vertex 74.1265 29.7954 4
    endloop
  endfacet
  facet normal 0.980789 0.195073 0
    outer loop
      vertex 74.1265 29.7954 0.780001
      vertex 74.2056 29.3977 4
      vertex 74.2056 29.3977 0.780001
    endloop
  endfacet
  facet normal 0.946893 0.321549 0
    outer loop
      vertex 74.336 29.0137 4
      vertex 74.2056 29.3977 0.780001
      vertex 74.2056 29.3977 4
    endloop
  endfacet
  facet normal 0.946893 0.321549 0
    outer loop
      vertex 74.2056 29.3977 0.780001
      vertex 74.336 29.0137 4
      vertex 74.336 29.0137 0.780001
    endloop
  endfacet
  facet normal -0.831481 0.555553 0
    outer loop
      vertex 79.6594 28.3128 0.780001
      vertex 79.8847 28.65 4
      vertex 79.8847 28.65 0.780001
    endloop
  endfacet
  facet normal -0.831481 0.555553 0
    outer loop
      vertex 79.8847 28.65 4
      vertex 79.6594 28.3128 0.780001
      vertex 79.6594 28.3128 4
    endloop
  endfacet
  facet normal 0.659482 0.751721 -0
    outer loop
      vertex 75.3128 27.7406 0.780001
      vertex 75.008 28.008 4
      vertex 75.3128 27.7406 4
    endloop
  endfacet
  facet normal 0.659482 0.751721 0
    outer loop
      vertex 75.008 28.008 4
      vertex 75.3128 27.7406 0.780001
      vertex 75.008 28.008 0.780001
    endloop
  endfacet
  facet normal 0 0 1
    outer loop
      vertex 80.2735 30.6046 0.780001
      vertex 80.2735 29.7954 0.780001
      vertex 80.3 30.2 0.780001
    endloop
  endfacet
  facet normal 0 0 1
    outer loop
      vertex 80.1944 31.0023 0.780001
      vertex 80.2735 29.7954 0.780001
      vertex 80.2735 30.6046 0.780001
    endloop
  endfacet
  facet normal 0 0 1
    outer loop
      vertex 80.1944 31.0023 0.780001
      vertex 80.1944 29.3977 0.780001
      vertex 80.2735 29.7954 0.780001
    endloop
  endfacet
  facet normal 0 0 1
    outer loop
      vertex 80.064 31.3863 0.780001
      vertex 80.1944 29.3977 0.780001
      vertex 80.1944 31.0023 0.780001
    endloop
  endfacet
  facet normal 0 0 1
    outer loop
      vertex 80.064 31.3863 0.780001
      vertex 80.064 29.0137 0.780001
      vertex 80.1944 29.3977 0.780001
    endloop
  endfacet
  facet normal 0 0 1
    outer loop
      vertex 79.8847 31.75 0.780001
      vertex 80.064 29.0137 0.780001
      vertex 80.064 31.3863 0.780001
    endloop
  endfacet
  facet normal 0 0 1
    outer loop
      vertex 79.8847 31.75 0.780001
      vertex 79.8847 28.65 0.780001
      vertex 80.064 29.0137 0.780001
    endloop
  endfacet
  facet normal 0 0 1
    outer loop
      vertex 79.6594 32.0872 0.780001
      vertex 79.8847 28.65 0.780001
      vertex 79.8847 31.75 0.780001
    endloop
  endfacet
  facet normal 0 0 1
    outer loop
      vertex 79.6594 32.0872 0.780001
      vertex 79.6594 28.3128 0.780001
      vertex 79.8847 28.65 0.780001
    endloop
  endfacet
  facet normal 0 0 1
    outer loop
      vertex 79.392 32.392 0.780001
      vertex 79.6594 28.3128 0.780001
      vertex 79.6594 32.0872 0.780001
    endloop
  endfacet
  facet normal 0 0 1
    outer loop
      vertex 79.392 32.392 0.780001
      vertex 79.392 28.008 0.780001
      vertex 79.6594 28.3128 0.780001
    endloop
  endfacet
  facet normal 0 0 1
    outer loop
      vertex 79.0872 32.6594 0.780001
      vertex 79.392 28.008 0.780001
      vertex 79.392 32.392 0.780001
    endloop
  endfacet
  facet normal 0 0 1
    outer loop
      vertex 79.0872 32.6594 0.780001
      vertex 79.0872 27.7406 0.780001
      vertex 79.392 28.008 0.780001
    endloop
  endfacet
  facet normal 0 0 1
    outer loop
      vertex 78.75 32.8847 0.780001
      vertex 79.0872 27.7406 0.780001
      vertex 79.0872 32.6594 0.780001
    endloop
  endfacet
  facet normal 0 0 1
    outer loop
      vertex 78.75 32.8847 0.780001
      vertex 78.75 27.5153 0.780001
      vertex 79.0872 27.7406 0.780001
    endloop
  endfacet
  facet normal 0 0 1
    outer loop
      vertex 78.3863 33.064 0.780001
      vertex 78.75 27.5153 0.780001
      vertex 78.75 32.8847 0.780001
    endloop
  endfacet
  facet normal 0 0 1
    outer loop
      vertex 78.3863 33.064 0.780001
      vertex 78.3863 27.336 0.780001
      vertex 78.75 27.5153 0.780001
    endloop
  endfacet
  facet normal 0 0 1
    outer loop
      vertex 78.0023 33.1944 0.780001
      vertex 78.3863 27.336 0.780001
      vertex 78.3863 33.064 0.780001
    endloop
  endfacet
  facet normal 0 0 1
    outer loop
      vertex 78.0023 33.1944 0.780001
      vertex 78.0023 27.2056 0.780001
      vertex 78.3863 27.336 0.780001
    endloop
  endfacet
  facet normal 0 0 1
    outer loop
      vertex 77.6046 33.2735 0.780001
      vertex 78.0023 27.2056 0.780001
      vertex 78.0023 33.1944 0.780001
    endloop
  endfacet
  facet normal 0 0 1
    outer loop
      vertex 77.6046 33.2735 0.780001
      vertex 77.6046 27.1265 0.780001
      vertex 78.0023 27.2056 0.780001
    endloop
  endfacet
  facet normal 0 0 1
    outer loop
      vertex 77.2 33.3 0.780001
      vertex 77.6046 27.1265 0.780001
      vertex 77.6046 33.2735 0.780001
    endloop
  endfacet
  facet normal 0 0 1
    outer loop
      vertex 77.2 33.3 0.780001
      vertex 77.2 27.1 0.780001
      vertex 77.6046 27.1265 0.780001
    endloop
  endfacet
  facet normal -0 0 1
    outer loop
      vertex 76.7954 33.2735 0.780001
      vertex 77.2 27.1 0.780001
      vertex 77.2 33.3 0.780001
    endloop
  endfacet
  facet normal 0 0 1
    outer loop
      vertex 76.7954 33.2735 0.780001
      vertex 76.7954 27.1265 0.780001
      vertex 77.2 27.1 0.780001
    endloop
  endfacet
  facet normal -0 0 1
    outer loop
      vertex 76.3977 33.1944 0.780001
      vertex 76.7954 27.1265 0.780001
      vertex 76.7954 33.2735 0.780001
    endloop
  endfacet
  facet normal 0 0 1
    outer loop
      vertex 76.3977 33.1944 0.780001
      vertex 76.3977 27.2056 0.780001
      vertex 76.7954 27.1265 0.780001
    endloop
  endfacet
  facet normal -0 0 1
    outer loop
      vertex 76.0137 33.064 0.780001
      vertex 76.3977 27.2056 0.780001
      vertex 76.3977 33.1944 0.780001
    endloop
  endfacet
  facet normal 0 0 1
    outer loop
      vertex 76.0137 33.064 0.780001
      vertex 76.0137 27.336 0.780001
      vertex 76.3977 27.2056 0.780001
    endloop
  endfacet
  facet normal -0 0 1
    outer loop
      vertex 75.65 32.8847 0.780001
      vertex 76.0137 27.336 0.780001
      vertex 76.0137 33.064 0.780001
    endloop
  endfacet
  facet normal 0 0 1
    outer loop
      vertex 75.65 32.8847 0.780001
      vertex 75.65 27.5153 0.780001
      vertex 76.0137 27.336 0.780001
    endloop
  endfacet
  facet normal -0 0 1
    outer loop
      vertex 75.3128 32.6594 0.780001
      vertex 75.65 27.5153 0.780001
      vertex 75.65 32.8847 0.780001
    endloop
  endfacet
  facet normal 0 0 1
    outer loop
      vertex 75.3128 32.6594 0.780001
      vertex 75.3128 27.7406 0.780001
      vertex 75.65 27.5153 0.780001
    endloop
  endfacet
  facet normal -0 0 1
    outer loop
      vertex 75.008 32.392 0.780001
      vertex 75.3128 27.7406 0.780001
      vertex 75.3128 32.6594 0.780001
    endloop
  endfacet
  facet normal 0 0 1
    outer loop
      vertex 75.008 32.392 0.780001
      vertex 75.008 28.008 0.780001
      vertex 75.3128 27.7406 0.780001
    endloop
  endfacet
  facet normal -0 0 1
    outer loop
      vertex 74.7406 32.0872 0.780001
      vertex 75.008 28.008 0.780001
      vertex 75.008 32.392 0.780001
    endloop
  endfacet
  facet normal 0 0 1
    outer loop
      vertex 74.7406 32.0872 0.780001
      vertex 74.7406 28.3128 0.780001
      vertex 75.008 28.008 0.780001
    endloop
  endfacet
  facet normal -0 0 1
    outer loop
      vertex 74.5153 31.75 0.780001
      vertex 74.7406 28.3128 0.780001
      vertex 74.7406 32.0872 0.780001
    endloop
  endfacet
  facet normal 0 0 1
    outer loop
      vertex 74.5153 31.75 0.780001
      vertex 74.5153 28.65 0.780001
      vertex 74.7406 28.3128 0.780001
    endloop
  endfacet
  facet normal -0 0 1
    outer loop
      vertex 74.336 31.3863 0.780001
      vertex 74.5153 28.65 0.780001
      vertex 74.5153 31.75 0.780001
    endloop
  endfacet
  facet normal 0 0 1
    outer loop
      vertex 74.336 31.3863 0.780001
      vertex 74.336 29.0137 0.780001
      vertex 74.5153 28.65 0.780001
    endloop
  endfacet
  facet normal -0 0 1
    outer loop
      vertex 74.2056 31.0023 0.780001
      vertex 74.336 29.0137 0.780001
      vertex 74.336 31.3863 0.780001
    endloop
  endfacet
  facet normal 0 0 1
    outer loop
      vertex 74.2056 31.0023 0.780001
      vertex 74.2056 29.3977 0.780001
      vertex 74.336 29.0137 0.780001
    endloop
  endfacet
  facet normal -0 0 1
    outer loop
      vertex 74.1265 30.6046 0.780001
      vertex 74.2056 29.3977 0.780001
      vertex 74.2056 31.0023 0.780001
    endloop
  endfacet
  facet normal 0 0 1
    outer loop
      vertex 74.1265 30.6046 0.780001
      vertex 74.1265 29.7954 0.780001
      vertex 74.2056 29.3977 0.780001
    endloop
  endfacet
  facet normal 0 -0 1
    outer loop
      vertex 74.1265 29.7954 0.780001
      vertex 74.1265 30.6046 0.780001
      vertex 74.1 30.2 0.780001
    endloop
  endfacet
  facet normal -0.659482 -0.751721 0
    outer loop
      vertex 79.0872 32.6594 0.780001
      vertex 79.392 32.392 4
      vertex 79.0872 32.6594 4
    endloop
  endfacet
  facet normal -0.659482 -0.751721 -0
    outer loop
      vertex 79.392 32.392 4
      vertex 79.0872 32.6594 0.780001
      vertex 79.392 32.392 0.780001
    endloop
  endfacet
  facet normal 0.555553 -0.831481 0
    outer loop
      vertex 75.3128 32.6594 0.780001
      vertex 75.65 32.8847 4
      vertex 75.3128 32.6594 4
    endloop
  endfacet
  facet normal 0.555553 -0.831481 0
    outer loop
      vertex 75.65 32.8847 4
      vertex 75.3128 32.6594 0.780001
      vertex 75.65 32.8847 0.780001
    endloop
  endfacet
  facet normal -0.442176 0.896928 0
    outer loop
      vertex 78.75 27.5153 0.780001
      vertex 78.3863 27.336 4
      vertex 78.75 27.5153 4
    endloop
  endfacet
  facet normal -0.442176 0.896928 0
    outer loop
      vertex 78.3863 27.336 4
      vertex 78.75 27.5153 0.780001
      vertex 78.3863 27.336 0.780001
    endloop
  endfacet
  facet normal -0.195073 0.980789 0
    outer loop
      vertex 78.0023 27.2056 0.780001
      vertex 77.6046 27.1265 4
      vertex 78.0023 27.2056 4
    endloop
  endfacet
  facet normal -0.195073 0.980789 0
    outer loop
      vertex 77.6046 27.1265 4
      vertex 78.0023 27.2056 0.780001
      vertex 77.6046 27.1265 0.780001
    endloop
  endfacet
  facet normal -0.0653568 0.997862 0
    outer loop
      vertex 77.6046 27.1265 0.780001
      vertex 77.2 27.1 4
      vertex 77.6046 27.1265 4
    endloop
  endfacet
  facet normal -0.0653568 0.997862 0
    outer loop
      vertex 77.2 27.1 4
      vertex 77.6046 27.1265 0.780001
      vertex 77.2 27.1 0.780001
    endloop
  endfacet
  facet normal -0.896928 0.442176 0
    outer loop
      vertex 79.8847 28.65 0.780001
      vertex 80.064 29.0137 4
      vertex 80.064 29.0137 0.780001
    endloop
  endfacet
  facet normal -0.896928 0.442176 0
    outer loop
      vertex 80.064 29.0137 4
      vertex 79.8847 28.65 0.780001
      vertex 79.8847 28.65 4
    endloop
  endfacet
  facet normal 0.195073 -0.980789 0
    outer loop
      vertex 76.3977 33.1944 0.780001
      vertex 76.7954 33.2735 4
      vertex 76.3977 33.1944 4
    endloop
  endfacet
  facet normal 0.195073 -0.980789 0
    outer loop
      vertex 76.7954 33.2735 4
      vertex 76.3977 33.1944 0.780001
      vertex 76.7954 33.2735 0.780001
    endloop
  endfacet
  facet normal 0.997862 0.0653568 0
    outer loop
      vertex 74.1265 29.7954 4
      vertex 74.1 30.2 0.780001
      vertex 74.1 30.2 4
    endloop
  endfacet
  facet normal 0.997862 0.0653568 0
    outer loop
      vertex 74.1 30.2 0.780001
      vertex 74.1265 29.7954 4
      vertex 74.1265 29.7954 0.780001
    endloop
  endfacet
  facet normal 0.751721 -0.659482 0
    outer loop
      vertex 74.7406 32.0872 4
      vertex 75.008 32.392 0.780001
      vertex 75.008 32.392 4
    endloop
  endfacet
  facet normal 0.751721 -0.659482 0
    outer loop
      vertex 75.008 32.392 0.780001
      vertex 74.7406 32.0872 4
      vertex 74.7406 32.0872 0.780001
    endloop
  endfacet
  facet normal -0.321549 0.946893 0
    outer loop
      vertex 78.3863 27.336 0.780001
      vertex 78.0023 27.2056 4
      vertex 78.3863 27.336 4
    endloop
  endfacet
  facet normal -0.321549 0.946893 0
    outer loop
      vertex 78.0023 27.2056 4
      vertex 78.3863 27.336 0.780001
      vertex 78.0023 27.2056 0.780001
    endloop
  endfacet
  facet normal 0.0653568 0.997862 -0
    outer loop
      vertex 77.2 27.1 0.780001
      vertex 76.7954 27.1265 4
      vertex 77.2 27.1 4
    endloop
  endfacet
  facet normal 0.0653568 0.997862 0
    outer loop
      vertex 76.7954 27.1265 4
      vertex 77.2 27.1 0.780001
      vertex 76.7954 27.1265 0.780001
    endloop
  endfacet
  facet normal 0.980789 -0.195073 0
    outer loop
      vertex 74.1265 30.6046 4
      vertex 74.2056 31.0023 0.780001
      vertex 74.2056 31.0023 4
    endloop
  endfacet
  facet normal 0.980789 -0.195073 0
    outer loop
      vertex 74.2056 31.0023 0.780001
      vertex 74.1265 30.6046 4
      vertex 74.1265 30.6046 0.780001
    endloop
  endfacet
  facet normal -0.980789 0.195073 0
    outer loop
      vertex 80.1944 29.3977 0.780001
      vertex 80.2735 29.7954 4
      vertex 80.2735 29.7954 0.780001
    endloop
  endfacet
  facet normal -0.980789 0.195073 0
    outer loop
      vertex 80.2735 29.7954 4
      vertex 80.1944 29.3977 0.780001
      vertex 80.1944 29.3977 4
    endloop
  endfacet
  facet normal 0.195073 0.980789 -0
    outer loop
      vertex 76.7954 27.1265 0.780001
      vertex 76.3977 27.2056 4
      vertex 76.7954 27.1265 4
    endloop
  endfacet
  facet normal 0.195073 0.980789 0
    outer loop
      vertex 76.3977 27.2056 4
      vertex 76.7954 27.1265 0.780001
      vertex 76.3977 27.2056 0.780001
    endloop
  endfacet
  facet normal 0.442176 0.896928 -0
    outer loop
      vertex 76.0137 27.336 0.780001
      vertex 75.65 27.5153 4
      vertex 76.0137 27.336 4
    endloop
  endfacet
  facet normal 0.442176 0.896928 0
    outer loop
      vertex 75.65 27.5153 4
      vertex 76.0137 27.336 0.780001
      vertex 75.65 27.5153 0.780001
    endloop
  endfacet
  facet normal -0.442176 -0.896928 0
    outer loop
      vertex 78.3863 33.064 0.780001
      vertex 78.75 32.8847 4
      vertex 78.3863 33.064 4
    endloop
  endfacet
  facet normal -0.442176 -0.896928 -0
    outer loop
      vertex 78.75 32.8847 4
      vertex 78.3863 33.064 0.780001
      vertex 78.75 32.8847 0.780001
    endloop
  endfacet
  facet normal -0.946893 0.321549 0
    outer loop
      vertex 80.064 29.0137 0.780001
      vertex 80.1944 29.3977 4
      vertex 80.1944 29.3977 0.780001
    endloop
  endfacet
  facet normal -0.946893 0.321549 0
    outer loop
      vertex 80.1944 29.3977 4
      vertex 80.064 29.0137 0.780001
      vertex 80.064 29.0137 4
    endloop
  endfacet
  facet normal -0.751721 -0.659482 0
    outer loop
      vertex 79.6594 32.0872 0.780001
      vertex 79.392 32.392 4
      vertex 79.392 32.392 0.780001
    endloop
  endfacet
  facet normal -0.751721 -0.659482 0
    outer loop
      vertex 79.392 32.392 4
      vertex 79.6594 32.0872 0.780001
      vertex 79.6594 32.0872 4
    endloop
  endfacet
  facet normal -0.195073 -0.980789 0
    outer loop
      vertex 77.6046 33.2735 0.780001
      vertex 78.0023 33.1944 4
      vertex 77.6046 33.2735 4
    endloop
  endfacet
  facet normal -0.195073 -0.980789 -0
    outer loop
      vertex 78.0023 33.1944 4
      vertex 77.6046 33.2735 0.780001
      vertex 78.0023 33.1944 0.780001
    endloop
  endfacet
  facet normal 0.0653568 -0.997862 0
    outer loop
      vertex 76.7954 33.2735 0.780001
      vertex 77.2 33.3 4
      vertex 76.7954 33.2735 4
    endloop
  endfacet
  facet normal 0.0653568 -0.997862 0
    outer loop
      vertex 77.2 33.3 4
      vertex 76.7954 33.2735 0.780001
      vertex 77.2 33.3 0.780001
    endloop
  endfacet
  facet normal -0.0653568 -0.997862 0
    outer loop
      vertex 77.2 33.3 0.780001
      vertex 77.6046 33.2735 4
      vertex 77.2 33.3 4
    endloop
  endfacet
  facet normal -0.0653568 -0.997862 -0
    outer loop
      vertex 77.6046 33.2735 4
      vertex 77.2 33.3 0.780001
      vertex 77.6046 33.2735 0.780001
    endloop
  endfacet
  facet normal 0.997862 -0.0653568 0
    outer loop
      vertex 74.1 30.2 4
      vertex 74.1265 30.6046 0.780001
      vertex 74.1265 30.6046 4
    endloop
  endfacet
  facet normal 0.997862 -0.0653568 0
    outer loop
      vertex 74.1265 30.6046 0.780001
      vertex 74.1 30.2 4
      vertex 74.1 30.2 0.780001
    endloop
  endfacet
  facet normal 0.946893 -0.321549 0
    outer loop
      vertex 74.2056 31.0023 4
      vertex 74.336 31.3863 0.780001
      vertex 74.336 31.3863 4
    endloop
  endfacet
  facet normal 0.946893 -0.321549 0
    outer loop
      vertex 74.336 31.3863 0.780001
      vertex 74.2056 31.0023 4
      vertex 74.2056 31.0023 0.780001
    endloop
  endfacet
  facet normal -0.555553 0.831481 0
    outer loop
      vertex 79.0872 27.7406 0.780001
      vertex 78.75 27.5153 4
      vertex 79.0872 27.7406 4
    endloop
  endfacet
  facet normal -0.555553 0.831481 0
    outer loop
      vertex 78.75 27.5153 4
      vertex 79.0872 27.7406 0.780001
      vertex 78.75 27.5153 0.780001
    endloop
  endfacet
  facet normal 0.896928 0.442176 0
    outer loop
      vertex 74.5153 28.65 4
      vertex 74.336 29.0137 0.780001
      vertex 74.336 29.0137 4
    endloop
  endfacet
  facet normal 0.896928 0.442176 0
    outer loop
      vertex 74.336 29.0137 0.780001
      vertex 74.5153 28.65 4
      vertex 74.5153 28.65 0.780001
    endloop
  endfacet
  facet normal 0.831481 0.555553 0
    outer loop
      vertex 74.7406 28.3128 4
      vertex 74.5153 28.65 0.780001
      vertex 74.5153 28.65 4
    endloop
  endfacet
  facet normal 0.831481 0.555553 0
    outer loop
      vertex 74.5153 28.65 0.780001
      vertex 74.7406 28.3128 4
      vertex 74.7406 28.3128 0.780001
    endloop
  endfacet
  facet normal -0.751721 0.659482 0
    outer loop
      vertex 79.392 28.008 0.780001
      vertex 79.6594 28.3128 4
      vertex 79.6594 28.3128 0.780001
    endloop
  endfacet
  facet normal -0.751721 0.659482 0
    outer loop
      vertex 79.6594 28.3128 4
      vertex 79.392 28.008 0.780001
      vertex 79.392 28.008 4
    endloop
  endfacet
  facet normal -0.659482 0.751721 0
    outer loop
      vertex 79.392 28.008 0.780001
      vertex 79.0872 27.7406 4
      vertex 79.392 28.008 4
    endloop
  endfacet
  facet normal -0.659482 0.751721 0
    outer loop
      vertex 79.0872 27.7406 4
      vertex 79.392 28.008 0.780001
      vertex 79.0872 27.7406 0.780001
    endloop
  endfacet
  facet normal -0.980798 0.195026 0
    outer loop
      vertex 50.2064 17.9494 0
      vertex 50.3888 18.8667 4
      vertex 50.3888 18.8667 0
    endloop
  endfacet
  facet normal -0.980798 0.195026 0
    outer loop
      vertex 50.3888 18.8667 4
      vertex 50.2064 17.9494 0
      vertex 50.2064 17.9494 4
    endloop
  endfacet
  facet normal -0.980798 -0.195026 0
    outer loop
      vertex 50.3888 20.7333 0
      vertex 50.2064 21.6506 4
      vertex 50.2064 21.6506 0
    endloop
  endfacet
  facet normal -0.980798 -0.195026 0
    outer loop
      vertex 50.2064 21.6506 4
      vertex 50.3888 20.7333 0
      vertex 50.3888 20.7333 4
    endloop
  endfacet
  facet normal -0.997857 -0.0654332 0
    outer loop
      vertex 50.45 19.8 0
      vertex 50.3888 20.7333 4
      vertex 50.3888 20.7333 0
    endloop
  endfacet
  facet normal -0.997857 -0.0654332 0
    outer loop
      vertex 50.3888 20.7333 4
      vertex 50.45 19.8 0
      vertex 50.45 19.8 4
    endloop
  endfacet
  facet normal 0.442245 -0.896894 0
    outer loop
      vertex 39.725 25.9921 0
      vertex 40.5638 26.4057 4
      vertex 39.725 25.9921 4
    endloop
  endfacet
  facet normal 0.442245 -0.896894 0
    outer loop
      vertex 40.5638 26.4057 4
      vertex 39.725 25.9921 0
      vertex 40.5638 26.4057 0
    endloop
  endfacet
  facet normal -0.751834 -0.659352 0
    outer loop
      vertex 48.9725 24.1526 0
      vertex 48.3558 24.8558 4
      vertex 48.3558 24.8558 0
    endloop
  endfacet
  facet normal -0.751834 -0.659352 0
    outer loop
      vertex 48.3558 24.8558 4
      vertex 48.9725 24.1526 0
      vertex 48.9725 24.1526 4
    endloop
  endfacet
  facet normal -0.555588 0.831458 0
    outer loop
      vertex 47.6526 14.1275 0
      vertex 46.875 13.6079 4
      vertex 47.6526 14.1275 4
    endloop
  endfacet
  facet normal -0.555588 0.831458 0
    outer loop
      vertex 46.875 13.6079 4
      vertex 47.6526 14.1275 0
      vertex 46.875 13.6079 0
    endloop
  endfacet
  facet normal 0.0654332 -0.997857 0
    outer loop
      vertex 42.3667 26.8888 0
      vertex 43.3 26.95 4
      vertex 42.3667 26.8888 4
    endloop
  endfacet
  facet normal 0.0654332 -0.997857 0
    outer loop
      vertex 43.3 26.95 4
      vertex 42.3667 26.8888 0
      vertex 43.3 26.95 0
    endloop
  endfacet
  facet normal 0.946904 0.321516 0
    outer loop
      vertex 36.6943 17.0638 4
      vertex 36.3936 17.9494 0
      vertex 36.3936 17.9494 4
    endloop
  endfacet
  facet normal 0.946904 0.321516 0
    outer loop
      vertex 36.3936 17.9494 0
      vertex 36.6943 17.0638 4
      vertex 36.6943 17.0638 0
    endloop
  endfacet
  facet normal 0.831458 -0.555588 0
    outer loop
      vertex 37.1079 23.375 4
      vertex 37.6275 24.1526 0
      vertex 37.6275 24.1526 4
    endloop
  endfacet
  facet normal 0.831458 -0.555588 0
    outer loop
      vertex 37.6275 24.1526 0
      vertex 37.1079 23.375 4
      vertex 37.1079 23.375 0
    endloop
  endfacet
  facet normal -0.946904 0.321516 0
    outer loop
      vertex 49.9057 17.0638 0
      vertex 50.2064 17.9494 4
      vertex 50.2064 17.9494 0
    endloop
  endfacet
  facet normal -0.946904 0.321516 0
    outer loop
      vertex 50.2064 17.9494 4
      vertex 49.9057 17.0638 0
      vertex 49.9057 17.0638 4
    endloop
  endfacet
  facet normal -0.659352 0.751834 0
    outer loop
      vertex 48.3558 14.7442 0
      vertex 47.6526 14.1275 4
      vertex 48.3558 14.7442 4
    endloop
  endfacet
  facet normal -0.659352 0.751834 0
    outer loop
      vertex 47.6526 14.1275 4
      vertex 48.3558 14.7442 0
      vertex 47.6526 14.1275 0
    endloop
  endfacet
  facet normal 0.555588 -0.831458 0
    outer loop
      vertex 38.9474 25.4725 0
      vertex 39.725 25.9921 4
      vertex 38.9474 25.4725 4
    endloop
  endfacet
  facet normal 0.555588 -0.831458 0
    outer loop
      vertex 39.725 25.9921 4
      vertex 38.9474 25.4725 0
      vertex 39.725 25.9921 0
    endloop
  endfacet
  facet normal -0.195026 0.980798 0
    outer loop
      vertex 45.1506 12.8936 0
      vertex 44.2333 12.7112 4
      vertex 45.1506 12.8936 4
    endloop
  endfacet
  facet normal -0.195026 0.980798 0
    outer loop
      vertex 44.2333 12.7112 4
      vertex 45.1506 12.8936 0
      vertex 44.2333 12.7112 0
    endloop
  endfacet
  facet normal 0.896894 0.442245 0
    outer loop
      vertex 37.1079 16.225 4
      vertex 36.6943 17.0638 0
      vertex 36.6943 17.0638 4
    endloop
  endfacet
  facet normal 0.896894 0.442245 0
    outer loop
      vertex 36.6943 17.0638 0
      vertex 37.1079 16.225 4
      vertex 37.1079 16.225 0
    endloop
  endfacet
  facet normal 0.659352 -0.751834 0
    outer loop
      vertex 38.2442 24.8558 0
      vertex 38.9474 25.4725 4
      vertex 38.2442 24.8558 4
    endloop
  endfacet
  facet normal 0.659352 -0.751834 0
    outer loop
      vertex 38.9474 25.4725 4
      vertex 38.2442 24.8558 0
      vertex 38.9474 25.4725 0
    endloop
  endfacet
  facet normal -0.442245 0.896894 0
    outer loop
      vertex 46.875 13.6079 0
      vertex 46.0362 13.1943 4
      vertex 46.875 13.6079 4
    endloop
  endfacet
  facet normal -0.442245 0.896894 0
    outer loop
      vertex 46.0362 13.1943 4
      vertex 46.875 13.6079 0
      vertex 46.0362 13.1943 0
    endloop
  endfacet
  facet normal -0.946904 -0.321516 0
    outer loop
      vertex 50.2064 21.6506 0
      vertex 49.9057 22.5362 4
      vertex 49.9057 22.5362 0
    endloop
  endfacet
  facet normal -0.946904 -0.321516 0
    outer loop
      vertex 49.9057 22.5362 4
      vertex 50.2064 21.6506 0
      vertex 50.2064 21.6506 4
    endloop
  endfacet
  facet normal 0.0654332 0.997857 -0
    outer loop
      vertex 43.3 12.65 0
      vertex 42.3667 12.7112 4
      vertex 43.3 12.65 4
    endloop
  endfacet
  facet normal 0.0654332 0.997857 0
    outer loop
      vertex 42.3667 12.7112 4
      vertex 43.3 12.65 0
      vertex 42.3667 12.7112 0
    endloop
  endfacet
  facet normal 0.896894 -0.442245 0
    outer loop
      vertex 36.6943 22.5362 4
      vertex 37.1079 23.375 0
      vertex 37.1079 23.375 4
    endloop
  endfacet
  facet normal 0.896894 -0.442245 0
    outer loop
      vertex 37.1079 23.375 0
      vertex 36.6943 22.5362 4
      vertex 36.6943 22.5362 0
    endloop
  endfacet
  facet normal -0.195026 -0.980798 0
    outer loop
      vertex 44.2333 26.8888 0
      vertex 45.1506 26.7064 4
      vertex 44.2333 26.8888 4
    endloop
  endfacet
  facet normal -0.195026 -0.980798 -0
    outer loop
      vertex 45.1506 26.7064 4
      vertex 44.2333 26.8888 0
      vertex 45.1506 26.7064 0
    endloop
  endfacet
  facet normal 0.997857 -0.0654332 0
    outer loop
      vertex 36.15 19.8 4
      vertex 36.2112 20.7333 0
      vertex 36.2112 20.7333 4
    endloop
  endfacet
  facet normal 0.997857 -0.0654332 0
    outer loop
      vertex 36.2112 20.7333 0
      vertex 36.15 19.8 4
      vertex 36.15 19.8 0
    endloop
  endfacet
  facet normal 0.321516 0.946904 -0
    outer loop
      vertex 41.4494 12.8936 0
      vertex 40.5638 13.1943 4
      vertex 41.4494 12.8936 4
    endloop
  endfacet
  facet normal 0.321516 0.946904 0
    outer loop
      vertex 40.5638 13.1943 4
      vertex 41.4494 12.8936 0
      vertex 40.5638 13.1943 0
    endloop
  endfacet
  facet normal 0.442245 0.896894 -0
    outer loop
      vertex 40.5638 13.1943 0
      vertex 39.725 13.6079 4
      vertex 40.5638 13.1943 4
    endloop
  endfacet
  facet normal 0.442245 0.896894 0
    outer loop
      vertex 39.725 13.6079 4
      vertex 40.5638 13.1943 0
      vertex 39.725 13.6079 0
    endloop
  endfacet
  facet normal -0.831458 -0.555588 0
    outer loop
      vertex 49.4921 23.375 0
      vertex 48.9725 24.1526 4
      vertex 48.9725 24.1526 0
    endloop
  endfacet
  facet normal -0.831458 -0.555588 0
    outer loop
      vertex 48.9725 24.1526 4
      vertex 49.4921 23.375 0
      vertex 49.4921 23.375 4
    endloop
  endfacet
  facet normal -0.321516 -0.946904 0
    outer loop
      vertex 45.1506 26.7064 0
      vertex 46.0362 26.4057 4
      vertex 45.1506 26.7064 4
    endloop
  endfacet
  facet normal -0.321516 -0.946904 -0
    outer loop
      vertex 46.0362 26.4057 4
      vertex 45.1506 26.7064 0
      vertex 46.0362 26.4057 0
    endloop
  endfacet
  facet normal -0.555588 -0.831458 0
    outer loop
      vertex 46.875 25.9921 0
      vertex 47.6526 25.4725 4
      vertex 46.875 25.9921 4
    endloop
  endfacet
  facet normal -0.555588 -0.831458 -0
    outer loop
      vertex 47.6526 25.4725 4
      vertex 46.875 25.9921 0
      vertex 47.6526 25.4725 0
    endloop
  endfacet
  facet normal 0.751834 -0.659352 0
    outer loop
      vertex 37.6275 24.1526 4
      vertex 38.2442 24.8558 0
      vertex 38.2442 24.8558 4
    endloop
  endfacet
  facet normal 0.751834 -0.659352 0
    outer loop
      vertex 38.2442 24.8558 0
      vertex 37.6275 24.1526 4
      vertex 37.6275 24.1526 0
    endloop
  endfacet
  facet normal -0.997857 0.0654332 0
    outer loop
      vertex 50.3888 18.8667 0
      vertex 50.45 19.8 4
      vertex 50.45 19.8 0
    endloop
  endfacet
  facet normal -0.997857 0.0654332 0
    outer loop
      vertex 50.45 19.8 4
      vertex 50.3888 18.8667 0
      vertex 50.3888 18.8667 4
    endloop
  endfacet
  facet normal -0.751834 0.659352 0
    outer loop
      vertex 48.3558 14.7442 0
      vertex 48.9725 15.4474 4
      vertex 48.9725 15.4474 0
    endloop
  endfacet
  facet normal -0.751834 0.659352 0
    outer loop
      vertex 48.9725 15.4474 4
      vertex 48.3558 14.7442 0
      vertex 48.3558 14.7442 4
    endloop
  endfacet
  facet normal -0.831458 0.555588 0
    outer loop
      vertex 48.9725 15.4474 0
      vertex 49.4921 16.225 4
      vertex 49.4921 16.225 0
    endloop
  endfacet
  facet normal -0.831458 0.555588 0
    outer loop
      vertex 49.4921 16.225 4
      vertex 48.9725 15.4474 0
      vertex 48.9725 15.4474 4
    endloop
  endfacet
  facet normal 0.751834 0.659352 0
    outer loop
      vertex 38.2442 14.7442 4
      vertex 37.6275 15.4474 0
      vertex 37.6275 15.4474 4
    endloop
  endfacet
  facet normal 0.751834 0.659352 0
    outer loop
      vertex 37.6275 15.4474 0
      vertex 38.2442 14.7442 4
      vertex 38.2442 14.7442 0
    endloop
  endfacet
  facet normal -0.659352 -0.751834 0
    outer loop
      vertex 47.6526 25.4725 0
      vertex 48.3558 24.8558 4
      vertex 47.6526 25.4725 4
    endloop
  endfacet
  facet normal -0.659352 -0.751834 -0
    outer loop
      vertex 48.3558 24.8558 4
      vertex 47.6526 25.4725 0
      vertex 48.3558 24.8558 0
    endloop
  endfacet
  facet normal 0.555588 0.831458 -0
    outer loop
      vertex 39.725 13.6079 0
      vertex 38.9474 14.1275 4
      vertex 39.725 13.6079 4
    endloop
  endfacet
  facet normal 0.555588 0.831458 0
    outer loop
      vertex 38.9474 14.1275 4
      vertex 39.725 13.6079 0
      vertex 38.9474 14.1275 0
    endloop
  endfacet
  facet normal 0.195026 -0.980798 0
    outer loop
      vertex 41.4494 26.7064 0
      vertex 42.3667 26.8888 4
      vertex 41.4494 26.7064 4
    endloop
  endfacet
  facet normal 0.195026 -0.980798 0
    outer loop
      vertex 42.3667 26.8888 4
      vertex 41.4494 26.7064 0
      vertex 42.3667 26.8888 0
    endloop
  endfacet
  facet normal 0.831458 0.555588 0
    outer loop
      vertex 37.6275 15.4474 4
      vertex 37.1079 16.225 0
      vertex 37.1079 16.225 4
    endloop
  endfacet
  facet normal 0.831458 0.555588 0
    outer loop
      vertex 37.1079 16.225 0
      vertex 37.6275 15.4474 4
      vertex 37.6275 15.4474 0
    endloop
  endfacet
  facet normal -0.321516 0.946904 0
    outer loop
      vertex 46.0362 13.1943 0
      vertex 45.1506 12.8936 4
      vertex 46.0362 13.1943 4
    endloop
  endfacet
  facet normal -0.321516 0.946904 0
    outer loop
      vertex 45.1506 12.8936 4
      vertex 46.0362 13.1943 0
      vertex 45.1506 12.8936 0
    endloop
  endfacet
  facet normal -0.0654332 -0.997857 0
    outer loop
      vertex 43.3 26.95 0
      vertex 44.2333 26.8888 4
      vertex 43.3 26.95 4
    endloop
  endfacet
  facet normal -0.0654332 -0.997857 -0
    outer loop
      vertex 44.2333 26.8888 4
      vertex 43.3 26.95 0
      vertex 44.2333 26.8888 0
    endloop
  endfacet
  facet normal -0.896894 0.442245 0
    outer loop
      vertex 49.4921 16.225 0
      vertex 49.9057 17.0638 4
      vertex 49.9057 17.0638 0
    endloop
  endfacet
  facet normal -0.896894 0.442245 0
    outer loop
      vertex 49.9057 17.0638 4
      vertex 49.4921 16.225 0
      vertex 49.4921 16.225 4
    endloop
  endfacet
  facet normal -0.442245 -0.896894 0
    outer loop
      vertex 46.0362 26.4057 0
      vertex 46.875 25.9921 4
      vertex 46.0362 26.4057 4
    endloop
  endfacet
  facet normal -0.442245 -0.896894 -0
    outer loop
      vertex 46.875 25.9921 4
      vertex 46.0362 26.4057 0
      vertex 46.875 25.9921 0
    endloop
  endfacet
  facet normal 0.980798 -0.195026 0
    outer loop
      vertex 36.2112 20.7333 4
      vertex 36.3936 21.6506 0
      vertex 36.3936 21.6506 4
    endloop
  endfacet
  facet normal 0.980798 -0.195026 0
    outer loop
      vertex 36.3936 21.6506 0
      vertex 36.2112 20.7333 4
      vertex 36.2112 20.7333 0
    endloop
  endfacet
  facet normal -0.896894 -0.442245 0
    outer loop
      vertex 49.9057 22.5362 0
      vertex 49.4921 23.375 4
      vertex 49.4921 23.375 0
    endloop
  endfacet
  facet normal -0.896894 -0.442245 0
    outer loop
      vertex 49.4921 23.375 4
      vertex 49.9057 22.5362 0
      vertex 49.9057 22.5362 4
    endloop
  endfacet
  facet normal 0.195026 0.980798 -0
    outer loop
      vertex 42.3667 12.7112 0
      vertex 41.4494 12.8936 4
      vertex 42.3667 12.7112 4
    endloop
  endfacet
  facet normal 0.195026 0.980798 0
    outer loop
      vertex 41.4494 12.8936 4
      vertex 42.3667 12.7112 0
      vertex 41.4494 12.8936 0
    endloop
  endfacet
  facet normal -0.0654332 0.997857 0
    outer loop
      vertex 44.2333 12.7112 0
      vertex 43.3 12.65 4
      vertex 44.2333 12.7112 4
    endloop
  endfacet
  facet normal -0.0654332 0.997857 0
    outer loop
      vertex 43.3 12.65 4
      vertex 44.2333 12.7112 0
      vertex 43.3 12.65 0
    endloop
  endfacet
  facet normal 0.321516 -0.946904 0
    outer loop
      vertex 40.5638 26.4057 0
      vertex 41.4494 26.7064 4
      vertex 40.5638 26.4057 4
    endloop
  endfacet
  facet normal 0.321516 -0.946904 0
    outer loop
      vertex 41.4494 26.7064 4
      vertex 40.5638 26.4057 0
      vertex 41.4494 26.7064 0
    endloop
  endfacet
  facet normal 0.997857 0.0654332 0
    outer loop
      vertex 36.2112 18.8667 4
      vertex 36.15 19.8 0
      vertex 36.15 19.8 4
    endloop
  endfacet
  facet normal 0.997857 0.0654332 0
    outer loop
      vertex 36.15 19.8 0
      vertex 36.2112 18.8667 4
      vertex 36.2112 18.8667 0
    endloop
  endfacet
  facet normal 0.980798 0.195026 0
    outer loop
      vertex 36.3936 17.9494 4
      vertex 36.2112 18.8667 0
      vertex 36.2112 18.8667 4
    endloop
  endfacet
  facet normal 0.980798 0.195026 0
    outer loop
      vertex 36.2112 18.8667 0
      vertex 36.3936 17.9494 4
      vertex 36.3936 17.9494 0
    endloop
  endfacet
  facet normal 0.659352 0.751834 -0
    outer loop
      vertex 38.9474 14.1275 0
      vertex 38.2442 14.7442 4
      vertex 38.9474 14.1275 4
    endloop
  endfacet
  facet normal 0.659352 0.751834 0
    outer loop
      vertex 38.2442 14.7442 4
      vertex 38.9474 14.1275 0
      vertex 38.2442 14.7442 0
    endloop
  endfacet
  facet normal 0.946904 -0.321516 0
    outer loop
      vertex 36.3936 21.6506 4
      vertex 36.6943 22.5362 0
      vertex 36.6943 22.5362 4
    endloop
  endfacet
  facet normal 0.946904 -0.321516 0
    outer loop
      vertex 36.6943 22.5362 0
      vertex 36.3936 21.6506 4
      vertex 36.3936 21.6506 0
    endloop
  endfacet
  facet normal -1 0 0
    outer loop
      vertex 47.9 39.58 2
      vertex 47.9 49.6 5.5
      vertex 47.9 49.6 2
    endloop
  endfacet
  facet normal -1 -0 0
    outer loop
      vertex 47.9 49.6 5.5
      vertex 47.9 39.58 2
      vertex 47.9 39.58 5.5
    endloop
  endfacet
  facet normal 0 0 -1
    outer loop
      vertex 38.7 39.58 5.5
      vertex 47.9 49.6 5.5
      vertex 47.9 39.58 5.5
    endloop
  endfacet
  facet normal -0 0 -1
    outer loop
      vertex 47.9 49.6 5.5
      vertex 38.7 39.58 5.5
      vertex 38.7 49.6 5.5
    endloop
  endfacet
  facet normal -0 0 1
    outer loop
      vertex 38.7 49.6 2
      vertex 47.9 39.58 2
      vertex 47.9 49.6 2
    endloop
  endfacet
  facet normal 0 0 1
    outer loop
      vertex 47.9 39.58 2
      vertex 38.7 49.6 2
      vertex 38.7 39.58 2
    endloop
  endfacet
  facet normal 1 -0 0
    outer loop
      vertex 38.7 39.58 5.5
      vertex 38.7 49.6 2
      vertex 38.7 49.6 5.5
    endloop
  endfacet
  facet normal 1 0 0
    outer loop
      vertex 38.7 49.6 2
      vertex 38.7 39.58 5.5
      vertex 38.7 39.58 2
    endloop
  endfacet
  facet normal 0 1 -0
    outer loop
      vertex 47.9 39.58 2
      vertex 38.7 39.58 5.5
      vertex 47.9 39.58 5.5
    endloop
  endfacet
  facet normal 0 1 0
    outer loop
      vertex 38.7 39.58 5.5
      vertex 47.9 39.58 2
      vertex 38.7 39.58 2
    endloop
  endfacet
endsolid OpenSCAD_Model
