solid OpenSCAD_Model
  facet normal -0.57735 0.57735 -0.57735
    outer loop
      vertex 1.2 36.8 0
      vertex 0 36.8 1.2
      vertex 1.2 38 1.2
    endloop
  endfacet
  facet normal 0.57735 0.57735 -0.57735
    outer loop
      vertex 85 36.8 1.2
      vertex 83.8 36.8 0
      vertex 83.8 38 1.2
    endloop
  endfacet
  facet normal -0.707107 0 0.707107
    outer loop
      vertex 0 1.2 11.8
      vertex 1.2 36.8 13
      vertex 0 36.8 11.8
    endloop
  endfacet
  facet normal -0.707107 0 0.707107
    outer loop
      vertex 1.2 36.8 13
      vertex 0 1.2 11.8
      vertex 1.2 1.2 13
    endloop
  endfacet
  facet normal -0.57735 -0.57735 0.57735
    outer loop
      vertex 1.2 1.2 13
      vertex 0 1.2 11.8
      vertex 1.2 0 11.8
    endloop
  endfacet
  facet normal -0.707107 0 -0.707107
    outer loop
      vertex 1.2 1.2 0
      vertex 0 36.8 1.2
      vertex 1.2 36.8 0
    endloop
  endfacet
  facet normal -0.707107 -0 -0.707107
    outer loop
      vertex 0 36.8 1.2
      vertex 1.2 1.2 0
      vertex 0 1.2 1.2
    endloop
  endfacet
  facet normal 0 0 1
    outer loop
      vertex 83.8 36.8 13
      vertex 81 33.2 13
      vertex 83.8 1.2 13
    endloop
  endfacet
  facet normal 0 0 1
    outer loop
      vertex 83.8 36.8 13
      vertex 80.2 34 13
      vertex 81 33.2 13
    endloop
  endfacet
  facet normal -0 0 1
    outer loop
      vertex 65.4 36.8 13
      vertex 80.2 34 13
      vertex 83.8 36.8 13
    endloop
  endfacet
  facet normal 0 0 1
    outer loop
      vertex 80.2 34 13
      vertex 65.4 36.8 13
      vertex 65.4 34 13
    endloop
  endfacet
  facet normal -0 0 1
    outer loop
      vertex 81 4.8 13
      vertex 83.8 1.2 13
      vertex 81 33.2 13
    endloop
  endfacet
  facet normal -0 0 1
    outer loop
      vertex 80.2 4 13
      vertex 83.8 1.2 13
      vertex 81 4.8 13
    endloop
  endfacet
  facet normal 0 0 1
    outer loop
      vertex 65.4 1.2 13
      vertex 80.2 4 13
      vertex 65.4 4 13
    endloop
  endfacet
  facet normal 0 0 1
    outer loop
      vertex 80.2 4 13
      vertex 65.4 1.2 13
      vertex 83.8 1.2 13
    endloop
  endfacet
  facet normal 0 0 1
    outer loop
      vertex 19.6 36.8 13
      vertex 4.8 34 13
      vertex 19.6 34 13
    endloop
  endfacet
  facet normal 0 0 1
    outer loop
      vertex 4 33.2 13
      vertex 1.2 36.8 13
      vertex 4 4.8 13
    endloop
  endfacet
  facet normal 0 0 1
    outer loop
      vertex 4.8 34 13
      vertex 1.2 36.8 13
      vertex 4 33.2 13
    endloop
  endfacet
  facet normal -0 0 1
    outer loop
      vertex 1.2 36.8 13
      vertex 4.8 34 13
      vertex 19.6 36.8 13
    endloop
  endfacet
  facet normal -0 0 1
    outer loop
      vertex 4.8 4 13
      vertex 19.6 1.2 13
      vertex 19.6 4 13
    endloop
  endfacet
  facet normal 0 0 1
    outer loop
      vertex 4.8 4 13
      vertex 1.2 1.2 13
      vertex 19.6 1.2 13
    endloop
  endfacet
  facet normal 0 0 1
    outer loop
      vertex 4 4.8 13
      vertex 1.2 1.2 13
      vertex 4.8 4 13
    endloop
  endfacet
  facet normal 0 0 1
    outer loop
      vertex 1.2 1.2 13
      vertex 4 4.8 13
      vertex 1.2 36.8 13
    endloop
  endfacet
  facet normal 0 1 -0
    outer loop
      vertex 19.6 38 5
      vertex 1.2 38 11.8
      vertex 19.6 38 11.8
    endloop
  endfacet
  facet normal 0 1 -0
    outer loop
      vertex 20.6 38 1.2
      vertex 19.6 38 5
      vertex 20.6 38 4
    endloop
  endfacet
  facet normal 0 1 0
    outer loop
      vertex 19.6 38 5
      vertex 20.6 38 1.2
      vertex 1.2 38 1.2
    endloop
  endfacet
  facet normal 0 1 0
    outer loop
      vertex 19.6 38 5
      vertex 1.2 38 1.2
      vertex 1.2 38 11.8
    endloop
  endfacet
  facet normal 0 1 0
    outer loop
      vertex 83.8 38 11.8
      vertex 65.4 38 5
      vertex 65.4 38 11.8
    endloop
  endfacet
  facet normal 0 1 -0
    outer loop
      vertex 83.8 38 1.2
      vertex 65.4 38 5
      vertex 83.8 38 11.8
    endloop
  endfacet
  facet normal 0 1 0
    outer loop
      vertex 64.4 38 1.2
      vertex 65.4 38 5
      vertex 83.8 38 1.2
    endloop
  endfacet
  facet normal 0 1 0
    outer loop
      vertex 65.4 38 5
      vertex 64.4 38 1.2
      vertex 64.4 38 4
    endloop
  endfacet
  facet normal 0.707107 0.707107 0
    outer loop
      vertex 85 36.8 11.8
      vertex 83.8 38 1.2
      vertex 83.8 38 11.8
    endloop
  endfacet
  facet normal 0.707107 0.707107 0
    outer loop
      vertex 83.8 38 1.2
      vertex 85 36.8 11.8
      vertex 85 36.8 1.2
    endloop
  endfacet
  facet normal 0 -0.707107 0.707107
    outer loop
      vertex 65.4 0 11.8
      vertex 83.8 1.2 13
      vertex 65.4 1.2 13
    endloop
  endfacet
  facet normal 0 -0.707107 0.707107
    outer loop
      vertex 83.8 1.2 13
      vertex 65.4 0 11.8
      vertex 83.8 0 11.8
    endloop
  endfacet
  facet normal 0 -0.707107 0.707107
    outer loop
      vertex 1.2 0 11.8
      vertex 19.6 1.2 13
      vertex 1.2 1.2 13
    endloop
  endfacet
  facet normal 0 -0.707107 0.707107
    outer loop
      vertex 19.6 1.2 13
      vertex 1.2 0 11.8
      vertex 19.6 0 11.8
    endloop
  endfacet
  facet normal 0 -0.707107 -0.707107
    outer loop
      vertex 1.2 1.2 0
      vertex 20.6 0 1.2
      vertex 1.2 0 1.2
    endloop
  endfacet
  facet normal 0 -0.707107 -0.707107
    outer loop
      vertex 20.6 0 1.2
      vertex 1.2 1.2 0
      vertex 20.6 1.2 0
    endloop
  endfacet
  facet normal 0 -0.707107 -0.707107
    outer loop
      vertex 64.4 1.2 0
      vertex 83.8 0 1.2
      vertex 64.4 0 1.2
    endloop
  endfacet
  facet normal 0 -0.707107 -0.707107
    outer loop
      vertex 83.8 0 1.2
      vertex 64.4 1.2 0
      vertex 83.8 1.2 0
    endloop
  endfacet
  facet normal 1 0 0
    outer loop
      vertex 85 36.8 11.8
      vertex 85 26.22 7.2
      vertex 85 36.8 1.2
    endloop
  endfacet
  facet normal 1 0 0
    outer loop
      vertex 85 36.8 11.8
      vertex 85 26.2 7.22
      vertex 85 26.22 7.2
    endloop
  endfacet
  facet normal 1 0 0
    outer loop
      vertex 85 36.8 11.8
      vertex 85 11.8 7.22
      vertex 85 26.2 7.22
    endloop
  endfacet
  facet normal 1 -0 0
    outer loop
      vertex 85 1.2 11.8
      vertex 85 11.8 7.22
      vertex 85 36.8 11.8
    endloop
  endfacet
  facet normal 1 0 0
    outer loop
      vertex 85 1.2 11.8
      vertex 85 11.78 7.2
      vertex 85 11.8 7.22
    endloop
  endfacet
  facet normal 1 0 0
    outer loop
      vertex 85 1.2 1.2
      vertex 85 11.78 7.2
      vertex 85 1.2 11.8
    endloop
  endfacet
  facet normal 1 0 0
    outer loop
      vertex 85 11.78 7.2
      vertex 85 1.2 1.2
      vertex 85 11.78 1.2
    endloop
  endfacet
  facet normal 1 0 0
    outer loop
      vertex 85 36.8 1.2
      vertex 85 26.22 7.2
      vertex 85 26.22 1.2
    endloop
  endfacet
  facet normal 0 0 -1
    outer loop
      vertex 1.2 1.2 0
      vertex 20.6 3.74858 0
      vertex 20.6 1.2 0
    endloop
  endfacet
  facet normal -0 0 -1
    outer loop
      vertex 20.6 3.74858 0
      vertex 1.2 1.2 0
      vertex 20.6 34.2514 0
    endloop
  endfacet
  facet normal 0 0 -1
    outer loop
      vertex 1.2 36.8 0
      vertex 20.6 34.2514 0
      vertex 1.2 1.2 0
    endloop
  endfacet
  facet normal 0 0 -1
    outer loop
      vertex 20.6 34.2514 0
      vertex 1.2 36.8 0
      vertex 20.6 36.8 0
    endloop
  endfacet
  facet normal 0 0 -1
    outer loop
      vertex 64.4 3.74858 0
      vertex 49.65 19 0
      vertex 64.4 34.2514 0
    endloop
  endfacet
  facet normal 0 0 -1
    outer loop
      vertex 64.4 3.74858 0
      vertex 49.5414 17.7584 0
      vertex 49.65 19 0
    endloop
  endfacet
  facet normal 0 0 -1
    outer loop
      vertex 64.4 3.74858 0
      vertex 49.2188 16.5546 0
      vertex 49.5414 17.7584 0
    endloop
  endfacet
  facet normal 0 0 -1
    outer loop
      vertex 64.4 3.74858 0
      vertex 48.6921 15.425 0
      vertex 49.2188 16.5546 0
    endloop
  endfacet
  facet normal 0 0 -1
    outer loop
      vertex 64.4 3.74858 0
      vertex 47.9772 14.4041 0
      vertex 48.6921 15.425 0
    endloop
  endfacet
  facet normal 0 0 -1
    outer loop
      vertex 64.4 3.74858 0
      vertex 47.0959 13.5228 0
      vertex 47.9772 14.4041 0
    endloop
  endfacet
  facet normal 0 0 -1
    outer loop
      vertex 64.4 3.74858 0
      vertex 46.075 12.8079 0
      vertex 47.0959 13.5228 0
    endloop
  endfacet
  facet normal 0 0 -1
    outer loop
      vertex 64.4 3.74858 0
      vertex 44.9454 12.2812 0
      vertex 46.075 12.8079 0
    endloop
  endfacet
  facet normal 0 0 -1
    outer loop
      vertex 64.4 3.74858 0
      vertex 43.7416 11.9586 0
      vertex 44.9454 12.2812 0
    endloop
  endfacet
  facet normal 0 0 -1
    outer loop
      vertex 64.4 3.74858 0
      vertex 42.5 11.85 0
      vertex 43.7416 11.9586 0
    endloop
  endfacet
  facet normal 0 0 -1
    outer loop
      vertex 20.6 3.74858 0
      vertex 42.5 11.85 0
      vertex 64.4 3.74858 0
    endloop
  endfacet
  facet normal -0 0 -1
    outer loop
      vertex 42.5 11.85 0
      vertex 20.6 3.74858 0
      vertex 41.2584 11.9586 0
    endloop
  endfacet
  facet normal -0 0 -1
    outer loop
      vertex 35.4586 17.7584 0
      vertex 20.6 3.74858 0
      vertex 35.35 19 0
    endloop
  endfacet
  facet normal -0 0 -1
    outer loop
      vertex 35.7812 16.5546 0
      vertex 20.6 3.74858 0
      vertex 35.4586 17.7584 0
    endloop
  endfacet
  facet normal -0 0 -1
    outer loop
      vertex 36.3079 15.425 0
      vertex 20.6 3.74858 0
      vertex 35.7812 16.5546 0
    endloop
  endfacet
  facet normal -0 0 -1
    outer loop
      vertex 37.0228 14.4041 0
      vertex 20.6 3.74858 0
      vertex 36.3079 15.425 0
    endloop
  endfacet
  facet normal -0 0 -1
    outer loop
      vertex 37.9041 13.5228 0
      vertex 20.6 3.74858 0
      vertex 37.0228 14.4041 0
    endloop
  endfacet
  facet normal -0 0 -1
    outer loop
      vertex 38.925 12.8079 0
      vertex 20.6 3.74858 0
      vertex 37.9041 13.5228 0
    endloop
  endfacet
  facet normal -0 0 -1
    outer loop
      vertex 40.0546 12.2812 0
      vertex 20.6 3.74858 0
      vertex 38.925 12.8079 0
    endloop
  endfacet
  facet normal -0 0 -1
    outer loop
      vertex 41.2584 11.9586 0
      vertex 20.6 3.74858 0
      vertex 40.0546 12.2812 0
    endloop
  endfacet
  facet normal 0 0 -1
    outer loop
      vertex 64.4 3.74858 0
      vertex 83.8 1.2 0
      vertex 64.4 1.2 0
    endloop
  endfacet
  facet normal 0 0 -1
    outer loop
      vertex 83.8 1.2 0
      vertex 64.4 3.74858 0
      vertex 83.8 36.8 0
    endloop
  endfacet
  facet normal 0 0 -1
    outer loop
      vertex 64.4 34.2514 0
      vertex 83.8 36.8 0
      vertex 64.4 3.74858 0
    endloop
  endfacet
  facet normal -0 0 -1
    outer loop
      vertex 83.8 36.8 0
      vertex 64.4 34.2514 0
      vertex 64.4 36.8 0
    endloop
  endfacet
  facet normal 0 0 -1
    outer loop
      vertex 49.5414 20.2416 0
      vertex 64.4 34.2514 0
      vertex 49.65 19 0
    endloop
  endfacet
  facet normal 0 0 -1
    outer loop
      vertex 49.2188 21.4454 0
      vertex 64.4 34.2514 0
      vertex 49.5414 20.2416 0
    endloop
  endfacet
  facet normal 0 0 -1
    outer loop
      vertex 48.6921 22.575 0
      vertex 64.4 34.2514 0
      vertex 49.2188 21.4454 0
    endloop
  endfacet
  facet normal 0 0 -1
    outer loop
      vertex 47.9772 23.5959 0
      vertex 64.4 34.2514 0
      vertex 48.6921 22.575 0
    endloop
  endfacet
  facet normal 0 0 -1
    outer loop
      vertex 47.0959 24.4772 0
      vertex 64.4 34.2514 0
      vertex 47.9772 23.5959 0
    endloop
  endfacet
  facet normal 0 0 -1
    outer loop
      vertex 46.075 25.1921 0
      vertex 64.4 34.2514 0
      vertex 47.0959 24.4772 0
    endloop
  endfacet
  facet normal 0 0 -1
    outer loop
      vertex 44.9454 25.7188 0
      vertex 64.4 34.2514 0
      vertex 46.075 25.1921 0
    endloop
  endfacet
  facet normal 0 0 -1
    outer loop
      vertex 43.7416 26.0414 0
      vertex 64.4 34.2514 0
      vertex 44.9454 25.7188 0
    endloop
  endfacet
  facet normal 0 0 -1
    outer loop
      vertex 42.5 26.15 0
      vertex 64.4 34.2514 0
      vertex 43.7416 26.0414 0
    endloop
  endfacet
  facet normal 0 0 -1
    outer loop
      vertex 20.6 34.2514 0
      vertex 42.5 26.15 0
      vertex 41.2584 26.0414 0
    endloop
  endfacet
  facet normal 0 0 -1
    outer loop
      vertex 20.6 34.2514 0
      vertex 41.2584 26.0414 0
      vertex 40.0546 25.7188 0
    endloop
  endfacet
  facet normal 0 0 -1
    outer loop
      vertex 20.6 34.2514 0
      vertex 35.35 19 0
      vertex 20.6 3.74858 0
    endloop
  endfacet
  facet normal 0 0 -1
    outer loop
      vertex 35.35 19 0
      vertex 20.6 34.2514 0
      vertex 35.4586 20.2416 0
    endloop
  endfacet
  facet normal 0 0 -1
    outer loop
      vertex 35.4586 20.2416 0
      vertex 20.6 34.2514 0
      vertex 35.7812 21.4454 0
    endloop
  endfacet
  facet normal 0 0 -1
    outer loop
      vertex 35.7812 21.4454 0
      vertex 20.6 34.2514 0
      vertex 36.3079 22.575 0
    endloop
  endfacet
  facet normal 0 0 -1
    outer loop
      vertex 42.5 26.15 0
      vertex 20.6 34.2514 0
      vertex 64.4 34.2514 0
    endloop
  endfacet
  facet normal 0 0 -1
    outer loop
      vertex 38.925 25.1921 0
      vertex 20.6 34.2514 0
      vertex 40.0546 25.7188 0
    endloop
  endfacet
  facet normal 0 0 -1
    outer loop
      vertex 37.9041 24.4772 0
      vertex 20.6 34.2514 0
      vertex 38.925 25.1921 0
    endloop
  endfacet
  facet normal 0 0 -1
    outer loop
      vertex 37.0228 23.5959 0
      vertex 20.6 34.2514 0
      vertex 37.9041 24.4772 0
    endloop
  endfacet
  facet normal 0 0 -1
    outer loop
      vertex 36.3079 22.575 0
      vertex 20.6 34.2514 0
      vertex 37.0228 23.5959 0
    endloop
  endfacet
  facet normal -0.57735 0.57735 0.57735
    outer loop
      vertex 1.2 38 11.8
      vertex 0 36.8 11.8
      vertex 1.2 36.8 13
    endloop
  endfacet
  facet normal -1 0 0
    outer loop
      vertex 0 1.2 1.2
      vertex 0 36.8 11.8
      vertex 0 36.8 1.2
    endloop
  endfacet
  facet normal -1 -0 0
    outer loop
      vertex 0 36.8 11.8
      vertex 0 1.2 1.2
      vertex 0 1.2 11.8
    endloop
  endfacet
  facet normal 0 -1 0
    outer loop
      vertex 65.4 0 5
      vertex 83.8 0 11.8
      vertex 65.4 0 11.8
    endloop
  endfacet
  facet normal 0 -1 0
    outer loop
      vertex 64.4 0 1.2
      vertex 65.4 0 5
      vertex 64.4 0 4
    endloop
  endfacet
  facet normal 0 -1 -0
    outer loop
      vertex 65.4 0 5
      vertex 64.4 0 1.2
      vertex 83.8 0 1.2
    endloop
  endfacet
  facet normal 0 -1 0
    outer loop
      vertex 65.4 0 5
      vertex 83.8 0 1.2
      vertex 83.8 0 11.8
    endloop
  endfacet
  facet normal 0 -1 0
    outer loop
      vertex 1.2 0 11.8
      vertex 19.6 0 5
      vertex 19.6 0 11.8
    endloop
  endfacet
  facet normal 0 -1 0
    outer loop
      vertex 1.2 0 1.2
      vertex 19.6 0 5
      vertex 1.2 0 11.8
    endloop
  endfacet
  facet normal 0 -1 0
    outer loop
      vertex 20.6 0 1.2
      vertex 19.6 0 5
      vertex 1.2 0 1.2
    endloop
  endfacet
  facet normal 0 -1 0
    outer loop
      vertex 19.6 0 5
      vertex 20.6 0 1.2
      vertex 20.6 0 4
    endloop
  endfacet
  facet normal -0.707107 -0.707107 0
    outer loop
      vertex 1.2 0 1.2
      vertex 0 1.2 11.8
      vertex 0 1.2 1.2
    endloop
  endfacet
  facet normal -0.707107 -0.707107 0
    outer loop
      vertex 0 1.2 11.8
      vertex 1.2 0 1.2
      vertex 1.2 0 11.8
    endloop
  endfacet
  facet normal -0.57735 -0.57735 -0.57735
    outer loop
      vertex 1.2 0 1.2
      vertex 0 1.2 1.2
      vertex 1.2 1.2 0
    endloop
  endfacet
  facet normal 0.707107 -0 0.707107
    outer loop
      vertex 83.8 1.2 13
      vertex 85 36.8 11.8
      vertex 83.8 36.8 13
    endloop
  endfacet
  facet normal 0.707107 0 0.707107
    outer loop
      vertex 85 36.8 11.8
      vertex 83.8 1.2 13
      vertex 85 1.2 11.8
    endloop
  endfacet
  facet normal 0.57735 0.57735 0.57735
    outer loop
      vertex 83.8 38 11.8
      vertex 83.8 36.8 13
      vertex 85 36.8 11.8
    endloop
  endfacet
  facet normal -0.707107 0.707107 0
    outer loop
      vertex 0 36.8 1.2
      vertex 1.2 38 11.8
      vertex 1.2 38 1.2
    endloop
  endfacet
  facet normal -0.707107 0.707107 0
    outer loop
      vertex 1.2 38 11.8
      vertex 0 36.8 1.2
      vertex 0 36.8 11.8
    endloop
  endfacet
  facet normal 0 0.707107 0.707107
    outer loop
      vertex 19.6 38 11.8
      vertex 1.2 36.8 13
      vertex 19.6 36.8 13
    endloop
  endfacet
  facet normal 0 0.707107 0.707107
    outer loop
      vertex 1.2 36.8 13
      vertex 19.6 38 11.8
      vertex 1.2 38 11.8
    endloop
  endfacet
  facet normal 0 0.707107 0.707107
    outer loop
      vertex 83.8 38 11.8
      vertex 65.4 36.8 13
      vertex 83.8 36.8 13
    endloop
  endfacet
  facet normal 0 0.707107 0.707107
    outer loop
      vertex 65.4 36.8 13
      vertex 83.8 38 11.8
      vertex 65.4 38 11.8
    endloop
  endfacet
  facet normal 0.57735 -0.57735 0.57735
    outer loop
      vertex 83.8 1.2 13
      vertex 83.8 0 11.8
      vertex 85 1.2 11.8
    endloop
  endfacet
  facet normal 0.707107 -0.707107 0
    outer loop
      vertex 83.8 0 11.8
      vertex 85 1.2 1.2
      vertex 85 1.2 11.8
    endloop
  endfacet
  facet normal 0.707107 -0.707107 0
    outer loop
      vertex 85 1.2 1.2
      vertex 83.8 0 11.8
      vertex 83.8 0 1.2
    endloop
  endfacet
  facet normal 0 0.707107 -0.707107
    outer loop
      vertex 1.2 36.8 0
      vertex 20.6 38 1.2
      vertex 20.6 36.8 0
    endloop
  endfacet
  facet normal 0 0.707107 -0.707107
    outer loop
      vertex 20.6 38 1.2
      vertex 1.2 36.8 0
      vertex 1.2 38 1.2
    endloop
  endfacet
  facet normal 0 0.707107 -0.707107
    outer loop
      vertex 64.4 36.8 0
      vertex 83.8 38 1.2
      vertex 83.8 36.8 0
    endloop
  endfacet
  facet normal 0 0.707107 -0.707107
    outer loop
      vertex 83.8 38 1.2
      vertex 64.4 36.8 0
      vertex 64.4 38 1.2
    endloop
  endfacet
  facet normal 0.57735 -0.57735 -0.57735
    outer loop
      vertex 85 1.2 1.2
      vertex 83.8 0 1.2
      vertex 83.8 1.2 0
    endloop
  endfacet
  facet normal 0.707107 0 -0.707107
    outer loop
      vertex 85 26.22 1.2
      vertex 83.8 36.8 0
      vertex 85 36.8 1.2
    endloop
  endfacet
  facet normal 0.707107 1.4578e-14 -0.707107
    outer loop
      vertex 84.98 26.2 1.18
      vertex 83.8 36.8 0
      vertex 85 26.22 1.2
    endloop
  endfacet
  facet normal 0.707107 0 -0.707107
    outer loop
      vertex 84.98 11.8 1.18
      vertex 83.8 36.8 0
      vertex 84.98 26.2 1.18
    endloop
  endfacet
  facet normal 0.707107 0 -0.707107
    outer loop
      vertex 83.8 1.2 0
      vertex 85 11.78 1.2
      vertex 85 1.2 1.2
    endloop
  endfacet
  facet normal 0.707107 -1.45676e-14 -0.707107
    outer loop
      vertex 85 11.78 1.2
      vertex 83.8 1.2 0
      vertex 84.98 11.8 1.18
    endloop
  endfacet
  facet normal 0.707107 0 -0.707107
    outer loop
      vertex 84.98 11.8 1.18
      vertex 83.8 1.2 0
      vertex 83.8 36.8 0
    endloop
  endfacet
  facet normal 0.707107 0 0.707107
    outer loop
      vertex 94.2 26.2 8
      vertex 95 11.8 7.2
      vertex 95 26.2 7.2
    endloop
  endfacet
  facet normal 0.707107 0 0.707107
    outer loop
      vertex 95 11.8 7.2
      vertex 94.2 26.2 8
      vertex 94.2 11.8 8
    endloop
  endfacet
  facet normal 0.57735 0.57735 0.57735
    outer loop
      vertex 94.2 27 7.2
      vertex 94.2 26.2 8
      vertex 95 26.2 7.2
    endloop
  endfacet
  facet normal 0.57735 -0.57735 -0.577351
    outer loop
      vertex 95 11.8 0.799999
      vertex 94.2 11 0.799999
      vertex 94.2 11.8 0
    endloop
  endfacet
  facet normal -0.707107 0 0.707107
    outer loop
      vertex 85 11.8 7.22
      vertex 85.78 26.2 8
      vertex 85 26.2 7.22
    endloop
  endfacet
  facet normal -0.707107 0 0.707107
    outer loop
      vertex 85.78 26.2 8
      vertex 85 11.8 7.22
      vertex 85.78 11.8 8
    endloop
  endfacet
  facet normal -0 0 1
    outer loop
      vertex 85.78 26.2 8
      vertex 94.2 11.8 8
      vertex 94.2 26.2 8
    endloop
  endfacet
  facet normal 0 0 1
    outer loop
      vertex 94.2 11.8 8
      vertex 85.78 26.2 8
      vertex 85.78 11.8 8
    endloop
  endfacet
  facet normal 0.57735 0.57735 -0.577351
    outer loop
      vertex 95 26.2 0.799999
      vertex 94.2 26.2 0
      vertex 94.2 27 0.799999
    endloop
  endfacet
  facet normal -0.707106 0 -0.707107
    outer loop
      vertex 84.98 11.8 0.799999
      vertex 85.78 26.2 0
      vertex 85.78 11.8 0
    endloop
  endfacet
  facet normal -0.707106 0 -0.707107
    outer loop
      vertex 85.78 26.2 0
      vertex 84.98 11.8 0.799999
      vertex 84.98 26.2 0.799999
    endloop
  endfacet
  facet normal 0.707107 0.707107 -0
    outer loop
      vertex 95 26.2 0.799999
      vertex 94.2 27 7.2
      vertex 95 26.2 7.2
    endloop
  endfacet
  facet normal 0.707107 0.707107 0
    outer loop
      vertex 94.2 27 7.2
      vertex 95 26.2 0.799999
      vertex 94.2 27 0.799999
    endloop
  endfacet
  facet normal 0 1 -0
    outer loop
      vertex 94.2 27 0.799999
      vertex 85.78 27 7.2
      vertex 94.2 27 7.2
    endloop
  endfacet
  facet normal 0 1 0
    outer loop
      vertex 85.78 27 7.2
      vertex 94.2 27 0.799999
      vertex 85.78 27 0.799999
    endloop
  endfacet
  facet normal 0 -0.707107 0.707107
    outer loop
      vertex 85.78 11 7.2
      vertex 94.2 11.8 8
      vertex 85.78 11.8 8
    endloop
  endfacet
  facet normal 0 -0.707107 0.707107
    outer loop
      vertex 94.2 11.8 8
      vertex 85.78 11 7.2
      vertex 94.2 11 7.2
    endloop
  endfacet
  facet normal 0 -1 0
    outer loop
      vertex 85.78 11 0.799999
      vertex 94.2 11 7.2
      vertex 85.78 11 7.2
    endloop
  endfacet
  facet normal 0 -1 -0
    outer loop
      vertex 94.2 11 7.2
      vertex 85.78 11 0.799999
      vertex 94.2 11 0.799999
    endloop
  endfacet
  facet normal 0 -0.707106 -0.707107
    outer loop
      vertex 85.78 11.8 0
      vertex 94.2 11 0.799999
      vertex 85.78 11 0.799999
    endloop
  endfacet
  facet normal 0 -0.707106 -0.707107
    outer loop
      vertex 94.2 11 0.799999
      vertex 85.78 11.8 0
      vertex 94.2 11.8 0
    endloop
  endfacet
  facet normal 0 0 -1
    outer loop
      vertex 85.78 11.8 0
      vertex 94.2 26.2 0
      vertex 94.2 11.8 0
    endloop
  endfacet
  facet normal -0 0 -1
    outer loop
      vertex 94.2 26.2 0
      vertex 85.78 11.8 0
      vertex 85.78 26.2 0
    endloop
  endfacet
  facet normal -0.57735 0.57735 -0.577351
    outer loop
      vertex 85.78 26.2 0
      vertex 84.98 26.2 0.799999
      vertex 85.78 27 0.799999
    endloop
  endfacet
  facet normal -1 0 0
    outer loop
      vertex 84.98 11.8 0.799999
      vertex 84.98 26.2 1.18
      vertex 84.98 26.2 0.799999
    endloop
  endfacet
  facet normal -1 -0 0
    outer loop
      vertex 84.98 26.2 1.18
      vertex 84.98 11.8 0.799999
      vertex 84.98 11.8 1.18
    endloop
  endfacet
  facet normal -0.57735 0.57735 0.57735
    outer loop
      vertex 85 26.2 7.22
      vertex 85.78 27 7.2
      vertex 85 26.22 7.2
    endloop
  endfacet
  facet normal -0.57735 0.57735 0.57735
    outer loop
      vertex 85.78 27 7.2
      vertex 85 26.2 7.22
      vertex 85.78 26.2 8
    endloop
  endfacet
  facet normal 0.707107 -0.707107 0
    outer loop
      vertex 94.2 11 0.799999
      vertex 95 11.8 7.2
      vertex 94.2 11 7.2
    endloop
  endfacet
  facet normal 0.707107 -0.707107 0
    outer loop
      vertex 95 11.8 7.2
      vertex 94.2 11 0.799999
      vertex 95 11.8 0.799999
    endloop
  endfacet
  facet normal 1 -0 0
    outer loop
      vertex 95 11.8 7.2
      vertex 95 26.2 0.799999
      vertex 95 26.2 7.2
    endloop
  endfacet
  facet normal 1 0 0
    outer loop
      vertex 95 26.2 0.799999
      vertex 95 11.8 7.2
      vertex 95 11.8 0.799999
    endloop
  endfacet
  facet normal -0.707107 0.707107 0
    outer loop
      vertex 85.78 27 7.2
      vertex 85 26.22 1.2
      vertex 85 26.22 7.2
    endloop
  endfacet
  facet normal -0.707107 0.707107 0
    outer loop
      vertex 85.78 27 0.799999
      vertex 85 26.22 1.2
      vertex 85.78 27 7.2
    endloop
  endfacet
  facet normal -0.707107 0.707107 -6.12549e-15
    outer loop
      vertex 84.98 26.2 0.799999
      vertex 85 26.22 1.2
      vertex 85.78 27 0.799999
    endloop
  endfacet
  facet normal -0.707107 0.707107 0
    outer loop
      vertex 85 26.22 1.2
      vertex 84.98 26.2 0.799999
      vertex 84.98 26.2 1.18
    endloop
  endfacet
  facet normal 0 0.707107 0.707107
    outer loop
      vertex 94.2 27 7.2
      vertex 85.78 26.2 8
      vertex 94.2 26.2 8
    endloop
  endfacet
  facet normal 0 0.707107 0.707107
    outer loop
      vertex 85.78 26.2 8
      vertex 94.2 27 7.2
      vertex 85.78 27 7.2
    endloop
  endfacet
  facet normal -0.57735 -0.57735 0.57735
    outer loop
      vertex 85 11.78 7.2
      vertex 85.78 11.8 8
      vertex 85 11.8 7.22
    endloop
  endfacet
  facet normal -0.57735 -0.57735 0.57735
    outer loop
      vertex 85.78 11.8 8
      vertex 85 11.78 7.2
      vertex 85.78 11 7.2
    endloop
  endfacet
  facet normal 0.707106 0 -0.707107
    outer loop
      vertex 94.2 11.8 0
      vertex 95 26.2 0.799999
      vertex 95 11.8 0.799999
    endloop
  endfacet
  facet normal 0.707106 0 -0.707107
    outer loop
      vertex 95 26.2 0.799999
      vertex 94.2 11.8 0
      vertex 94.2 26.2 0
    endloop
  endfacet
  facet normal 0.57735 -0.57735 0.57735
    outer loop
      vertex 94.2 11.8 8
      vertex 94.2 11 7.2
      vertex 95 11.8 7.2
    endloop
  endfacet
  facet normal 0 0.707106 -0.707107
    outer loop
      vertex 94.2 26.2 0
      vertex 85.78 27 0.799999
      vertex 94.2 27 0.799999
    endloop
  endfacet
  facet normal 0 0.707106 -0.707107
    outer loop
      vertex 85.78 27 0.799999
      vertex 94.2 26.2 0
      vertex 85.78 26.2 0
    endloop
  endfacet
  facet normal -0.707107 -0.707107 0
    outer loop
      vertex 85 11.78 1.2
      vertex 85.78 11 7.2
      vertex 85 11.78 7.2
    endloop
  endfacet
  facet normal -0.707107 -0.707107 0
    outer loop
      vertex 84.98 11.8 0.799999
      vertex 85 11.78 1.2
      vertex 84.98 11.8 1.18
    endloop
  endfacet
  facet normal -0.707107 -0.707107 -9.3224e-15
    outer loop
      vertex 85.78 11 0.799999
      vertex 85 11.78 1.2
      vertex 84.98 11.8 0.799999
    endloop
  endfacet
  facet normal -0.707107 -0.707107 0
    outer loop
      vertex 85 11.78 1.2
      vertex 85.78 11 0.799999
      vertex 85.78 11 7.2
    endloop
  endfacet
  facet normal -0.57735 -0.57735 -0.577351
    outer loop
      vertex 85.78 11 0.799999
      vertex 84.98 11.8 0.799999
      vertex 85.78 11.8 0
    endloop
  endfacet
  facet normal -0.57735 -0.57735 0.57735
    outer loop
      vertex 65.1 4.1 4.7
      vertex 64.4 4.45 4.35
      vertex 64.4 4.1 4
    endloop
  endfacet
  facet normal 0.57735 -0.57735 0.57735
    outer loop
      vertex 20.6 4.1 4
      vertex 20.6 4.45 4.35
      vertex 19.9 4.1 4.7
    endloop
  endfacet
  facet normal 1 0 0
    outer loop
      vertex 19.6 0 11.8
      vertex 19.6 4 13
      vertex 19.6 1.2 13
    endloop
  endfacet
  facet normal 1 0 0
    outer loop
      vertex 19.6 4 13
      vertex 19.6 0 11.8
      vertex 19.6 4 5
    endloop
  endfacet
  facet normal 1 0 0
    outer loop
      vertex 19.6 4 5
      vertex 19.6 0 11.8
      vertex 19.6 0 5
    endloop
  endfacet
  facet normal 0.707107 0 0.707107
    outer loop
      vertex 19.6 4 5
      vertex 19.6 0 5
      vertex 19.8 4 4.8
    endloop
  endfacet
  facet normal 0.707107 1.52804e-14 0.707107
    outer loop
      vertex 19.8 4 4.8
      vertex 20.6 4.1 4
      vertex 19.9 4.1 4.7
    endloop
  endfacet
  facet normal 0.707107 1.57009e-16 0.707107
    outer loop
      vertex 20.6 0 4
      vertex 19.8 4 4.8
      vertex 19.6 0 5
    endloop
  endfacet
  facet normal 0.707107 0 0.707107
    outer loop
      vertex 19.8 4 4.8
      vertex 20.6 0 4
      vertex 20.6 4.1 4
    endloop
  endfacet
  facet normal -1 0 0
    outer loop
      vertex 65.4 0 11.8
      vertex 65.4 4 13
      vertex 65.4 4 5
    endloop
  endfacet
  facet normal -1 0 0
    outer loop
      vertex 65.4 0 11.8
      vertex 65.4 4 5
      vertex 65.4 0 5
    endloop
  endfacet
  facet normal -1 -0 0
    outer loop
      vertex 65.4 4 13
      vertex 65.4 0 11.8
      vertex 65.4 1.2 13
    endloop
  endfacet
  facet normal -0.707107 -7.51401e-14 0.707107
    outer loop
      vertex 64.4 4.1 4
      vertex 65.2 4 4.8
      vertex 65.1 4.1 4.7
    endloop
  endfacet
  facet normal -0.707107 0 0.707107
    outer loop
      vertex 64.4 0 4
      vertex 65.2 4 4.8
      vertex 64.4 4.1 4
    endloop
  endfacet
  facet normal -0.707107 -4.71028e-16 0.707107
    outer loop
      vertex 65.4 0 5
      vertex 65.2 4 4.8
      vertex 64.4 0 4
    endloop
  endfacet
  facet normal -0.707107 0 0.707107
    outer loop
      vertex 65.2 4 4.8
      vertex 65.4 0 5
      vertex 65.4 4 5
    endloop
  endfacet
  facet normal 0.707107 0 0.707107
    outer loop
      vertex 19.8 34 4.8
      vertex 19.6 38 5
      vertex 19.6 34 5
    endloop
  endfacet
  facet normal 0.707107 -1.57009e-16 0.707107
    outer loop
      vertex 19.6 38 5
      vertex 19.8 34 4.8
      vertex 20.6 38 4
    endloop
  endfacet
  facet normal 0.707107 -1.57009e-14 0.707107
    outer loop
      vertex 20.6 33.9 4
      vertex 19.8 34 4.8
      vertex 19.9 33.9 4.7
    endloop
  endfacet
  facet normal 0.707107 0 0.707107
    outer loop
      vertex 19.8 34 4.8
      vertex 20.6 33.9 4
      vertex 20.6 38 4
    endloop
  endfacet
  facet normal 1 -0 0
    outer loop
      vertex 19.6 34 13
      vertex 19.6 38 11.8
      vertex 19.6 36.8 13
    endloop
  endfacet
  facet normal 1 0 0
    outer loop
      vertex 19.6 38 11.8
      vertex 19.6 34 13
      vertex 19.6 34 5
    endloop
  endfacet
  facet normal 1 0 0
    outer loop
      vertex 19.6 38 11.8
      vertex 19.6 34 5
      vertex 19.6 38 5
    endloop
  endfacet
  facet normal 0.57735 0.57735 0.57735
    outer loop
      vertex 20.6 33.55 4.35
      vertex 20.6 33.9 4
      vertex 19.9 33.9 4.7
    endloop
  endfacet
  facet normal -1 0 0
    outer loop
      vertex 65.4 34 5
      vertex 65.4 38 11.8
      vertex 65.4 38 5
    endloop
  endfacet
  facet normal -1 0 0
    outer loop
      vertex 65.4 34 13
      vertex 65.4 38 11.8
      vertex 65.4 34 5
    endloop
  endfacet
  facet normal -1 0 0
    outer loop
      vertex 65.4 38 11.8
      vertex 65.4 34 13
      vertex 65.4 36.8 13
    endloop
  endfacet
  facet normal -0.57735 0.57735 0.57735
    outer loop
      vertex 65.1 33.9 4.7
      vertex 64.4 33.9 4
      vertex 64.4 33.55 4.35
    endloop
  endfacet
  facet normal -0.707107 4.71028e-16 0.707107
    outer loop
      vertex 64.4 38 4
      vertex 65.2 34 4.8
      vertex 65.4 38 5
    endloop
  endfacet
  facet normal -0.707107 0 0.707107
    outer loop
      vertex 64.4 33.9 4
      vertex 65.2 34 4.8
      vertex 64.4 38 4
    endloop
  endfacet
  facet normal -0.707107 7.44392e-14 0.707107
    outer loop
      vertex 65.2 34 4.8
      vertex 64.4 33.9 4
      vertex 65.1 33.9 4.7
    endloop
  endfacet
  facet normal -0.707107 0 0.707107
    outer loop
      vertex 65.4 38 5
      vertex 65.2 34 4.8
      vertex 65.4 34 5
    endloop
  endfacet
  facet normal 0 -0.906308 0.422618
    outer loop
      vertex 20.6 4.76314 1.25
      vertex 64.4 5.16831 2.11889
      vertex 20.6 5.16831 2.11889
    endloop
  endfacet
  facet normal 0 -0.906308 0.422618
    outer loop
      vertex 64.4 5.16831 2.11889
      vertex 20.6 4.76314 1.25
      vertex 64.4 4.76314 1.25
    endloop
  endfacet
  facet normal 0 -0.707112 0.707101
    outer loop
      vertex 20.6 4.21324 0.464667
      vertex 64.4 3.74858 0
      vertex 64.4 4.21324 0.464667
    endloop
  endfacet
  facet normal 0 -0.707112 0.707101
    outer loop
      vertex 64.4 3.74858 0
      vertex 20.6 4.21324 0.464667
      vertex 20.6 3.74858 0
    endloop
  endfacet
  facet normal 1 -0 0
    outer loop
      vertex 20.6 4.8 4
      vertex 20.6 5.41644 3.04493
      vertex 20.6 5.5 4
    endloop
  endfacet
  facet normal 1 -0 0
    outer loop
      vertex 20.6 4.1 4
      vertex 20.6 5.41644 3.04493
      vertex 20.6 4.8 4
    endloop
  endfacet
  facet normal 1 0 0
    outer loop
      vertex 20.6 5.41644 3.04493
      vertex 20.6 4.1 4
      vertex 20.6 5.16831 2.11889
    endloop
  endfacet
  facet normal 1 0 0
    outer loop
      vertex 20.6 4.1 4
      vertex 20.6 4.8 4
      vertex 20.6 4.45 4.35
    endloop
  endfacet
  facet normal 1 0 0
    outer loop
      vertex 20.6 5.16831 2.11889
      vertex 20.6 4.1 4
      vertex 20.6 4.76314 1.25
    endloop
  endfacet
  facet normal 1 0 0
    outer loop
      vertex 20.6 4.76314 1.25
      vertex 20.6 4.1 4
      vertex 20.6 4.21324 0.464667
    endloop
  endfacet
  facet normal 1 0 0
    outer loop
      vertex 20.6 1.2 0
      vertex 20.6 4.21324 0.464667
      vertex 20.6 4.1 4
    endloop
  endfacet
  facet normal 1 0 0
    outer loop
      vertex 20.6 4.21324 0.464667
      vertex 20.6 1.2 0
      vertex 20.6 3.74858 0
    endloop
  endfacet
  facet normal 1 0 0
    outer loop
      vertex 20.6 0 1.2
      vertex 20.6 4.1 4
      vertex 20.6 0 4
    endloop
  endfacet
  facet normal 1 0 0
    outer loop
      vertex 20.6 4.1 4
      vertex 20.6 0 1.2
      vertex 20.6 1.2 0
    endloop
  endfacet
  facet normal 0 -0.965926 0.258817
    outer loop
      vertex 20.6 5.16831 2.11889
      vertex 64.4 5.41644 3.04493
      vertex 20.6 5.41644 3.04493
    endloop
  endfacet
  facet normal 0 -0.965926 0.258817
    outer loop
      vertex 64.4 5.41644 3.04493
      vertex 20.6 5.16831 2.11889
      vertex 64.4 5.16831 2.11889
    endloop
  endfacet
  facet normal -1 0 0
    outer loop
      vertex 64.4 4.1 4
      vertex 64.4 5.41644 3.04493
      vertex 64.4 5.16831 2.11889
    endloop
  endfacet
  facet normal -1 0 0
    outer loop
      vertex 64.4 5.41644 3.04493
      vertex 64.4 4.8 4
      vertex 64.4 5.5 4
    endloop
  endfacet
  facet normal -1 0 0
    outer loop
      vertex 64.4 4.1 4
      vertex 64.4 5.16831 2.11889
      vertex 64.4 4.76314 1.25
    endloop
  endfacet
  facet normal -1 0 0
    outer loop
      vertex 64.4 5.41644 3.04493
      vertex 64.4 4.1 4
      vertex 64.4 4.8 4
    endloop
  endfacet
  facet normal -1 0 0
    outer loop
      vertex 64.4 4.1 4
      vertex 64.4 4.76314 1.25
      vertex 64.4 4.21324 0.464667
    endloop
  endfacet
  facet normal -1 0 0
    outer loop
      vertex 64.4 4.8 4
      vertex 64.4 4.1 4
      vertex 64.4 4.45 4.35
    endloop
  endfacet
  facet normal -1 0 0
    outer loop
      vertex 64.4 1.2 0
      vertex 64.4 4.21324 0.464667
      vertex 64.4 3.74858 0
    endloop
  endfacet
  facet normal -1 -0 0
    outer loop
      vertex 64.4 4.21324 0.464667
      vertex 64.4 1.2 0
      vertex 64.4 4.1 4
    endloop
  endfacet
  facet normal -1 0 0
    outer loop
      vertex 64.4 0 1.2
      vertex 64.4 4.1 4
      vertex 64.4 1.2 0
    endloop
  endfacet
  facet normal -1 -0 0
    outer loop
      vertex 64.4 4.1 4
      vertex 64.4 0 1.2
      vertex 64.4 0 4
    endloop
  endfacet
  facet normal 0 -0.81915 0.573579
    outer loop
      vertex 20.6 4.21324 0.464667
      vertex 64.4 4.76314 1.25
      vertex 20.6 4.76314 1.25
    endloop
  endfacet
  facet normal 0 -0.81915 0.573579
    outer loop
      vertex 64.4 4.76314 1.25
      vertex 20.6 4.21324 0.464667
      vertex 64.4 4.21324 0.464667
    endloop
  endfacet
  facet normal 0 -0.996194 0.087158
    outer loop
      vertex 20.6 5.41644 3.04493
      vertex 64.4 5.5 4
      vertex 20.6 5.5 4
    endloop
  endfacet
  facet normal 0 -0.996194 0.087158
    outer loop
      vertex 64.4 5.5 4
      vertex 20.6 5.41644 3.04493
      vertex 64.4 5.41644 3.04493
    endloop
  endfacet
  facet normal 0 0.965934 0.258788
    outer loop
      vertex 64.4 32.8317 2.11889
      vertex 20.6 32.5836 3.04493
      vertex 64.4 32.5836 3.04493
    endloop
  endfacet
  facet normal 0 0.965934 0.258788
    outer loop
      vertex 20.6 32.5836 3.04493
      vertex 64.4 32.8317 2.11889
      vertex 20.6 32.8317 2.11889
    endloop
  endfacet
  facet normal 0 0.81915 0.573579
    outer loop
      vertex 64.4 33.7868 0.464667
      vertex 20.6 33.2369 1.25
      vertex 64.4 33.2369 1.25
    endloop
  endfacet
  facet normal 0 0.81915 0.573579
    outer loop
      vertex 20.6 33.2369 1.25
      vertex 64.4 33.7868 0.464667
      vertex 20.6 33.7868 0.464667
    endloop
  endfacet
  facet normal 0 0.906296 0.422644
    outer loop
      vertex 64.4 33.2369 1.25
      vertex 20.6 32.8317 2.11889
      vertex 64.4 32.8317 2.11889
    endloop
  endfacet
  facet normal 0 0.906296 0.422644
    outer loop
      vertex 20.6 32.8317 2.11889
      vertex 64.4 33.2369 1.25
      vertex 20.6 33.2369 1.25
    endloop
  endfacet
  facet normal 0 0.996191 0.0871994
    outer loop
      vertex 64.4 32.5836 3.04493
      vertex 20.6 32.5 4
      vertex 64.4 32.5 4
    endloop
  endfacet
  facet normal 0 0.996191 0.0871994
    outer loop
      vertex 20.6 32.5 4
      vertex 64.4 32.5836 3.04493
      vertex 20.6 32.5836 3.04493
    endloop
  endfacet
  facet normal -1 0 0
    outer loop
      vertex 64.4 33.9 4
      vertex 64.4 38 1.2
      vertex 64.4 36.8 0
    endloop
  endfacet
  facet normal -1 0 0
    outer loop
      vertex 64.4 33.7868 0.464667
      vertex 64.4 36.8 0
      vertex 64.4 34.2514 0
    endloop
  endfacet
  facet normal -1 0 0
    outer loop
      vertex 64.4 38 1.2
      vertex 64.4 33.9 4
      vertex 64.4 38 4
    endloop
  endfacet
  facet normal -1 0 0
    outer loop
      vertex 64.4 36.8 0
      vertex 64.4 33.7868 0.464667
      vertex 64.4 33.9 4
    endloop
  endfacet
  facet normal -1 0 0
    outer loop
      vertex 64.4 33.2369 1.25
      vertex 64.4 33.9 4
      vertex 64.4 33.7868 0.464667
    endloop
  endfacet
  facet normal -1 0 0
    outer loop
      vertex 64.4 32.8317 2.11889
      vertex 64.4 33.9 4
      vertex 64.4 33.2369 1.25
    endloop
  endfacet
  facet normal -1 0 0
    outer loop
      vertex 64.4 32.5836 3.04493
      vertex 64.4 33.9 4
      vertex 64.4 32.8317 2.11889
    endloop
  endfacet
  facet normal -1 0 0
    outer loop
      vertex 64.4 33.9 4
      vertex 64.4 33.2 4
      vertex 64.4 33.55 4.35
    endloop
  endfacet
  facet normal -1 -0 0
    outer loop
      vertex 64.4 33.9 4
      vertex 64.4 32.5836 3.04493
      vertex 64.4 33.2 4
    endloop
  endfacet
  facet normal -1 -0 0
    outer loop
      vertex 64.4 33.2 4
      vertex 64.4 32.5836 3.04493
      vertex 64.4 32.5 4
    endloop
  endfacet
  facet normal -0 0.707158 0.707056
    outer loop
      vertex 20.6 34.2514 0
      vertex 64.4 33.7868 0.464667
      vertex 64.4 34.2514 0
    endloop
  endfacet
  facet normal 0 0.707158 0.707056
    outer loop
      vertex 64.4 33.7868 0.464667
      vertex 20.6 34.2514 0
      vertex 20.6 33.7868 0.464667
    endloop
  endfacet
  facet normal 1 -0 0
    outer loop
      vertex 20.6 33.9 4
      vertex 20.6 38 1.2
      vertex 20.6 38 4
    endloop
  endfacet
  facet normal 1 0 0
    outer loop
      vertex 20.6 38 1.2
      vertex 20.6 33.9 4
      vertex 20.6 36.8 0
    endloop
  endfacet
  facet normal 1 -0 0
    outer loop
      vertex 20.6 33.7868 0.464667
      vertex 20.6 36.8 0
      vertex 20.6 33.9 4
    endloop
  endfacet
  facet normal 1 0 0
    outer loop
      vertex 20.6 36.8 0
      vertex 20.6 33.7868 0.464667
      vertex 20.6 34.2514 0
    endloop
  endfacet
  facet normal 1 0 0
    outer loop
      vertex 20.6 33.2 4
      vertex 20.6 33.9 4
      vertex 20.6 33.55 4.35
    endloop
  endfacet
  facet normal 1 0 0
    outer loop
      vertex 20.6 33.9 4
      vertex 20.6 33.2369 1.25
      vertex 20.6 33.7868 0.464667
    endloop
  endfacet
  facet normal 1 0 0
    outer loop
      vertex 20.6 32.5836 3.04493
      vertex 20.6 33.9 4
      vertex 20.6 33.2 4
    endloop
  endfacet
  facet normal 1 0 0
    outer loop
      vertex 20.6 33.9 4
      vertex 20.6 32.8317 2.11889
      vertex 20.6 33.2369 1.25
    endloop
  endfacet
  facet normal 1 0 0
    outer loop
      vertex 20.6 33.9 4
      vertex 20.6 32.5836 3.04493
      vertex 20.6 32.8317 2.11889
    endloop
  endfacet
  facet normal 1 0 -0
    outer loop
      vertex 20.6 32.5836 3.04493
      vertex 20.6 33.2 4
      vertex 20.6 32.5 4
    endloop
  endfacet
  facet normal -0.965906 -0.258895 0
    outer loop
      vertex 20.6529 9.13831 0.780001
      vertex 20.513 9.66026 4
      vertex 20.513 9.66026 0.780001
    endloop
  endfacet
  facet normal -0.965906 -0.258895 0
    outer loop
      vertex 20.513 9.66026 4
      vertex 20.6529 9.13831 0.780001
      vertex 20.6529 9.13831 4
    endloop
  endfacet
  facet normal -0.996194 -0.087163 0
    outer loop
      vertex 20.7 8.6 0.780001
      vertex 20.6529 9.13831 4
      vertex 20.6529 9.13831 0.780001
    endloop
  endfacet
  facet normal -0.996194 -0.087163 0
    outer loop
      vertex 20.6529 9.13831 4
      vertex 20.7 8.6 0.780001
      vertex 20.7 8.6 4
    endloop
  endfacet
  facet normal -0.906357 -0.422513 0
    outer loop
      vertex 20.513 9.66026 0.780001
      vertex 20.2847 10.15 4
      vertex 20.2847 10.15 0.780001
    endloop
  endfacet
  facet normal -0.906357 -0.422513 0
    outer loop
      vertex 20.2847 10.15 4
      vertex 20.513 9.66026 0.780001
      vertex 20.513 9.66026 4
    endloop
  endfacet
  facet normal -0.8191 0.573651 0
    outer loop
      vertex 19.9747 6.60736 0.780001
      vertex 20.2847 7.05 4
      vertex 20.2847 7.05 0.780001
    endloop
  endfacet
  facet normal -0.8191 0.573651 0
    outer loop
      vertex 20.2847 7.05 4
      vertex 19.9747 6.60736 0.780001
      vertex 19.9747 6.60736 4
    endloop
  endfacet
  facet normal 0.258872 -0.965912 0
    outer loop
      vertex 16.5397 11.513 0.780001
      vertex 17.0617 11.6529 4
      vertex 16.5397 11.513 4
    endloop
  endfacet
  facet normal 0.258872 -0.965912 0
    outer loop
      vertex 17.0617 11.6529 4
      vertex 16.5397 11.513 0.780001
      vertex 17.0617 11.6529 0.780001
    endloop
  endfacet
  facet normal -0.258785 0.965935 0
    outer loop
      vertex 18.6603 5.68695 0.780001
      vertex 18.1383 5.5471 4
      vertex 18.6603 5.68695 4
    endloop
  endfacet
  facet normal -0.258785 0.965935 0
    outer loop
      vertex 18.1383 5.5471 4
      vertex 18.6603 5.68695 0.780001
      vertex 18.1383 5.5471 0.780001
    endloop
  endfacet
  facet normal 0.8191 0.573651 0
    outer loop
      vertex 15.2253 6.60736 4
      vertex 14.9153 7.05 0.780001
      vertex 14.9153 7.05 4
    endloop
  endfacet
  facet normal 0.8191 0.573651 0
    outer loop
      vertex 14.9153 7.05 0.780001
      vertex 15.2253 6.60736 4
      vertex 15.2253 6.60736 0.780001
    endloop
  endfacet
  facet normal 0.707107 0.707107 0
    outer loop
      vertex 15.6074 6.22526 4
      vertex 15.2253 6.60736 0.780001
      vertex 15.2253 6.60736 4
    endloop
  endfacet
  facet normal 0.707107 0.707107 0
    outer loop
      vertex 15.2253 6.60736 0.780001
      vertex 15.6074 6.22526 4
      vertex 15.6074 6.22526 0.780001
    endloop
  endfacet
  facet normal 0.422647 0.906294 -0
    outer loop
      vertex 16.5397 5.68695 0.780001
      vertex 16.05 5.91532 4
      vertex 16.5397 5.68695 4
    endloop
  endfacet
  facet normal 0.422647 0.906294 0
    outer loop
      vertex 16.05 5.91532 4
      vertex 16.5397 5.68695 0.780001
      vertex 16.05 5.91532 0.780001
    endloop
  endfacet
  facet normal 0.258785 0.965935 -0
    outer loop
      vertex 17.0617 5.5471 0.780001
      vertex 16.5397 5.68695 4
      vertex 17.0617 5.5471 4
    endloop
  endfacet
  facet normal 0.258785 0.965935 0
    outer loop
      vertex 16.5397 5.68695 4
      vertex 17.0617 5.5471 0.780001
      vertex 16.5397 5.68695 0.780001
    endloop
  endfacet
  facet normal -0.996194 0.087163 0
    outer loop
      vertex 20.6529 8.06169 0.780001
      vertex 20.7 8.6 4
      vertex 20.7 8.6 0.780001
    endloop
  endfacet
  facet normal -0.996194 0.087163 0
    outer loop
      vertex 20.7 8.6 4
      vertex 20.6529 8.06169 0.780001
      vertex 20.6529 8.06169 4
    endloop
  endfacet
  facet normal -0.573686 -0.819075 0
    outer loop
      vertex 19.15 11.2847 0.780001
      vertex 19.5926 10.9747 4
      vertex 19.15 11.2847 4
    endloop
  endfacet
  facet normal -0.573686 -0.819075 -0
    outer loop
      vertex 19.5926 10.9747 4
      vertex 19.15 11.2847 0.780001
      vertex 19.5926 10.9747 0.780001
    endloop
  endfacet
  facet normal -0.422541 -0.906344 0
    outer loop
      vertex 18.6603 11.513 0.780001
      vertex 19.15 11.2847 4
      vertex 18.6603 11.513 4
    endloop
  endfacet
  facet normal -0.422541 -0.906344 -0
    outer loop
      vertex 19.15 11.2847 4
      vertex 18.6603 11.513 0.780001
      vertex 19.15 11.2847 0.780001
    endloop
  endfacet
  facet normal -0.965906 0.258895 0
    outer loop
      vertex 20.513 7.53974 0.780001
      vertex 20.6529 8.06169 4
      vertex 20.6529 8.06169 0.780001
    endloop
  endfacet
  facet normal -0.965906 0.258895 0
    outer loop
      vertex 20.6529 8.06169 4
      vertex 20.513 7.53974 0.780001
      vertex 20.513 7.53974 4
    endloop
  endfacet
  facet normal 0.906357 0.422513 0
    outer loop
      vertex 14.9153 7.05 4
      vertex 14.687 7.53974 0.780001
      vertex 14.687 7.53974 4
    endloop
  endfacet
  facet normal 0.906357 0.422513 0
    outer loop
      vertex 14.687 7.53974 0.780001
      vertex 14.9153 7.05 4
      vertex 14.9153 7.05 0.780001
    endloop
  endfacet
  facet normal 0.996194 -0.087163 0
    outer loop
      vertex 14.5 8.6 4
      vertex 14.5471 9.13831 0.780001
      vertex 14.5471 9.13831 4
    endloop
  endfacet
  facet normal 0.996194 -0.087163 0
    outer loop
      vertex 14.5471 9.13831 0.780001
      vertex 14.5 8.6 4
      vertex 14.5 8.6 0.780001
    endloop
  endfacet
  facet normal -0.422647 0.906294 0
    outer loop
      vertex 19.15 5.91532 0.780001
      vertex 18.6603 5.68695 4
      vertex 19.15 5.91532 4
    endloop
  endfacet
  facet normal -0.422647 0.906294 0
    outer loop
      vertex 18.6603 5.68695 4
      vertex 19.15 5.91532 0.780001
      vertex 18.6603 5.68695 0.780001
    endloop
  endfacet
  facet normal -0.0871647 0.996194 0
    outer loop
      vertex 18.1383 5.5471 0.780001
      vertex 17.6 5.5 4
      vertex 18.1383 5.5471 4
    endloop
  endfacet
  facet normal -0.0871647 0.996194 0
    outer loop
      vertex 17.6 5.5 4
      vertex 18.1383 5.5471 0.780001
      vertex 17.6 5.5 0.780001
    endloop
  endfacet
  facet normal -0.258872 -0.965912 0
    outer loop
      vertex 18.1383 11.6529 0.780001
      vertex 18.6603 11.513 4
      vertex 18.1383 11.6529 4
    endloop
  endfacet
  facet normal -0.258872 -0.965912 -0
    outer loop
      vertex 18.6603 11.513 4
      vertex 18.1383 11.6529 0.780001
      vertex 18.6603 11.513 0.780001
    endloop
  endfacet
  facet normal 0.573686 -0.819075 0
    outer loop
      vertex 15.6074 10.9747 0.780001
      vertex 16.05 11.2847 4
      vertex 15.6074 10.9747 4
    endloop
  endfacet
  facet normal 0.573686 -0.819075 0
    outer loop
      vertex 16.05 11.2847 4
      vertex 15.6074 10.9747 0.780001
      vertex 16.05 11.2847 0.780001
    endloop
  endfacet
  facet normal -0.819075 -0.573686 0
    outer loop
      vertex 20.2847 10.15 0.780001
      vertex 19.9747 10.5926 4
      vertex 19.9747 10.5926 0.780001
    endloop
  endfacet
  facet normal -0.819075 -0.573686 0
    outer loop
      vertex 19.9747 10.5926 4
      vertex 20.2847 10.15 0.780001
      vertex 20.2847 10.15 4
    endloop
  endfacet
  facet normal 0.422541 -0.906344 0
    outer loop
      vertex 16.05 11.2847 0.780001
      vertex 16.5397 11.513 4
      vertex 16.05 11.2847 4
    endloop
  endfacet
  facet normal 0.422541 -0.906344 0
    outer loop
      vertex 16.5397 11.513 4
      vertex 16.05 11.2847 0.780001
      vertex 16.5397 11.513 0.780001
    endloop
  endfacet
  facet normal 0.819075 -0.573686 0
    outer loop
      vertex 14.9153 10.15 4
      vertex 15.2253 10.5926 0.780001
      vertex 15.2253 10.5926 4
    endloop
  endfacet
  facet normal 0.819075 -0.573686 0
    outer loop
      vertex 15.2253 10.5926 0.780001
      vertex 14.9153 10.15 4
      vertex 14.9153 10.15 0.780001
    endloop
  endfacet
  facet normal -0.906357 0.422513 0
    outer loop
      vertex 20.2847 7.05 0.780001
      vertex 20.513 7.53974 4
      vertex 20.513 7.53974 0.780001
    endloop
  endfacet
  facet normal -0.906357 0.422513 0
    outer loop
      vertex 20.513 7.53974 4
      vertex 20.2847 7.05 0.780001
      vertex 20.2847 7.05 4
    endloop
  endfacet
  facet normal 0.965906 -0.258895 0
    outer loop
      vertex 14.5471 9.13831 4
      vertex 14.687 9.66026 0.780001
      vertex 14.687 9.66026 4
    endloop
  endfacet
  facet normal 0.965906 -0.258895 0
    outer loop
      vertex 14.687 9.66026 0.780001
      vertex 14.5471 9.13831 4
      vertex 14.5471 9.13831 0.780001
    endloop
  endfacet
  facet normal -0.707107 -0.707107 0
    outer loop
      vertex 19.9747 10.5926 0.780001
      vertex 19.5926 10.9747 4
      vertex 19.5926 10.9747 0.780001
    endloop
  endfacet
  facet normal -0.707107 -0.707107 0
    outer loop
      vertex 19.5926 10.9747 4
      vertex 19.9747 10.5926 0.780001
      vertex 19.9747 10.5926 4
    endloop
  endfacet
  facet normal 0.0871647 -0.996194 0
    outer loop
      vertex 17.0617 11.6529 0.780001
      vertex 17.6 11.7 4
      vertex 17.0617 11.6529 4
    endloop
  endfacet
  facet normal 0.0871647 -0.996194 0
    outer loop
      vertex 17.6 11.7 4
      vertex 17.0617 11.6529 0.780001
      vertex 17.6 11.7 0.780001
    endloop
  endfacet
  facet normal 0.965906 0.258895 0
    outer loop
      vertex 14.687 7.53974 4
      vertex 14.5471 8.06169 0.780001
      vertex 14.5471 8.06169 4
    endloop
  endfacet
  facet normal 0.965906 0.258895 0
    outer loop
      vertex 14.5471 8.06169 0.780001
      vertex 14.687 7.53974 4
      vertex 14.687 7.53974 0.780001
    endloop
  endfacet
  facet normal 0.707107 -0.707107 0
    outer loop
      vertex 15.2253 10.5926 4
      vertex 15.6074 10.9747 0.780001
      vertex 15.6074 10.9747 4
    endloop
  endfacet
  facet normal 0.707107 -0.707107 0
    outer loop
      vertex 15.6074 10.9747 0.780001
      vertex 15.2253 10.5926 4
      vertex 15.2253 10.5926 0.780001
    endloop
  endfacet
  facet normal 0.996194 0.087163 0
    outer loop
      vertex 14.5471 8.06169 4
      vertex 14.5 8.6 0.780001
      vertex 14.5 8.6 4
    endloop
  endfacet
  facet normal 0.996194 0.087163 0
    outer loop
      vertex 14.5 8.6 0.780001
      vertex 14.5471 8.06169 4
      vertex 14.5471 8.06169 0.780001
    endloop
  endfacet
  facet normal -0.707107 0.707107 0
    outer loop
      vertex 19.5926 6.22526 0.780001
      vertex 19.9747 6.60736 4
      vertex 19.9747 6.60736 0.780001
    endloop
  endfacet
  facet normal -0.707107 0.707107 0
    outer loop
      vertex 19.9747 6.60736 4
      vertex 19.5926 6.22526 0.780001
      vertex 19.5926 6.22526 4
    endloop
  endfacet
  facet normal 0.906357 -0.422513 0
    outer loop
      vertex 14.687 9.66026 4
      vertex 14.9153 10.15 0.780001
      vertex 14.9153 10.15 4
    endloop
  endfacet
  facet normal 0.906357 -0.422513 0
    outer loop
      vertex 14.9153 10.15 0.780001
      vertex 14.687 9.66026 4
      vertex 14.687 9.66026 0.780001
    endloop
  endfacet
  facet normal 0.573611 0.819128 -0
    outer loop
      vertex 16.05 5.91532 0.780001
      vertex 15.6074 6.22526 4
      vertex 16.05 5.91532 4
    endloop
  endfacet
  facet normal 0.573611 0.819128 0
    outer loop
      vertex 15.6074 6.22526 4
      vertex 16.05 5.91532 0.780001
      vertex 15.6074 6.22526 0.780001
    endloop
  endfacet
  facet normal -0.0871647 -0.996194 0
    outer loop
      vertex 17.6 11.7 0.780001
      vertex 18.1383 11.6529 4
      vertex 17.6 11.7 4
    endloop
  endfacet
  facet normal -0.0871647 -0.996194 -0
    outer loop
      vertex 18.1383 11.6529 4
      vertex 17.6 11.7 0.780001
      vertex 18.1383 11.6529 0.780001
    endloop
  endfacet
  facet normal 0 0 1
    outer loop
      vertex 20.6529 9.13831 0.780001
      vertex 20.6529 8.06169 0.780001
      vertex 20.7 8.6 0.780001
    endloop
  endfacet
  facet normal 0 0 1
    outer loop
      vertex 20.513 9.66026 0.780001
      vertex 20.6529 8.06169 0.780001
      vertex 20.6529 9.13831 0.780001
    endloop
  endfacet
  facet normal 0 0 1
    outer loop
      vertex 20.513 9.66026 0.780001
      vertex 20.513 7.53974 0.780001
      vertex 20.6529 8.06169 0.780001
    endloop
  endfacet
  facet normal 0 0 1
    outer loop
      vertex 20.2847 10.15 0.780001
      vertex 20.513 7.53974 0.780001
      vertex 20.513 9.66026 0.780001
    endloop
  endfacet
  facet normal 0 0 1
    outer loop
      vertex 20.2847 10.15 0.780001
      vertex 20.2847 7.05 0.780001
      vertex 20.513 7.53974 0.780001
    endloop
  endfacet
  facet normal 0 0 1
    outer loop
      vertex 19.9747 10.5926 0.780001
      vertex 20.2847 7.05 0.780001
      vertex 20.2847 10.15 0.780001
    endloop
  endfacet
  facet normal 0 0 1
    outer loop
      vertex 19.9747 10.5926 0.780001
      vertex 19.9747 6.60736 0.780001
      vertex 20.2847 7.05 0.780001
    endloop
  endfacet
  facet normal 0 0 1
    outer loop
      vertex 19.5926 10.9747 0.780001
      vertex 19.9747 6.60736 0.780001
      vertex 19.9747 10.5926 0.780001
    endloop
  endfacet
  facet normal 0 0 1
    outer loop
      vertex 19.5926 10.9747 0.780001
      vertex 19.5926 6.22526 0.780001
      vertex 19.9747 6.60736 0.780001
    endloop
  endfacet
  facet normal 0 0 1
    outer loop
      vertex 19.15 11.2847 0.780001
      vertex 19.5926 6.22526 0.780001
      vertex 19.5926 10.9747 0.780001
    endloop
  endfacet
  facet normal 0 0 1
    outer loop
      vertex 19.15 11.2847 0.780001
      vertex 19.15 5.91532 0.780001
      vertex 19.5926 6.22526 0.780001
    endloop
  endfacet
  facet normal 0 0 1
    outer loop
      vertex 18.6603 11.513 0.780001
      vertex 19.15 5.91532 0.780001
      vertex 19.15 11.2847 0.780001
    endloop
  endfacet
  facet normal 0 0 1
    outer loop
      vertex 18.6603 11.513 0.780001
      vertex 18.6603 5.68695 0.780001
      vertex 19.15 5.91532 0.780001
    endloop
  endfacet
  facet normal 0 0 1
    outer loop
      vertex 18.1383 11.6529 0.780001
      vertex 18.6603 5.68695 0.780001
      vertex 18.6603 11.513 0.780001
    endloop
  endfacet
  facet normal 0 0 1
    outer loop
      vertex 18.1383 11.6529 0.780001
      vertex 18.1383 5.5471 0.780001
      vertex 18.6603 5.68695 0.780001
    endloop
  endfacet
  facet normal 0 0 1
    outer loop
      vertex 17.6 11.7 0.780001
      vertex 18.1383 5.5471 0.780001
      vertex 18.1383 11.6529 0.780001
    endloop
  endfacet
  facet normal 0 0 1
    outer loop
      vertex 17.6 11.7 0.780001
      vertex 17.6 5.5 0.780001
      vertex 18.1383 5.5471 0.780001
    endloop
  endfacet
  facet normal -0 0 1
    outer loop
      vertex 17.0617 11.6529 0.780001
      vertex 17.6 5.5 0.780001
      vertex 17.6 11.7 0.780001
    endloop
  endfacet
  facet normal 0 0 1
    outer loop
      vertex 17.0617 11.6529 0.780001
      vertex 17.0617 5.5471 0.780001
      vertex 17.6 5.5 0.780001
    endloop
  endfacet
  facet normal -0 0 1
    outer loop
      vertex 16.5397 11.513 0.780001
      vertex 17.0617 5.5471 0.780001
      vertex 17.0617 11.6529 0.780001
    endloop
  endfacet
  facet normal 0 0 1
    outer loop
      vertex 16.5397 11.513 0.780001
      vertex 16.5397 5.68695 0.780001
      vertex 17.0617 5.5471 0.780001
    endloop
  endfacet
  facet normal -0 0 1
    outer loop
      vertex 16.05 11.2847 0.780001
      vertex 16.5397 5.68695 0.780001
      vertex 16.5397 11.513 0.780001
    endloop
  endfacet
  facet normal 0 0 1
    outer loop
      vertex 16.05 11.2847 0.780001
      vertex 16.05 5.91532 0.780001
      vertex 16.5397 5.68695 0.780001
    endloop
  endfacet
  facet normal -0 0 1
    outer loop
      vertex 15.6074 10.9747 0.780001
      vertex 16.05 5.91532 0.780001
      vertex 16.05 11.2847 0.780001
    endloop
  endfacet
  facet normal 0 0 1
    outer loop
      vertex 15.6074 10.9747 0.780001
      vertex 15.6074 6.22526 0.780001
      vertex 16.05 5.91532 0.780001
    endloop
  endfacet
  facet normal -0 0 1
    outer loop
      vertex 15.2253 10.5926 0.780001
      vertex 15.6074 6.22526 0.780001
      vertex 15.6074 10.9747 0.780001
    endloop
  endfacet
  facet normal 0 0 1
    outer loop
      vertex 15.2253 10.5926 0.780001
      vertex 15.2253 6.60736 0.780001
      vertex 15.6074 6.22526 0.780001
    endloop
  endfacet
  facet normal -0 0 1
    outer loop
      vertex 14.9153 10.15 0.780001
      vertex 15.2253 6.60736 0.780001
      vertex 15.2253 10.5926 0.780001
    endloop
  endfacet
  facet normal 0 0 1
    outer loop
      vertex 14.9153 10.15 0.780001
      vertex 14.9153 7.05 0.780001
      vertex 15.2253 6.60736 0.780001
    endloop
  endfacet
  facet normal -0 0 1
    outer loop
      vertex 14.687 9.66026 0.780001
      vertex 14.9153 7.05 0.780001
      vertex 14.9153 10.15 0.780001
    endloop
  endfacet
  facet normal 0 0 1
    outer loop
      vertex 14.687 9.66026 0.780001
      vertex 14.687 7.53974 0.780001
      vertex 14.9153 7.05 0.780001
    endloop
  endfacet
  facet normal -0 0 1
    outer loop
      vertex 14.5471 9.13831 0.780001
      vertex 14.687 7.53974 0.780001
      vertex 14.687 9.66026 0.780001
    endloop
  endfacet
  facet normal 0 0 1
    outer loop
      vertex 14.5471 9.13831 0.780001
      vertex 14.5471 8.06169 0.780001
      vertex 14.687 7.53974 0.780001
    endloop
  endfacet
  facet normal 0 -0 1
    outer loop
      vertex 14.5471 8.06169 0.780001
      vertex 14.5471 9.13831 0.780001
      vertex 14.5 8.6 0.780001
    endloop
  endfacet
  facet normal -0.573611 0.819128 0
    outer loop
      vertex 19.5926 6.22526 0.780001
      vertex 19.15 5.91532 4
      vertex 19.5926 6.22526 4
    endloop
  endfacet
  facet normal -0.573611 0.819128 0
    outer loop
      vertex 19.15 5.91532 4
      vertex 19.5926 6.22526 0.780001
      vertex 19.15 5.91532 0.780001
    endloop
  endfacet
  facet normal 0.0871647 0.996194 -0
    outer loop
      vertex 17.6 5.5 0.780001
      vertex 17.0617 5.5471 4
      vertex 17.6 5.5 4
    endloop
  endfacet
  facet normal 0.0871647 0.996194 0
    outer loop
      vertex 17.0617 5.5471 4
      vertex 17.6 5.5 0.780001
      vertex 17.0617 5.5471 0.780001
    endloop
  endfacet
  facet normal -0.258872 -0.965912 0
    outer loop
      vertex 18.1383 32.4529 0.780001
      vertex 18.6603 32.313 4
      vertex 18.1383 32.4529 4
    endloop
  endfacet
  facet normal -0.258872 -0.965912 -0
    outer loop
      vertex 18.6603 32.313 4
      vertex 18.1383 32.4529 0.780001
      vertex 18.6603 32.313 0.780001
    endloop
  endfacet
  facet normal -0.965912 -0.258872 0
    outer loop
      vertex 20.6529 29.9383 0.780001
      vertex 20.513 30.4603 4
      vertex 20.513 30.4603 0.780001
    endloop
  endfacet
  facet normal -0.965912 -0.258872 0
    outer loop
      vertex 20.513 30.4603 4
      vertex 20.6529 29.9383 0.780001
      vertex 20.6529 29.9383 4
    endloop
  endfacet
  facet normal -0.996194 -0.0871647 0
    outer loop
      vertex 20.7 29.4 0.780001
      vertex 20.6529 29.9383 4
      vertex 20.6529 29.9383 0.780001
    endloop
  endfacet
  facet normal -0.996194 -0.0871647 0
    outer loop
      vertex 20.6529 29.9383 4
      vertex 20.7 29.4 0.780001
      vertex 20.7 29.4 4
    endloop
  endfacet
  facet normal -0.906344 -0.422541 0
    outer loop
      vertex 20.513 30.4603 0.780001
      vertex 20.2847 30.95 4
      vertex 20.2847 30.95 0.780001
    endloop
  endfacet
  facet normal -0.906344 -0.422541 0
    outer loop
      vertex 20.2847 30.95 4
      vertex 20.513 30.4603 0.780001
      vertex 20.513 30.4603 4
    endloop
  endfacet
  facet normal 0.906344 0.422541 0
    outer loop
      vertex 14.9153 27.85 4
      vertex 14.687 28.3397 0.780001
      vertex 14.687 28.3397 4
    endloop
  endfacet
  facet normal 0.906344 0.422541 0
    outer loop
      vertex 14.687 28.3397 0.780001
      vertex 14.9153 27.85 4
      vertex 14.9153 27.85 0.780001
    endloop
  endfacet
  facet normal 0.0871647 -0.996194 0
    outer loop
      vertex 17.0617 32.4529 0.780001
      vertex 17.6 32.5 4
      vertex 17.0617 32.4529 4
    endloop
  endfacet
  facet normal 0.0871647 -0.996194 0
    outer loop
      vertex 17.6 32.5 4
      vertex 17.0617 32.4529 0.780001
      vertex 17.6 32.5 0.780001
    endloop
  endfacet
  facet normal 0.707107 0.707107 0
    outer loop
      vertex 15.6074 27.0253 4
      vertex 15.2253 27.4074 0.780001
      vertex 15.2253 27.4074 4
    endloop
  endfacet
  facet normal 0.707107 0.707107 0
    outer loop
      vertex 15.2253 27.4074 0.780001
      vertex 15.6074 27.0253 4
      vertex 15.6074 27.0253 0.780001
    endloop
  endfacet
  facet normal 0.573686 0.819075 -0
    outer loop
      vertex 16.05 26.7153 0.780001
      vertex 15.6074 27.0253 4
      vertex 16.05 26.7153 4
    endloop
  endfacet
  facet normal 0.573686 0.819075 0
    outer loop
      vertex 15.6074 27.0253 4
      vertex 16.05 26.7153 0.780001
      vertex 15.6074 27.0253 0.780001
    endloop
  endfacet
  facet normal -0.906344 0.422541 0
    outer loop
      vertex 20.2847 27.85 0.780001
      vertex 20.513 28.3397 4
      vertex 20.513 28.3397 0.780001
    endloop
  endfacet
  facet normal -0.906344 0.422541 0
    outer loop
      vertex 20.513 28.3397 4
      vertex 20.2847 27.85 0.780001
      vertex 20.2847 27.85 4
    endloop
  endfacet
  facet normal -0.258872 0.965912 0
    outer loop
      vertex 18.6603 26.487 0.780001
      vertex 18.1383 26.3471 4
      vertex 18.6603 26.487 4
    endloop
  endfacet
  facet normal -0.258872 0.965912 0
    outer loop
      vertex 18.1383 26.3471 4
      vertex 18.6603 26.487 0.780001
      vertex 18.1383 26.3471 0.780001
    endloop
  endfacet
  facet normal -0.0871647 0.996194 0
    outer loop
      vertex 18.1383 26.3471 0.780001
      vertex 17.6 26.3 4
      vertex 18.1383 26.3471 4
    endloop
  endfacet
  facet normal -0.0871647 0.996194 0
    outer loop
      vertex 17.6 26.3 4
      vertex 18.1383 26.3471 0.780001
      vertex 17.6 26.3 0.780001
    endloop
  endfacet
  facet normal -0.996194 0.0871647 0
    outer loop
      vertex 20.6529 28.8617 0.780001
      vertex 20.7 29.4 4
      vertex 20.7 29.4 0.780001
    endloop
  endfacet
  facet normal -0.996194 0.0871647 0
    outer loop
      vertex 20.7 29.4 4
      vertex 20.6529 28.8617 0.780001
      vertex 20.6529 28.8617 4
    endloop
  endfacet
  facet normal -0.0871647 -0.996194 0
    outer loop
      vertex 17.6 32.5 0.780001
      vertex 18.1383 32.4529 4
      vertex 17.6 32.5 4
    endloop
  endfacet
  facet normal -0.0871647 -0.996194 -0
    outer loop
      vertex 18.1383 32.4529 4
      vertex 17.6 32.5 0.780001
      vertex 18.1383 32.4529 0.780001
    endloop
  endfacet
  facet normal -0.422541 -0.906344 0
    outer loop
      vertex 18.6603 32.313 0.780001
      vertex 19.15 32.0847 4
      vertex 18.6603 32.313 4
    endloop
  endfacet
  facet normal -0.422541 -0.906344 -0
    outer loop
      vertex 19.15 32.0847 4
      vertex 18.6603 32.313 0.780001
      vertex 19.15 32.0847 0.780001
    endloop
  endfacet
  facet normal -0.573686 0.819075 0
    outer loop
      vertex 19.5926 27.0253 0.780001
      vertex 19.15 26.7153 4
      vertex 19.5926 27.0253 4
    endloop
  endfacet
  facet normal -0.573686 0.819075 0
    outer loop
      vertex 19.15 26.7153 4
      vertex 19.5926 27.0253 0.780001
      vertex 19.15 26.7153 0.780001
    endloop
  endfacet
  facet normal -0.965912 0.258872 0
    outer loop
      vertex 20.513 28.3397 0.780001
      vertex 20.6529 28.8617 4
      vertex 20.6529 28.8617 0.780001
    endloop
  endfacet
  facet normal -0.965912 0.258872 0
    outer loop
      vertex 20.6529 28.8617 4
      vertex 20.513 28.3397 0.780001
      vertex 20.513 28.3397 4
    endloop
  endfacet
  facet normal 0.965912 0.258872 0
    outer loop
      vertex 14.687 28.3397 4
      vertex 14.5471 28.8617 0.780001
      vertex 14.5471 28.8617 4
    endloop
  endfacet
  facet normal 0.965912 0.258872 0
    outer loop
      vertex 14.5471 28.8617 0.780001
      vertex 14.687 28.3397 4
      vertex 14.687 28.3397 0.780001
    endloop
  endfacet
  facet normal 0.965912 -0.258872 0
    outer loop
      vertex 14.5471 29.9383 4
      vertex 14.687 30.4603 0.780001
      vertex 14.687 30.4603 4
    endloop
  endfacet
  facet normal 0.965912 -0.258872 0
    outer loop
      vertex 14.687 30.4603 0.780001
      vertex 14.5471 29.9383 4
      vertex 14.5471 29.9383 0.780001
    endloop
  endfacet
  facet normal -0.707107 0.707107 0
    outer loop
      vertex 19.5926 27.0253 0.780001
      vertex 19.9747 27.4074 4
      vertex 19.9747 27.4074 0.780001
    endloop
  endfacet
  facet normal -0.707107 0.707107 0
    outer loop
      vertex 19.9747 27.4074 4
      vertex 19.5926 27.0253 0.780001
      vertex 19.5926 27.0253 4
    endloop
  endfacet
  facet normal 0.422541 -0.906344 0
    outer loop
      vertex 16.05 32.0847 0.780001
      vertex 16.5397 32.313 4
      vertex 16.05 32.0847 4
    endloop
  endfacet
  facet normal 0.422541 -0.906344 0
    outer loop
      vertex 16.5397 32.313 4
      vertex 16.05 32.0847 0.780001
      vertex 16.5397 32.313 0.780001
    endloop
  endfacet
  facet normal -0.819075 -0.573686 0
    outer loop
      vertex 20.2847 30.95 0.780001
      vertex 19.9747 31.3926 4
      vertex 19.9747 31.3926 0.780001
    endloop
  endfacet
  facet normal -0.819075 -0.573686 0
    outer loop
      vertex 19.9747 31.3926 4
      vertex 20.2847 30.95 0.780001
      vertex 20.2847 30.95 4
    endloop
  endfacet
  facet normal 0.258872 -0.965912 0
    outer loop
      vertex 16.5397 32.313 0.780001
      vertex 17.0617 32.4529 4
      vertex 16.5397 32.313 4
    endloop
  endfacet
  facet normal 0.258872 -0.965912 0
    outer loop
      vertex 17.0617 32.4529 4
      vertex 16.5397 32.313 0.780001
      vertex 17.0617 32.4529 0.780001
    endloop
  endfacet
  facet normal 0.819075 -0.573686 0
    outer loop
      vertex 14.9153 30.95 4
      vertex 15.2253 31.3926 0.780001
      vertex 15.2253 31.3926 4
    endloop
  endfacet
  facet normal 0.819075 -0.573686 0
    outer loop
      vertex 15.2253 31.3926 0.780001
      vertex 14.9153 30.95 4
      vertex 14.9153 30.95 0.780001
    endloop
  endfacet
  facet normal 0.906344 -0.422541 0
    outer loop
      vertex 14.687 30.4603 4
      vertex 14.9153 30.95 0.780001
      vertex 14.9153 30.95 4
    endloop
  endfacet
  facet normal 0.906344 -0.422541 0
    outer loop
      vertex 14.9153 30.95 0.780001
      vertex 14.687 30.4603 4
      vertex 14.687 30.4603 0.780001
    endloop
  endfacet
  facet normal -0.819075 0.573686 0
    outer loop
      vertex 19.9747 27.4074 0.780001
      vertex 20.2847 27.85 4
      vertex 20.2847 27.85 0.780001
    endloop
  endfacet
  facet normal -0.819075 0.573686 0
    outer loop
      vertex 20.2847 27.85 4
      vertex 19.9747 27.4074 0.780001
      vertex 19.9747 27.4074 4
    endloop
  endfacet
  facet normal -0.707107 -0.707107 0
    outer loop
      vertex 19.9747 31.3926 0.780001
      vertex 19.5926 31.7747 4
      vertex 19.5926 31.7747 0.780001
    endloop
  endfacet
  facet normal -0.707107 -0.707107 0
    outer loop
      vertex 19.5926 31.7747 4
      vertex 19.9747 31.3926 0.780001
      vertex 19.9747 31.3926 4
    endloop
  endfacet
  facet normal -0.573686 -0.819075 0
    outer loop
      vertex 19.15 32.0847 0.780001
      vertex 19.5926 31.7747 4
      vertex 19.15 32.0847 4
    endloop
  endfacet
  facet normal -0.573686 -0.819075 -0
    outer loop
      vertex 19.5926 31.7747 4
      vertex 19.15 32.0847 0.780001
      vertex 19.5926 31.7747 0.780001
    endloop
  endfacet
  facet normal 0.707107 -0.707107 0
    outer loop
      vertex 15.2253 31.3926 0.780001
      vertex 15.6074 31.7747 4
      vertex 15.2253 31.3926 4
    endloop
  endfacet
  facet normal 0.707107 -0.707107 0
    outer loop
      vertex 15.6074 31.7747 4
      vertex 15.2253 31.3926 0.780001
      vertex 15.6074 31.7747 0.780001
    endloop
  endfacet
  facet normal 0.996194 0.0871647 0
    outer loop
      vertex 14.5471 28.8617 4
      vertex 14.5 29.4 0.780001
      vertex 14.5 29.4 4
    endloop
  endfacet
  facet normal 0.996194 0.0871647 0
    outer loop
      vertex 14.5 29.4 0.780001
      vertex 14.5471 28.8617 4
      vertex 14.5471 28.8617 0.780001
    endloop
  endfacet
  facet normal 0.573686 -0.819075 0
    outer loop
      vertex 15.6074 31.7747 0.780001
      vertex 16.05 32.0847 4
      vertex 15.6074 31.7747 4
    endloop
  endfacet
  facet normal 0.573686 -0.819075 0
    outer loop
      vertex 16.05 32.0847 4
      vertex 15.6074 31.7747 0.780001
      vertex 16.05 32.0847 0.780001
    endloop
  endfacet
  facet normal -0.422541 0.906344 0
    outer loop
      vertex 19.15 26.7153 0.780001
      vertex 18.6603 26.487 4
      vertex 19.15 26.7153 4
    endloop
  endfacet
  facet normal -0.422541 0.906344 0
    outer loop
      vertex 18.6603 26.487 4
      vertex 19.15 26.7153 0.780001
      vertex 18.6603 26.487 0.780001
    endloop
  endfacet
  facet normal 0.819075 0.573686 0
    outer loop
      vertex 15.2253 27.4074 4
      vertex 14.9153 27.85 0.780001
      vertex 14.9153 27.85 4
    endloop
  endfacet
  facet normal 0.819075 0.573686 0
    outer loop
      vertex 14.9153 27.85 0.780001
      vertex 15.2253 27.4074 4
      vertex 15.2253 27.4074 0.780001
    endloop
  endfacet
  facet normal 0.996194 -0.0871647 0
    outer loop
      vertex 14.5 29.4 4
      vertex 14.5471 29.9383 0.780001
      vertex 14.5471 29.9383 4
    endloop
  endfacet
  facet normal 0.996194 -0.0871647 0
    outer loop
      vertex 14.5471 29.9383 0.780001
      vertex 14.5 29.4 4
      vertex 14.5 29.4 0.780001
    endloop
  endfacet
  facet normal 0 0 1
    outer loop
      vertex 20.6529 29.9383 0.780001
      vertex 20.6529 28.8617 0.780001
      vertex 20.7 29.4 0.780001
    endloop
  endfacet
  facet normal 0 0 1
    outer loop
      vertex 20.513 30.4603 0.780001
      vertex 20.6529 28.8617 0.780001
      vertex 20.6529 29.9383 0.780001
    endloop
  endfacet
  facet normal 0 0 1
    outer loop
      vertex 20.513 30.4603 0.780001
      vertex 20.513 28.3397 0.780001
      vertex 20.6529 28.8617 0.780001
    endloop
  endfacet
  facet normal 0 0 1
    outer loop
      vertex 20.2847 30.95 0.780001
      vertex 20.513 28.3397 0.780001
      vertex 20.513 30.4603 0.780001
    endloop
  endfacet
  facet normal 0 0 1
    outer loop
      vertex 20.2847 30.95 0.780001
      vertex 20.2847 27.85 0.780001
      vertex 20.513 28.3397 0.780001
    endloop
  endfacet
  facet normal 0 0 1
    outer loop
      vertex 19.9747 31.3926 0.780001
      vertex 20.2847 27.85 0.780001
      vertex 20.2847 30.95 0.780001
    endloop
  endfacet
  facet normal 0 0 1
    outer loop
      vertex 19.9747 31.3926 0.780001
      vertex 19.9747 27.4074 0.780001
      vertex 20.2847 27.85 0.780001
    endloop
  endfacet
  facet normal 0 0 1
    outer loop
      vertex 19.5926 31.7747 0.780001
      vertex 19.9747 27.4074 0.780001
      vertex 19.9747 31.3926 0.780001
    endloop
  endfacet
  facet normal 0 0 1
    outer loop
      vertex 19.5926 31.7747 0.780001
      vertex 19.5926 27.0253 0.780001
      vertex 19.9747 27.4074 0.780001
    endloop
  endfacet
  facet normal 0 0 1
    outer loop
      vertex 19.15 32.0847 0.780001
      vertex 19.5926 27.0253 0.780001
      vertex 19.5926 31.7747 0.780001
    endloop
  endfacet
  facet normal 0 0 1
    outer loop
      vertex 19.15 32.0847 0.780001
      vertex 19.15 26.7153 0.780001
      vertex 19.5926 27.0253 0.780001
    endloop
  endfacet
  facet normal 0 0 1
    outer loop
      vertex 18.6603 32.313 0.780001
      vertex 19.15 26.7153 0.780001
      vertex 19.15 32.0847 0.780001
    endloop
  endfacet
  facet normal 0 0 1
    outer loop
      vertex 18.6603 32.313 0.780001
      vertex 18.6603 26.487 0.780001
      vertex 19.15 26.7153 0.780001
    endloop
  endfacet
  facet normal 0 0 1
    outer loop
      vertex 18.1383 32.4529 0.780001
      vertex 18.6603 26.487 0.780001
      vertex 18.6603 32.313 0.780001
    endloop
  endfacet
  facet normal 0 0 1
    outer loop
      vertex 18.1383 32.4529 0.780001
      vertex 18.1383 26.3471 0.780001
      vertex 18.6603 26.487 0.780001
    endloop
  endfacet
  facet normal 0 0 1
    outer loop
      vertex 17.6 32.5 0.780001
      vertex 18.1383 26.3471 0.780001
      vertex 18.1383 32.4529 0.780001
    endloop
  endfacet
  facet normal 0 0 1
    outer loop
      vertex 17.6 32.5 0.780001
      vertex 17.6 26.3 0.780001
      vertex 18.1383 26.3471 0.780001
    endloop
  endfacet
  facet normal -0 0 1
    outer loop
      vertex 17.0617 32.4529 0.780001
      vertex 17.6 26.3 0.780001
      vertex 17.6 32.5 0.780001
    endloop
  endfacet
  facet normal 0 0 1
    outer loop
      vertex 17.0617 32.4529 0.780001
      vertex 17.0617 26.3471 0.780001
      vertex 17.6 26.3 0.780001
    endloop
  endfacet
  facet normal -0 0 1
    outer loop
      vertex 16.5397 32.313 0.780001
      vertex 17.0617 26.3471 0.780001
      vertex 17.0617 32.4529 0.780001
    endloop
  endfacet
  facet normal 0 0 1
    outer loop
      vertex 16.5397 32.313 0.780001
      vertex 16.5397 26.487 0.780001
      vertex 17.0617 26.3471 0.780001
    endloop
  endfacet
  facet normal -0 0 1
    outer loop
      vertex 16.05 32.0847 0.780001
      vertex 16.5397 26.487 0.780001
      vertex 16.5397 32.313 0.780001
    endloop
  endfacet
  facet normal 0 0 1
    outer loop
      vertex 16.05 32.0847 0.780001
      vertex 16.05 26.7153 0.780001
      vertex 16.5397 26.487 0.780001
    endloop
  endfacet
  facet normal -0 0 1
    outer loop
      vertex 15.6074 31.7747 0.780001
      vertex 16.05 26.7153 0.780001
      vertex 16.05 32.0847 0.780001
    endloop
  endfacet
  facet normal 0 0 1
    outer loop
      vertex 15.6074 31.7747 0.780001
      vertex 15.6074 27.0253 0.780001
      vertex 16.05 26.7153 0.780001
    endloop
  endfacet
  facet normal -0 0 1
    outer loop
      vertex 15.2253 31.3926 0.780001
      vertex 15.6074 27.0253 0.780001
      vertex 15.6074 31.7747 0.780001
    endloop
  endfacet
  facet normal 0 0 1
    outer loop
      vertex 15.2253 31.3926 0.780001
      vertex 15.2253 27.4074 0.780001
      vertex 15.6074 27.0253 0.780001
    endloop
  endfacet
  facet normal -0 0 1
    outer loop
      vertex 14.9153 30.95 0.780001
      vertex 15.2253 27.4074 0.780001
      vertex 15.2253 31.3926 0.780001
    endloop
  endfacet
  facet normal 0 0 1
    outer loop
      vertex 14.9153 30.95 0.780001
      vertex 14.9153 27.85 0.780001
      vertex 15.2253 27.4074 0.780001
    endloop
  endfacet
  facet normal -0 0 1
    outer loop
      vertex 14.687 30.4603 0.780001
      vertex 14.9153 27.85 0.780001
      vertex 14.9153 30.95 0.780001
    endloop
  endfacet
  facet normal 0 0 1
    outer loop
      vertex 14.687 30.4603 0.780001
      vertex 14.687 28.3397 0.780001
      vertex 14.9153 27.85 0.780001
    endloop
  endfacet
  facet normal -0 0 1
    outer loop
      vertex 14.5471 29.9383 0.780001
      vertex 14.687 28.3397 0.780001
      vertex 14.687 30.4603 0.780001
    endloop
  endfacet
  facet normal 0 0 1
    outer loop
      vertex 14.5471 29.9383 0.780001
      vertex 14.5471 28.8617 0.780001
      vertex 14.687 28.3397 0.780001
    endloop
  endfacet
  facet normal 0 -0 1
    outer loop
      vertex 14.5471 28.8617 0.780001
      vertex 14.5471 29.9383 0.780001
      vertex 14.5 29.4 0.780001
    endloop
  endfacet
  facet normal 0.0871647 0.996194 -0
    outer loop
      vertex 17.6 26.3 0.780001
      vertex 17.0617 26.3471 4
      vertex 17.6 26.3 4
    endloop
  endfacet
  facet normal 0.0871647 0.996194 0
    outer loop
      vertex 17.0617 26.3471 4
      vertex 17.6 26.3 0.780001
      vertex 17.0617 26.3471 0.780001
    endloop
  endfacet
  facet normal 0.258872 0.965912 -0
    outer loop
      vertex 17.0617 26.3471 0.780001
      vertex 16.5397 26.487 4
      vertex 17.0617 26.3471 4
    endloop
  endfacet
  facet normal 0.258872 0.965912 0
    outer loop
      vertex 16.5397 26.487 4
      vertex 17.0617 26.3471 0.780001
      vertex 16.5397 26.487 0.780001
    endloop
  endfacet
  facet normal 0.422541 0.906344 -0
    outer loop
      vertex 16.5397 26.487 0.780001
      vertex 16.05 26.7153 4
      vertex 16.5397 26.487 4
    endloop
  endfacet
  facet normal 0.422541 0.906344 0
    outer loop
      vertex 16.05 26.7153 4
      vertex 16.5397 26.487 0.780001
      vertex 16.05 26.7153 0.780001
    endloop
  endfacet
  facet normal -0.965906 -0.258895 0
    outer loop
      vertex 79.4529 9.13831 0.780001
      vertex 79.313 9.66026 4
      vertex 79.313 9.66026 0.780001
    endloop
  endfacet
  facet normal -0.965906 -0.258895 0
    outer loop
      vertex 79.313 9.66026 4
      vertex 79.4529 9.13831 0.780001
      vertex 79.4529 9.13831 4
    endloop
  endfacet
  facet normal -0.996194 -0.087163 0
    outer loop
      vertex 79.5 8.6 0.780001
      vertex 79.4529 9.13831 4
      vertex 79.4529 9.13831 0.780001
    endloop
  endfacet
  facet normal -0.996194 -0.087163 0
    outer loop
      vertex 79.4529 9.13831 4
      vertex 79.5 8.6 0.780001
      vertex 79.5 8.6 4
    endloop
  endfacet
  facet normal -0.906357 -0.422513 0
    outer loop
      vertex 79.313 9.66026 0.780001
      vertex 79.0847 10.15 4
      vertex 79.0847 10.15 0.780001
    endloop
  endfacet
  facet normal -0.906357 -0.422513 0
    outer loop
      vertex 79.0847 10.15 4
      vertex 79.313 9.66026 0.780001
      vertex 79.313 9.66026 4
    endloop
  endfacet
  facet normal 0.707107 0.707107 0
    outer loop
      vertex 74.4074 6.22526 4
      vertex 74.0253 6.60736 0.780001
      vertex 74.0253 6.60736 4
    endloop
  endfacet
  facet normal 0.707107 0.707107 0
    outer loop
      vertex 74.0253 6.60736 0.780001
      vertex 74.4074 6.22526 4
      vertex 74.4074 6.22526 0.780001
    endloop
  endfacet
  facet normal 0.906357 0.422513 0
    outer loop
      vertex 73.7153 7.05 4
      vertex 73.487 7.53974 0.780001
      vertex 73.487 7.53974 4
    endloop
  endfacet
  facet normal 0.906357 0.422513 0
    outer loop
      vertex 73.487 7.53974 0.780001
      vertex 73.7153 7.05 4
      vertex 73.7153 7.05 0.780001
    endloop
  endfacet
  facet normal -0.8191 0.573651 0
    outer loop
      vertex 78.7747 6.60736 0.780001
      vertex 79.0847 7.05 4
      vertex 79.0847 7.05 0.780001
    endloop
  endfacet
  facet normal -0.8191 0.573651 0
    outer loop
      vertex 79.0847 7.05 4
      vertex 78.7747 6.60736 0.780001
      vertex 78.7747 6.60736 4
    endloop
  endfacet
  facet normal 0.819075 -0.573686 0
    outer loop
      vertex 73.7153 10.15 4
      vertex 74.0253 10.5926 0.780001
      vertex 74.0253 10.5926 4
    endloop
  endfacet
  facet normal 0.819075 -0.573686 0
    outer loop
      vertex 74.0253 10.5926 0.780001
      vertex 73.7153 10.15 4
      vertex 73.7153 10.15 0.780001
    endloop
  endfacet
  facet normal 0.996194 0.087163 0
    outer loop
      vertex 73.3471 8.06169 4
      vertex 73.3 8.6 0.780001
      vertex 73.3 8.6 4
    endloop
  endfacet
  facet normal 0.996194 0.087163 0
    outer loop
      vertex 73.3 8.6 0.780001
      vertex 73.3471 8.06169 4
      vertex 73.3471 8.06169 0.780001
    endloop
  endfacet
  facet normal 0.422541 -0.906344 0
    outer loop
      vertex 74.85 11.2847 0.780001
      vertex 75.3397 11.513 4
      vertex 74.85 11.2847 4
    endloop
  endfacet
  facet normal 0.422541 -0.906344 0
    outer loop
      vertex 75.3397 11.513 4
      vertex 74.85 11.2847 0.780001
      vertex 75.3397 11.513 0.780001
    endloop
  endfacet
  facet normal -0.258872 -0.965912 0
    outer loop
      vertex 76.9383 11.6529 0.780001
      vertex 77.4603 11.513 4
      vertex 76.9383 11.6529 4
    endloop
  endfacet
  facet normal -0.258872 -0.965912 -0
    outer loop
      vertex 77.4603 11.513 4
      vertex 76.9383 11.6529 0.780001
      vertex 77.4603 11.513 0.780001
    endloop
  endfacet
  facet normal -0.996194 0.087163 0
    outer loop
      vertex 79.4529 8.06169 0.780001
      vertex 79.5 8.6 4
      vertex 79.5 8.6 0.780001
    endloop
  endfacet
  facet normal -0.996194 0.087163 0
    outer loop
      vertex 79.5 8.6 4
      vertex 79.4529 8.06169 0.780001
      vertex 79.4529 8.06169 4
    endloop
  endfacet
  facet normal -0.422541 -0.906344 0
    outer loop
      vertex 77.4603 11.513 0.780001
      vertex 77.95 11.2847 4
      vertex 77.4603 11.513 4
    endloop
  endfacet
  facet normal -0.422541 -0.906344 -0
    outer loop
      vertex 77.95 11.2847 4
      vertex 77.4603 11.513 0.780001
      vertex 77.95 11.2847 0.780001
    endloop
  endfacet
  facet normal -0.965906 0.258895 0
    outer loop
      vertex 79.313 7.53974 0.780001
      vertex 79.4529 8.06169 4
      vertex 79.4529 8.06169 0.780001
    endloop
  endfacet
  facet normal -0.965906 0.258895 0
    outer loop
      vertex 79.4529 8.06169 4
      vertex 79.313 7.53974 0.780001
      vertex 79.313 7.53974 4
    endloop
  endfacet
  facet normal 0.996194 -0.087163 0
    outer loop
      vertex 73.3 8.6 4
      vertex 73.3471 9.13831 0.780001
      vertex 73.3471 9.13831 4
    endloop
  endfacet
  facet normal 0.996194 -0.087163 0
    outer loop
      vertex 73.3471 9.13831 0.780001
      vertex 73.3 8.6 4
      vertex 73.3 8.6 0.780001
    endloop
  endfacet
  facet normal 0.906357 -0.422513 0
    outer loop
      vertex 73.487 9.66026 4
      vertex 73.7153 10.15 0.780001
      vertex 73.7153 10.15 4
    endloop
  endfacet
  facet normal 0.906357 -0.422513 0
    outer loop
      vertex 73.7153 10.15 0.780001
      vertex 73.487 9.66026 4
      vertex 73.487 9.66026 0.780001
    endloop
  endfacet
  facet normal 0.573686 -0.819075 0
    outer loop
      vertex 74.4074 10.9747 0.780001
      vertex 74.85 11.2847 4
      vertex 74.4074 10.9747 4
    endloop
  endfacet
  facet normal 0.573686 -0.819075 0
    outer loop
      vertex 74.85 11.2847 4
      vertex 74.4074 10.9747 0.780001
      vertex 74.85 11.2847 0.780001
    endloop
  endfacet
  facet normal -0.819075 -0.573686 0
    outer loop
      vertex 79.0847 10.15 0.780001
      vertex 78.7747 10.5926 4
      vertex 78.7747 10.5926 0.780001
    endloop
  endfacet
  facet normal -0.819075 -0.573686 0
    outer loop
      vertex 78.7747 10.5926 4
      vertex 79.0847 10.15 0.780001
      vertex 79.0847 10.15 4
    endloop
  endfacet
  facet normal 0.0871647 -0.996194 0
    outer loop
      vertex 75.8617 11.6529 0.780001
      vertex 76.4 11.7 4
      vertex 75.8617 11.6529 4
    endloop
  endfacet
  facet normal 0.0871647 -0.996194 0
    outer loop
      vertex 76.4 11.7 4
      vertex 75.8617 11.6529 0.780001
      vertex 76.4 11.7 0.780001
    endloop
  endfacet
  facet normal -0.258785 0.965935 0
    outer loop
      vertex 77.4603 5.68695 0.780001
      vertex 76.9383 5.5471 4
      vertex 77.4603 5.68695 4
    endloop
  endfacet
  facet normal -0.258785 0.965935 0
    outer loop
      vertex 76.9383 5.5471 4
      vertex 77.4603 5.68695 0.780001
      vertex 76.9383 5.5471 0.780001
    endloop
  endfacet
  facet normal 0.258785 0.965935 -0
    outer loop
      vertex 75.8617 5.5471 0.780001
      vertex 75.3397 5.68695 4
      vertex 75.8617 5.5471 4
    endloop
  endfacet
  facet normal 0.258785 0.965935 0
    outer loop
      vertex 75.3397 5.68695 4
      vertex 75.8617 5.5471 0.780001
      vertex 75.3397 5.68695 0.780001
    endloop
  endfacet
  facet normal -0.906357 0.422513 0
    outer loop
      vertex 79.0847 7.05 0.780001
      vertex 79.313 7.53974 4
      vertex 79.313 7.53974 0.780001
    endloop
  endfacet
  facet normal -0.906357 0.422513 0
    outer loop
      vertex 79.313 7.53974 4
      vertex 79.0847 7.05 0.780001
      vertex 79.0847 7.05 4
    endloop
  endfacet
  facet normal 0.965906 -0.258895 0
    outer loop
      vertex 73.3471 9.13831 4
      vertex 73.487 9.66026 0.780001
      vertex 73.487 9.66026 4
    endloop
  endfacet
  facet normal 0.965906 -0.258895 0
    outer loop
      vertex 73.487 9.66026 0.780001
      vertex 73.3471 9.13831 4
      vertex 73.3471 9.13831 0.780001
    endloop
  endfacet
  facet normal -0.0871647 0.996194 0
    outer loop
      vertex 76.9383 5.5471 0.780001
      vertex 76.4 5.5 4
      vertex 76.9383 5.5471 4
    endloop
  endfacet
  facet normal -0.0871647 0.996194 0
    outer loop
      vertex 76.4 5.5 4
      vertex 76.9383 5.5471 0.780001
      vertex 76.4 5.5 0.780001
    endloop
  endfacet
  facet normal -0.422647 0.906294 0
    outer loop
      vertex 77.95 5.91532 0.780001
      vertex 77.4603 5.68695 4
      vertex 77.95 5.91532 4
    endloop
  endfacet
  facet normal -0.422647 0.906294 0
    outer loop
      vertex 77.4603 5.68695 4
      vertex 77.95 5.91532 0.780001
      vertex 77.4603 5.68695 0.780001
    endloop
  endfacet
  facet normal 0.707107 -0.707107 0
    outer loop
      vertex 74.0253 10.5926 4
      vertex 74.4074 10.9747 0.780001
      vertex 74.4074 10.9747 4
    endloop
  endfacet
  facet normal 0.707107 -0.707107 0
    outer loop
      vertex 74.4074 10.9747 0.780001
      vertex 74.0253 10.5926 4
      vertex 74.0253 10.5926 0.780001
    endloop
  endfacet
  facet normal -0.707107 -0.707107 0
    outer loop
      vertex 78.7747 10.5926 0.780001
      vertex 78.3926 10.9747 4
      vertex 78.3926 10.9747 0.780001
    endloop
  endfacet
  facet normal -0.707107 -0.707107 0
    outer loop
      vertex 78.3926 10.9747 4
      vertex 78.7747 10.5926 0.780001
      vertex 78.7747 10.5926 4
    endloop
  endfacet
  facet normal -0.0871647 -0.996194 0
    outer loop
      vertex 76.4 11.7 0.780001
      vertex 76.9383 11.6529 4
      vertex 76.4 11.7 4
    endloop
  endfacet
  facet normal -0.0871647 -0.996194 -0
    outer loop
      vertex 76.9383 11.6529 4
      vertex 76.4 11.7 0.780001
      vertex 76.9383 11.6529 0.780001
    endloop
  endfacet
  facet normal -0.573686 -0.819075 0
    outer loop
      vertex 77.95 11.2847 0.780001
      vertex 78.3926 10.9747 4
      vertex 77.95 11.2847 4
    endloop
  endfacet
  facet normal -0.573686 -0.819075 -0
    outer loop
      vertex 78.3926 10.9747 4
      vertex 77.95 11.2847 0.780001
      vertex 78.3926 10.9747 0.780001
    endloop
  endfacet
  facet normal -0.573611 0.819128 0
    outer loop
      vertex 78.3926 6.22526 0.780001
      vertex 77.95 5.91532 4
      vertex 78.3926 6.22526 4
    endloop
  endfacet
  facet normal -0.573611 0.819128 0
    outer loop
      vertex 77.95 5.91532 4
      vertex 78.3926 6.22526 0.780001
      vertex 77.95 5.91532 0.780001
    endloop
  endfacet
  facet normal 0.0871647 0.996194 -0
    outer loop
      vertex 76.4 5.5 0.780001
      vertex 75.8617 5.5471 4
      vertex 76.4 5.5 4
    endloop
  endfacet
  facet normal 0.0871647 0.996194 0
    outer loop
      vertex 75.8617 5.5471 4
      vertex 76.4 5.5 0.780001
      vertex 75.8617 5.5471 0.780001
    endloop
  endfacet
  facet normal 0.258872 -0.965912 0
    outer loop
      vertex 75.3397 11.513 0.780001
      vertex 75.8617 11.6529 4
      vertex 75.3397 11.513 4
    endloop
  endfacet
  facet normal 0.258872 -0.965912 0
    outer loop
      vertex 75.8617 11.6529 4
      vertex 75.3397 11.513 0.780001
      vertex 75.8617 11.6529 0.780001
    endloop
  endfacet
  facet normal 0.8191 0.573651 0
    outer loop
      vertex 74.0253 6.60736 4
      vertex 73.7153 7.05 0.780001
      vertex 73.7153 7.05 4
    endloop
  endfacet
  facet normal 0.8191 0.573651 0
    outer loop
      vertex 73.7153 7.05 0.780001
      vertex 74.0253 6.60736 4
      vertex 74.0253 6.60736 0.780001
    endloop
  endfacet
  facet normal 0 0 1
    outer loop
      vertex 79.4529 9.13831 0.780001
      vertex 79.4529 8.06169 0.780001
      vertex 79.5 8.6 0.780001
    endloop
  endfacet
  facet normal 0 0 1
    outer loop
      vertex 79.313 9.66026 0.780001
      vertex 79.4529 8.06169 0.780001
      vertex 79.4529 9.13831 0.780001
    endloop
  endfacet
  facet normal 0 0 1
    outer loop
      vertex 79.313 9.66026 0.780001
      vertex 79.313 7.53974 0.780001
      vertex 79.4529 8.06169 0.780001
    endloop
  endfacet
  facet normal 0 0 1
    outer loop
      vertex 79.0847 10.15 0.780001
      vertex 79.313 7.53974 0.780001
      vertex 79.313 9.66026 0.780001
    endloop
  endfacet
  facet normal 0 0 1
    outer loop
      vertex 79.0847 10.15 0.780001
      vertex 79.0847 7.05 0.780001
      vertex 79.313 7.53974 0.780001
    endloop
  endfacet
  facet normal 0 0 1
    outer loop
      vertex 78.7747 10.5926 0.780001
      vertex 79.0847 7.05 0.780001
      vertex 79.0847 10.15 0.780001
    endloop
  endfacet
  facet normal 0 0 1
    outer loop
      vertex 78.7747 10.5926 0.780001
      vertex 78.7747 6.60736 0.780001
      vertex 79.0847 7.05 0.780001
    endloop
  endfacet
  facet normal 0 0 1
    outer loop
      vertex 78.3926 10.9747 0.780001
      vertex 78.7747 6.60736 0.780001
      vertex 78.7747 10.5926 0.780001
    endloop
  endfacet
  facet normal 0 0 1
    outer loop
      vertex 78.3926 10.9747 0.780001
      vertex 78.3926 6.22526 0.780001
      vertex 78.7747 6.60736 0.780001
    endloop
  endfacet
  facet normal 0 0 1
    outer loop
      vertex 77.95 11.2847 0.780001
      vertex 78.3926 6.22526 0.780001
      vertex 78.3926 10.9747 0.780001
    endloop
  endfacet
  facet normal 0 0 1
    outer loop
      vertex 77.95 11.2847 0.780001
      vertex 77.95 5.91532 0.780001
      vertex 78.3926 6.22526 0.780001
    endloop
  endfacet
  facet normal 0 0 1
    outer loop
      vertex 77.4603 11.513 0.780001
      vertex 77.95 5.91532 0.780001
      vertex 77.95 11.2847 0.780001
    endloop
  endfacet
  facet normal 0 0 1
    outer loop
      vertex 77.4603 11.513 0.780001
      vertex 77.4603 5.68695 0.780001
      vertex 77.95 5.91532 0.780001
    endloop
  endfacet
  facet normal 0 0 1
    outer loop
      vertex 76.9383 11.6529 0.780001
      vertex 77.4603 5.68695 0.780001
      vertex 77.4603 11.513 0.780001
    endloop
  endfacet
  facet normal 0 0 1
    outer loop
      vertex 76.9383 11.6529 0.780001
      vertex 76.9383 5.5471 0.780001
      vertex 77.4603 5.68695 0.780001
    endloop
  endfacet
  facet normal 0 0 1
    outer loop
      vertex 76.4 11.7 0.780001
      vertex 76.9383 5.5471 0.780001
      vertex 76.9383 11.6529 0.780001
    endloop
  endfacet
  facet normal 0 0 1
    outer loop
      vertex 76.4 11.7 0.780001
      vertex 76.4 5.5 0.780001
      vertex 76.9383 5.5471 0.780001
    endloop
  endfacet
  facet normal -0 0 1
    outer loop
      vertex 75.8617 11.6529 0.780001
      vertex 76.4 5.5 0.780001
      vertex 76.4 11.7 0.780001
    endloop
  endfacet
  facet normal 0 0 1
    outer loop
      vertex 75.8617 11.6529 0.780001
      vertex 75.8617 5.5471 0.780001
      vertex 76.4 5.5 0.780001
    endloop
  endfacet
  facet normal -0 0 1
    outer loop
      vertex 75.3397 11.513 0.780001
      vertex 75.8617 5.5471 0.780001
      vertex 75.8617 11.6529 0.780001
    endloop
  endfacet
  facet normal 0 0 1
    outer loop
      vertex 75.3397 11.513 0.780001
      vertex 75.3397 5.68695 0.780001
      vertex 75.8617 5.5471 0.780001
    endloop
  endfacet
  facet normal -0 0 1
    outer loop
      vertex 74.85 11.2847 0.780001
      vertex 75.3397 5.68695 0.780001
      vertex 75.3397 11.513 0.780001
    endloop
  endfacet
  facet normal 0 0 1
    outer loop
      vertex 74.85 11.2847 0.780001
      vertex 74.85 5.91532 0.780001
      vertex 75.3397 5.68695 0.780001
    endloop
  endfacet
  facet normal -0 0 1
    outer loop
      vertex 74.4074 10.9747 0.780001
      vertex 74.85 5.91532 0.780001
      vertex 74.85 11.2847 0.780001
    endloop
  endfacet
  facet normal 0 0 1
    outer loop
      vertex 74.4074 10.9747 0.780001
      vertex 74.4074 6.22526 0.780001
      vertex 74.85 5.91532 0.780001
    endloop
  endfacet
  facet normal -0 0 1
    outer loop
      vertex 74.0253 10.5926 0.780001
      vertex 74.4074 6.22526 0.780001
      vertex 74.4074 10.9747 0.780001
    endloop
  endfacet
  facet normal 0 0 1
    outer loop
      vertex 74.0253 10.5926 0.780001
      vertex 74.0253 6.60736 0.780001
      vertex 74.4074 6.22526 0.780001
    endloop
  endfacet
  facet normal -0 0 1
    outer loop
      vertex 73.7153 10.15 0.780001
      vertex 74.0253 6.60736 0.780001
      vertex 74.0253 10.5926 0.780001
    endloop
  endfacet
  facet normal 0 0 1
    outer loop
      vertex 73.7153 10.15 0.780001
      vertex 73.7153 7.05 0.780001
      vertex 74.0253 6.60736 0.780001
    endloop
  endfacet
  facet normal -0 0 1
    outer loop
      vertex 73.487 9.66026 0.780001
      vertex 73.7153 7.05 0.780001
      vertex 73.7153 10.15 0.780001
    endloop
  endfacet
  facet normal 0 0 1
    outer loop
      vertex 73.487 9.66026 0.780001
      vertex 73.487 7.53974 0.780001
      vertex 73.7153 7.05 0.780001
    endloop
  endfacet
  facet normal -0 0 1
    outer loop
      vertex 73.3471 9.13831 0.780001
      vertex 73.487 7.53974 0.780001
      vertex 73.487 9.66026 0.780001
    endloop
  endfacet
  facet normal 0 0 1
    outer loop
      vertex 73.3471 9.13831 0.780001
      vertex 73.3471 8.06169 0.780001
      vertex 73.487 7.53974 0.780001
    endloop
  endfacet
  facet normal 0 -0 1
    outer loop
      vertex 73.3471 8.06169 0.780001
      vertex 73.3471 9.13831 0.780001
      vertex 73.3 8.6 0.780001
    endloop
  endfacet
  facet normal -0.707107 0.707107 0
    outer loop
      vertex 78.3926 6.22526 0.780001
      vertex 78.7747 6.60736 4
      vertex 78.7747 6.60736 0.780001
    endloop
  endfacet
  facet normal -0.707107 0.707107 0
    outer loop
      vertex 78.7747 6.60736 4
      vertex 78.3926 6.22526 0.780001
      vertex 78.3926 6.22526 4
    endloop
  endfacet
  facet normal 0.965906 0.258895 0
    outer loop
      vertex 73.487 7.53974 4
      vertex 73.3471 8.06169 0.780001
      vertex 73.3471 8.06169 4
    endloop
  endfacet
  facet normal 0.965906 0.258895 0
    outer loop
      vertex 73.3471 8.06169 0.780001
      vertex 73.487 7.53974 4
      vertex 73.487 7.53974 0.780001
    endloop
  endfacet
  facet normal 0.422647 0.906294 -0
    outer loop
      vertex 75.3397 5.68695 0.780001
      vertex 74.85 5.91532 4
      vertex 75.3397 5.68695 4
    endloop
  endfacet
  facet normal 0.422647 0.906294 0
    outer loop
      vertex 74.85 5.91532 4
      vertex 75.3397 5.68695 0.780001
      vertex 74.85 5.91532 0.780001
    endloop
  endfacet
  facet normal 0.573611 0.819128 -0
    outer loop
      vertex 74.85 5.91532 0.780001
      vertex 74.4074 6.22526 4
      vertex 74.85 5.91532 4
    endloop
  endfacet
  facet normal 0.573611 0.819128 0
    outer loop
      vertex 74.4074 6.22526 4
      vertex 74.85 5.91532 0.780001
      vertex 74.4074 6.22526 0.780001
    endloop
  endfacet
  facet normal -0.258872 0.965912 0
    outer loop
      vertex 77.4603 26.487 0.780001
      vertex 76.9383 26.3471 4
      vertex 77.4603 26.487 4
    endloop
  endfacet
  facet normal -0.258872 0.965912 0
    outer loop
      vertex 76.9383 26.3471 4
      vertex 77.4603 26.487 0.780001
      vertex 76.9383 26.3471 0.780001
    endloop
  endfacet
  facet normal -0.965912 -0.258872 0
    outer loop
      vertex 79.4529 29.9383 0.780001
      vertex 79.313 30.4603 4
      vertex 79.313 30.4603 0.780001
    endloop
  endfacet
  facet normal -0.965912 -0.258872 0
    outer loop
      vertex 79.313 30.4603 4
      vertex 79.4529 29.9383 0.780001
      vertex 79.4529 29.9383 4
    endloop
  endfacet
  facet normal -0.996194 -0.0871647 0
    outer loop
      vertex 79.5 29.4 0.780001
      vertex 79.4529 29.9383 4
      vertex 79.4529 29.9383 0.780001
    endloop
  endfacet
  facet normal -0.996194 -0.0871647 0
    outer loop
      vertex 79.4529 29.9383 4
      vertex 79.5 29.4 0.780001
      vertex 79.5 29.4 4
    endloop
  endfacet
  facet normal -0.906344 -0.422541 0
    outer loop
      vertex 79.313 30.4603 0.780001
      vertex 79.0847 30.95 4
      vertex 79.0847 30.95 0.780001
    endloop
  endfacet
  facet normal -0.906344 -0.422541 0
    outer loop
      vertex 79.0847 30.95 4
      vertex 79.313 30.4603 0.780001
      vertex 79.313 30.4603 4
    endloop
  endfacet
  facet normal 0.422541 0.906344 -0
    outer loop
      vertex 75.3397 26.487 0.780001
      vertex 74.85 26.7153 4
      vertex 75.3397 26.487 4
    endloop
  endfacet
  facet normal 0.422541 0.906344 0
    outer loop
      vertex 74.85 26.7153 4
      vertex 75.3397 26.487 0.780001
      vertex 74.85 26.7153 0.780001
    endloop
  endfacet
  facet normal 0.996194 -0.0871647 0
    outer loop
      vertex 73.3 29.4 4
      vertex 73.3471 29.9383 0.780001
      vertex 73.3471 29.9383 4
    endloop
  endfacet
  facet normal 0.996194 -0.0871647 0
    outer loop
      vertex 73.3471 29.9383 0.780001
      vertex 73.3 29.4 4
      vertex 73.3 29.4 0.780001
    endloop
  endfacet
  facet normal 0.906344 0.422541 0
    outer loop
      vertex 73.7153 27.85 4
      vertex 73.487 28.3397 0.780001
      vertex 73.487 28.3397 4
    endloop
  endfacet
  facet normal 0.906344 0.422541 0
    outer loop
      vertex 73.487 28.3397 0.780001
      vertex 73.7153 27.85 4
      vertex 73.7153 27.85 0.780001
    endloop
  endfacet
  facet normal 0.906344 -0.422541 0
    outer loop
      vertex 73.487 30.4603 4
      vertex 73.7153 30.95 0.780001
      vertex 73.7153 30.95 4
    endloop
  endfacet
  facet normal 0.906344 -0.422541 0
    outer loop
      vertex 73.7153 30.95 0.780001
      vertex 73.487 30.4603 4
      vertex 73.487 30.4603 0.780001
    endloop
  endfacet
  facet normal -0.258872 -0.965912 0
    outer loop
      vertex 76.9383 32.4529 0.780001
      vertex 77.4603 32.313 4
      vertex 76.9383 32.4529 4
    endloop
  endfacet
  facet normal -0.258872 -0.965912 -0
    outer loop
      vertex 77.4603 32.313 4
      vertex 76.9383 32.4529 0.780001
      vertex 77.4603 32.313 0.780001
    endloop
  endfacet
  facet normal -0.0871647 0.996194 0
    outer loop
      vertex 76.9383 26.3471 0.780001
      vertex 76.4 26.3 4
      vertex 76.9383 26.3471 4
    endloop
  endfacet
  facet normal -0.0871647 0.996194 0
    outer loop
      vertex 76.4 26.3 4
      vertex 76.9383 26.3471 0.780001
      vertex 76.4 26.3 0.780001
    endloop
  endfacet
  facet normal -0.422541 -0.906344 0
    outer loop
      vertex 77.4603 32.313 0.780001
      vertex 77.95 32.0847 4
      vertex 77.4603 32.313 4
    endloop
  endfacet
  facet normal -0.422541 -0.906344 -0
    outer loop
      vertex 77.95 32.0847 4
      vertex 77.4603 32.313 0.780001
      vertex 77.95 32.0847 0.780001
    endloop
  endfacet
  facet normal 0.422541 -0.906344 0
    outer loop
      vertex 74.85 32.0847 0.780001
      vertex 75.3397 32.313 4
      vertex 74.85 32.0847 4
    endloop
  endfacet
  facet normal 0.422541 -0.906344 0
    outer loop
      vertex 75.3397 32.313 4
      vertex 74.85 32.0847 0.780001
      vertex 75.3397 32.313 0.780001
    endloop
  endfacet
  facet normal 0.707107 -0.707107 0
    outer loop
      vertex 74.0253 31.3926 4
      vertex 74.4074 31.7747 0.780001
      vertex 74.4074 31.7747 4
    endloop
  endfacet
  facet normal 0.707107 -0.707107 0
    outer loop
      vertex 74.4074 31.7747 0.780001
      vertex 74.0253 31.3926 4
      vertex 74.0253 31.3926 0.780001
    endloop
  endfacet
  facet normal -0.819075 -0.573686 0
    outer loop
      vertex 79.0847 30.95 0.780001
      vertex 78.7747 31.3926 4
      vertex 78.7747 31.3926 0.780001
    endloop
  endfacet
  facet normal -0.819075 -0.573686 0
    outer loop
      vertex 78.7747 31.3926 4
      vertex 79.0847 30.95 0.780001
      vertex 79.0847 30.95 4
    endloop
  endfacet
  facet normal -0.819075 0.573686 0
    outer loop
      vertex 78.7747 27.4074 0.780001
      vertex 79.0847 27.85 4
      vertex 79.0847 27.85 0.780001
    endloop
  endfacet
  facet normal -0.819075 0.573686 0
    outer loop
      vertex 79.0847 27.85 4
      vertex 78.7747 27.4074 0.780001
      vertex 78.7747 27.4074 4
    endloop
  endfacet
  facet normal 0.258872 -0.965912 0
    outer loop
      vertex 75.3397 32.313 0.780001
      vertex 75.8617 32.4529 4
      vertex 75.3397 32.313 4
    endloop
  endfacet
  facet normal 0.258872 -0.965912 0
    outer loop
      vertex 75.8617 32.4529 4
      vertex 75.3397 32.313 0.780001
      vertex 75.8617 32.4529 0.780001
    endloop
  endfacet
  facet normal -0.707107 0.707107 0
    outer loop
      vertex 78.3926 27.0253 0.780001
      vertex 78.7747 27.4074 4
      vertex 78.7747 27.4074 0.780001
    endloop
  endfacet
  facet normal -0.707107 0.707107 0
    outer loop
      vertex 78.7747 27.4074 4
      vertex 78.3926 27.0253 0.780001
      vertex 78.3926 27.0253 4
    endloop
  endfacet
  facet normal -0.996194 0.0871647 0
    outer loop
      vertex 79.4529 28.8617 0.780001
      vertex 79.5 29.4 4
      vertex 79.5 29.4 0.780001
    endloop
  endfacet
  facet normal -0.996194 0.0871647 0
    outer loop
      vertex 79.5 29.4 4
      vertex 79.4529 28.8617 0.780001
      vertex 79.4529 28.8617 4
    endloop
  endfacet
  facet normal -0.965912 0.258872 0
    outer loop
      vertex 79.313 28.3397 0.780001
      vertex 79.4529 28.8617 4
      vertex 79.4529 28.8617 0.780001
    endloop
  endfacet
  facet normal -0.965912 0.258872 0
    outer loop
      vertex 79.4529 28.8617 4
      vertex 79.313 28.3397 0.780001
      vertex 79.313 28.3397 4
    endloop
  endfacet
  facet normal 0.965912 0.258872 0
    outer loop
      vertex 73.487 28.3397 4
      vertex 73.3471 28.8617 0.780001
      vertex 73.3471 28.8617 4
    endloop
  endfacet
  facet normal 0.965912 0.258872 0
    outer loop
      vertex 73.3471 28.8617 0.780001
      vertex 73.487 28.3397 4
      vertex 73.487 28.3397 0.780001
    endloop
  endfacet
  facet normal -0.906344 0.422541 0
    outer loop
      vertex 79.0847 27.85 0.780001
      vertex 79.313 28.3397 4
      vertex 79.313 28.3397 0.780001
    endloop
  endfacet
  facet normal -0.906344 0.422541 0
    outer loop
      vertex 79.313 28.3397 4
      vertex 79.0847 27.85 0.780001
      vertex 79.0847 27.85 4
    endloop
  endfacet
  facet normal 0.258872 0.965912 -0
    outer loop
      vertex 75.8617 26.3471 0.780001
      vertex 75.3397 26.487 4
      vertex 75.8617 26.3471 4
    endloop
  endfacet
  facet normal 0.258872 0.965912 0
    outer loop
      vertex 75.3397 26.487 4
      vertex 75.8617 26.3471 0.780001
      vertex 75.3397 26.487 0.780001
    endloop
  endfacet
  facet normal 0.996194 0.0871647 0
    outer loop
      vertex 73.3471 28.8617 4
      vertex 73.3 29.4 0.780001
      vertex 73.3 29.4 4
    endloop
  endfacet
  facet normal 0.996194 0.0871647 0
    outer loop
      vertex 73.3 29.4 0.780001
      vertex 73.3471 28.8617 4
      vertex 73.3471 28.8617 0.780001
    endloop
  endfacet
  facet normal 0.573686 -0.819075 0
    outer loop
      vertex 74.4074 31.7747 0.780001
      vertex 74.85 32.0847 4
      vertex 74.4074 31.7747 4
    endloop
  endfacet
  facet normal 0.573686 -0.819075 0
    outer loop
      vertex 74.85 32.0847 4
      vertex 74.4074 31.7747 0.780001
      vertex 74.85 32.0847 0.780001
    endloop
  endfacet
  facet normal -0.0871647 -0.996194 0
    outer loop
      vertex 76.4 32.5 0.780001
      vertex 76.9383 32.4529 4
      vertex 76.4 32.5 4
    endloop
  endfacet
  facet normal -0.0871647 -0.996194 -0
    outer loop
      vertex 76.9383 32.4529 4
      vertex 76.4 32.5 0.780001
      vertex 76.9383 32.4529 0.780001
    endloop
  endfacet
  facet normal -0.573686 -0.819075 0
    outer loop
      vertex 77.95 32.0847 0.780001
      vertex 78.3926 31.7747 4
      vertex 77.95 32.0847 4
    endloop
  endfacet
  facet normal -0.573686 -0.819075 -0
    outer loop
      vertex 78.3926 31.7747 4
      vertex 77.95 32.0847 0.780001
      vertex 78.3926 31.7747 0.780001
    endloop
  endfacet
  facet normal -0.707107 -0.707107 0
    outer loop
      vertex 78.7747 31.3926 0.780001
      vertex 78.3926 31.7747 4
      vertex 78.3926 31.7747 0.780001
    endloop
  endfacet
  facet normal -0.707107 -0.707107 0
    outer loop
      vertex 78.3926 31.7747 4
      vertex 78.7747 31.3926 0.780001
      vertex 78.7747 31.3926 4
    endloop
  endfacet
  facet normal 0.819075 0.573686 0
    outer loop
      vertex 74.0253 27.4074 4
      vertex 73.7153 27.85 0.780001
      vertex 73.7153 27.85 4
    endloop
  endfacet
  facet normal 0.819075 0.573686 0
    outer loop
      vertex 73.7153 27.85 0.780001
      vertex 74.0253 27.4074 4
      vertex 74.0253 27.4074 0.780001
    endloop
  endfacet
  facet normal -0.422541 0.906344 0
    outer loop
      vertex 77.95 26.7153 0.780001
      vertex 77.4603 26.487 4
      vertex 77.95 26.7153 4
    endloop
  endfacet
  facet normal -0.422541 0.906344 0
    outer loop
      vertex 77.4603 26.487 4
      vertex 77.95 26.7153 0.780001
      vertex 77.4603 26.487 0.780001
    endloop
  endfacet
  facet normal 0.707107 0.707107 0
    outer loop
      vertex 74.4074 27.0253 4
      vertex 74.0253 27.4074 0.780001
      vertex 74.0253 27.4074 4
    endloop
  endfacet
  facet normal 0.707107 0.707107 0
    outer loop
      vertex 74.0253 27.4074 0.780001
      vertex 74.4074 27.0253 4
      vertex 74.4074 27.0253 0.780001
    endloop
  endfacet
  facet normal 0.0871647 -0.996194 0
    outer loop
      vertex 75.8617 32.4529 0.780001
      vertex 76.4 32.5 4
      vertex 75.8617 32.4529 4
    endloop
  endfacet
  facet normal 0.0871647 -0.996194 0
    outer loop
      vertex 76.4 32.5 4
      vertex 75.8617 32.4529 0.780001
      vertex 76.4 32.5 0.780001
    endloop
  endfacet
  facet normal -0.573686 0.819075 0
    outer loop
      vertex 78.3926 27.0253 0.780001
      vertex 77.95 26.7153 4
      vertex 78.3926 27.0253 4
    endloop
  endfacet
  facet normal -0.573686 0.819075 0
    outer loop
      vertex 77.95 26.7153 4
      vertex 78.3926 27.0253 0.780001
      vertex 77.95 26.7153 0.780001
    endloop
  endfacet
  facet normal 0.965912 -0.258872 0
    outer loop
      vertex 73.3471 29.9383 4
      vertex 73.487 30.4603 0.780001
      vertex 73.487 30.4603 4
    endloop
  endfacet
  facet normal 0.965912 -0.258872 0
    outer loop
      vertex 73.487 30.4603 0.780001
      vertex 73.3471 29.9383 4
      vertex 73.3471 29.9383 0.780001
    endloop
  endfacet
  facet normal 0.0871647 0.996194 -0
    outer loop
      vertex 76.4 26.3 0.780001
      vertex 75.8617 26.3471 4
      vertex 76.4 26.3 4
    endloop
  endfacet
  facet normal 0.0871647 0.996194 0
    outer loop
      vertex 75.8617 26.3471 4
      vertex 76.4 26.3 0.780001
      vertex 75.8617 26.3471 0.780001
    endloop
  endfacet
  facet normal 0.573686 0.819075 -0
    outer loop
      vertex 74.85 26.7153 0.780001
      vertex 74.4074 27.0253 4
      vertex 74.85 26.7153 4
    endloop
  endfacet
  facet normal 0.573686 0.819075 0
    outer loop
      vertex 74.4074 27.0253 4
      vertex 74.85 26.7153 0.780001
      vertex 74.4074 27.0253 0.780001
    endloop
  endfacet
  facet normal 0 0 1
    outer loop
      vertex 79.4529 29.9383 0.780001
      vertex 79.4529 28.8617 0.780001
      vertex 79.5 29.4 0.780001
    endloop
  endfacet
  facet normal 0 0 1
    outer loop
      vertex 79.313 30.4603 0.780001
      vertex 79.4529 28.8617 0.780001
      vertex 79.4529 29.9383 0.780001
    endloop
  endfacet
  facet normal 0 0 1
    outer loop
      vertex 79.313 30.4603 0.780001
      vertex 79.313 28.3397 0.780001
      vertex 79.4529 28.8617 0.780001
    endloop
  endfacet
  facet normal 0 0 1
    outer loop
      vertex 79.0847 30.95 0.780001
      vertex 79.313 28.3397 0.780001
      vertex 79.313 30.4603 0.780001
    endloop
  endfacet
  facet normal 0 0 1
    outer loop
      vertex 79.0847 30.95 0.780001
      vertex 79.0847 27.85 0.780001
      vertex 79.313 28.3397 0.780001
    endloop
  endfacet
  facet normal 0 0 1
    outer loop
      vertex 78.7747 31.3926 0.780001
      vertex 79.0847 27.85 0.780001
      vertex 79.0847 30.95 0.780001
    endloop
  endfacet
  facet normal 0 0 1
    outer loop
      vertex 78.7747 31.3926 0.780001
      vertex 78.7747 27.4074 0.780001
      vertex 79.0847 27.85 0.780001
    endloop
  endfacet
  facet normal 0 0 1
    outer loop
      vertex 78.3926 31.7747 0.780001
      vertex 78.7747 27.4074 0.780001
      vertex 78.7747 31.3926 0.780001
    endloop
  endfacet
  facet normal 0 0 1
    outer loop
      vertex 78.3926 31.7747 0.780001
      vertex 78.3926 27.0253 0.780001
      vertex 78.7747 27.4074 0.780001
    endloop
  endfacet
  facet normal 0 0 1
    outer loop
      vertex 77.95 32.0847 0.780001
      vertex 78.3926 27.0253 0.780001
      vertex 78.3926 31.7747 0.780001
    endloop
  endfacet
  facet normal 0 0 1
    outer loop
      vertex 77.95 32.0847 0.780001
      vertex 77.95 26.7153 0.780001
      vertex 78.3926 27.0253 0.780001
    endloop
  endfacet
  facet normal 0 0 1
    outer loop
      vertex 77.4603 32.313 0.780001
      vertex 77.95 26.7153 0.780001
      vertex 77.95 32.0847 0.780001
    endloop
  endfacet
  facet normal 0 0 1
    outer loop
      vertex 77.4603 32.313 0.780001
      vertex 77.4603 26.487 0.780001
      vertex 77.95 26.7153 0.780001
    endloop
  endfacet
  facet normal 0 0 1
    outer loop
      vertex 76.9383 32.4529 0.780001
      vertex 77.4603 26.487 0.780001
      vertex 77.4603 32.313 0.780001
    endloop
  endfacet
  facet normal 0 0 1
    outer loop
      vertex 76.9383 32.4529 0.780001
      vertex 76.9383 26.3471 0.780001
      vertex 77.4603 26.487 0.780001
    endloop
  endfacet
  facet normal 0 0 1
    outer loop
      vertex 76.4 32.5 0.780001
      vertex 76.9383 26.3471 0.780001
      vertex 76.9383 32.4529 0.780001
    endloop
  endfacet
  facet normal 0 0 1
    outer loop
      vertex 76.4 32.5 0.780001
      vertex 76.4 26.3 0.780001
      vertex 76.9383 26.3471 0.780001
    endloop
  endfacet
  facet normal -0 0 1
    outer loop
      vertex 75.8617 32.4529 0.780001
      vertex 76.4 26.3 0.780001
      vertex 76.4 32.5 0.780001
    endloop
  endfacet
  facet normal 0 0 1
    outer loop
      vertex 75.8617 32.4529 0.780001
      vertex 75.8617 26.3471 0.780001
      vertex 76.4 26.3 0.780001
    endloop
  endfacet
  facet normal -0 0 1
    outer loop
      vertex 75.3397 32.313 0.780001
      vertex 75.8617 26.3471 0.780001
      vertex 75.8617 32.4529 0.780001
    endloop
  endfacet
  facet normal 0 0 1
    outer loop
      vertex 75.3397 32.313 0.780001
      vertex 75.3397 26.487 0.780001
      vertex 75.8617 26.3471 0.780001
    endloop
  endfacet
  facet normal -0 0 1
    outer loop
      vertex 74.85 32.0847 0.780001
      vertex 75.3397 26.487 0.780001
      vertex 75.3397 32.313 0.780001
    endloop
  endfacet
  facet normal 0 0 1
    outer loop
      vertex 74.85 32.0847 0.780001
      vertex 74.85 26.7153 0.780001
      vertex 75.3397 26.487 0.780001
    endloop
  endfacet
  facet normal -0 0 1
    outer loop
      vertex 74.4074 31.7747 0.780001
      vertex 74.85 26.7153 0.780001
      vertex 74.85 32.0847 0.780001
    endloop
  endfacet
  facet normal 0 0 1
    outer loop
      vertex 74.4074 31.7747 0.780001
      vertex 74.4074 27.0253 0.780001
      vertex 74.85 26.7153 0.780001
    endloop
  endfacet
  facet normal -0 0 1
    outer loop
      vertex 74.0253 31.3926 0.780001
      vertex 74.4074 27.0253 0.780001
      vertex 74.4074 31.7747 0.780001
    endloop
  endfacet
  facet normal 0 0 1
    outer loop
      vertex 74.0253 31.3926 0.780001
      vertex 74.0253 27.4074 0.780001
      vertex 74.4074 27.0253 0.780001
    endloop
  endfacet
  facet normal -0 0 1
    outer loop
      vertex 73.7153 30.95 0.780001
      vertex 74.0253 27.4074 0.780001
      vertex 74.0253 31.3926 0.780001
    endloop
  endfacet
  facet normal 0 0 1
    outer loop
      vertex 73.7153 30.95 0.780001
      vertex 73.7153 27.85 0.780001
      vertex 74.0253 27.4074 0.780001
    endloop
  endfacet
  facet normal -0 0 1
    outer loop
      vertex 73.487 30.4603 0.780001
      vertex 73.7153 27.85 0.780001
      vertex 73.7153 30.95 0.780001
    endloop
  endfacet
  facet normal 0 0 1
    outer loop
      vertex 73.487 30.4603 0.780001
      vertex 73.487 28.3397 0.780001
      vertex 73.7153 27.85 0.780001
    endloop
  endfacet
  facet normal -0 0 1
    outer loop
      vertex 73.3471 29.9383 0.780001
      vertex 73.487 28.3397 0.780001
      vertex 73.487 30.4603 0.780001
    endloop
  endfacet
  facet normal 0 0 1
    outer loop
      vertex 73.3471 29.9383 0.780001
      vertex 73.3471 28.8617 0.780001
      vertex 73.487 28.3397 0.780001
    endloop
  endfacet
  facet normal 0 -0 1
    outer loop
      vertex 73.3471 28.8617 0.780001
      vertex 73.3471 29.9383 0.780001
      vertex 73.3 29.4 0.780001
    endloop
  endfacet
  facet normal 0.819075 -0.573686 0
    outer loop
      vertex 73.7153 30.95 4
      vertex 74.0253 31.3926 0.780001
      vertex 74.0253 31.3926 4
    endloop
  endfacet
  facet normal 0.819075 -0.573686 0
    outer loop
      vertex 74.0253 31.3926 0.780001
      vertex 73.7153 30.95 4
      vertex 73.7153 30.95 0.780001
    endloop
  endfacet
  facet normal 0.57735 -0.57735 0.57735
    outer loop
      vertex 4.8 33.2 4
      vertex 4.8 34 4.8
      vertex 4 33.2 4.8
    endloop
  endfacet
  facet normal -0.57735 -0.57735 0.57735
    outer loop
      vertex 81 33.2 4.8
      vertex 80.2 34 4.8
      vertex 80.2 33.2 4
    endloop
  endfacet
  facet normal 0.707107 -0 0.707107
    outer loop
      vertex 4 4.8 4.8
      vertex 4.8 33.2 4
      vertex 4 33.2 4.8
    endloop
  endfacet
  facet normal 0.707107 0 0.707107
    outer loop
      vertex 4.8 33.2 4
      vertex 4 4.8 4.8
      vertex 4.8 4.8 4
    endloop
  endfacet
  facet normal 0 -1 0
    outer loop
      vertex 4.8 34 13
      vertex 19.6 34 5
      vertex 19.6 34 13
    endloop
  endfacet
  facet normal 0 -1 0
    outer loop
      vertex 4.8 34 4.8
      vertex 19.6 34 5
      vertex 4.8 34 13
    endloop
  endfacet
  facet normal 0 -1 -0
    outer loop
      vertex 19.6 34 5
      vertex 4.8 34 4.8
      vertex 19.8 34 4.8
    endloop
  endfacet
  facet normal 0 -1 0
    outer loop
      vertex 65.4 34 5
      vertex 80.2 34 13
      vertex 65.4 34 13
    endloop
  endfacet
  facet normal 0 -1 0
    outer loop
      vertex 80.2 34 4.8
      vertex 65.4 34 5
      vertex 65.2 34 4.8
    endloop
  endfacet
  facet normal 0 -1 0
    outer loop
      vertex 65.4 34 5
      vertex 80.2 34 4.8
      vertex 80.2 34 13
    endloop
  endfacet
  facet normal -0.707107 -0.707107 0
    outer loop
      vertex 80.2 34 4.8
      vertex 81 33.2 13
      vertex 80.2 34 13
    endloop
  endfacet
  facet normal -0.707107 -0.707107 -0
    outer loop
      vertex 81 33.2 13
      vertex 80.2 34 4.8
      vertex 81 33.2 4.8
    endloop
  endfacet
  facet normal 0 0.707107 0.707107
    outer loop
      vertex 4.8 4.8 4
      vertex 19.8 4 4.8
      vertex 19.9 4.1 4.7
    endloop
  endfacet
  facet normal 0 0.707107 0.707107
    outer loop
      vertex 20.6 4.8 4
      vertex 19.9 4.1 4.7
      vertex 20.6 4.45 4.35
    endloop
  endfacet
  facet normal 0 0.707107 0.707107
    outer loop
      vertex 19.9 4.1 4.7
      vertex 20.6 4.8 4
      vertex 4.8 4.8 4
    endloop
  endfacet
  facet normal 0 0.707107 0.707107
    outer loop
      vertex 19.8 4 4.8
      vertex 4.8 4.8 4
      vertex 4.8 4 4.8
    endloop
  endfacet
  facet normal 0 0.707107 0.707107
    outer loop
      vertex 80.2 4.8 4
      vertex 65.2 4 4.8
      vertex 80.2 4 4.8
    endloop
  endfacet
  facet normal 0 0.707107 0.707107
    outer loop
      vertex 65.2 4 4.8
      vertex 80.2 4.8 4
      vertex 65.1 4.1 4.7
    endloop
  endfacet
  facet normal -0 0.707107 0.707107
    outer loop
      vertex 64.4 4.8 4
      vertex 65.1 4.1 4.7
      vertex 80.2 4.8 4
    endloop
  endfacet
  facet normal 0 0.707107 0.707107
    outer loop
      vertex 65.1 4.1 4.7
      vertex 64.4 4.8 4
      vertex 64.4 4.45 4.35
    endloop
  endfacet
  facet normal -1 0 0
    outer loop
      vertex 81 14.4 4.8
      vertex 81 4.8 4.8
      vertex 81 14.4 5.5
    endloop
  endfacet
  facet normal -1 0 0
    outer loop
      vertex 81 23.6 5.5
      vertex 81 33.2 4.8
      vertex 81 23.6 4.8
    endloop
  endfacet
  facet normal -1 0 0
    outer loop
      vertex 81 33.2 4.8
      vertex 81 23.6 5.5
      vertex 81 33.2 13
    endloop
  endfacet
  facet normal -1 0 0
    outer loop
      vertex 81 14.4 5.5
      vertex 81 33.2 13
      vertex 81 23.6 5.5
    endloop
  endfacet
  facet normal -1 0 0
    outer loop
      vertex 81 4.8 13
      vertex 81 14.4 5.5
      vertex 81 4.8 4.8
    endloop
  endfacet
  facet normal -1 0 0
    outer loop
      vertex 81 14.4 5.5
      vertex 81 4.8 13
      vertex 81 33.2 13
    endloop
  endfacet
  facet normal 0 0 1
    outer loop
      vertex 80.2 33.2 4
      vertex 79.5 29.4 4
      vertex 80.2 23.6 4
    endloop
  endfacet
  facet normal 0 0 1
    outer loop
      vertex 80.2 33.2 4
      vertex 79.4529 29.9383 4
      vertex 79.5 29.4 4
    endloop
  endfacet
  facet normal 0 0 1
    outer loop
      vertex 80.2 33.2 4
      vertex 79.313 30.4603 4
      vertex 79.4529 29.9383 4
    endloop
  endfacet
  facet normal 0 0 1
    outer loop
      vertex 80.2 33.2 4
      vertex 79.0847 30.95 4
      vertex 79.313 30.4603 4
    endloop
  endfacet
  facet normal 0 0 1
    outer loop
      vertex 80.2 33.2 4
      vertex 78.7747 31.3926 4
      vertex 79.0847 30.95 4
    endloop
  endfacet
  facet normal 0 0 1
    outer loop
      vertex 80.2 33.2 4
      vertex 78.3926 31.7747 4
      vertex 78.7747 31.3926 4
    endloop
  endfacet
  facet normal 0 0 1
    outer loop
      vertex 80.2 33.2 4
      vertex 77.95 32.0847 4
      vertex 78.3926 31.7747 4
    endloop
  endfacet
  facet normal 0 0 1
    outer loop
      vertex 80.2 33.2 4
      vertex 77.4603 32.313 4
      vertex 77.95 32.0847 4
    endloop
  endfacet
  facet normal 0 0 1
    outer loop
      vertex 80.2 33.2 4
      vertex 76.9383 32.4529 4
      vertex 77.4603 32.313 4
    endloop
  endfacet
  facet normal 0 0 1
    outer loop
      vertex 80.2 33.2 4
      vertex 76.4 32.5 4
      vertex 76.9383 32.4529 4
    endloop
  endfacet
  facet normal 0 0 1
    outer loop
      vertex 80.2 33.2 4
      vertex 75.8617 32.4529 4
      vertex 76.4 32.5 4
    endloop
  endfacet
  facet normal 0 0 1
    outer loop
      vertex 73.7153 10.15 4
      vertex 64.4 5.5 4
      vertex 73.487 9.66026 4
    endloop
  endfacet
  facet normal 0 0 1
    outer loop
      vertex 73.487 30.4603 4
      vertex 64.4 32.5 4
      vertex 73.3471 29.9383 4
    endloop
  endfacet
  facet normal 0 0 1
    outer loop
      vertex 73.7153 30.95 4
      vertex 64.4 32.5 4
      vertex 73.487 30.4603 4
    endloop
  endfacet
  facet normal -0 0 1
    outer loop
      vertex 64.4 32.5 4
      vertex 73.7153 30.95 4
      vertex 64.4 33.2 4
    endloop
  endfacet
  facet normal 0 0 1
    outer loop
      vertex 74.0253 31.3926 4
      vertex 64.4 33.2 4
      vertex 73.7153 30.95 4
    endloop
  endfacet
  facet normal 0 0 1
    outer loop
      vertex 74.4074 31.7747 4
      vertex 64.4 33.2 4
      vertex 74.0253 31.3926 4
    endloop
  endfacet
  facet normal 0 0 1
    outer loop
      vertex 74.85 32.0847 4
      vertex 64.4 33.2 4
      vertex 74.4074 31.7747 4
    endloop
  endfacet
  facet normal 0 0 1
    outer loop
      vertex 75.3397 32.313 4
      vertex 64.4 33.2 4
      vertex 74.85 32.0847 4
    endloop
  endfacet
  facet normal 0 0 1
    outer loop
      vertex 75.8617 32.4529 4
      vertex 64.4 33.2 4
      vertex 75.3397 32.313 4
    endloop
  endfacet
  facet normal -0 0 1
    outer loop
      vertex 64.4 33.2 4
      vertex 75.8617 32.4529 4
      vertex 80.2 33.2 4
    endloop
  endfacet
  facet normal -0 0 1
    outer loop
      vertex 79.4529 28.8617 4
      vertex 80.2 23.6 4
      vertex 79.5 29.4 4
    endloop
  endfacet
  facet normal -0 0 1
    outer loop
      vertex 79.313 28.3397 4
      vertex 80.2 23.6 4
      vertex 79.4529 28.8617 4
    endloop
  endfacet
  facet normal -0 0 1
    outer loop
      vertex 79.0847 27.85 4
      vertex 80.2 23.6 4
      vertex 79.313 28.3397 4
    endloop
  endfacet
  facet normal -0 0 1
    outer loop
      vertex 78.7747 27.4074 4
      vertex 80.2 23.6 4
      vertex 79.0847 27.85 4
    endloop
  endfacet
  facet normal -0 0 1
    outer loop
      vertex 78.3926 27.0253 4
      vertex 80.2 23.6 4
      vertex 78.7747 27.4074 4
    endloop
  endfacet
  facet normal -0 0 1
    outer loop
      vertex 77.95 26.7153 4
      vertex 80.2 23.6 4
      vertex 78.3926 27.0253 4
    endloop
  endfacet
  facet normal -0 0 1
    outer loop
      vertex 77.4603 26.487 4
      vertex 80.2 23.6 4
      vertex 77.95 26.7153 4
    endloop
  endfacet
  facet normal -0 0 1
    outer loop
      vertex 76.9383 26.3471 4
      vertex 80.2 23.6 4
      vertex 77.4603 26.487 4
    endloop
  endfacet
  facet normal 0 0 1
    outer loop
      vertex 74.98 23.6 4
      vertex 76.9383 26.3471 4
      vertex 76.4 26.3 4
    endloop
  endfacet
  facet normal 0 0 1
    outer loop
      vertex 74.98 23.6 4
      vertex 76.4 26.3 4
      vertex 75.8617 26.3471 4
    endloop
  endfacet
  facet normal 0 0 1
    outer loop
      vertex 74.98 23.6 4
      vertex 75.8617 26.3471 4
      vertex 75.3397 26.487 4
    endloop
  endfacet
  facet normal 0 0 1
    outer loop
      vertex 76.9383 26.3471 4
      vertex 74.98 23.6 4
      vertex 80.2 23.6 4
    endloop
  endfacet
  facet normal 0 0 1
    outer loop
      vertex 74.4074 27.0253 4
      vertex 74.98 23.6 4
      vertex 74.85 26.7153 4
    endloop
  endfacet
  facet normal 0 0 1
    outer loop
      vertex 74.85 26.7153 4
      vertex 74.98 23.6 4
      vertex 75.3397 26.487 4
    endloop
  endfacet
  facet normal 0 0 1
    outer loop
      vertex 80.2 14.4 4
      vertex 79.5 8.6 4
      vertex 80.2 4.8 4
    endloop
  endfacet
  facet normal 0 0 1
    outer loop
      vertex 80.2 14.4 4
      vertex 79.4529 9.13831 4
      vertex 79.5 8.6 4
    endloop
  endfacet
  facet normal 0 0 1
    outer loop
      vertex 80.2 14.4 4
      vertex 79.313 9.66026 4
      vertex 79.4529 9.13831 4
    endloop
  endfacet
  facet normal 0 0 1
    outer loop
      vertex 80.2 14.4 4
      vertex 79.0847 10.15 4
      vertex 79.313 9.66026 4
    endloop
  endfacet
  facet normal 0 0 1
    outer loop
      vertex 80.2 14.4 4
      vertex 78.7747 10.5926 4
      vertex 79.0847 10.15 4
    endloop
  endfacet
  facet normal 0 0 1
    outer loop
      vertex 80.2 14.4 4
      vertex 78.3926 10.9747 4
      vertex 78.7747 10.5926 4
    endloop
  endfacet
  facet normal 0 0 1
    outer loop
      vertex 80.2 14.4 4
      vertex 77.95 11.2847 4
      vertex 78.3926 10.9747 4
    endloop
  endfacet
  facet normal 0 0 1
    outer loop
      vertex 80.2 14.4 4
      vertex 77.4603 11.513 4
      vertex 77.95 11.2847 4
    endloop
  endfacet
  facet normal 0 0 1
    outer loop
      vertex 80.2 14.4 4
      vertex 76.9383 11.6529 4
      vertex 77.4603 11.513 4
    endloop
  endfacet
  facet normal -0 0 1
    outer loop
      vertex 74.98 14.4 4
      vertex 76.9383 11.6529 4
      vertex 80.2 14.4 4
    endloop
  endfacet
  facet normal 0 0 1
    outer loop
      vertex 76.9383 11.6529 4
      vertex 74.98 14.4 4
      vertex 76.4 11.7 4
    endloop
  endfacet
  facet normal 0 0 1
    outer loop
      vertex 76.4 11.7 4
      vertex 74.98 14.4 4
      vertex 75.8617 11.6529 4
    endloop
  endfacet
  facet normal 0 0 1
    outer loop
      vertex 75.8617 11.6529 4
      vertex 74.98 14.4 4
      vertex 75.3397 11.513 4
    endloop
  endfacet
  facet normal 0 0 1
    outer loop
      vertex 74.98 14.4 4
      vertex 74.85 11.2847 4
      vertex 75.3397 11.513 4
    endloop
  endfacet
  facet normal 0 0 1
    outer loop
      vertex 74.0253 27.4074 4
      vertex 74.98 23.6 4
      vertex 74.4074 27.0253 4
    endloop
  endfacet
  facet normal 0 0 1
    outer loop
      vertex 73.7153 27.85 4
      vertex 74.98 23.6 4
      vertex 74.0253 27.4074 4
    endloop
  endfacet
  facet normal 0 0 1
    outer loop
      vertex 74.98 14.4 4
      vertex 74.4074 10.9747 4
      vertex 74.85 11.2847 4
    endloop
  endfacet
  facet normal 0 0 1
    outer loop
      vertex 73.3471 28.8617 4
      vertex 64.4 32.5 4
      vertex 73.487 28.3397 4
    endloop
  endfacet
  facet normal 0 0 1
    outer loop
      vertex 74.98 14.4 4
      vertex 74.0253 10.5926 4
      vertex 74.4074 10.9747 4
    endloop
  endfacet
  facet normal 0 0 1
    outer loop
      vertex 73.487 28.3397 4
      vertex 64.4 32.5 4
      vertex 73.7153 27.85 4
    endloop
  endfacet
  facet normal 0 0 1
    outer loop
      vertex 74.98 14.4 4
      vertex 73.7153 10.15 4
      vertex 74.0253 10.5926 4
    endloop
  endfacet
  facet normal 0 0 1
    outer loop
      vertex 73.7153 27.85 4
      vertex 64.4 32.5 4
      vertex 74.98 23.6 4
    endloop
  endfacet
  facet normal 0 0 1
    outer loop
      vertex 64.4 5.5 4
      vertex 73.7153 10.15 4
      vertex 74.98 14.4 4
    endloop
  endfacet
  facet normal 0 0 1
    outer loop
      vertex 73.3 29.4 4
      vertex 64.4 32.5 4
      vertex 73.3471 28.8617 4
    endloop
  endfacet
  facet normal 0 0 1
    outer loop
      vertex 74.98 23.6 4
      vertex 64.4 32.5 4
      vertex 74.98 14.4 4
    endloop
  endfacet
  facet normal 0 0 1
    outer loop
      vertex 73.3471 29.9383 4
      vertex 64.4 32.5 4
      vertex 73.3 29.4 4
    endloop
  endfacet
  facet normal 0 0 1
    outer loop
      vertex 64.4 5.5 4
      vertex 74.98 14.4 4
      vertex 64.4 32.5 4
    endloop
  endfacet
  facet normal -0 0 1
    outer loop
      vertex 79.4529 8.06169 4
      vertex 80.2 4.8 4
      vertex 79.5 8.6 4
    endloop
  endfacet
  facet normal -0 0 1
    outer loop
      vertex 79.313 7.53974 4
      vertex 80.2 4.8 4
      vertex 79.4529 8.06169 4
    endloop
  endfacet
  facet normal -0 0 1
    outer loop
      vertex 79.0847 7.05 4
      vertex 80.2 4.8 4
      vertex 79.313 7.53974 4
    endloop
  endfacet
  facet normal -0 0 1
    outer loop
      vertex 78.7747 6.60736 4
      vertex 80.2 4.8 4
      vertex 79.0847 7.05 4
    endloop
  endfacet
  facet normal -0 0 1
    outer loop
      vertex 78.3926 6.22526 4
      vertex 80.2 4.8 4
      vertex 78.7747 6.60736 4
    endloop
  endfacet
  facet normal -0 0 1
    outer loop
      vertex 77.95 5.91532 4
      vertex 80.2 4.8 4
      vertex 78.3926 6.22526 4
    endloop
  endfacet
  facet normal -0 0 1
    outer loop
      vertex 77.4603 5.68695 4
      vertex 80.2 4.8 4
      vertex 77.95 5.91532 4
    endloop
  endfacet
  facet normal -0 0 1
    outer loop
      vertex 76.9383 5.5471 4
      vertex 80.2 4.8 4
      vertex 77.4603 5.68695 4
    endloop
  endfacet
  facet normal -0 0 1
    outer loop
      vertex 76.4 5.5 4
      vertex 80.2 4.8 4
      vertex 76.9383 5.5471 4
    endloop
  endfacet
  facet normal 0 0 1
    outer loop
      vertex 75.8617 5.5471 4
      vertex 80.2 4.8 4
      vertex 76.4 5.5 4
    endloop
  endfacet
  facet normal 0 0 1
    outer loop
      vertex 73.487 9.66026 4
      vertex 64.4 5.5 4
      vertex 73.3471 9.13831 4
    endloop
  endfacet
  facet normal 0 0 1
    outer loop
      vertex 73.3471 9.13831 4
      vertex 64.4 5.5 4
      vertex 73.3 8.6 4
    endloop
  endfacet
  facet normal 0 0 1
    outer loop
      vertex 73.3 8.6 4
      vertex 64.4 5.5 4
      vertex 73.3471 8.06169 4
    endloop
  endfacet
  facet normal 0 0 1
    outer loop
      vertex 73.3471 8.06169 4
      vertex 64.4 5.5 4
      vertex 73.487 7.53974 4
    endloop
  endfacet
  facet normal 0 0 1
    outer loop
      vertex 64.4 5.5 4
      vertex 73.7153 7.05 4
      vertex 73.487 7.53974 4
    endloop
  endfacet
  facet normal 0 0 1
    outer loop
      vertex 64.4 4.8 4
      vertex 73.7153 7.05 4
      vertex 64.4 5.5 4
    endloop
  endfacet
  facet normal 0 0 1
    outer loop
      vertex 73.7153 7.05 4
      vertex 64.4 4.8 4
      vertex 74.0253 6.60736 4
    endloop
  endfacet
  facet normal 0 0 1
    outer loop
      vertex 74.0253 6.60736 4
      vertex 64.4 4.8 4
      vertex 74.4074 6.22526 4
    endloop
  endfacet
  facet normal 0 0 1
    outer loop
      vertex 74.4074 6.22526 4
      vertex 64.4 4.8 4
      vertex 74.85 5.91532 4
    endloop
  endfacet
  facet normal 0 0 1
    outer loop
      vertex 74.85 5.91532 4
      vertex 64.4 4.8 4
      vertex 75.3397 5.68695 4
    endloop
  endfacet
  facet normal 0 0 1
    outer loop
      vertex 75.3397 5.68695 4
      vertex 64.4 4.8 4
      vertex 75.8617 5.5471 4
    endloop
  endfacet
  facet normal 0 0 1
    outer loop
      vertex 75.8617 5.5471 4
      vertex 64.4 4.8 4
      vertex 80.2 4.8 4
    endloop
  endfacet
  facet normal 0 0 1
    outer loop
      vertex 19.15 32.0847 4
      vertex 20.6 32.5 4
      vertex 20.6 33.2 4
    endloop
  endfacet
  facet normal 0 0 1
    outer loop
      vertex 20.6 32.5 4
      vertex 20.2847 30.95 4
      vertex 20.513 30.4603 4
    endloop
  endfacet
  facet normal 0 0 1
    outer loop
      vertex 20.6 32.5 4
      vertex 19.9747 31.3926 4
      vertex 20.2847 30.95 4
    endloop
  endfacet
  facet normal 0 0 1
    outer loop
      vertex 20.6 32.5 4
      vertex 19.5926 31.7747 4
      vertex 19.9747 31.3926 4
    endloop
  endfacet
  facet normal 0 0 1
    outer loop
      vertex 20.6 32.5 4
      vertex 19.15 32.0847 4
      vertex 19.5926 31.7747 4
    endloop
  endfacet
  facet normal 0 0 1
    outer loop
      vertex 20.6 33.2 4
      vertex 18.6603 32.313 4
      vertex 19.15 32.0847 4
    endloop
  endfacet
  facet normal 0 0 1
    outer loop
      vertex 20.6 33.2 4
      vertex 18.1383 32.4529 4
      vertex 18.6603 32.313 4
    endloop
  endfacet
  facet normal 0 0 1
    outer loop
      vertex 20.6 33.2 4
      vertex 17.6 32.5 4
      vertex 18.1383 32.4529 4
    endloop
  endfacet
  facet normal 0 0 1
    outer loop
      vertex 20.6 33.2 4
      vertex 17.0617 32.4529 4
      vertex 17.6 32.5 4
    endloop
  endfacet
  facet normal 0 0 1
    outer loop
      vertex 14.687 9.66026 4
      vertex 4.8 4.8 4
      vertex 14.5471 9.13831 4
    endloop
  endfacet
  facet normal 0 0 1
    outer loop
      vertex 14.5471 29.9383 4
      vertex 4.8 33.2 4
      vertex 14.5 29.4 4
    endloop
  endfacet
  facet normal 0 0 1
    outer loop
      vertex 14.687 30.4603 4
      vertex 4.8 33.2 4
      vertex 14.5471 29.9383 4
    endloop
  endfacet
  facet normal 0 0 1
    outer loop
      vertex 14.9153 30.95 4
      vertex 4.8 33.2 4
      vertex 14.687 30.4603 4
    endloop
  endfacet
  facet normal 0 0 1
    outer loop
      vertex 15.2253 31.3926 4
      vertex 4.8 33.2 4
      vertex 14.9153 30.95 4
    endloop
  endfacet
  facet normal 0 0 1
    outer loop
      vertex 15.6074 31.7747 4
      vertex 4.8 33.2 4
      vertex 15.2253 31.3926 4
    endloop
  endfacet
  facet normal 0 0 1
    outer loop
      vertex 16.05 32.0847 4
      vertex 4.8 33.2 4
      vertex 15.6074 31.7747 4
    endloop
  endfacet
  facet normal 0 0 1
    outer loop
      vertex 16.5397 32.313 4
      vertex 4.8 33.2 4
      vertex 16.05 32.0847 4
    endloop
  endfacet
  facet normal 0 0 1
    outer loop
      vertex 17.0617 32.4529 4
      vertex 4.8 33.2 4
      vertex 16.5397 32.313 4
    endloop
  endfacet
  facet normal -0 0 1
    outer loop
      vertex 4.8 33.2 4
      vertex 17.0617 32.4529 4
      vertex 20.6 33.2 4
    endloop
  endfacet
  facet normal 0 0 1
    outer loop
      vertex 35.7812 21.4454 4
      vertex 20.2847 27.85 4
      vertex 35.4586 20.2416 4
    endloop
  endfacet
  facet normal 0 0 1
    outer loop
      vertex 35.35 19 4
      vertex 20.6529 9.13831 4
      vertex 20.7 8.6 4
    endloop
  endfacet
  facet normal -0 0 1
    outer loop
      vertex 19.9747 27.4074 4
      vertex 35.4586 20.2416 4
      vertex 20.2847 27.85 4
    endloop
  endfacet
  facet normal 0 0 1
    outer loop
      vertex 35.35 19 4
      vertex 20.513 9.66026 4
      vertex 20.6529 9.13831 4
    endloop
  endfacet
  facet normal -0 0 1
    outer loop
      vertex 19.5926 27.0253 4
      vertex 35.4586 20.2416 4
      vertex 19.9747 27.4074 4
    endloop
  endfacet
  facet normal 0 0 1
    outer loop
      vertex 35.35 19 4
      vertex 20.2847 10.15 4
      vertex 20.513 9.66026 4
    endloop
  endfacet
  facet normal 0 0 1
    outer loop
      vertex 35.4586 20.2416 4
      vertex 19.5926 27.0253 4
      vertex 35.35 19 4
    endloop
  endfacet
  facet normal 0 0 1
    outer loop
      vertex 35.35 19 4
      vertex 19.9747 10.5926 4
      vertex 20.2847 10.15 4
    endloop
  endfacet
  facet normal 0 0 1
    outer loop
      vertex 19.5926 10.9747 4
      vertex 35.35 19 4
      vertex 19.5926 27.0253 4
    endloop
  endfacet
  facet normal 0 0 1
    outer loop
      vertex 35.35 19 4
      vertex 19.5926 10.9747 4
      vertex 19.9747 10.5926 4
    endloop
  endfacet
  facet normal -0 0 1
    outer loop
      vertex 19.15 26.7153 4
      vertex 19.5926 10.9747 4
      vertex 19.5926 27.0253 4
    endloop
  endfacet
  facet normal 0 0 1
    outer loop
      vertex 19.15 26.7153 4
      vertex 19.15 11.2847 4
      vertex 19.5926 10.9747 4
    endloop
  endfacet
  facet normal -0 0 1
    outer loop
      vertex 18.6603 26.487 4
      vertex 19.15 11.2847 4
      vertex 19.15 26.7153 4
    endloop
  endfacet
  facet normal 0 0 1
    outer loop
      vertex 18.6603 26.487 4
      vertex 18.6603 11.513 4
      vertex 19.15 11.2847 4
    endloop
  endfacet
  facet normal -0 0 1
    outer loop
      vertex 18.1383 26.3471 4
      vertex 18.6603 11.513 4
      vertex 18.6603 26.487 4
    endloop
  endfacet
  facet normal 0 0 1
    outer loop
      vertex 18.1383 26.3471 4
      vertex 18.1383 11.6529 4
      vertex 18.6603 11.513 4
    endloop
  endfacet
  facet normal -0 0 1
    outer loop
      vertex 17.6 26.3 4
      vertex 18.1383 11.6529 4
      vertex 18.1383 26.3471 4
    endloop
  endfacet
  facet normal 0 0 1
    outer loop
      vertex 17.6 26.3 4
      vertex 17.6 11.7 4
      vertex 18.1383 11.6529 4
    endloop
  endfacet
  facet normal 0 0 1
    outer loop
      vertex 17.0617 26.3471 4
      vertex 17.6 11.7 4
      vertex 17.6 26.3 4
    endloop
  endfacet
  facet normal 0 0 1
    outer loop
      vertex 17.0617 26.3471 4
      vertex 17.0617 11.6529 4
      vertex 17.6 11.7 4
    endloop
  endfacet
  facet normal 0 0 1
    outer loop
      vertex 16.5397 26.487 4
      vertex 17.0617 11.6529 4
      vertex 17.0617 26.3471 4
    endloop
  endfacet
  facet normal 0 0 1
    outer loop
      vertex 16.5397 26.487 4
      vertex 16.5397 11.513 4
      vertex 17.0617 11.6529 4
    endloop
  endfacet
  facet normal 0 0 1
    outer loop
      vertex 16.05 26.7153 4
      vertex 16.5397 11.513 4
      vertex 16.5397 26.487 4
    endloop
  endfacet
  facet normal 0 0 1
    outer loop
      vertex 16.05 26.7153 4
      vertex 16.05 11.2847 4
      vertex 16.5397 11.513 4
    endloop
  endfacet
  facet normal 0 0 1
    outer loop
      vertex 15.6074 27.0253 4
      vertex 16.05 11.2847 4
      vertex 16.05 26.7153 4
    endloop
  endfacet
  facet normal 0 0 1
    outer loop
      vertex 15.6074 27.0253 4
      vertex 15.6074 10.9747 4
      vertex 16.05 11.2847 4
    endloop
  endfacet
  facet normal 0 0 1
    outer loop
      vertex 15.2253 27.4074 4
      vertex 15.6074 10.9747 4
      vertex 15.6074 27.0253 4
    endloop
  endfacet
  facet normal 0 0 1
    outer loop
      vertex 15.2253 27.4074 4
      vertex 15.2253 10.5926 4
      vertex 15.6074 10.9747 4
    endloop
  endfacet
  facet normal 0 0 1
    outer loop
      vertex 4.8 33.2 4
      vertex 15.2253 27.4074 4
      vertex 14.9153 27.85 4
    endloop
  endfacet
  facet normal 0 0 1
    outer loop
      vertex 15.2253 27.4074 4
      vertex 4.8 33.2 4
      vertex 15.2253 10.5926 4
    endloop
  endfacet
  facet normal 0 0 1
    outer loop
      vertex 4.8 33.2 4
      vertex 14.9153 27.85 4
      vertex 14.687 28.3397 4
    endloop
  endfacet
  facet normal 0 0 1
    outer loop
      vertex 4.8 4.8 4
      vertex 15.2253 10.5926 4
      vertex 4.8 33.2 4
    endloop
  endfacet
  facet normal 0 0 1
    outer loop
      vertex 4.8 33.2 4
      vertex 14.687 28.3397 4
      vertex 14.5471 28.8617 4
    endloop
  endfacet
  facet normal 0 0 1
    outer loop
      vertex 15.2253 10.5926 4
      vertex 4.8 4.8 4
      vertex 14.9153 10.15 4
    endloop
  endfacet
  facet normal 0 0 1
    outer loop
      vertex 4.8 33.2 4
      vertex 14.5471 28.8617 4
      vertex 14.5 29.4 4
    endloop
  endfacet
  facet normal 0 0 1
    outer loop
      vertex 14.9153 10.15 4
      vertex 4.8 4.8 4
      vertex 14.687 9.66026 4
    endloop
  endfacet
  facet normal 0 0 1
    outer loop
      vertex 64.4 32.5 4
      vertex 49.65 19 4
      vertex 64.4 5.5 4
    endloop
  endfacet
  facet normal 0 0 1
    outer loop
      vertex 64.4 32.5 4
      vertex 49.5414 20.2416 4
      vertex 49.65 19 4
    endloop
  endfacet
  facet normal 0 0 1
    outer loop
      vertex 64.4 32.5 4
      vertex 49.2188 21.4454 4
      vertex 49.5414 20.2416 4
    endloop
  endfacet
  facet normal 0 0 1
    outer loop
      vertex 64.4 32.5 4
      vertex 48.6921 22.575 4
      vertex 49.2188 21.4454 4
    endloop
  endfacet
  facet normal 0 0 1
    outer loop
      vertex 64.4 32.5 4
      vertex 47.9772 23.5959 4
      vertex 48.6921 22.575 4
    endloop
  endfacet
  facet normal 0 0 1
    outer loop
      vertex 64.4 32.5 4
      vertex 47.0959 24.4772 4
      vertex 47.9772 23.5959 4
    endloop
  endfacet
  facet normal 0 0 1
    outer loop
      vertex 64.4 32.5 4
      vertex 46.075 25.1921 4
      vertex 47.0959 24.4772 4
    endloop
  endfacet
  facet normal 0 0 1
    outer loop
      vertex 64.4 32.5 4
      vertex 44.9454 25.7188 4
      vertex 46.075 25.1921 4
    endloop
  endfacet
  facet normal 0 0 1
    outer loop
      vertex 64.4 32.5 4
      vertex 43.7416 26.0414 4
      vertex 44.9454 25.7188 4
    endloop
  endfacet
  facet normal 0 0 1
    outer loop
      vertex 64.4 32.5 4
      vertex 42.5 26.15 4
      vertex 43.7416 26.0414 4
    endloop
  endfacet
  facet normal -0 0 1
    outer loop
      vertex 20.6 32.5 4
      vertex 42.5 26.15 4
      vertex 64.4 32.5 4
    endloop
  endfacet
  facet normal 0 0 1
    outer loop
      vertex 42.5 26.15 4
      vertex 20.6 32.5 4
      vertex 41.2584 26.0414 4
    endloop
  endfacet
  facet normal 0 0 1
    outer loop
      vertex 36.3079 22.575 4
      vertex 20.513 28.3397 4
      vertex 35.7812 21.4454 4
    endloop
  endfacet
  facet normal -0 0 1
    outer loop
      vertex 20.513 28.3397 4
      vertex 36.3079 22.575 4
      vertex 20.6529 28.8617 4
    endloop
  endfacet
  facet normal 0 0 1
    outer loop
      vertex 37.0228 23.5959 4
      vertex 20.6529 28.8617 4
      vertex 36.3079 22.575 4
    endloop
  endfacet
  facet normal -0 0 1
    outer loop
      vertex 20.6529 28.8617 4
      vertex 37.0228 23.5959 4
      vertex 20.7 29.4 4
    endloop
  endfacet
  facet normal 0 0 1
    outer loop
      vertex 20.6529 29.9383 4
      vertex 37.0228 23.5959 4
      vertex 37.9041 24.4772 4
    endloop
  endfacet
  facet normal 0 0 1
    outer loop
      vertex 20.6 32.5 4
      vertex 37.9041 24.4772 4
      vertex 38.925 25.1921 4
    endloop
  endfacet
  facet normal 0 0 1
    outer loop
      vertex 20.6 32.5 4
      vertex 38.925 25.1921 4
      vertex 40.0546 25.7188 4
    endloop
  endfacet
  facet normal 0 0 1
    outer loop
      vertex 41.2584 26.0414 4
      vertex 20.6 32.5 4
      vertex 40.0546 25.7188 4
    endloop
  endfacet
  facet normal 0 0 1
    outer loop
      vertex 37.0228 23.5959 4
      vertex 20.6529 29.9383 4
      vertex 20.7 29.4 4
    endloop
  endfacet
  facet normal 0 0 1
    outer loop
      vertex 37.9041 24.4772 4
      vertex 20.6 32.5 4
      vertex 20.6529 29.9383 4
    endloop
  endfacet
  facet normal 0 0 1
    outer loop
      vertex 20.6529 29.9383 4
      vertex 20.6 32.5 4
      vertex 20.513 30.4603 4
    endloop
  endfacet
  facet normal -0 0 1
    outer loop
      vertex 49.5414 17.7584 4
      vertex 64.4 5.5 4
      vertex 49.65 19 4
    endloop
  endfacet
  facet normal -0 0 1
    outer loop
      vertex 49.2188 16.5546 4
      vertex 64.4 5.5 4
      vertex 49.5414 17.7584 4
    endloop
  endfacet
  facet normal -0 0 1
    outer loop
      vertex 48.6921 15.425 4
      vertex 64.4 5.5 4
      vertex 49.2188 16.5546 4
    endloop
  endfacet
  facet normal -0 0 1
    outer loop
      vertex 47.9772 14.4041 4
      vertex 64.4 5.5 4
      vertex 48.6921 15.425 4
    endloop
  endfacet
  facet normal -0 0 1
    outer loop
      vertex 47.0959 13.5228 4
      vertex 64.4 5.5 4
      vertex 47.9772 14.4041 4
    endloop
  endfacet
  facet normal -0 0 1
    outer loop
      vertex 46.075 12.8079 4
      vertex 64.4 5.5 4
      vertex 47.0959 13.5228 4
    endloop
  endfacet
  facet normal -0 0 1
    outer loop
      vertex 44.9454 12.2812 4
      vertex 64.4 5.5 4
      vertex 46.075 12.8079 4
    endloop
  endfacet
  facet normal -0 0 1
    outer loop
      vertex 43.7416 11.9586 4
      vertex 64.4 5.5 4
      vertex 44.9454 12.2812 4
    endloop
  endfacet
  facet normal -0 0 1
    outer loop
      vertex 42.5 11.85 4
      vertex 64.4 5.5 4
      vertex 43.7416 11.9586 4
    endloop
  endfacet
  facet normal 0 0 1
    outer loop
      vertex 20.6 5.5 4
      vertex 42.5 11.85 4
      vertex 41.2584 11.9586 4
    endloop
  endfacet
  facet normal 0 0 1
    outer loop
      vertex 20.6 5.5 4
      vertex 41.2584 11.9586 4
      vertex 40.0546 12.2812 4
    endloop
  endfacet
  facet normal -0 0 1
    outer loop
      vertex 20.2847 27.85 4
      vertex 35.7812 21.4454 4
      vertex 20.513 28.3397 4
    endloop
  endfacet
  facet normal 0 0 1
    outer loop
      vertex 35.35 19 4
      vertex 20.7 8.6 4
      vertex 35.4586 17.7584 4
    endloop
  endfacet
  facet normal 0 0 1
    outer loop
      vertex 35.4586 17.7584 4
      vertex 20.7 8.6 4
      vertex 35.7812 16.5546 4
    endloop
  endfacet
  facet normal 0 0 1
    outer loop
      vertex 35.7812 16.5546 4
      vertex 20.7 8.6 4
      vertex 36.3079 15.425 4
    endloop
  endfacet
  facet normal 0 0 1
    outer loop
      vertex 36.3079 15.425 4
      vertex 20.7 8.6 4
      vertex 37.0228 14.4041 4
    endloop
  endfacet
  facet normal 0 0 1
    outer loop
      vertex 20.6529 8.06169 4
      vertex 37.0228 14.4041 4
      vertex 20.7 8.6 4
    endloop
  endfacet
  facet normal 0 0 1
    outer loop
      vertex 37.0228 14.4041 4
      vertex 20.6529 8.06169 4
      vertex 37.9041 13.5228 4
    endloop
  endfacet
  facet normal 0 0 1
    outer loop
      vertex 20.6 5.5 4
      vertex 37.9041 13.5228 4
      vertex 20.6529 8.06169 4
    endloop
  endfacet
  facet normal 0 0 1
    outer loop
      vertex 37.9041 13.5228 4
      vertex 20.6 5.5 4
      vertex 38.925 12.8079 4
    endloop
  endfacet
  facet normal 0 0 1
    outer loop
      vertex 38.925 12.8079 4
      vertex 20.6 5.5 4
      vertex 40.0546 12.2812 4
    endloop
  endfacet
  facet normal 0 0 1
    outer loop
      vertex 42.5 11.85 4
      vertex 20.6 5.5 4
      vertex 64.4 5.5 4
    endloop
  endfacet
  facet normal -0 0 1
    outer loop
      vertex 20.513 7.53974 4
      vertex 20.6 5.5 4
      vertex 20.6529 8.06169 4
    endloop
  endfacet
  facet normal -0 0 1
    outer loop
      vertex 20.2847 7.05 4
      vertex 20.6 5.5 4
      vertex 20.513 7.53974 4
    endloop
  endfacet
  facet normal -0 0 1
    outer loop
      vertex 19.9747 6.60736 4
      vertex 20.6 5.5 4
      vertex 20.2847 7.05 4
    endloop
  endfacet
  facet normal -0 0 1
    outer loop
      vertex 19.5926 6.22526 4
      vertex 20.6 5.5 4
      vertex 19.9747 6.60736 4
    endloop
  endfacet
  facet normal -0 0 1
    outer loop
      vertex 19.15 5.91532 4
      vertex 20.6 5.5 4
      vertex 19.5926 6.22526 4
    endloop
  endfacet
  facet normal 0 0 1
    outer loop
      vertex 20.6 5.5 4
      vertex 19.15 5.91532 4
      vertex 20.6 4.8 4
    endloop
  endfacet
  facet normal -0 0 1
    outer loop
      vertex 18.6603 5.68695 4
      vertex 20.6 4.8 4
      vertex 19.15 5.91532 4
    endloop
  endfacet
  facet normal -0 0 1
    outer loop
      vertex 18.1383 5.5471 4
      vertex 20.6 4.8 4
      vertex 18.6603 5.68695 4
    endloop
  endfacet
  facet normal -0 0 1
    outer loop
      vertex 17.6 5.5 4
      vertex 20.6 4.8 4
      vertex 18.1383 5.5471 4
    endloop
  endfacet
  facet normal 0 0 1
    outer loop
      vertex 17.0617 5.5471 4
      vertex 20.6 4.8 4
      vertex 17.6 5.5 4
    endloop
  endfacet
  facet normal 0 0 1
    outer loop
      vertex 14.5471 9.13831 4
      vertex 4.8 4.8 4
      vertex 14.5 8.6 4
    endloop
  endfacet
  facet normal 0 0 1
    outer loop
      vertex 14.5 8.6 4
      vertex 4.8 4.8 4
      vertex 14.5471 8.06169 4
    endloop
  endfacet
  facet normal 0 0 1
    outer loop
      vertex 17.0617 5.5471 4
      vertex 4.8 4.8 4
      vertex 20.6 4.8 4
    endloop
  endfacet
  facet normal 0 0 1
    outer loop
      vertex 16.5397 5.68695 4
      vertex 4.8 4.8 4
      vertex 17.0617 5.5471 4
    endloop
  endfacet
  facet normal 0 0 1
    outer loop
      vertex 16.05 5.91532 4
      vertex 4.8 4.8 4
      vertex 16.5397 5.68695 4
    endloop
  endfacet
  facet normal 0 0 1
    outer loop
      vertex 15.6074 6.22526 4
      vertex 4.8 4.8 4
      vertex 16.05 5.91532 4
    endloop
  endfacet
  facet normal 0 0 1
    outer loop
      vertex 15.2253 6.60736 4
      vertex 4.8 4.8 4
      vertex 15.6074 6.22526 4
    endloop
  endfacet
  facet normal 0 0 1
    outer loop
      vertex 14.9153 7.05 4
      vertex 4.8 4.8 4
      vertex 15.2253 6.60736 4
    endloop
  endfacet
  facet normal 0 0 1
    outer loop
      vertex 14.687 7.53974 4
      vertex 4.8 4.8 4
      vertex 14.9153 7.05 4
    endloop
  endfacet
  facet normal 0 0 1
    outer loop
      vertex 14.5471 8.06169 4
      vertex 4.8 4.8 4
      vertex 14.687 7.53974 4
    endloop
  endfacet
  facet normal 1 -0 0
    outer loop
      vertex 4 4.8 13
      vertex 4 33.2 4.8
      vertex 4 33.2 13
    endloop
  endfacet
  facet normal 1 0 0
    outer loop
      vertex 4 33.2 4.8
      vertex 4 4.8 13
      vertex 4 4.8 4.8
    endloop
  endfacet
  facet normal 0 1 -0
    outer loop
      vertex 19.6 4 5
      vertex 4.8 4 13
      vertex 19.6 4 13
    endloop
  endfacet
  facet normal 0 1 0
    outer loop
      vertex 4.8 4 4.8
      vertex 19.6 4 5
      vertex 19.8 4 4.8
    endloop
  endfacet
  facet normal 0 1 0
    outer loop
      vertex 19.6 4 5
      vertex 4.8 4 4.8
      vertex 4.8 4 13
    endloop
  endfacet
  facet normal 0 1 0
    outer loop
      vertex 80.2 4 13
      vertex 65.4 4 5
      vertex 65.4 4 13
    endloop
  endfacet
  facet normal 0 1 -0
    outer loop
      vertex 80.2 4 4.8
      vertex 65.4 4 5
      vertex 80.2 4 13
    endloop
  endfacet
  facet normal 0 1 0
    outer loop
      vertex 65.4 4 5
      vertex 80.2 4 4.8
      vertex 65.2 4 4.8
    endloop
  endfacet
  facet normal 0.707107 0.707107 0
    outer loop
      vertex 4.8 4 13
      vertex 4 4.8 4.8
      vertex 4 4.8 13
    endloop
  endfacet
  facet normal 0.707107 0.707107 0
    outer loop
      vertex 4 4.8 4.8
      vertex 4.8 4 13
      vertex 4.8 4 4.8
    endloop
  endfacet
  facet normal 0.57735 0.57735 0.57735
    outer loop
      vertex 4.8 4 4.8
      vertex 4.8 4.8 4
      vertex 4 4.8 4.8
    endloop
  endfacet
  facet normal 0.707107 -0.707107 0
    outer loop
      vertex 4 33.2 13
      vertex 4.8 34 4.8
      vertex 4.8 34 13
    endloop
  endfacet
  facet normal 0.707107 -0.707107 0
    outer loop
      vertex 4.8 34 4.8
      vertex 4 33.2 13
      vertex 4 33.2 4.8
    endloop
  endfacet
  facet normal -0.707107 0.707107 0
    outer loop
      vertex 81 4.8 4.8
      vertex 80.2 4 13
      vertex 81 4.8 13
    endloop
  endfacet
  facet normal -0.707107 0.707107 0
    outer loop
      vertex 80.2 4 13
      vertex 81 4.8 4.8
      vertex 80.2 4 4.8
    endloop
  endfacet
  facet normal 0 -0.707107 0.707107
    outer loop
      vertex 4.8 33.2 4
      vertex 19.8 34 4.8
      vertex 4.8 34 4.8
    endloop
  endfacet
  facet normal -7.57719e-16 -0.707107 0.707107
    outer loop
      vertex 19.8 34 4.8
      vertex 4.8 33.2 4
      vertex 19.9 33.9 4.7
    endloop
  endfacet
  facet normal 0 -0.707107 0.707107
    outer loop
      vertex 20.6 33.2 4
      vertex 19.9 33.9 4.7
      vertex 4.8 33.2 4
    endloop
  endfacet
  facet normal -6.24833e-15 -0.707107 0.707107
    outer loop
      vertex 19.9 33.9 4.7
      vertex 20.6 33.2 4
      vertex 20.6 33.55 4.35
    endloop
  endfacet
  facet normal 7.45297e-16 -0.707107 0.707107
    outer loop
      vertex 80.2 33.2 4
      vertex 65.2 34 4.8
      vertex 65.1 33.9 4.7
    endloop
  endfacet
  facet normal 6.24833e-15 -0.707107 0.707107
    outer loop
      vertex 64.4 33.2 4
      vertex 65.1 33.9 4.7
      vertex 64.4 33.55 4.35
    endloop
  endfacet
  facet normal 0 -0.707107 0.707107
    outer loop
      vertex 65.1 33.9 4.7
      vertex 64.4 33.2 4
      vertex 80.2 33.2 4
    endloop
  endfacet
  facet normal 0 -0.707107 0.707107
    outer loop
      vertex 65.2 34 4.8
      vertex 80.2 33.2 4
      vertex 80.2 34 4.8
    endloop
  endfacet
  facet normal -0.57735 0.57735 0.57735
    outer loop
      vertex 81 4.8 4.8
      vertex 80.2 4.8 4
      vertex 80.2 4 4.8
    endloop
  endfacet
  facet normal -0.707107 0 0.707107
    outer loop
      vertex 80.2 33.2 4
      vertex 81 23.6 4.8
      vertex 81 33.2 4.8
    endloop
  endfacet
  facet normal -0.707107 0 0.707107
    outer loop
      vertex 81 23.6 4.8
      vertex 80.2 33.2 4
      vertex 80.2 23.6 4
    endloop
  endfacet
  facet normal -0.707107 0 0.707107
    outer loop
      vertex 80.2 14.4 4
      vertex 81 4.8 4.8
      vertex 81 14.4 4.8
    endloop
  endfacet
  facet normal -0.707107 0 0.707107
    outer loop
      vertex 81 4.8 4.8
      vertex 80.2 14.4 4
      vertex 80.2 4.8 4
    endloop
  endfacet
  facet normal -0.258851 0.965917 0
    outer loop
      vertex 44.9454 12.2812 0
      vertex 43.7416 11.9586 4
      vertex 44.9454 12.2812 4
    endloop
  endfacet
  facet normal -0.258851 0.965917 0
    outer loop
      vertex 43.7416 11.9586 4
      vertex 44.9454 12.2812 0
      vertex 43.7416 11.9586 0
    endloop
  endfacet
  facet normal -0.965917 -0.258851 0
    outer loop
      vertex 49.5414 20.2416 0
      vertex 49.2188 21.4454 4
      vertex 49.2188 21.4454 0
    endloop
  endfacet
  facet normal -0.965917 -0.258851 0
    outer loop
      vertex 49.2188 21.4454 4
      vertex 49.5414 20.2416 0
      vertex 49.5414 20.2416 4
    endloop
  endfacet
  facet normal -0.996197 -0.0871351 0
    outer loop
      vertex 49.65 19 0
      vertex 49.5414 20.2416 4
      vertex 49.5414 20.2416 0
    endloop
  endfacet
  facet normal -0.996197 -0.0871351 0
    outer loop
      vertex 49.5414 20.2416 4
      vertex 49.65 19 0
      vertex 49.65 19 4
    endloop
  endfacet
  facet normal -0.90632 -0.422591 0
    outer loop
      vertex 49.2188 21.4454 0
      vertex 48.6921 22.575 4
      vertex 48.6921 22.575 0
    endloop
  endfacet
  facet normal -0.90632 -0.422591 0
    outer loop
      vertex 48.6921 22.575 4
      vertex 49.2188 21.4454 0
      vertex 49.2188 21.4454 4
    endloop
  endfacet
  facet normal -0.996197 0.0871351 0
    outer loop
      vertex 49.5414 17.7584 0
      vertex 49.65 19 4
      vertex 49.65 19 0
    endloop
  endfacet
  facet normal -0.996197 0.0871351 0
    outer loop
      vertex 49.65 19 4
      vertex 49.5414 17.7584 0
      vertex 49.5414 17.7584 4
    endloop
  endfacet
  facet normal -0.258851 -0.965917 0
    outer loop
      vertex 43.7416 26.0414 0
      vertex 44.9454 25.7188 4
      vertex 43.7416 26.0414 4
    endloop
  endfacet
  facet normal -0.258851 -0.965917 -0
    outer loop
      vertex 44.9454 25.7188 4
      vertex 43.7416 26.0414 0
      vertex 44.9454 25.7188 0
    endloop
  endfacet
  facet normal -0.707107 -0.707107 0
    outer loop
      vertex 47.9772 23.5959 0
      vertex 47.0959 24.4772 4
      vertex 47.0959 24.4772 0
    endloop
  endfacet
  facet normal -0.707107 -0.707107 0
    outer loop
      vertex 47.0959 24.4772 4
      vertex 47.9772 23.5959 0
      vertex 47.9772 23.5959 4
    endloop
  endfacet
  facet normal 0.90632 0.422591 0
    outer loop
      vertex 36.3079 15.425 4
      vertex 35.7812 16.5546 0
      vertex 35.7812 16.5546 4
    endloop
  endfacet
  facet normal 0.90632 0.422591 0
    outer loop
      vertex 35.7812 16.5546 0
      vertex 36.3079 15.425 4
      vertex 36.3079 15.425 0
    endloop
  endfacet
  facet normal -0.90632 0.422591 0
    outer loop
      vertex 48.6921 15.425 0
      vertex 49.2188 16.5546 4
      vertex 49.2188 16.5546 0
    endloop
  endfacet
  facet normal -0.90632 0.422591 0
    outer loop
      vertex 49.2188 16.5546 4
      vertex 48.6921 15.425 0
      vertex 48.6921 15.425 4
    endloop
  endfacet
  facet normal 0.422591 -0.90632 0
    outer loop
      vertex 38.925 25.1921 0
      vertex 40.0546 25.7188 4
      vertex 38.925 25.1921 4
    endloop
  endfacet
  facet normal 0.422591 -0.90632 0
    outer loop
      vertex 40.0546 25.7188 4
      vertex 38.925 25.1921 0
      vertex 40.0546 25.7188 0
    endloop
  endfacet
  facet normal -0.707107 0.707107 0
    outer loop
      vertex 47.0959 13.5228 0
      vertex 47.9772 14.4041 4
      vertex 47.9772 14.4041 0
    endloop
  endfacet
  facet normal -0.707107 0.707107 0
    outer loop
      vertex 47.9772 14.4041 4
      vertex 47.0959 13.5228 0
      vertex 47.0959 13.5228 4
    endloop
  endfacet
  facet normal -0.81913 0.573608 0
    outer loop
      vertex 47.9772 14.4041 0
      vertex 48.6921 15.425 4
      vertex 48.6921 15.425 0
    endloop
  endfacet
  facet normal -0.81913 0.573608 0
    outer loop
      vertex 48.6921 15.425 4
      vertex 47.9772 14.4041 0
      vertex 47.9772 14.4041 4
    endloop
  endfacet
  facet normal -0.422591 0.90632 0
    outer loop
      vertex 46.075 12.8079 0
      vertex 44.9454 12.2812 4
      vertex 46.075 12.8079 4
    endloop
  endfacet
  facet normal -0.422591 0.90632 0
    outer loop
      vertex 44.9454 12.2812 4
      vertex 46.075 12.8079 0
      vertex 44.9454 12.2812 0
    endloop
  endfacet
  facet normal 0.965917 0.258851 0
    outer loop
      vertex 35.7812 16.5546 4
      vertex 35.4586 17.7584 0
      vertex 35.4586 17.7584 4
    endloop
  endfacet
  facet normal 0.965917 0.258851 0
    outer loop
      vertex 35.4586 17.7584 0
      vertex 35.7812 16.5546 4
      vertex 35.7812 16.5546 0
    endloop
  endfacet
  facet normal 0.707107 -0.707107 0
    outer loop
      vertex 37.0228 23.5959 4
      vertex 37.9041 24.4772 0
      vertex 37.9041 24.4772 4
    endloop
  endfacet
  facet normal 0.707107 -0.707107 0
    outer loop
      vertex 37.9041 24.4772 0
      vertex 37.0228 23.5959 4
      vertex 37.0228 23.5959 0
    endloop
  endfacet
  facet normal -0.81913 -0.573608 0
    outer loop
      vertex 48.6921 22.575 0
      vertex 47.9772 23.5959 4
      vertex 47.9772 23.5959 0
    endloop
  endfacet
  facet normal -0.81913 -0.573608 0
    outer loop
      vertex 47.9772 23.5959 4
      vertex 48.6921 22.575 0
      vertex 48.6921 22.575 4
    endloop
  endfacet
  facet normal 0.258851 -0.965917 0
    outer loop
      vertex 40.0546 25.7188 0
      vertex 41.2584 26.0414 4
      vertex 40.0546 25.7188 4
    endloop
  endfacet
  facet normal 0.258851 -0.965917 0
    outer loop
      vertex 41.2584 26.0414 4
      vertex 40.0546 25.7188 0
      vertex 41.2584 26.0414 0
    endloop
  endfacet
  facet normal 0.996197 -0.0871351 0
    outer loop
      vertex 35.35 19 4
      vertex 35.4586 20.2416 0
      vertex 35.4586 20.2416 4
    endloop
  endfacet
  facet normal 0.996197 -0.0871351 0
    outer loop
      vertex 35.4586 20.2416 0
      vertex 35.35 19 4
      vertex 35.35 19 0
    endloop
  endfacet
  facet normal 0.573608 -0.81913 0
    outer loop
      vertex 37.9041 24.4772 0
      vertex 38.925 25.1921 4
      vertex 37.9041 24.4772 4
    endloop
  endfacet
  facet normal 0.573608 -0.81913 0
    outer loop
      vertex 38.925 25.1921 4
      vertex 37.9041 24.4772 0
      vertex 38.925 25.1921 0
    endloop
  endfacet
  facet normal 0.90632 -0.422591 0
    outer loop
      vertex 35.7812 21.4454 4
      vertex 36.3079 22.575 0
      vertex 36.3079 22.575 4
    endloop
  endfacet
  facet normal 0.90632 -0.422591 0
    outer loop
      vertex 36.3079 22.575 0
      vertex 35.7812 21.4454 4
      vertex 35.7812 21.4454 0
    endloop
  endfacet
  facet normal 0.965917 -0.258851 0
    outer loop
      vertex 35.4586 20.2416 4
      vertex 35.7812 21.4454 0
      vertex 35.7812 21.4454 4
    endloop
  endfacet
  facet normal 0.965917 -0.258851 0
    outer loop
      vertex 35.7812 21.4454 0
      vertex 35.4586 20.2416 4
      vertex 35.4586 20.2416 0
    endloop
  endfacet
  facet normal -0.573608 0.81913 0
    outer loop
      vertex 47.0959 13.5228 0
      vertex 46.075 12.8079 4
      vertex 47.0959 13.5228 4
    endloop
  endfacet
  facet normal -0.573608 0.81913 0
    outer loop
      vertex 46.075 12.8079 4
      vertex 47.0959 13.5228 0
      vertex 46.075 12.8079 0
    endloop
  endfacet
  facet normal -0.422591 -0.90632 0
    outer loop
      vertex 44.9454 25.7188 0
      vertex 46.075 25.1921 4
      vertex 44.9454 25.7188 4
    endloop
  endfacet
  facet normal -0.422591 -0.90632 -0
    outer loop
      vertex 46.075 25.1921 4
      vertex 44.9454 25.7188 0
      vertex 46.075 25.1921 0
    endloop
  endfacet
  facet normal -0.573608 -0.81913 0
    outer loop
      vertex 46.075 25.1921 0
      vertex 47.0959 24.4772 4
      vertex 46.075 25.1921 4
    endloop
  endfacet
  facet normal -0.573608 -0.81913 -0
    outer loop
      vertex 47.0959 24.4772 4
      vertex 46.075 25.1921 0
      vertex 47.0959 24.4772 0
    endloop
  endfacet
  facet normal -0.0871351 -0.996197 0
    outer loop
      vertex 42.5 26.15 0
      vertex 43.7416 26.0414 4
      vertex 42.5 26.15 4
    endloop
  endfacet
  facet normal -0.0871351 -0.996197 -0
    outer loop
      vertex 43.7416 26.0414 4
      vertex 42.5 26.15 0
      vertex 43.7416 26.0414 0
    endloop
  endfacet
  facet normal 0.258851 0.965917 -0
    outer loop
      vertex 41.2584 11.9586 0
      vertex 40.0546 12.2812 4
      vertex 41.2584 11.9586 4
    endloop
  endfacet
  facet normal 0.258851 0.965917 0
    outer loop
      vertex 40.0546 12.2812 4
      vertex 41.2584 11.9586 0
      vertex 40.0546 12.2812 0
    endloop
  endfacet
  facet normal 0.573608 0.81913 -0
    outer loop
      vertex 38.925 12.8079 0
      vertex 37.9041 13.5228 4
      vertex 38.925 12.8079 4
    endloop
  endfacet
  facet normal 0.573608 0.81913 0
    outer loop
      vertex 37.9041 13.5228 4
      vertex 38.925 12.8079 0
      vertex 37.9041 13.5228 0
    endloop
  endfacet
  facet normal 0.81913 0.573608 0
    outer loop
      vertex 37.0228 14.4041 4
      vertex 36.3079 15.425 0
      vertex 36.3079 15.425 4
    endloop
  endfacet
  facet normal 0.81913 0.573608 0
    outer loop
      vertex 36.3079 15.425 0
      vertex 37.0228 14.4041 4
      vertex 37.0228 14.4041 0
    endloop
  endfacet
  facet normal -0.965917 0.258851 0
    outer loop
      vertex 49.2188 16.5546 0
      vertex 49.5414 17.7584 4
      vertex 49.5414 17.7584 0
    endloop
  endfacet
  facet normal -0.965917 0.258851 0
    outer loop
      vertex 49.5414 17.7584 4
      vertex 49.2188 16.5546 0
      vertex 49.2188 16.5546 4
    endloop
  endfacet
  facet normal 0.0871351 -0.996197 0
    outer loop
      vertex 41.2584 26.0414 0
      vertex 42.5 26.15 4
      vertex 41.2584 26.0414 4
    endloop
  endfacet
  facet normal 0.0871351 -0.996197 0
    outer loop
      vertex 42.5 26.15 4
      vertex 41.2584 26.0414 0
      vertex 42.5 26.15 0
    endloop
  endfacet
  facet normal 0.707107 0.707107 0
    outer loop
      vertex 37.9041 13.5228 4
      vertex 37.0228 14.4041 0
      vertex 37.0228 14.4041 4
    endloop
  endfacet
  facet normal 0.707107 0.707107 0
    outer loop
      vertex 37.0228 14.4041 0
      vertex 37.9041 13.5228 4
      vertex 37.9041 13.5228 0
    endloop
  endfacet
  facet normal -0.0871351 0.996197 0
    outer loop
      vertex 43.7416 11.9586 0
      vertex 42.5 11.85 4
      vertex 43.7416 11.9586 4
    endloop
  endfacet
  facet normal -0.0871351 0.996197 0
    outer loop
      vertex 42.5 11.85 4
      vertex 43.7416 11.9586 0
      vertex 42.5 11.85 0
    endloop
  endfacet
  facet normal 0.0871351 0.996197 -0
    outer loop
      vertex 42.5 11.85 0
      vertex 41.2584 11.9586 4
      vertex 42.5 11.85 4
    endloop
  endfacet
  facet normal 0.0871351 0.996197 0
    outer loop
      vertex 41.2584 11.9586 4
      vertex 42.5 11.85 0
      vertex 41.2584 11.9586 0
    endloop
  endfacet
  facet normal 0.81913 -0.573608 0
    outer loop
      vertex 36.3079 22.575 4
      vertex 37.0228 23.5959 0
      vertex 37.0228 23.5959 4
    endloop
  endfacet
  facet normal 0.81913 -0.573608 0
    outer loop
      vertex 37.0228 23.5959 0
      vertex 36.3079 22.575 4
      vertex 36.3079 22.575 0
    endloop
  endfacet
  facet normal 0.996197 0.0871351 0
    outer loop
      vertex 35.4586 17.7584 4
      vertex 35.35 19 0
      vertex 35.35 19 4
    endloop
  endfacet
  facet normal 0.996197 0.0871351 0
    outer loop
      vertex 35.35 19 0
      vertex 35.4586 17.7584 4
      vertex 35.4586 17.7584 0
    endloop
  endfacet
  facet normal 0.422591 0.90632 -0
    outer loop
      vertex 40.0546 12.2812 0
      vertex 38.925 12.8079 4
      vertex 40.0546 12.2812 4
    endloop
  endfacet
  facet normal 0.422591 0.90632 0
    outer loop
      vertex 38.925 12.8079 4
      vertex 40.0546 12.2812 0
      vertex 38.925 12.8079 0
    endloop
  endfacet
  facet normal -1 0 0
    outer loop
      vertex 85.02 14.4 2
      vertex 85.02 23.6 5.5
      vertex 85.02 23.6 2
    endloop
  endfacet
  facet normal -1 -0 0
    outer loop
      vertex 85.02 23.6 5.5
      vertex 85.02 14.4 2
      vertex 85.02 14.4 5.5
    endloop
  endfacet
  facet normal 0 0 -1
    outer loop
      vertex 81 14.4 5.5
      vertex 85.02 23.6 5.5
      vertex 85.02 14.4 5.5
    endloop
  endfacet
  facet normal -0 0 -1
    outer loop
      vertex 85.02 23.6 5.5
      vertex 81 14.4 5.5
      vertex 81 23.6 5.5
    endloop
  endfacet
  facet normal -0 0 1
    outer loop
      vertex 74.98 23.6 2
      vertex 85.02 14.4 2
      vertex 85.02 23.6 2
    endloop
  endfacet
  facet normal 0 0 1
    outer loop
      vertex 85.02 14.4 2
      vertex 74.98 23.6 2
      vertex 74.98 14.4 2
    endloop
  endfacet
  facet normal 1 -0 0
    outer loop
      vertex 74.98 14.4 4
      vertex 74.98 23.6 2
      vertex 74.98 23.6 4
    endloop
  endfacet
  facet normal 1 0 0
    outer loop
      vertex 74.98 23.6 2
      vertex 74.98 14.4 4
      vertex 74.98 14.4 2
    endloop
  endfacet
  facet normal 0 -1 0
    outer loop
      vertex 74.98 23.6 4
      vertex 74.98 23.6 2
      vertex 80.2 23.6 4
    endloop
  endfacet
  facet normal 0 -1 0
    outer loop
      vertex 81 23.6 4.8
      vertex 85.02 23.6 5.5
      vertex 81 23.6 5.5
    endloop
  endfacet
  facet normal 0 -1 0
    outer loop
      vertex 85.02 23.6 2
      vertex 81 23.6 4.8
      vertex 80.2 23.6 4
    endloop
  endfacet
  facet normal 0 -1 0
    outer loop
      vertex 85.02 23.6 2
      vertex 80.2 23.6 4
      vertex 74.98 23.6 2
    endloop
  endfacet
  facet normal 0 -1 0
    outer loop
      vertex 81 23.6 4.8
      vertex 85.02 23.6 2
      vertex 85.02 23.6 5.5
    endloop
  endfacet
  facet normal 0 1 0
    outer loop
      vertex 85.02 14.4 5.5
      vertex 81 14.4 4.8
      vertex 81 14.4 5.5
    endloop
  endfacet
  facet normal 0 1 -0
    outer loop
      vertex 85.02 14.4 2
      vertex 81 14.4 4.8
      vertex 85.02 14.4 5.5
    endloop
  endfacet
  facet normal 0 1 0
    outer loop
      vertex 81 14.4 4.8
      vertex 85.02 14.4 2
      vertex 80.2 14.4 4
    endloop
  endfacet
  facet normal 0 1 0
    outer loop
      vertex 74.98 14.4 2
      vertex 80.2 14.4 4
      vertex 85.02 14.4 2
    endloop
  endfacet
  facet normal 0 1 0
    outer loop
      vertex 80.2 14.4 4
      vertex 74.98 14.4 2
      vertex 74.98 14.4 4
    endloop
  endfacet
  facet normal -1 0 0
    outer loop
      vertex 4.35 4.35 14
      vertex 4.35 33.65 23.35
      vertex 4.35 33.65 14
    endloop
  endfacet
  facet normal -1 -0 0
    outer loop
      vertex 4.35 33.65 23.35
      vertex 4.35 4.35 14
      vertex 4.35 4.35 23.35
    endloop
  endfacet
  facet normal 0 0 -1
    outer loop
      vertex 19.95 1.6 23.35
      vertex 4.35 4.35 23.35
      vertex 19.95 4.35 23.35
    endloop
  endfacet
  facet normal 0 0 -1
    outer loop
      vertex 1.6 2.8 23.35
      vertex 4.35 4.35 23.35
      vertex 2.8 1.6 23.35
    endloop
  endfacet
  facet normal 0 0 -1
    outer loop
      vertex 2.8 1.6 23.35
      vertex 4.35 4.35 23.35
      vertex 19.95 1.6 23.35
    endloop
  endfacet
  facet normal 0 0 -1
    outer loop
      vertex 4.35 33.65 23.35
      vertex 19.95 36.4 23.35
      vertex 19.95 33.65 23.35
    endloop
  endfacet
  facet normal 0 0 -1
    outer loop
      vertex 4.35 33.65 23.35
      vertex 2.8 36.4 23.35
      vertex 19.95 36.4 23.35
    endloop
  endfacet
  facet normal -0 0 -1
    outer loop
      vertex 4.35 4.35 23.35
      vertex 1.6 2.8 23.35
      vertex 4.35 33.65 23.35
    endloop
  endfacet
  facet normal 0 0 -1
    outer loop
      vertex 1.6 35.2 23.35
      vertex 4.35 33.65 23.35
      vertex 1.6 2.8 23.35
    endloop
  endfacet
  facet normal 0 0 -1
    outer loop
      vertex 4.35 33.65 23.35
      vertex 1.6 35.2 23.35
      vertex 2.8 36.4 23.35
    endloop
  endfacet
  facet normal -1 0 0
    outer loop
      vertex 19.95 1.6 15.2
      vertex 19.95 4.35 14
      vertex 19.95 2.8 14
    endloop
  endfacet
  facet normal -1 0 0
    outer loop
      vertex 19.95 4.35 14
      vertex 19.95 1.6 15.2
      vertex 19.95 4.35 23.35
    endloop
  endfacet
  facet normal -1 -0 0
    outer loop
      vertex 19.95 4.35 23.35
      vertex 19.95 1.6 15.2
      vertex 19.95 1.6 23.35
    endloop
  endfacet
  facet normal 0 -1 0
    outer loop
      vertex 4.35 4.35 14
      vertex 19.95 4.35 23.35
      vertex 4.35 4.35 23.35
    endloop
  endfacet
  facet normal 0 -1 -0
    outer loop
      vertex 19.95 4.35 23.35
      vertex 4.35 4.35 14
      vertex 19.95 4.35 14
    endloop
  endfacet
  facet normal -1 0 0
    outer loop
      vertex 19.95 33.65 14
      vertex 19.95 36.4 15.2
      vertex 19.95 35.2 14
    endloop
  endfacet
  facet normal -1 -0 0
    outer loop
      vertex 19.95 36.4 15.2
      vertex 19.95 33.65 14
      vertex 19.95 33.65 23.35
    endloop
  endfacet
  facet normal -1 0 0
    outer loop
      vertex 19.95 36.4 15.2
      vertex 19.95 33.65 23.35
      vertex 19.95 36.4 23.35
    endloop
  endfacet
  facet normal 0 1 -0
    outer loop
      vertex 19.95 33.65 14
      vertex 4.35 33.65 23.35
      vertex 19.95 33.65 23.35
    endloop
  endfacet
  facet normal 0 1 0
    outer loop
      vertex 4.35 33.65 23.35
      vertex 19.95 33.65 14
      vertex 4.35 33.65 14
    endloop
  endfacet
  facet normal 0 0 -1
    outer loop
      vertex 80.65 4.35 23.35
      vertex 83.4 2.8 23.35
      vertex 82.2 1.6 23.35
    endloop
  endfacet
  facet normal 0 0 -1
    outer loop
      vertex 83.4 2.8 23.35
      vertex 80.65 4.35 23.35
      vertex 83.4 35.2 23.35
    endloop
  endfacet
  facet normal 0 0 -1
    outer loop
      vertex 80.65 33.65 23.35
      vertex 83.4 35.2 23.35
      vertex 80.65 4.35 23.35
    endloop
  endfacet
  facet normal 0 0 -1
    outer loop
      vertex 65.05 1.6 23.35
      vertex 80.65 4.35 23.35
      vertex 82.2 1.6 23.35
    endloop
  endfacet
  facet normal -0 0 -1
    outer loop
      vertex 80.65 4.35 23.35
      vertex 65.05 1.6 23.35
      vertex 65.05 4.35 23.35
    endloop
  endfacet
  facet normal -0 0 -1
    outer loop
      vertex 83.4 35.2 23.35
      vertex 80.65 33.65 23.35
      vertex 82.2 36.4 23.35
    endloop
  endfacet
  facet normal 0 0 -1
    outer loop
      vertex 65.05 36.4 23.35
      vertex 80.65 33.65 23.35
      vertex 65.05 33.65 23.35
    endloop
  endfacet
  facet normal 0 0 -1
    outer loop
      vertex 80.65 33.65 23.35
      vertex 65.05 36.4 23.35
      vertex 82.2 36.4 23.35
    endloop
  endfacet
  facet normal 1 -0 0
    outer loop
      vertex 80.65 4.35 23.35
      vertex 80.65 33.65 14
      vertex 80.65 33.65 23.35
    endloop
  endfacet
  facet normal 1 0 0
    outer loop
      vertex 80.65 33.65 14
      vertex 80.65 4.35 23.35
      vertex 80.65 4.35 14
    endloop
  endfacet
  facet normal 1 -0 0
    outer loop
      vertex 65.05 1.6 15.2
      vertex 65.05 4.35 14
      vertex 65.05 4.35 23.35
    endloop
  endfacet
  facet normal 1 0 0
    outer loop
      vertex 65.05 1.6 15.2
      vertex 65.05 4.35 23.35
      vertex 65.05 1.6 23.35
    endloop
  endfacet
  facet normal 1 0 0
    outer loop
      vertex 65.05 4.35 14
      vertex 65.05 1.6 15.2
      vertex 65.05 2.8 14
    endloop
  endfacet
  facet normal 0 -1 0
    outer loop
      vertex 65.05 4.35 14
      vertex 80.65 4.35 23.35
      vertex 65.05 4.35 23.35
    endloop
  endfacet
  facet normal 0 -1 -0
    outer loop
      vertex 80.65 4.35 23.35
      vertex 65.05 4.35 14
      vertex 80.65 4.35 14
    endloop
  endfacet
  facet normal 1 -0 0
    outer loop
      vertex 65.05 33.65 23.35
      vertex 65.05 36.4 15.2
      vertex 65.05 36.4 23.35
    endloop
  endfacet
  facet normal 1 0 0
    outer loop
      vertex 65.05 33.65 14
      vertex 65.05 36.4 15.2
      vertex 65.05 33.65 23.35
    endloop
  endfacet
  facet normal 1 0 0
    outer loop
      vertex 65.05 36.4 15.2
      vertex 65.05 33.65 14
      vertex 65.05 35.2 14
    endloop
  endfacet
  facet normal 0 1 -0
    outer loop
      vertex 80.65 33.65 14
      vertex 65.05 33.65 23.35
      vertex 80.65 33.65 23.35
    endloop
  endfacet
  facet normal 0 1 0
    outer loop
      vertex 65.05 33.65 23.35
      vertex 80.65 33.65 14
      vertex 65.05 33.65 14
    endloop
  endfacet
  facet normal -0.965906 -0.258895 0
    outer loop
      vertex 20.6529 9.13831 14
      vertex 20.513 9.66026 17.22
      vertex 20.513 9.66026 14
    endloop
  endfacet
  facet normal -0.965906 -0.258895 0
    outer loop
      vertex 20.513 9.66026 17.22
      vertex 20.6529 9.13831 14
      vertex 20.6529 9.13831 17.22
    endloop
  endfacet
  facet normal -0.996194 -0.087163 0
    outer loop
      vertex 20.7 8.6 14
      vertex 20.6529 9.13831 17.22
      vertex 20.6529 9.13831 14
    endloop
  endfacet
  facet normal -0.996194 -0.087163 0
    outer loop
      vertex 20.6529 9.13831 17.22
      vertex 20.7 8.6 14
      vertex 20.7 8.6 17.22
    endloop
  endfacet
  facet normal -0.906357 -0.422513 0
    outer loop
      vertex 20.513 9.66026 14
      vertex 20.2847 10.15 17.22
      vertex 20.2847 10.15 14
    endloop
  endfacet
  facet normal -0.906357 -0.422513 0
    outer loop
      vertex 20.2847 10.15 17.22
      vertex 20.513 9.66026 14
      vertex 20.513 9.66026 17.22
    endloop
  endfacet
  facet normal -0.8191 0.573651 0
    outer loop
      vertex 19.9747 6.60736 14
      vertex 20.2847 7.05 17.22
      vertex 20.2847 7.05 14
    endloop
  endfacet
  facet normal -0.8191 0.573651 0
    outer loop
      vertex 20.2847 7.05 17.22
      vertex 19.9747 6.60736 14
      vertex 19.9747 6.60736 17.22
    endloop
  endfacet
  facet normal 0.258872 -0.965912 0
    outer loop
      vertex 16.5397 11.513 14
      vertex 17.0617 11.6529 17.22
      vertex 16.5397 11.513 17.22
    endloop
  endfacet
  facet normal 0.258872 -0.965912 0
    outer loop
      vertex 17.0617 11.6529 17.22
      vertex 16.5397 11.513 14
      vertex 17.0617 11.6529 14
    endloop
  endfacet
  facet normal -0.258785 0.965935 0
    outer loop
      vertex 18.6603 5.68695 14
      vertex 18.1383 5.5471 17.22
      vertex 18.6603 5.68695 17.22
    endloop
  endfacet
  facet normal -0.258785 0.965935 0
    outer loop
      vertex 18.1383 5.5471 17.22
      vertex 18.6603 5.68695 14
      vertex 18.1383 5.5471 14
    endloop
  endfacet
  facet normal 0.8191 0.573651 0
    outer loop
      vertex 15.2253 6.60736 17.22
      vertex 14.9153 7.05 14
      vertex 14.9153 7.05 17.22
    endloop
  endfacet
  facet normal 0.8191 0.573651 0
    outer loop
      vertex 14.9153 7.05 14
      vertex 15.2253 6.60736 17.22
      vertex 15.2253 6.60736 14
    endloop
  endfacet
  facet normal 0.707107 0.707107 0
    outer loop
      vertex 15.6074 6.22526 17.22
      vertex 15.2253 6.60736 14
      vertex 15.2253 6.60736 17.22
    endloop
  endfacet
  facet normal 0.707107 0.707107 0
    outer loop
      vertex 15.2253 6.60736 14
      vertex 15.6074 6.22526 17.22
      vertex 15.6074 6.22526 14
    endloop
  endfacet
  facet normal 0.422647 0.906294 -0
    outer loop
      vertex 16.5397 5.68695 14
      vertex 16.05 5.91532 17.22
      vertex 16.5397 5.68695 17.22
    endloop
  endfacet
  facet normal 0.422647 0.906294 0
    outer loop
      vertex 16.05 5.91532 17.22
      vertex 16.5397 5.68695 14
      vertex 16.05 5.91532 14
    endloop
  endfacet
  facet normal 0.258785 0.965935 -0
    outer loop
      vertex 17.0617 5.5471 14
      vertex 16.5397 5.68695 17.22
      vertex 17.0617 5.5471 17.22
    endloop
  endfacet
  facet normal 0.258785 0.965935 0
    outer loop
      vertex 16.5397 5.68695 17.22
      vertex 17.0617 5.5471 14
      vertex 16.5397 5.68695 14
    endloop
  endfacet
  facet normal -0.996194 0.087163 0
    outer loop
      vertex 20.6529 8.06169 14
      vertex 20.7 8.6 17.22
      vertex 20.7 8.6 14
    endloop
  endfacet
  facet normal -0.996194 0.087163 0
    outer loop
      vertex 20.7 8.6 17.22
      vertex 20.6529 8.06169 14
      vertex 20.6529 8.06169 17.22
    endloop
  endfacet
  facet normal -0.573686 -0.819075 0
    outer loop
      vertex 19.15 11.2847 14
      vertex 19.5926 10.9747 17.22
      vertex 19.15 11.2847 17.22
    endloop
  endfacet
  facet normal -0.573686 -0.819075 -0
    outer loop
      vertex 19.5926 10.9747 17.22
      vertex 19.15 11.2847 14
      vertex 19.5926 10.9747 14
    endloop
  endfacet
  facet normal -0.422541 -0.906344 0
    outer loop
      vertex 18.6603 11.513 14
      vertex 19.15 11.2847 17.22
      vertex 18.6603 11.513 17.22
    endloop
  endfacet
  facet normal -0.422541 -0.906344 -0
    outer loop
      vertex 19.15 11.2847 17.22
      vertex 18.6603 11.513 14
      vertex 19.15 11.2847 14
    endloop
  endfacet
  facet normal -0.965906 0.258895 0
    outer loop
      vertex 20.513 7.53974 14
      vertex 20.6529 8.06169 17.22
      vertex 20.6529 8.06169 14
    endloop
  endfacet
  facet normal -0.965906 0.258895 0
    outer loop
      vertex 20.6529 8.06169 17.22
      vertex 20.513 7.53974 14
      vertex 20.513 7.53974 17.22
    endloop
  endfacet
  facet normal 0.906357 0.422513 0
    outer loop
      vertex 14.9153 7.05 17.22
      vertex 14.687 7.53974 14
      vertex 14.687 7.53974 17.22
    endloop
  endfacet
  facet normal 0.906357 0.422513 0
    outer loop
      vertex 14.687 7.53974 14
      vertex 14.9153 7.05 17.22
      vertex 14.9153 7.05 14
    endloop
  endfacet
  facet normal 0.996194 -0.087163 0
    outer loop
      vertex 14.5 8.6 17.22
      vertex 14.5471 9.13831 14
      vertex 14.5471 9.13831 17.22
    endloop
  endfacet
  facet normal 0.996194 -0.087163 0
    outer loop
      vertex 14.5471 9.13831 14
      vertex 14.5 8.6 17.22
      vertex 14.5 8.6 14
    endloop
  endfacet
  facet normal -0.422647 0.906294 0
    outer loop
      vertex 19.15 5.91532 14
      vertex 18.6603 5.68695 17.22
      vertex 19.15 5.91532 17.22
    endloop
  endfacet
  facet normal -0.422647 0.906294 0
    outer loop
      vertex 18.6603 5.68695 17.22
      vertex 19.15 5.91532 14
      vertex 18.6603 5.68695 14
    endloop
  endfacet
  facet normal -0.0871647 0.996194 0
    outer loop
      vertex 18.1383 5.5471 14
      vertex 17.6 5.5 17.22
      vertex 18.1383 5.5471 17.22
    endloop
  endfacet
  facet normal -0.0871647 0.996194 0
    outer loop
      vertex 17.6 5.5 17.22
      vertex 18.1383 5.5471 14
      vertex 17.6 5.5 14
    endloop
  endfacet
  facet normal -0.258872 -0.965912 0
    outer loop
      vertex 18.1383 11.6529 14
      vertex 18.6603 11.513 17.22
      vertex 18.1383 11.6529 17.22
    endloop
  endfacet
  facet normal -0.258872 -0.965912 -0
    outer loop
      vertex 18.6603 11.513 17.22
      vertex 18.1383 11.6529 14
      vertex 18.6603 11.513 14
    endloop
  endfacet
  facet normal 0.573686 -0.819075 0
    outer loop
      vertex 15.6074 10.9747 14
      vertex 16.05 11.2847 17.22
      vertex 15.6074 10.9747 17.22
    endloop
  endfacet
  facet normal 0.573686 -0.819075 0
    outer loop
      vertex 16.05 11.2847 17.22
      vertex 15.6074 10.9747 14
      vertex 16.05 11.2847 14
    endloop
  endfacet
  facet normal -0.819075 -0.573686 0
    outer loop
      vertex 20.2847 10.15 14
      vertex 19.9747 10.5926 17.22
      vertex 19.9747 10.5926 14
    endloop
  endfacet
  facet normal -0.819075 -0.573686 0
    outer loop
      vertex 19.9747 10.5926 17.22
      vertex 20.2847 10.15 14
      vertex 20.2847 10.15 17.22
    endloop
  endfacet
  facet normal 0.422541 -0.906344 0
    outer loop
      vertex 16.05 11.2847 14
      vertex 16.5397 11.513 17.22
      vertex 16.05 11.2847 17.22
    endloop
  endfacet
  facet normal 0.422541 -0.906344 0
    outer loop
      vertex 16.5397 11.513 17.22
      vertex 16.05 11.2847 14
      vertex 16.5397 11.513 14
    endloop
  endfacet
  facet normal 0 0 -1
    outer loop
      vertex 20.6529 8.06169 17.22
      vertex 20.6529 9.13831 17.22
      vertex 20.7 8.6 17.22
    endloop
  endfacet
  facet normal 0 0 -1
    outer loop
      vertex 20.513 7.53974 17.22
      vertex 20.6529 9.13831 17.22
      vertex 20.6529 8.06169 17.22
    endloop
  endfacet
  facet normal 0 0 -1
    outer loop
      vertex 20.513 7.53974 17.22
      vertex 20.513 9.66026 17.22
      vertex 20.6529 9.13831 17.22
    endloop
  endfacet
  facet normal 0 0 -1
    outer loop
      vertex 20.2847 7.05 17.22
      vertex 20.513 9.66026 17.22
      vertex 20.513 7.53974 17.22
    endloop
  endfacet
  facet normal 0 0 -1
    outer loop
      vertex 20.2847 7.05 17.22
      vertex 20.2847 10.15 17.22
      vertex 20.513 9.66026 17.22
    endloop
  endfacet
  facet normal 0 0 -1
    outer loop
      vertex 19.9747 6.60736 17.22
      vertex 20.2847 10.15 17.22
      vertex 20.2847 7.05 17.22
    endloop
  endfacet
  facet normal 0 0 -1
    outer loop
      vertex 19.9747 6.60736 17.22
      vertex 19.9747 10.5926 17.22
      vertex 20.2847 10.15 17.22
    endloop
  endfacet
  facet normal 0 0 -1
    outer loop
      vertex 19.5926 6.22526 17.22
      vertex 19.9747 10.5926 17.22
      vertex 19.9747 6.60736 17.22
    endloop
  endfacet
  facet normal 0 0 -1
    outer loop
      vertex 19.5926 6.22526 17.22
      vertex 19.5926 10.9747 17.22
      vertex 19.9747 10.5926 17.22
    endloop
  endfacet
  facet normal 0 0 -1
    outer loop
      vertex 19.15 5.91532 17.22
      vertex 19.5926 10.9747 17.22
      vertex 19.5926 6.22526 17.22
    endloop
  endfacet
  facet normal 0 0 -1
    outer loop
      vertex 19.15 5.91532 17.22
      vertex 19.15 11.2847 17.22
      vertex 19.5926 10.9747 17.22
    endloop
  endfacet
  facet normal 0 0 -1
    outer loop
      vertex 18.6603 5.68695 17.22
      vertex 19.15 11.2847 17.22
      vertex 19.15 5.91532 17.22
    endloop
  endfacet
  facet normal 0 0 -1
    outer loop
      vertex 18.6603 5.68695 17.22
      vertex 18.6603 11.513 17.22
      vertex 19.15 11.2847 17.22
    endloop
  endfacet
  facet normal 0 0 -1
    outer loop
      vertex 18.1383 5.5471 17.22
      vertex 18.6603 11.513 17.22
      vertex 18.6603 5.68695 17.22
    endloop
  endfacet
  facet normal 0 0 -1
    outer loop
      vertex 18.1383 5.5471 17.22
      vertex 18.1383 11.6529 17.22
      vertex 18.6603 11.513 17.22
    endloop
  endfacet
  facet normal 0 0 -1
    outer loop
      vertex 17.6 5.5 17.22
      vertex 18.1383 11.6529 17.22
      vertex 18.1383 5.5471 17.22
    endloop
  endfacet
  facet normal 0 0 -1
    outer loop
      vertex 17.6 5.5 17.22
      vertex 17.6 11.7 17.22
      vertex 18.1383 11.6529 17.22
    endloop
  endfacet
  facet normal 0 0 -1
    outer loop
      vertex 17.0617 5.5471 17.22
      vertex 17.6 11.7 17.22
      vertex 17.6 5.5 17.22
    endloop
  endfacet
  facet normal 0 0 -1
    outer loop
      vertex 17.0617 5.5471 17.22
      vertex 17.0617 11.6529 17.22
      vertex 17.6 11.7 17.22
    endloop
  endfacet
  facet normal 0 0 -1
    outer loop
      vertex 16.5397 5.68695 17.22
      vertex 17.0617 11.6529 17.22
      vertex 17.0617 5.5471 17.22
    endloop
  endfacet
  facet normal 0 0 -1
    outer loop
      vertex 16.5397 5.68695 17.22
      vertex 16.5397 11.513 17.22
      vertex 17.0617 11.6529 17.22
    endloop
  endfacet
  facet normal 0 0 -1
    outer loop
      vertex 16.05 5.91532 17.22
      vertex 16.5397 11.513 17.22
      vertex 16.5397 5.68695 17.22
    endloop
  endfacet
  facet normal 0 0 -1
    outer loop
      vertex 16.05 5.91532 17.22
      vertex 16.05 11.2847 17.22
      vertex 16.5397 11.513 17.22
    endloop
  endfacet
  facet normal 0 0 -1
    outer loop
      vertex 15.6074 6.22526 17.22
      vertex 16.05 11.2847 17.22
      vertex 16.05 5.91532 17.22
    endloop
  endfacet
  facet normal 0 0 -1
    outer loop
      vertex 15.6074 6.22526 17.22
      vertex 15.6074 10.9747 17.22
      vertex 16.05 11.2847 17.22
    endloop
  endfacet
  facet normal 0 0 -1
    outer loop
      vertex 15.2253 6.60736 17.22
      vertex 15.6074 10.9747 17.22
      vertex 15.6074 6.22526 17.22
    endloop
  endfacet
  facet normal 0 0 -1
    outer loop
      vertex 15.2253 6.60736 17.22
      vertex 15.2253 10.5926 17.22
      vertex 15.6074 10.9747 17.22
    endloop
  endfacet
  facet normal 0 0 -1
    outer loop
      vertex 14.9153 7.05 17.22
      vertex 15.2253 10.5926 17.22
      vertex 15.2253 6.60736 17.22
    endloop
  endfacet
  facet normal 0 0 -1
    outer loop
      vertex 14.9153 7.05 17.22
      vertex 14.9153 10.15 17.22
      vertex 15.2253 10.5926 17.22
    endloop
  endfacet
  facet normal 0 0 -1
    outer loop
      vertex 14.687 7.53974 17.22
      vertex 14.9153 10.15 17.22
      vertex 14.9153 7.05 17.22
    endloop
  endfacet
  facet normal 0 0 -1
    outer loop
      vertex 14.687 7.53974 17.22
      vertex 14.687 9.66026 17.22
      vertex 14.9153 10.15 17.22
    endloop
  endfacet
  facet normal 0 0 -1
    outer loop
      vertex 14.5471 8.06169 17.22
      vertex 14.687 9.66026 17.22
      vertex 14.687 7.53974 17.22
    endloop
  endfacet
  facet normal 0 0 -1
    outer loop
      vertex 14.5471 8.06169 17.22
      vertex 14.5471 9.13831 17.22
      vertex 14.687 9.66026 17.22
    endloop
  endfacet
  facet normal 0 -0 -1
    outer loop
      vertex 14.5471 9.13831 17.22
      vertex 14.5471 8.06169 17.22
      vertex 14.5 8.6 17.22
    endloop
  endfacet
  facet normal 0.819075 -0.573686 0
    outer loop
      vertex 14.9153 10.15 17.22
      vertex 15.2253 10.5926 14
      vertex 15.2253 10.5926 17.22
    endloop
  endfacet
  facet normal 0.819075 -0.573686 0
    outer loop
      vertex 15.2253 10.5926 14
      vertex 14.9153 10.15 17.22
      vertex 14.9153 10.15 14
    endloop
  endfacet
  facet normal -0.906357 0.422513 0
    outer loop
      vertex 20.2847 7.05 14
      vertex 20.513 7.53974 17.22
      vertex 20.513 7.53974 14
    endloop
  endfacet
  facet normal -0.906357 0.422513 0
    outer loop
      vertex 20.513 7.53974 17.22
      vertex 20.2847 7.05 14
      vertex 20.2847 7.05 17.22
    endloop
  endfacet
  facet normal 0.965906 -0.258895 0
    outer loop
      vertex 14.5471 9.13831 17.22
      vertex 14.687 9.66026 14
      vertex 14.687 9.66026 17.22
    endloop
  endfacet
  facet normal 0.965906 -0.258895 0
    outer loop
      vertex 14.687 9.66026 14
      vertex 14.5471 9.13831 17.22
      vertex 14.5471 9.13831 14
    endloop
  endfacet
  facet normal -0.707107 -0.707107 0
    outer loop
      vertex 19.9747 10.5926 14
      vertex 19.5926 10.9747 17.22
      vertex 19.5926 10.9747 14
    endloop
  endfacet
  facet normal -0.707107 -0.707107 0
    outer loop
      vertex 19.5926 10.9747 17.22
      vertex 19.9747 10.5926 14
      vertex 19.9747 10.5926 17.22
    endloop
  endfacet
  facet normal 0.0871647 -0.996194 0
    outer loop
      vertex 17.0617 11.6529 14
      vertex 17.6 11.7 17.22
      vertex 17.0617 11.6529 17.22
    endloop
  endfacet
  facet normal 0.0871647 -0.996194 0
    outer loop
      vertex 17.6 11.7 17.22
      vertex 17.0617 11.6529 14
      vertex 17.6 11.7 14
    endloop
  endfacet
  facet normal 0.965906 0.258895 0
    outer loop
      vertex 14.687 7.53974 17.22
      vertex 14.5471 8.06169 14
      vertex 14.5471 8.06169 17.22
    endloop
  endfacet
  facet normal 0.965906 0.258895 0
    outer loop
      vertex 14.5471 8.06169 14
      vertex 14.687 7.53974 17.22
      vertex 14.687 7.53974 14
    endloop
  endfacet
  facet normal 0.707107 -0.707107 0
    outer loop
      vertex 15.2253 10.5926 17.22
      vertex 15.6074 10.9747 14
      vertex 15.6074 10.9747 17.22
    endloop
  endfacet
  facet normal 0.707107 -0.707107 0
    outer loop
      vertex 15.6074 10.9747 14
      vertex 15.2253 10.5926 17.22
      vertex 15.2253 10.5926 14
    endloop
  endfacet
  facet normal 0.996194 0.087163 0
    outer loop
      vertex 14.5471 8.06169 17.22
      vertex 14.5 8.6 14
      vertex 14.5 8.6 17.22
    endloop
  endfacet
  facet normal 0.996194 0.087163 0
    outer loop
      vertex 14.5 8.6 14
      vertex 14.5471 8.06169 17.22
      vertex 14.5471 8.06169 14
    endloop
  endfacet
  facet normal -0.707107 0.707107 0
    outer loop
      vertex 19.5926 6.22526 14
      vertex 19.9747 6.60736 17.22
      vertex 19.9747 6.60736 14
    endloop
  endfacet
  facet normal -0.707107 0.707107 0
    outer loop
      vertex 19.9747 6.60736 17.22
      vertex 19.5926 6.22526 14
      vertex 19.5926 6.22526 17.22
    endloop
  endfacet
  facet normal 0.906357 -0.422513 0
    outer loop
      vertex 14.687 9.66026 17.22
      vertex 14.9153 10.15 14
      vertex 14.9153 10.15 17.22
    endloop
  endfacet
  facet normal 0.906357 -0.422513 0
    outer loop
      vertex 14.9153 10.15 14
      vertex 14.687 9.66026 17.22
      vertex 14.687 9.66026 14
    endloop
  endfacet
  facet normal 0.573611 0.819128 -0
    outer loop
      vertex 16.05 5.91532 14
      vertex 15.6074 6.22526 17.22
      vertex 16.05 5.91532 17.22
    endloop
  endfacet
  facet normal 0.573611 0.819128 0
    outer loop
      vertex 15.6074 6.22526 17.22
      vertex 16.05 5.91532 14
      vertex 15.6074 6.22526 14
    endloop
  endfacet
  facet normal -0.0871647 -0.996194 0
    outer loop
      vertex 17.6 11.7 14
      vertex 18.1383 11.6529 17.22
      vertex 17.6 11.7 17.22
    endloop
  endfacet
  facet normal -0.0871647 -0.996194 -0
    outer loop
      vertex 18.1383 11.6529 17.22
      vertex 17.6 11.7 14
      vertex 18.1383 11.6529 14
    endloop
  endfacet
  facet normal -0.573611 0.819128 0
    outer loop
      vertex 19.5926 6.22526 14
      vertex 19.15 5.91532 17.22
      vertex 19.5926 6.22526 17.22
    endloop
  endfacet
  facet normal -0.573611 0.819128 0
    outer loop
      vertex 19.15 5.91532 17.22
      vertex 19.5926 6.22526 14
      vertex 19.15 5.91532 14
    endloop
  endfacet
  facet normal 0.0871647 0.996194 -0
    outer loop
      vertex 17.6 5.5 14
      vertex 17.0617 5.5471 17.22
      vertex 17.6 5.5 17.22
    endloop
  endfacet
  facet normal 0.0871647 0.996194 0
    outer loop
      vertex 17.0617 5.5471 17.22
      vertex 17.6 5.5 14
      vertex 17.0617 5.5471 14
    endloop
  endfacet
  facet normal -0.258872 -0.965912 0
    outer loop
      vertex 18.1383 32.4529 14
      vertex 18.6603 32.313 17.22
      vertex 18.1383 32.4529 17.22
    endloop
  endfacet
  facet normal -0.258872 -0.965912 -0
    outer loop
      vertex 18.6603 32.313 17.22
      vertex 18.1383 32.4529 14
      vertex 18.6603 32.313 14
    endloop
  endfacet
  facet normal -0.965912 -0.258872 0
    outer loop
      vertex 20.6529 29.9383 14
      vertex 20.513 30.4603 17.22
      vertex 20.513 30.4603 14
    endloop
  endfacet
  facet normal -0.965912 -0.258872 0
    outer loop
      vertex 20.513 30.4603 17.22
      vertex 20.6529 29.9383 14
      vertex 20.6529 29.9383 17.22
    endloop
  endfacet
  facet normal -0.996194 -0.0871647 0
    outer loop
      vertex 20.7 29.4 14
      vertex 20.6529 29.9383 17.22
      vertex 20.6529 29.9383 14
    endloop
  endfacet
  facet normal -0.996194 -0.0871647 0
    outer loop
      vertex 20.6529 29.9383 17.22
      vertex 20.7 29.4 14
      vertex 20.7 29.4 17.22
    endloop
  endfacet
  facet normal -0.906344 -0.422541 0
    outer loop
      vertex 20.513 30.4603 14
      vertex 20.2847 30.95 17.22
      vertex 20.2847 30.95 14
    endloop
  endfacet
  facet normal -0.906344 -0.422541 0
    outer loop
      vertex 20.2847 30.95 17.22
      vertex 20.513 30.4603 14
      vertex 20.513 30.4603 17.22
    endloop
  endfacet
  facet normal 0.906344 0.422541 0
    outer loop
      vertex 14.9153 27.85 17.22
      vertex 14.687 28.3397 14
      vertex 14.687 28.3397 17.22
    endloop
  endfacet
  facet normal 0.906344 0.422541 0
    outer loop
      vertex 14.687 28.3397 14
      vertex 14.9153 27.85 17.22
      vertex 14.9153 27.85 14
    endloop
  endfacet
  facet normal 0.0871647 -0.996194 0
    outer loop
      vertex 17.0617 32.4529 14
      vertex 17.6 32.5 17.22
      vertex 17.0617 32.4529 17.22
    endloop
  endfacet
  facet normal 0.0871647 -0.996194 0
    outer loop
      vertex 17.6 32.5 17.22
      vertex 17.0617 32.4529 14
      vertex 17.6 32.5 14
    endloop
  endfacet
  facet normal 0.707107 0.707107 0
    outer loop
      vertex 15.6074 27.0253 17.22
      vertex 15.2253 27.4074 14
      vertex 15.2253 27.4074 17.22
    endloop
  endfacet
  facet normal 0.707107 0.707107 0
    outer loop
      vertex 15.2253 27.4074 14
      vertex 15.6074 27.0253 17.22
      vertex 15.6074 27.0253 14
    endloop
  endfacet
  facet normal 0.573686 0.819075 -0
    outer loop
      vertex 16.05 26.7153 14
      vertex 15.6074 27.0253 17.22
      vertex 16.05 26.7153 17.22
    endloop
  endfacet
  facet normal 0.573686 0.819075 0
    outer loop
      vertex 15.6074 27.0253 17.22
      vertex 16.05 26.7153 14
      vertex 15.6074 27.0253 14
    endloop
  endfacet
  facet normal -0.906344 0.422541 0
    outer loop
      vertex 20.2847 27.85 14
      vertex 20.513 28.3397 17.22
      vertex 20.513 28.3397 14
    endloop
  endfacet
  facet normal -0.906344 0.422541 0
    outer loop
      vertex 20.513 28.3397 17.22
      vertex 20.2847 27.85 14
      vertex 20.2847 27.85 17.22
    endloop
  endfacet
  facet normal -0.258872 0.965912 0
    outer loop
      vertex 18.6603 26.487 14
      vertex 18.1383 26.3471 17.22
      vertex 18.6603 26.487 17.22
    endloop
  endfacet
  facet normal -0.258872 0.965912 0
    outer loop
      vertex 18.1383 26.3471 17.22
      vertex 18.6603 26.487 14
      vertex 18.1383 26.3471 14
    endloop
  endfacet
  facet normal -0.0871647 0.996194 0
    outer loop
      vertex 18.1383 26.3471 14
      vertex 17.6 26.3 17.22
      vertex 18.1383 26.3471 17.22
    endloop
  endfacet
  facet normal -0.0871647 0.996194 0
    outer loop
      vertex 17.6 26.3 17.22
      vertex 18.1383 26.3471 14
      vertex 17.6 26.3 14
    endloop
  endfacet
  facet normal -0.996194 0.0871647 0
    outer loop
      vertex 20.6529 28.8617 14
      vertex 20.7 29.4 17.22
      vertex 20.7 29.4 14
    endloop
  endfacet
  facet normal -0.996194 0.0871647 0
    outer loop
      vertex 20.7 29.4 17.22
      vertex 20.6529 28.8617 14
      vertex 20.6529 28.8617 17.22
    endloop
  endfacet
  facet normal -0.0871647 -0.996194 0
    outer loop
      vertex 17.6 32.5 14
      vertex 18.1383 32.4529 17.22
      vertex 17.6 32.5 17.22
    endloop
  endfacet
  facet normal -0.0871647 -0.996194 -0
    outer loop
      vertex 18.1383 32.4529 17.22
      vertex 17.6 32.5 14
      vertex 18.1383 32.4529 14
    endloop
  endfacet
  facet normal -0.422541 -0.906344 0
    outer loop
      vertex 18.6603 32.313 14
      vertex 19.15 32.0847 17.22
      vertex 18.6603 32.313 17.22
    endloop
  endfacet
  facet normal -0.422541 -0.906344 -0
    outer loop
      vertex 19.15 32.0847 17.22
      vertex 18.6603 32.313 14
      vertex 19.15 32.0847 14
    endloop
  endfacet
  facet normal -0.573686 0.819075 0
    outer loop
      vertex 19.5926 27.0253 14
      vertex 19.15 26.7153 17.22
      vertex 19.5926 27.0253 17.22
    endloop
  endfacet
  facet normal -0.573686 0.819075 0
    outer loop
      vertex 19.15 26.7153 17.22
      vertex 19.5926 27.0253 14
      vertex 19.15 26.7153 14
    endloop
  endfacet
  facet normal -0.965912 0.258872 0
    outer loop
      vertex 20.513 28.3397 14
      vertex 20.6529 28.8617 17.22
      vertex 20.6529 28.8617 14
    endloop
  endfacet
  facet normal -0.965912 0.258872 0
    outer loop
      vertex 20.6529 28.8617 17.22
      vertex 20.513 28.3397 14
      vertex 20.513 28.3397 17.22
    endloop
  endfacet
  facet normal 0.965912 0.258872 0
    outer loop
      vertex 14.687 28.3397 17.22
      vertex 14.5471 28.8617 14
      vertex 14.5471 28.8617 17.22
    endloop
  endfacet
  facet normal 0.965912 0.258872 0
    outer loop
      vertex 14.5471 28.8617 14
      vertex 14.687 28.3397 17.22
      vertex 14.687 28.3397 14
    endloop
  endfacet
  facet normal 0.965912 -0.258872 0
    outer loop
      vertex 14.5471 29.9383 17.22
      vertex 14.687 30.4603 14
      vertex 14.687 30.4603 17.22
    endloop
  endfacet
  facet normal 0.965912 -0.258872 0
    outer loop
      vertex 14.687 30.4603 14
      vertex 14.5471 29.9383 17.22
      vertex 14.5471 29.9383 14
    endloop
  endfacet
  facet normal -0.707107 0.707107 0
    outer loop
      vertex 19.5926 27.0253 14
      vertex 19.9747 27.4074 17.22
      vertex 19.9747 27.4074 14
    endloop
  endfacet
  facet normal -0.707107 0.707107 0
    outer loop
      vertex 19.9747 27.4074 17.22
      vertex 19.5926 27.0253 14
      vertex 19.5926 27.0253 17.22
    endloop
  endfacet
  facet normal 0.422541 -0.906344 0
    outer loop
      vertex 16.05 32.0847 14
      vertex 16.5397 32.313 17.22
      vertex 16.05 32.0847 17.22
    endloop
  endfacet
  facet normal 0.422541 -0.906344 0
    outer loop
      vertex 16.5397 32.313 17.22
      vertex 16.05 32.0847 14
      vertex 16.5397 32.313 14
    endloop
  endfacet
  facet normal -0.819075 -0.573686 0
    outer loop
      vertex 20.2847 30.95 14
      vertex 19.9747 31.3926 17.22
      vertex 19.9747 31.3926 14
    endloop
  endfacet
  facet normal -0.819075 -0.573686 0
    outer loop
      vertex 19.9747 31.3926 17.22
      vertex 20.2847 30.95 14
      vertex 20.2847 30.95 17.22
    endloop
  endfacet
  facet normal 0.258872 -0.965912 0
    outer loop
      vertex 16.5397 32.313 14
      vertex 17.0617 32.4529 17.22
      vertex 16.5397 32.313 17.22
    endloop
  endfacet
  facet normal 0.258872 -0.965912 0
    outer loop
      vertex 17.0617 32.4529 17.22
      vertex 16.5397 32.313 14
      vertex 17.0617 32.4529 14
    endloop
  endfacet
  facet normal 0.819075 -0.573686 0
    outer loop
      vertex 14.9153 30.95 17.22
      vertex 15.2253 31.3926 14
      vertex 15.2253 31.3926 17.22
    endloop
  endfacet
  facet normal 0.819075 -0.573686 0
    outer loop
      vertex 15.2253 31.3926 14
      vertex 14.9153 30.95 17.22
      vertex 14.9153 30.95 14
    endloop
  endfacet
  facet normal 0.906344 -0.422541 0
    outer loop
      vertex 14.687 30.4603 17.22
      vertex 14.9153 30.95 14
      vertex 14.9153 30.95 17.22
    endloop
  endfacet
  facet normal 0.906344 -0.422541 0
    outer loop
      vertex 14.9153 30.95 14
      vertex 14.687 30.4603 17.22
      vertex 14.687 30.4603 14
    endloop
  endfacet
  facet normal -0.819075 0.573686 0
    outer loop
      vertex 19.9747 27.4074 14
      vertex 20.2847 27.85 17.22
      vertex 20.2847 27.85 14
    endloop
  endfacet
  facet normal -0.819075 0.573686 0
    outer loop
      vertex 20.2847 27.85 17.22
      vertex 19.9747 27.4074 14
      vertex 19.9747 27.4074 17.22
    endloop
  endfacet
  facet normal -0.707107 -0.707107 0
    outer loop
      vertex 19.9747 31.3926 14
      vertex 19.5926 31.7747 17.22
      vertex 19.5926 31.7747 14
    endloop
  endfacet
  facet normal -0.707107 -0.707107 0
    outer loop
      vertex 19.5926 31.7747 17.22
      vertex 19.9747 31.3926 14
      vertex 19.9747 31.3926 17.22
    endloop
  endfacet
  facet normal -0.573686 -0.819075 0
    outer loop
      vertex 19.15 32.0847 14
      vertex 19.5926 31.7747 17.22
      vertex 19.15 32.0847 17.22
    endloop
  endfacet
  facet normal -0.573686 -0.819075 -0
    outer loop
      vertex 19.5926 31.7747 17.22
      vertex 19.15 32.0847 14
      vertex 19.5926 31.7747 14
    endloop
  endfacet
  facet normal 0.707107 -0.707107 0
    outer loop
      vertex 15.2253 31.3926 14
      vertex 15.6074 31.7747 17.22
      vertex 15.2253 31.3926 17.22
    endloop
  endfacet
  facet normal 0.707107 -0.707107 0
    outer loop
      vertex 15.6074 31.7747 17.22
      vertex 15.2253 31.3926 14
      vertex 15.6074 31.7747 14
    endloop
  endfacet
  facet normal 0.996194 0.0871647 0
    outer loop
      vertex 14.5471 28.8617 17.22
      vertex 14.5 29.4 14
      vertex 14.5 29.4 17.22
    endloop
  endfacet
  facet normal 0.996194 0.0871647 0
    outer loop
      vertex 14.5 29.4 14
      vertex 14.5471 28.8617 17.22
      vertex 14.5471 28.8617 14
    endloop
  endfacet
  facet normal 0.573686 -0.819075 0
    outer loop
      vertex 15.6074 31.7747 14
      vertex 16.05 32.0847 17.22
      vertex 15.6074 31.7747 17.22
    endloop
  endfacet
  facet normal 0.573686 -0.819075 0
    outer loop
      vertex 16.05 32.0847 17.22
      vertex 15.6074 31.7747 14
      vertex 16.05 32.0847 14
    endloop
  endfacet
  facet normal -0.422541 0.906344 0
    outer loop
      vertex 19.15 26.7153 14
      vertex 18.6603 26.487 17.22
      vertex 19.15 26.7153 17.22
    endloop
  endfacet
  facet normal -0.422541 0.906344 0
    outer loop
      vertex 18.6603 26.487 17.22
      vertex 19.15 26.7153 14
      vertex 18.6603 26.487 14
    endloop
  endfacet
  facet normal 0.819075 0.573686 0
    outer loop
      vertex 15.2253 27.4074 17.22
      vertex 14.9153 27.85 14
      vertex 14.9153 27.85 17.22
    endloop
  endfacet
  facet normal 0.819075 0.573686 0
    outer loop
      vertex 14.9153 27.85 14
      vertex 15.2253 27.4074 17.22
      vertex 15.2253 27.4074 14
    endloop
  endfacet
  facet normal 0.996194 -0.0871647 0
    outer loop
      vertex 14.5 29.4 17.22
      vertex 14.5471 29.9383 14
      vertex 14.5471 29.9383 17.22
    endloop
  endfacet
  facet normal 0.996194 -0.0871647 0
    outer loop
      vertex 14.5471 29.9383 14
      vertex 14.5 29.4 17.22
      vertex 14.5 29.4 14
    endloop
  endfacet
  facet normal 0.258872 0.965912 -0
    outer loop
      vertex 17.0617 26.3471 14
      vertex 16.5397 26.487 17.22
      vertex 17.0617 26.3471 17.22
    endloop
  endfacet
  facet normal 0.258872 0.965912 0
    outer loop
      vertex 16.5397 26.487 17.22
      vertex 17.0617 26.3471 14
      vertex 16.5397 26.487 14
    endloop
  endfacet
  facet normal 0.0871647 0.996194 -0
    outer loop
      vertex 17.6 26.3 14
      vertex 17.0617 26.3471 17.22
      vertex 17.6 26.3 17.22
    endloop
  endfacet
  facet normal 0.0871647 0.996194 0
    outer loop
      vertex 17.0617 26.3471 17.22
      vertex 17.6 26.3 14
      vertex 17.0617 26.3471 14
    endloop
  endfacet
  facet normal 0 0 -1
    outer loop
      vertex 20.6529 28.8617 17.22
      vertex 20.6529 29.9383 17.22
      vertex 20.7 29.4 17.22
    endloop
  endfacet
  facet normal 0 0 -1
    outer loop
      vertex 20.513 28.3397 17.22
      vertex 20.6529 29.9383 17.22
      vertex 20.6529 28.8617 17.22
    endloop
  endfacet
  facet normal 0 0 -1
    outer loop
      vertex 20.513 28.3397 17.22
      vertex 20.513 30.4603 17.22
      vertex 20.6529 29.9383 17.22
    endloop
  endfacet
  facet normal 0 0 -1
    outer loop
      vertex 20.2847 27.85 17.22
      vertex 20.513 30.4603 17.22
      vertex 20.513 28.3397 17.22
    endloop
  endfacet
  facet normal 0 0 -1
    outer loop
      vertex 20.2847 27.85 17.22
      vertex 20.2847 30.95 17.22
      vertex 20.513 30.4603 17.22
    endloop
  endfacet
  facet normal 0 0 -1
    outer loop
      vertex 19.9747 27.4074 17.22
      vertex 20.2847 30.95 17.22
      vertex 20.2847 27.85 17.22
    endloop
  endfacet
  facet normal 0 0 -1
    outer loop
      vertex 19.9747 27.4074 17.22
      vertex 19.9747 31.3926 17.22
      vertex 20.2847 30.95 17.22
    endloop
  endfacet
  facet normal 0 0 -1
    outer loop
      vertex 19.5926 27.0253 17.22
      vertex 19.9747 31.3926 17.22
      vertex 19.9747 27.4074 17.22
    endloop
  endfacet
  facet normal 0 0 -1
    outer loop
      vertex 19.5926 27.0253 17.22
      vertex 19.5926 31.7747 17.22
      vertex 19.9747 31.3926 17.22
    endloop
  endfacet
  facet normal 0 0 -1
    outer loop
      vertex 19.15 26.7153 17.22
      vertex 19.5926 31.7747 17.22
      vertex 19.5926 27.0253 17.22
    endloop
  endfacet
  facet normal 0 0 -1
    outer loop
      vertex 19.15 26.7153 17.22
      vertex 19.15 32.0847 17.22
      vertex 19.5926 31.7747 17.22
    endloop
  endfacet
  facet normal 0 0 -1
    outer loop
      vertex 18.6603 26.487 17.22
      vertex 19.15 32.0847 17.22
      vertex 19.15 26.7153 17.22
    endloop
  endfacet
  facet normal 0 0 -1
    outer loop
      vertex 18.6603 26.487 17.22
      vertex 18.6603 32.313 17.22
      vertex 19.15 32.0847 17.22
    endloop
  endfacet
  facet normal 0 0 -1
    outer loop
      vertex 18.1383 26.3471 17.22
      vertex 18.6603 32.313 17.22
      vertex 18.6603 26.487 17.22
    endloop
  endfacet
  facet normal 0 0 -1
    outer loop
      vertex 18.1383 26.3471 17.22
      vertex 18.1383 32.4529 17.22
      vertex 18.6603 32.313 17.22
    endloop
  endfacet
  facet normal 0 0 -1
    outer loop
      vertex 17.6 26.3 17.22
      vertex 18.1383 32.4529 17.22
      vertex 18.1383 26.3471 17.22
    endloop
  endfacet
  facet normal 0 0 -1
    outer loop
      vertex 17.6 26.3 17.22
      vertex 17.6 32.5 17.22
      vertex 18.1383 32.4529 17.22
    endloop
  endfacet
  facet normal 0 0 -1
    outer loop
      vertex 17.0617 26.3471 17.22
      vertex 17.6 32.5 17.22
      vertex 17.6 26.3 17.22
    endloop
  endfacet
  facet normal 0 0 -1
    outer loop
      vertex 17.0617 26.3471 17.22
      vertex 17.0617 32.4529 17.22
      vertex 17.6 32.5 17.22
    endloop
  endfacet
  facet normal 0 0 -1
    outer loop
      vertex 16.5397 26.487 17.22
      vertex 17.0617 32.4529 17.22
      vertex 17.0617 26.3471 17.22
    endloop
  endfacet
  facet normal 0 0 -1
    outer loop
      vertex 16.5397 26.487 17.22
      vertex 16.5397 32.313 17.22
      vertex 17.0617 32.4529 17.22
    endloop
  endfacet
  facet normal 0 0 -1
    outer loop
      vertex 16.05 26.7153 17.22
      vertex 16.5397 32.313 17.22
      vertex 16.5397 26.487 17.22
    endloop
  endfacet
  facet normal 0 0 -1
    outer loop
      vertex 16.05 26.7153 17.22
      vertex 16.05 32.0847 17.22
      vertex 16.5397 32.313 17.22
    endloop
  endfacet
  facet normal 0 0 -1
    outer loop
      vertex 15.6074 27.0253 17.22
      vertex 16.05 32.0847 17.22
      vertex 16.05 26.7153 17.22
    endloop
  endfacet
  facet normal 0 0 -1
    outer loop
      vertex 15.6074 27.0253 17.22
      vertex 15.6074 31.7747 17.22
      vertex 16.05 32.0847 17.22
    endloop
  endfacet
  facet normal 0 0 -1
    outer loop
      vertex 15.2253 27.4074 17.22
      vertex 15.6074 31.7747 17.22
      vertex 15.6074 27.0253 17.22
    endloop
  endfacet
  facet normal 0 0 -1
    outer loop
      vertex 15.2253 27.4074 17.22
      vertex 15.2253 31.3926 17.22
      vertex 15.6074 31.7747 17.22
    endloop
  endfacet
  facet normal 0 0 -1
    outer loop
      vertex 14.9153 27.85 17.22
      vertex 15.2253 31.3926 17.22
      vertex 15.2253 27.4074 17.22
    endloop
  endfacet
  facet normal 0 0 -1
    outer loop
      vertex 14.9153 27.85 17.22
      vertex 14.9153 30.95 17.22
      vertex 15.2253 31.3926 17.22
    endloop
  endfacet
  facet normal 0 0 -1
    outer loop
      vertex 14.687 28.3397 17.22
      vertex 14.9153 30.95 17.22
      vertex 14.9153 27.85 17.22
    endloop
  endfacet
  facet normal 0 0 -1
    outer loop
      vertex 14.687 28.3397 17.22
      vertex 14.687 30.4603 17.22
      vertex 14.9153 30.95 17.22
    endloop
  endfacet
  facet normal 0 0 -1
    outer loop
      vertex 14.5471 28.8617 17.22
      vertex 14.687 30.4603 17.22
      vertex 14.687 28.3397 17.22
    endloop
  endfacet
  facet normal 0 0 -1
    outer loop
      vertex 14.5471 28.8617 17.22
      vertex 14.5471 29.9383 17.22
      vertex 14.687 30.4603 17.22
    endloop
  endfacet
  facet normal 0 -0 -1
    outer loop
      vertex 14.5471 29.9383 17.22
      vertex 14.5471 28.8617 17.22
      vertex 14.5 29.4 17.22
    endloop
  endfacet
  facet normal 0.422541 0.906344 -0
    outer loop
      vertex 16.5397 26.487 14
      vertex 16.05 26.7153 17.22
      vertex 16.5397 26.487 17.22
    endloop
  endfacet
  facet normal 0.422541 0.906344 0
    outer loop
      vertex 16.05 26.7153 17.22
      vertex 16.5397 26.487 14
      vertex 16.05 26.7153 14
    endloop
  endfacet
  facet normal -0.965906 -0.258895 0
    outer loop
      vertex 79.4529 9.13831 14
      vertex 79.313 9.66026 17.22
      vertex 79.313 9.66026 14
    endloop
  endfacet
  facet normal -0.965906 -0.258895 0
    outer loop
      vertex 79.313 9.66026 17.22
      vertex 79.4529 9.13831 14
      vertex 79.4529 9.13831 17.22
    endloop
  endfacet
  facet normal -0.996194 -0.087163 0
    outer loop
      vertex 79.5 8.6 14
      vertex 79.4529 9.13831 17.22
      vertex 79.4529 9.13831 14
    endloop
  endfacet
  facet normal -0.996194 -0.087163 0
    outer loop
      vertex 79.4529 9.13831 17.22
      vertex 79.5 8.6 14
      vertex 79.5 8.6 17.22
    endloop
  endfacet
  facet normal -0.906357 -0.422513 0
    outer loop
      vertex 79.313 9.66026 14
      vertex 79.0847 10.15 17.22
      vertex 79.0847 10.15 14
    endloop
  endfacet
  facet normal -0.906357 -0.422513 0
    outer loop
      vertex 79.0847 10.15 17.22
      vertex 79.313 9.66026 14
      vertex 79.313 9.66026 17.22
    endloop
  endfacet
  facet normal 0.707107 0.707107 0
    outer loop
      vertex 74.4074 6.22526 17.22
      vertex 74.0253 6.60736 14
      vertex 74.0253 6.60736 17.22
    endloop
  endfacet
  facet normal 0.707107 0.707107 0
    outer loop
      vertex 74.0253 6.60736 14
      vertex 74.4074 6.22526 17.22
      vertex 74.4074 6.22526 14
    endloop
  endfacet
  facet normal 0.906357 0.422513 0
    outer loop
      vertex 73.7153 7.05 17.22
      vertex 73.487 7.53974 14
      vertex 73.487 7.53974 17.22
    endloop
  endfacet
  facet normal 0.906357 0.422513 0
    outer loop
      vertex 73.487 7.53974 14
      vertex 73.7153 7.05 17.22
      vertex 73.7153 7.05 14
    endloop
  endfacet
  facet normal -0.8191 0.573651 0
    outer loop
      vertex 78.7747 6.60736 14
      vertex 79.0847 7.05 17.22
      vertex 79.0847 7.05 14
    endloop
  endfacet
  facet normal -0.8191 0.573651 0
    outer loop
      vertex 79.0847 7.05 17.22
      vertex 78.7747 6.60736 14
      vertex 78.7747 6.60736 17.22
    endloop
  endfacet
  facet normal 0.819075 -0.573686 0
    outer loop
      vertex 73.7153 10.15 17.22
      vertex 74.0253 10.5926 14
      vertex 74.0253 10.5926 17.22
    endloop
  endfacet
  facet normal 0.819075 -0.573686 0
    outer loop
      vertex 74.0253 10.5926 14
      vertex 73.7153 10.15 17.22
      vertex 73.7153 10.15 14
    endloop
  endfacet
  facet normal 0.996194 0.087163 0
    outer loop
      vertex 73.3471 8.06169 17.22
      vertex 73.3 8.6 14
      vertex 73.3 8.6 17.22
    endloop
  endfacet
  facet normal 0.996194 0.087163 0
    outer loop
      vertex 73.3 8.6 14
      vertex 73.3471 8.06169 17.22
      vertex 73.3471 8.06169 14
    endloop
  endfacet
  facet normal 0.422541 -0.906344 0
    outer loop
      vertex 74.85 11.2847 14
      vertex 75.3397 11.513 17.22
      vertex 74.85 11.2847 17.22
    endloop
  endfacet
  facet normal 0.422541 -0.906344 0
    outer loop
      vertex 75.3397 11.513 17.22
      vertex 74.85 11.2847 14
      vertex 75.3397 11.513 14
    endloop
  endfacet
  facet normal -0.258872 -0.965912 0
    outer loop
      vertex 76.9383 11.6529 14
      vertex 77.4603 11.513 17.22
      vertex 76.9383 11.6529 17.22
    endloop
  endfacet
  facet normal -0.258872 -0.965912 -0
    outer loop
      vertex 77.4603 11.513 17.22
      vertex 76.9383 11.6529 14
      vertex 77.4603 11.513 14
    endloop
  endfacet
  facet normal -0.996194 0.087163 0
    outer loop
      vertex 79.4529 8.06169 14
      vertex 79.5 8.6 17.22
      vertex 79.5 8.6 14
    endloop
  endfacet
  facet normal -0.996194 0.087163 0
    outer loop
      vertex 79.5 8.6 17.22
      vertex 79.4529 8.06169 14
      vertex 79.4529 8.06169 17.22
    endloop
  endfacet
  facet normal -0.422541 -0.906344 0
    outer loop
      vertex 77.4603 11.513 14
      vertex 77.95 11.2847 17.22
      vertex 77.4603 11.513 17.22
    endloop
  endfacet
  facet normal -0.422541 -0.906344 -0
    outer loop
      vertex 77.95 11.2847 17.22
      vertex 77.4603 11.513 14
      vertex 77.95 11.2847 14
    endloop
  endfacet
  facet normal -0.965906 0.258895 0
    outer loop
      vertex 79.313 7.53974 14
      vertex 79.4529 8.06169 17.22
      vertex 79.4529 8.06169 14
    endloop
  endfacet
  facet normal -0.965906 0.258895 0
    outer loop
      vertex 79.4529 8.06169 17.22
      vertex 79.313 7.53974 14
      vertex 79.313 7.53974 17.22
    endloop
  endfacet
  facet normal 0.996194 -0.087163 0
    outer loop
      vertex 73.3 8.6 17.22
      vertex 73.3471 9.13831 14
      vertex 73.3471 9.13831 17.22
    endloop
  endfacet
  facet normal 0.996194 -0.087163 0
    outer loop
      vertex 73.3471 9.13831 14
      vertex 73.3 8.6 17.22
      vertex 73.3 8.6 14
    endloop
  endfacet
  facet normal 0.906357 -0.422513 0
    outer loop
      vertex 73.487 9.66026 17.22
      vertex 73.7153 10.15 14
      vertex 73.7153 10.15 17.22
    endloop
  endfacet
  facet normal 0.906357 -0.422513 0
    outer loop
      vertex 73.7153 10.15 14
      vertex 73.487 9.66026 17.22
      vertex 73.487 9.66026 14
    endloop
  endfacet
  facet normal 0.573686 -0.819075 0
    outer loop
      vertex 74.4074 10.9747 14
      vertex 74.85 11.2847 17.22
      vertex 74.4074 10.9747 17.22
    endloop
  endfacet
  facet normal 0.573686 -0.819075 0
    outer loop
      vertex 74.85 11.2847 17.22
      vertex 74.4074 10.9747 14
      vertex 74.85 11.2847 14
    endloop
  endfacet
  facet normal -0.819075 -0.573686 0
    outer loop
      vertex 79.0847 10.15 14
      vertex 78.7747 10.5926 17.22
      vertex 78.7747 10.5926 14
    endloop
  endfacet
  facet normal -0.819075 -0.573686 0
    outer loop
      vertex 78.7747 10.5926 17.22
      vertex 79.0847 10.15 14
      vertex 79.0847 10.15 17.22
    endloop
  endfacet
  facet normal 0.0871647 -0.996194 0
    outer loop
      vertex 75.8617 11.6529 14
      vertex 76.4 11.7 17.22
      vertex 75.8617 11.6529 17.22
    endloop
  endfacet
  facet normal 0.0871647 -0.996194 0
    outer loop
      vertex 76.4 11.7 17.22
      vertex 75.8617 11.6529 14
      vertex 76.4 11.7 14
    endloop
  endfacet
  facet normal -0.258785 0.965935 0
    outer loop
      vertex 77.4603 5.68695 14
      vertex 76.9383 5.5471 17.22
      vertex 77.4603 5.68695 17.22
    endloop
  endfacet
  facet normal -0.258785 0.965935 0
    outer loop
      vertex 76.9383 5.5471 17.22
      vertex 77.4603 5.68695 14
      vertex 76.9383 5.5471 14
    endloop
  endfacet
  facet normal 0.258785 0.965935 -0
    outer loop
      vertex 75.8617 5.5471 14
      vertex 75.3397 5.68695 17.22
      vertex 75.8617 5.5471 17.22
    endloop
  endfacet
  facet normal 0.258785 0.965935 0
    outer loop
      vertex 75.3397 5.68695 17.22
      vertex 75.8617 5.5471 14
      vertex 75.3397 5.68695 14
    endloop
  endfacet
  facet normal -0.906357 0.422513 0
    outer loop
      vertex 79.0847 7.05 14
      vertex 79.313 7.53974 17.22
      vertex 79.313 7.53974 14
    endloop
  endfacet
  facet normal -0.906357 0.422513 0
    outer loop
      vertex 79.313 7.53974 17.22
      vertex 79.0847 7.05 14
      vertex 79.0847 7.05 17.22
    endloop
  endfacet
  facet normal 0.965906 -0.258895 0
    outer loop
      vertex 73.3471 9.13831 17.22
      vertex 73.487 9.66026 14
      vertex 73.487 9.66026 17.22
    endloop
  endfacet
  facet normal 0.965906 -0.258895 0
    outer loop
      vertex 73.487 9.66026 14
      vertex 73.3471 9.13831 17.22
      vertex 73.3471 9.13831 14
    endloop
  endfacet
  facet normal -0.0871647 0.996194 0
    outer loop
      vertex 76.9383 5.5471 14
      vertex 76.4 5.5 17.22
      vertex 76.9383 5.5471 17.22
    endloop
  endfacet
  facet normal -0.0871647 0.996194 0
    outer loop
      vertex 76.4 5.5 17.22
      vertex 76.9383 5.5471 14
      vertex 76.4 5.5 14
    endloop
  endfacet
  facet normal -0.422647 0.906294 0
    outer loop
      vertex 77.95 5.91532 14
      vertex 77.4603 5.68695 17.22
      vertex 77.95 5.91532 17.22
    endloop
  endfacet
  facet normal -0.422647 0.906294 0
    outer loop
      vertex 77.4603 5.68695 17.22
      vertex 77.95 5.91532 14
      vertex 77.4603 5.68695 14
    endloop
  endfacet
  facet normal 0.707107 -0.707107 0
    outer loop
      vertex 74.0253 10.5926 17.22
      vertex 74.4074 10.9747 14
      vertex 74.4074 10.9747 17.22
    endloop
  endfacet
  facet normal 0.707107 -0.707107 0
    outer loop
      vertex 74.4074 10.9747 14
      vertex 74.0253 10.5926 17.22
      vertex 74.0253 10.5926 14
    endloop
  endfacet
  facet normal -0.707107 -0.707107 0
    outer loop
      vertex 78.7747 10.5926 14
      vertex 78.3926 10.9747 17.22
      vertex 78.3926 10.9747 14
    endloop
  endfacet
  facet normal -0.707107 -0.707107 0
    outer loop
      vertex 78.3926 10.9747 17.22
      vertex 78.7747 10.5926 14
      vertex 78.7747 10.5926 17.22
    endloop
  endfacet
  facet normal -0.0871647 -0.996194 0
    outer loop
      vertex 76.4 11.7 14
      vertex 76.9383 11.6529 17.22
      vertex 76.4 11.7 17.22
    endloop
  endfacet
  facet normal -0.0871647 -0.996194 -0
    outer loop
      vertex 76.9383 11.6529 17.22
      vertex 76.4 11.7 14
      vertex 76.9383 11.6529 14
    endloop
  endfacet
  facet normal -0.573686 -0.819075 0
    outer loop
      vertex 77.95 11.2847 14
      vertex 78.3926 10.9747 17.22
      vertex 77.95 11.2847 17.22
    endloop
  endfacet
  facet normal -0.573686 -0.819075 -0
    outer loop
      vertex 78.3926 10.9747 17.22
      vertex 77.95 11.2847 14
      vertex 78.3926 10.9747 14
    endloop
  endfacet
  facet normal -0.573611 0.819128 0
    outer loop
      vertex 78.3926 6.22526 14
      vertex 77.95 5.91532 17.22
      vertex 78.3926 6.22526 17.22
    endloop
  endfacet
  facet normal -0.573611 0.819128 0
    outer loop
      vertex 77.95 5.91532 17.22
      vertex 78.3926 6.22526 14
      vertex 77.95 5.91532 14
    endloop
  endfacet
  facet normal 0.0871647 0.996194 -0
    outer loop
      vertex 76.4 5.5 14
      vertex 75.8617 5.5471 17.22
      vertex 76.4 5.5 17.22
    endloop
  endfacet
  facet normal 0.0871647 0.996194 0
    outer loop
      vertex 75.8617 5.5471 17.22
      vertex 76.4 5.5 14
      vertex 75.8617 5.5471 14
    endloop
  endfacet
  facet normal 0.258872 -0.965912 0
    outer loop
      vertex 75.3397 11.513 14
      vertex 75.8617 11.6529 17.22
      vertex 75.3397 11.513 17.22
    endloop
  endfacet
  facet normal 0.258872 -0.965912 0
    outer loop
      vertex 75.8617 11.6529 17.22
      vertex 75.3397 11.513 14
      vertex 75.8617 11.6529 14
    endloop
  endfacet
  facet normal 0.8191 0.573651 0
    outer loop
      vertex 74.0253 6.60736 17.22
      vertex 73.7153 7.05 14
      vertex 73.7153 7.05 17.22
    endloop
  endfacet
  facet normal 0.8191 0.573651 0
    outer loop
      vertex 73.7153 7.05 14
      vertex 74.0253 6.60736 17.22
      vertex 74.0253 6.60736 14
    endloop
  endfacet
  facet normal -0.707107 0.707107 0
    outer loop
      vertex 78.3926 6.22526 14
      vertex 78.7747 6.60736 17.22
      vertex 78.7747 6.60736 14
    endloop
  endfacet
  facet normal -0.707107 0.707107 0
    outer loop
      vertex 78.7747 6.60736 17.22
      vertex 78.3926 6.22526 14
      vertex 78.3926 6.22526 17.22
    endloop
  endfacet
  facet normal 0.965906 0.258895 0
    outer loop
      vertex 73.487 7.53974 17.22
      vertex 73.3471 8.06169 14
      vertex 73.3471 8.06169 17.22
    endloop
  endfacet
  facet normal 0.965906 0.258895 0
    outer loop
      vertex 73.3471 8.06169 14
      vertex 73.487 7.53974 17.22
      vertex 73.487 7.53974 14
    endloop
  endfacet
  facet normal 0.422647 0.906294 -0
    outer loop
      vertex 75.3397 5.68695 14
      vertex 74.85 5.91532 17.22
      vertex 75.3397 5.68695 17.22
    endloop
  endfacet
  facet normal 0.422647 0.906294 0
    outer loop
      vertex 74.85 5.91532 17.22
      vertex 75.3397 5.68695 14
      vertex 74.85 5.91532 14
    endloop
  endfacet
  facet normal 0.573611 0.819128 -0
    outer loop
      vertex 74.85 5.91532 14
      vertex 74.4074 6.22526 17.22
      vertex 74.85 5.91532 17.22
    endloop
  endfacet
  facet normal 0.573611 0.819128 0
    outer loop
      vertex 74.4074 6.22526 17.22
      vertex 74.85 5.91532 14
      vertex 74.4074 6.22526 14
    endloop
  endfacet
  facet normal 0 0 -1
    outer loop
      vertex 79.4529 8.06169 17.22
      vertex 79.4529 9.13831 17.22
      vertex 79.5 8.6 17.22
    endloop
  endfacet
  facet normal 0 0 -1
    outer loop
      vertex 79.313 7.53974 17.22
      vertex 79.4529 9.13831 17.22
      vertex 79.4529 8.06169 17.22
    endloop
  endfacet
  facet normal 0 0 -1
    outer loop
      vertex 79.313 7.53974 17.22
      vertex 79.313 9.66026 17.22
      vertex 79.4529 9.13831 17.22
    endloop
  endfacet
  facet normal 0 0 -1
    outer loop
      vertex 79.0847 7.05 17.22
      vertex 79.313 9.66026 17.22
      vertex 79.313 7.53974 17.22
    endloop
  endfacet
  facet normal 0 0 -1
    outer loop
      vertex 79.0847 7.05 17.22
      vertex 79.0847 10.15 17.22
      vertex 79.313 9.66026 17.22
    endloop
  endfacet
  facet normal 0 0 -1
    outer loop
      vertex 78.7747 6.60736 17.22
      vertex 79.0847 10.15 17.22
      vertex 79.0847 7.05 17.22
    endloop
  endfacet
  facet normal 0 0 -1
    outer loop
      vertex 78.7747 6.60736 17.22
      vertex 78.7747 10.5926 17.22
      vertex 79.0847 10.15 17.22
    endloop
  endfacet
  facet normal 0 0 -1
    outer loop
      vertex 78.3926 6.22526 17.22
      vertex 78.7747 10.5926 17.22
      vertex 78.7747 6.60736 17.22
    endloop
  endfacet
  facet normal 0 0 -1
    outer loop
      vertex 78.3926 6.22526 17.22
      vertex 78.3926 10.9747 17.22
      vertex 78.7747 10.5926 17.22
    endloop
  endfacet
  facet normal 0 0 -1
    outer loop
      vertex 77.95 5.91532 17.22
      vertex 78.3926 10.9747 17.22
      vertex 78.3926 6.22526 17.22
    endloop
  endfacet
  facet normal 0 0 -1
    outer loop
      vertex 77.95 5.91532 17.22
      vertex 77.95 11.2847 17.22
      vertex 78.3926 10.9747 17.22
    endloop
  endfacet
  facet normal 0 0 -1
    outer loop
      vertex 77.4603 5.68695 17.22
      vertex 77.95 11.2847 17.22
      vertex 77.95 5.91532 17.22
    endloop
  endfacet
  facet normal 0 0 -1
    outer loop
      vertex 77.4603 5.68695 17.22
      vertex 77.4603 11.513 17.22
      vertex 77.95 11.2847 17.22
    endloop
  endfacet
  facet normal 0 0 -1
    outer loop
      vertex 76.9383 5.5471 17.22
      vertex 77.4603 11.513 17.22
      vertex 77.4603 5.68695 17.22
    endloop
  endfacet
  facet normal 0 0 -1
    outer loop
      vertex 76.9383 5.5471 17.22
      vertex 76.9383 11.6529 17.22
      vertex 77.4603 11.513 17.22
    endloop
  endfacet
  facet normal 0 0 -1
    outer loop
      vertex 76.4 5.5 17.22
      vertex 76.9383 11.6529 17.22
      vertex 76.9383 5.5471 17.22
    endloop
  endfacet
  facet normal 0 0 -1
    outer loop
      vertex 76.4 5.5 17.22
      vertex 76.4 11.7 17.22
      vertex 76.9383 11.6529 17.22
    endloop
  endfacet
  facet normal 0 0 -1
    outer loop
      vertex 75.8617 5.5471 17.22
      vertex 76.4 11.7 17.22
      vertex 76.4 5.5 17.22
    endloop
  endfacet
  facet normal 0 0 -1
    outer loop
      vertex 75.8617 5.5471 17.22
      vertex 75.8617 11.6529 17.22
      vertex 76.4 11.7 17.22
    endloop
  endfacet
  facet normal 0 0 -1
    outer loop
      vertex 75.3397 5.68695 17.22
      vertex 75.8617 11.6529 17.22
      vertex 75.8617 5.5471 17.22
    endloop
  endfacet
  facet normal 0 0 -1
    outer loop
      vertex 75.3397 5.68695 17.22
      vertex 75.3397 11.513 17.22
      vertex 75.8617 11.6529 17.22
    endloop
  endfacet
  facet normal 0 0 -1
    outer loop
      vertex 74.85 5.91532 17.22
      vertex 75.3397 11.513 17.22
      vertex 75.3397 5.68695 17.22
    endloop
  endfacet
  facet normal 0 0 -1
    outer loop
      vertex 74.85 5.91532 17.22
      vertex 74.85 11.2847 17.22
      vertex 75.3397 11.513 17.22
    endloop
  endfacet
  facet normal 0 0 -1
    outer loop
      vertex 74.4074 6.22526 17.22
      vertex 74.85 11.2847 17.22
      vertex 74.85 5.91532 17.22
    endloop
  endfacet
  facet normal 0 0 -1
    outer loop
      vertex 74.4074 6.22526 17.22
      vertex 74.4074 10.9747 17.22
      vertex 74.85 11.2847 17.22
    endloop
  endfacet
  facet normal 0 0 -1
    outer loop
      vertex 74.0253 6.60736 17.22
      vertex 74.4074 10.9747 17.22
      vertex 74.4074 6.22526 17.22
    endloop
  endfacet
  facet normal 0 0 -1
    outer loop
      vertex 74.0253 6.60736 17.22
      vertex 74.0253 10.5926 17.22
      vertex 74.4074 10.9747 17.22
    endloop
  endfacet
  facet normal 0 0 -1
    outer loop
      vertex 73.7153 7.05 17.22
      vertex 74.0253 10.5926 17.22
      vertex 74.0253 6.60736 17.22
    endloop
  endfacet
  facet normal 0 0 -1
    outer loop
      vertex 73.7153 7.05 17.22
      vertex 73.7153 10.15 17.22
      vertex 74.0253 10.5926 17.22
    endloop
  endfacet
  facet normal 0 0 -1
    outer loop
      vertex 73.487 7.53974 17.22
      vertex 73.7153 10.15 17.22
      vertex 73.7153 7.05 17.22
    endloop
  endfacet
  facet normal 0 0 -1
    outer loop
      vertex 73.487 7.53974 17.22
      vertex 73.487 9.66026 17.22
      vertex 73.7153 10.15 17.22
    endloop
  endfacet
  facet normal 0 0 -1
    outer loop
      vertex 73.3471 8.06169 17.22
      vertex 73.487 9.66026 17.22
      vertex 73.487 7.53974 17.22
    endloop
  endfacet
  facet normal 0 0 -1
    outer loop
      vertex 73.3471 8.06169 17.22
      vertex 73.3471 9.13831 17.22
      vertex 73.487 9.66026 17.22
    endloop
  endfacet
  facet normal 0 -0 -1
    outer loop
      vertex 73.3471 9.13831 17.22
      vertex 73.3471 8.06169 17.22
      vertex 73.3 8.6 17.22
    endloop
  endfacet
  facet normal -0.258872 0.965912 0
    outer loop
      vertex 77.4603 26.487 14
      vertex 76.9383 26.3471 17.22
      vertex 77.4603 26.487 17.22
    endloop
  endfacet
  facet normal -0.258872 0.965912 0
    outer loop
      vertex 76.9383 26.3471 17.22
      vertex 77.4603 26.487 14
      vertex 76.9383 26.3471 14
    endloop
  endfacet
  facet normal -0.965912 -0.258872 0
    outer loop
      vertex 79.4529 29.9383 14
      vertex 79.313 30.4603 17.22
      vertex 79.313 30.4603 14
    endloop
  endfacet
  facet normal -0.965912 -0.258872 0
    outer loop
      vertex 79.313 30.4603 17.22
      vertex 79.4529 29.9383 14
      vertex 79.4529 29.9383 17.22
    endloop
  endfacet
  facet normal -0.996194 -0.0871647 0
    outer loop
      vertex 79.5 29.4 14
      vertex 79.4529 29.9383 17.22
      vertex 79.4529 29.9383 14
    endloop
  endfacet
  facet normal -0.996194 -0.0871647 0
    outer loop
      vertex 79.4529 29.9383 17.22
      vertex 79.5 29.4 14
      vertex 79.5 29.4 17.22
    endloop
  endfacet
  facet normal -0.906344 -0.422541 0
    outer loop
      vertex 79.313 30.4603 14
      vertex 79.0847 30.95 17.22
      vertex 79.0847 30.95 14
    endloop
  endfacet
  facet normal -0.906344 -0.422541 0
    outer loop
      vertex 79.0847 30.95 17.22
      vertex 79.313 30.4603 14
      vertex 79.313 30.4603 17.22
    endloop
  endfacet
  facet normal 0.422541 0.906344 -0
    outer loop
      vertex 75.3397 26.487 14
      vertex 74.85 26.7153 17.22
      vertex 75.3397 26.487 17.22
    endloop
  endfacet
  facet normal 0.422541 0.906344 0
    outer loop
      vertex 74.85 26.7153 17.22
      vertex 75.3397 26.487 14
      vertex 74.85 26.7153 14
    endloop
  endfacet
  facet normal 0.996194 -0.0871647 0
    outer loop
      vertex 73.3 29.4 17.22
      vertex 73.3471 29.9383 14
      vertex 73.3471 29.9383 17.22
    endloop
  endfacet
  facet normal 0.996194 -0.0871647 0
    outer loop
      vertex 73.3471 29.9383 14
      vertex 73.3 29.4 17.22
      vertex 73.3 29.4 14
    endloop
  endfacet
  facet normal 0.906344 0.422541 0
    outer loop
      vertex 73.7153 27.85 17.22
      vertex 73.487 28.3397 14
      vertex 73.487 28.3397 17.22
    endloop
  endfacet
  facet normal 0.906344 0.422541 0
    outer loop
      vertex 73.487 28.3397 14
      vertex 73.7153 27.85 17.22
      vertex 73.7153 27.85 14
    endloop
  endfacet
  facet normal 0.906344 -0.422541 0
    outer loop
      vertex 73.487 30.4603 17.22
      vertex 73.7153 30.95 14
      vertex 73.7153 30.95 17.22
    endloop
  endfacet
  facet normal 0.906344 -0.422541 0
    outer loop
      vertex 73.7153 30.95 14
      vertex 73.487 30.4603 17.22
      vertex 73.487 30.4603 14
    endloop
  endfacet
  facet normal -0.258872 -0.965912 0
    outer loop
      vertex 76.9383 32.4529 14
      vertex 77.4603 32.313 17.22
      vertex 76.9383 32.4529 17.22
    endloop
  endfacet
  facet normal -0.258872 -0.965912 -0
    outer loop
      vertex 77.4603 32.313 17.22
      vertex 76.9383 32.4529 14
      vertex 77.4603 32.313 14
    endloop
  endfacet
  facet normal -0.0871647 0.996194 0
    outer loop
      vertex 76.9383 26.3471 14
      vertex 76.4 26.3 17.22
      vertex 76.9383 26.3471 17.22
    endloop
  endfacet
  facet normal -0.0871647 0.996194 0
    outer loop
      vertex 76.4 26.3 17.22
      vertex 76.9383 26.3471 14
      vertex 76.4 26.3 14
    endloop
  endfacet
  facet normal 0.422541 -0.906344 0
    outer loop
      vertex 74.85 32.0847 14
      vertex 75.3397 32.313 17.22
      vertex 74.85 32.0847 17.22
    endloop
  endfacet
  facet normal 0.422541 -0.906344 0
    outer loop
      vertex 75.3397 32.313 17.22
      vertex 74.85 32.0847 14
      vertex 75.3397 32.313 14
    endloop
  endfacet
  facet normal 0.707107 -0.707107 0
    outer loop
      vertex 74.0253 31.3926 17.22
      vertex 74.4074 31.7747 14
      vertex 74.4074 31.7747 17.22
    endloop
  endfacet
  facet normal 0.707107 -0.707107 0
    outer loop
      vertex 74.4074 31.7747 14
      vertex 74.0253 31.3926 17.22
      vertex 74.0253 31.3926 14
    endloop
  endfacet
  facet normal -0.819075 -0.573686 0
    outer loop
      vertex 79.0847 30.95 14
      vertex 78.7747 31.3926 17.22
      vertex 78.7747 31.3926 14
    endloop
  endfacet
  facet normal -0.819075 -0.573686 0
    outer loop
      vertex 78.7747 31.3926 17.22
      vertex 79.0847 30.95 14
      vertex 79.0847 30.95 17.22
    endloop
  endfacet
  facet normal -0.819075 0.573686 0
    outer loop
      vertex 78.7747 27.4074 14
      vertex 79.0847 27.85 17.22
      vertex 79.0847 27.85 14
    endloop
  endfacet
  facet normal -0.819075 0.573686 0
    outer loop
      vertex 79.0847 27.85 17.22
      vertex 78.7747 27.4074 14
      vertex 78.7747 27.4074 17.22
    endloop
  endfacet
  facet normal 0.258872 -0.965912 0
    outer loop
      vertex 75.3397 32.313 14
      vertex 75.8617 32.4529 17.22
      vertex 75.3397 32.313 17.22
    endloop
  endfacet
  facet normal 0.258872 -0.965912 0
    outer loop
      vertex 75.8617 32.4529 17.22
      vertex 75.3397 32.313 14
      vertex 75.8617 32.4529 14
    endloop
  endfacet
  facet normal -0.707107 0.707107 0
    outer loop
      vertex 78.3926 27.0253 14
      vertex 78.7747 27.4074 17.22
      vertex 78.7747 27.4074 14
    endloop
  endfacet
  facet normal -0.707107 0.707107 0
    outer loop
      vertex 78.7747 27.4074 17.22
      vertex 78.3926 27.0253 14
      vertex 78.3926 27.0253 17.22
    endloop
  endfacet
  facet normal -0.996194 0.0871647 0
    outer loop
      vertex 79.4529 28.8617 14
      vertex 79.5 29.4 17.22
      vertex 79.5 29.4 14
    endloop
  endfacet
  facet normal -0.996194 0.0871647 0
    outer loop
      vertex 79.5 29.4 17.22
      vertex 79.4529 28.8617 14
      vertex 79.4529 28.8617 17.22
    endloop
  endfacet
  facet normal -0.965912 0.258872 0
    outer loop
      vertex 79.313 28.3397 14
      vertex 79.4529 28.8617 17.22
      vertex 79.4529 28.8617 14
    endloop
  endfacet
  facet normal -0.965912 0.258872 0
    outer loop
      vertex 79.4529 28.8617 17.22
      vertex 79.313 28.3397 14
      vertex 79.313 28.3397 17.22
    endloop
  endfacet
  facet normal 0.965912 0.258872 0
    outer loop
      vertex 73.487 28.3397 17.22
      vertex 73.3471 28.8617 14
      vertex 73.3471 28.8617 17.22
    endloop
  endfacet
  facet normal 0.965912 0.258872 0
    outer loop
      vertex 73.3471 28.8617 14
      vertex 73.487 28.3397 17.22
      vertex 73.487 28.3397 14
    endloop
  endfacet
  facet normal -0.906344 0.422541 0
    outer loop
      vertex 79.0847 27.85 14
      vertex 79.313 28.3397 17.22
      vertex 79.313 28.3397 14
    endloop
  endfacet
  facet normal -0.906344 0.422541 0
    outer loop
      vertex 79.313 28.3397 17.22
      vertex 79.0847 27.85 14
      vertex 79.0847 27.85 17.22
    endloop
  endfacet
  facet normal 0.258872 0.965912 -0
    outer loop
      vertex 75.8617 26.3471 14
      vertex 75.3397 26.487 17.22
      vertex 75.8617 26.3471 17.22
    endloop
  endfacet
  facet normal 0.258872 0.965912 0
    outer loop
      vertex 75.3397 26.487 17.22
      vertex 75.8617 26.3471 14
      vertex 75.3397 26.487 14
    endloop
  endfacet
  facet normal 0.996194 0.0871647 0
    outer loop
      vertex 73.3471 28.8617 17.22
      vertex 73.3 29.4 14
      vertex 73.3 29.4 17.22
    endloop
  endfacet
  facet normal 0.996194 0.0871647 0
    outer loop
      vertex 73.3 29.4 14
      vertex 73.3471 28.8617 17.22
      vertex 73.3471 28.8617 14
    endloop
  endfacet
  facet normal 0.573686 -0.819075 0
    outer loop
      vertex 74.4074 31.7747 14
      vertex 74.85 32.0847 17.22
      vertex 74.4074 31.7747 17.22
    endloop
  endfacet
  facet normal 0.573686 -0.819075 0
    outer loop
      vertex 74.85 32.0847 17.22
      vertex 74.4074 31.7747 14
      vertex 74.85 32.0847 14
    endloop
  endfacet
  facet normal -0.0871647 -0.996194 0
    outer loop
      vertex 76.4 32.5 14
      vertex 76.9383 32.4529 17.22
      vertex 76.4 32.5 17.22
    endloop
  endfacet
  facet normal -0.0871647 -0.996194 -0
    outer loop
      vertex 76.9383 32.4529 17.22
      vertex 76.4 32.5 14
      vertex 76.9383 32.4529 14
    endloop
  endfacet
  facet normal -0.573686 -0.819075 0
    outer loop
      vertex 77.95 32.0847 14
      vertex 78.3926 31.7747 17.22
      vertex 77.95 32.0847 17.22
    endloop
  endfacet
  facet normal -0.573686 -0.819075 -0
    outer loop
      vertex 78.3926 31.7747 17.22
      vertex 77.95 32.0847 14
      vertex 78.3926 31.7747 14
    endloop
  endfacet
  facet normal -0.422541 -0.906344 0
    outer loop
      vertex 77.4603 32.313 14
      vertex 77.95 32.0847 17.22
      vertex 77.4603 32.313 17.22
    endloop
  endfacet
  facet normal -0.422541 -0.906344 -0
    outer loop
      vertex 77.95 32.0847 17.22
      vertex 77.4603 32.313 14
      vertex 77.95 32.0847 14
    endloop
  endfacet
  facet normal -0.707107 -0.707107 0
    outer loop
      vertex 78.7747 31.3926 14
      vertex 78.3926 31.7747 17.22
      vertex 78.3926 31.7747 14
    endloop
  endfacet
  facet normal -0.707107 -0.707107 0
    outer loop
      vertex 78.3926 31.7747 17.22
      vertex 78.7747 31.3926 14
      vertex 78.7747 31.3926 17.22
    endloop
  endfacet
  facet normal 0.819075 0.573686 0
    outer loop
      vertex 74.0253 27.4074 17.22
      vertex 73.7153 27.85 14
      vertex 73.7153 27.85 17.22
    endloop
  endfacet
  facet normal 0.819075 0.573686 0
    outer loop
      vertex 73.7153 27.85 14
      vertex 74.0253 27.4074 17.22
      vertex 74.0253 27.4074 14
    endloop
  endfacet
  facet normal -0.422541 0.906344 0
    outer loop
      vertex 77.95 26.7153 14
      vertex 77.4603 26.487 17.22
      vertex 77.95 26.7153 17.22
    endloop
  endfacet
  facet normal -0.422541 0.906344 0
    outer loop
      vertex 77.4603 26.487 17.22
      vertex 77.95 26.7153 14
      vertex 77.4603 26.487 14
    endloop
  endfacet
  facet normal 0.707107 0.707107 0
    outer loop
      vertex 74.4074 27.0253 17.22
      vertex 74.0253 27.4074 14
      vertex 74.0253 27.4074 17.22
    endloop
  endfacet
  facet normal 0.707107 0.707107 0
    outer loop
      vertex 74.0253 27.4074 14
      vertex 74.4074 27.0253 17.22
      vertex 74.4074 27.0253 14
    endloop
  endfacet
  facet normal 0 0 -1
    outer loop
      vertex 79.4529 28.8617 17.22
      vertex 79.4529 29.9383 17.22
      vertex 79.5 29.4 17.22
    endloop
  endfacet
  facet normal 0 0 -1
    outer loop
      vertex 79.313 28.3397 17.22
      vertex 79.4529 29.9383 17.22
      vertex 79.4529 28.8617 17.22
    endloop
  endfacet
  facet normal 0 0 -1
    outer loop
      vertex 79.313 28.3397 17.22
      vertex 79.313 30.4603 17.22
      vertex 79.4529 29.9383 17.22
    endloop
  endfacet
  facet normal 0 0 -1
    outer loop
      vertex 79.0847 27.85 17.22
      vertex 79.313 30.4603 17.22
      vertex 79.313 28.3397 17.22
    endloop
  endfacet
  facet normal 0 0 -1
    outer loop
      vertex 79.0847 27.85 17.22
      vertex 79.0847 30.95 17.22
      vertex 79.313 30.4603 17.22
    endloop
  endfacet
  facet normal 0 0 -1
    outer loop
      vertex 78.7747 27.4074 17.22
      vertex 79.0847 30.95 17.22
      vertex 79.0847 27.85 17.22
    endloop
  endfacet
  facet normal 0 0 -1
    outer loop
      vertex 78.7747 27.4074 17.22
      vertex 78.7747 31.3926 17.22
      vertex 79.0847 30.95 17.22
    endloop
  endfacet
  facet normal 0 0 -1
    outer loop
      vertex 78.3926 27.0253 17.22
      vertex 78.7747 31.3926 17.22
      vertex 78.7747 27.4074 17.22
    endloop
  endfacet
  facet normal 0 0 -1
    outer loop
      vertex 78.3926 27.0253 17.22
      vertex 78.3926 31.7747 17.22
      vertex 78.7747 31.3926 17.22
    endloop
  endfacet
  facet normal 0 0 -1
    outer loop
      vertex 77.95 26.7153 17.22
      vertex 78.3926 31.7747 17.22
      vertex 78.3926 27.0253 17.22
    endloop
  endfacet
  facet normal 0 0 -1
    outer loop
      vertex 77.95 26.7153 17.22
      vertex 77.95 32.0847 17.22
      vertex 78.3926 31.7747 17.22
    endloop
  endfacet
  facet normal 0 0 -1
    outer loop
      vertex 77.4603 26.487 17.22
      vertex 77.95 32.0847 17.22
      vertex 77.95 26.7153 17.22
    endloop
  endfacet
  facet normal 0 0 -1
    outer loop
      vertex 77.4603 26.487 17.22
      vertex 77.4603 32.313 17.22
      vertex 77.95 32.0847 17.22
    endloop
  endfacet
  facet normal 0 0 -1
    outer loop
      vertex 76.9383 26.3471 17.22
      vertex 77.4603 32.313 17.22
      vertex 77.4603 26.487 17.22
    endloop
  endfacet
  facet normal 0 0 -1
    outer loop
      vertex 76.9383 26.3471 17.22
      vertex 76.9383 32.4529 17.22
      vertex 77.4603 32.313 17.22
    endloop
  endfacet
  facet normal 0 0 -1
    outer loop
      vertex 76.4 26.3 17.22
      vertex 76.9383 32.4529 17.22
      vertex 76.9383 26.3471 17.22
    endloop
  endfacet
  facet normal 0 0 -1
    outer loop
      vertex 76.4 26.3 17.22
      vertex 76.4 32.5 17.22
      vertex 76.9383 32.4529 17.22
    endloop
  endfacet
  facet normal 0 0 -1
    outer loop
      vertex 75.8617 26.3471 17.22
      vertex 76.4 32.5 17.22
      vertex 76.4 26.3 17.22
    endloop
  endfacet
  facet normal 0 0 -1
    outer loop
      vertex 75.8617 26.3471 17.22
      vertex 75.8617 32.4529 17.22
      vertex 76.4 32.5 17.22
    endloop
  endfacet
  facet normal 0 0 -1
    outer loop
      vertex 75.3397 26.487 17.22
      vertex 75.8617 32.4529 17.22
      vertex 75.8617 26.3471 17.22
    endloop
  endfacet
  facet normal 0 0 -1
    outer loop
      vertex 75.3397 26.487 17.22
      vertex 75.3397 32.313 17.22
      vertex 75.8617 32.4529 17.22
    endloop
  endfacet
  facet normal 0 0 -1
    outer loop
      vertex 74.85 26.7153 17.22
      vertex 75.3397 32.313 17.22
      vertex 75.3397 26.487 17.22
    endloop
  endfacet
  facet normal 0 0 -1
    outer loop
      vertex 74.85 26.7153 17.22
      vertex 74.85 32.0847 17.22
      vertex 75.3397 32.313 17.22
    endloop
  endfacet
  facet normal 0 0 -1
    outer loop
      vertex 74.4074 27.0253 17.22
      vertex 74.85 32.0847 17.22
      vertex 74.85 26.7153 17.22
    endloop
  endfacet
  facet normal 0 0 -1
    outer loop
      vertex 74.4074 27.0253 17.22
      vertex 74.4074 31.7747 17.22
      vertex 74.85 32.0847 17.22
    endloop
  endfacet
  facet normal 0 0 -1
    outer loop
      vertex 74.0253 27.4074 17.22
      vertex 74.4074 31.7747 17.22
      vertex 74.4074 27.0253 17.22
    endloop
  endfacet
  facet normal 0 0 -1
    outer loop
      vertex 74.0253 27.4074 17.22
      vertex 74.0253 31.3926 17.22
      vertex 74.4074 31.7747 17.22
    endloop
  endfacet
  facet normal 0 0 -1
    outer loop
      vertex 73.7153 27.85 17.22
      vertex 74.0253 31.3926 17.22
      vertex 74.0253 27.4074 17.22
    endloop
  endfacet
  facet normal 0 0 -1
    outer loop
      vertex 73.7153 27.85 17.22
      vertex 73.7153 30.95 17.22
      vertex 74.0253 31.3926 17.22
    endloop
  endfacet
  facet normal 0 0 -1
    outer loop
      vertex 73.487 28.3397 17.22
      vertex 73.7153 30.95 17.22
      vertex 73.7153 27.85 17.22
    endloop
  endfacet
  facet normal 0 0 -1
    outer loop
      vertex 73.487 28.3397 17.22
      vertex 73.487 30.4603 17.22
      vertex 73.7153 30.95 17.22
    endloop
  endfacet
  facet normal 0 0 -1
    outer loop
      vertex 73.3471 28.8617 17.22
      vertex 73.487 30.4603 17.22
      vertex 73.487 28.3397 17.22
    endloop
  endfacet
  facet normal 0 0 -1
    outer loop
      vertex 73.3471 28.8617 17.22
      vertex 73.3471 29.9383 17.22
      vertex 73.487 30.4603 17.22
    endloop
  endfacet
  facet normal 0 -0 -1
    outer loop
      vertex 73.3471 29.9383 17.22
      vertex 73.3471 28.8617 17.22
      vertex 73.3 29.4 17.22
    endloop
  endfacet
  facet normal 0.0871647 -0.996194 0
    outer loop
      vertex 75.8617 32.4529 14
      vertex 76.4 32.5 17.22
      vertex 75.8617 32.4529 17.22
    endloop
  endfacet
  facet normal 0.0871647 -0.996194 0
    outer loop
      vertex 76.4 32.5 17.22
      vertex 75.8617 32.4529 14
      vertex 76.4 32.5 14
    endloop
  endfacet
  facet normal -0.573686 0.819075 0
    outer loop
      vertex 78.3926 27.0253 14
      vertex 77.95 26.7153 17.22
      vertex 78.3926 27.0253 17.22
    endloop
  endfacet
  facet normal -0.573686 0.819075 0
    outer loop
      vertex 77.95 26.7153 17.22
      vertex 78.3926 27.0253 14
      vertex 77.95 26.7153 14
    endloop
  endfacet
  facet normal 0.965912 -0.258872 0
    outer loop
      vertex 73.3471 29.9383 17.22
      vertex 73.487 30.4603 14
      vertex 73.487 30.4603 17.22
    endloop
  endfacet
  facet normal 0.965912 -0.258872 0
    outer loop
      vertex 73.487 30.4603 14
      vertex 73.3471 29.9383 17.22
      vertex 73.3471 29.9383 14
    endloop
  endfacet
  facet normal 0.0871647 0.996194 -0
    outer loop
      vertex 76.4 26.3 14
      vertex 75.8617 26.3471 17.22
      vertex 76.4 26.3 17.22
    endloop
  endfacet
  facet normal 0.0871647 0.996194 0
    outer loop
      vertex 75.8617 26.3471 17.22
      vertex 76.4 26.3 14
      vertex 75.8617 26.3471 14
    endloop
  endfacet
  facet normal 0.573686 0.819075 -0
    outer loop
      vertex 74.85 26.7153 14
      vertex 74.4074 27.0253 17.22
      vertex 74.85 26.7153 17.22
    endloop
  endfacet
  facet normal 0.573686 0.819075 0
    outer loop
      vertex 74.4074 27.0253 17.22
      vertex 74.85 26.7153 14
      vertex 74.4074 27.0253 14
    endloop
  endfacet
  facet normal 0.819075 -0.573686 0
    outer loop
      vertex 73.7153 30.95 17.22
      vertex 74.0253 31.3926 14
      vertex 74.0253 31.3926 17.22
    endloop
  endfacet
  facet normal 0.819075 -0.573686 0
    outer loop
      vertex 74.0253 31.3926 14
      vertex 73.7153 30.95 17.22
      vertex 73.7153 30.95 14
    endloop
  endfacet
  facet normal -0.707107 0 0.707107
    outer loop
      vertex 1.6 2.8 28.8
      vertex 2.8 35.2 30
      vertex 1.6 35.2 28.8
    endloop
  endfacet
  facet normal -0.707107 0 0.707107
    outer loop
      vertex 2.8 35.2 30
      vertex 1.6 2.8 28.8
      vertex 2.8 2.8 30
    endloop
  endfacet
  facet normal -0.57735 -0.57735 0.57735
    outer loop
      vertex 2.8 2.8 30
      vertex 1.6 2.8 28.8
      vertex 2.8 1.6 28.8
    endloop
  endfacet
  facet normal 0 0 1
    outer loop
      vertex 60.75 7.6 30
      vertex 82.2 35.2 30
      vertex 60.75 31.4 30
    endloop
  endfacet
  facet normal -0 0 1
    outer loop
      vertex 2.8 35.2 30
      vertex 60.75 31.4 30
      vertex 82.2 35.2 30
    endloop
  endfacet
  facet normal 0 0 1
    outer loop
      vertex 12.25 31.4 30
      vertex 2.8 35.2 30
      vertex 12.25 7.6 30
    endloop
  endfacet
  facet normal 0 0 1
    outer loop
      vertex 60.75 31.4 30
      vertex 2.8 35.2 30
      vertex 12.25 31.4 30
    endloop
  endfacet
  facet normal 0 0 1
    outer loop
      vertex 82.2 35.2 30
      vertex 60.75 7.6 30
      vertex 82.2 2.8 30
    endloop
  endfacet
  facet normal 0 0 1
    outer loop
      vertex 2.8 2.8 30
      vertex 60.75 7.6 30
      vertex 12.25 7.6 30
    endloop
  endfacet
  facet normal 0 0 1
    outer loop
      vertex 60.75 7.6 30
      vertex 2.8 2.8 30
      vertex 82.2 2.8 30
    endloop
  endfacet
  facet normal 0 0 1
    outer loop
      vertex 2.8 2.8 30
      vertex 12.25 7.6 30
      vertex 2.8 35.2 30
    endloop
  endfacet
  facet normal 0 1 -0
    outer loop
      vertex 65.05 36.4 15.2
      vertex 19.95 36.4 23.35
      vertex 65.05 36.4 23.35
    endloop
  endfacet
  facet normal 0 1 0
    outer loop
      vertex 19.95 36.4 23.35
      vertex 65.05 36.4 15.2
      vertex 19.95 36.4 15.2
    endloop
  endfacet
  facet normal 0 1 0
    outer loop
      vertex 65.05 36.4 23.35
      vertex 82.2 36.4 28.8
      vertex 82.2 36.4 23.35
    endloop
  endfacet
  facet normal 0 1 0
    outer loop
      vertex 82.2 36.4 28.8
      vertex 65.05 36.4 23.35
      vertex 2.8 36.4 28.8
    endloop
  endfacet
  facet normal 0 1 -0
    outer loop
      vertex 19.95 36.4 23.35
      vertex 2.8 36.4 28.8
      vertex 65.05 36.4 23.35
    endloop
  endfacet
  facet normal 0 1 0
    outer loop
      vertex 2.8 36.4 28.8
      vertex 19.95 36.4 23.35
      vertex 2.8 36.4 23.35
    endloop
  endfacet
  facet normal 0.707107 0.707107 -0
    outer loop
      vertex 83.4 35.2 23.35
      vertex 82.2 36.4 28.8
      vertex 83.4 35.2 28.8
    endloop
  endfacet
  facet normal 0.707107 0.707107 0
    outer loop
      vertex 82.2 36.4 28.8
      vertex 83.4 35.2 23.35
      vertex 82.2 36.4 23.35
    endloop
  endfacet
  facet normal 0 -0.707107 0.707107
    outer loop
      vertex 2.8 1.6 28.8
      vertex 82.2 2.8 30
      vertex 2.8 2.8 30
    endloop
  endfacet
  facet normal 0 -0.707107 0.707107
    outer loop
      vertex 82.2 2.8 30
      vertex 2.8 1.6 28.8
      vertex 82.2 1.6 28.8
    endloop
  endfacet
  facet normal 0 -0.707107 -0.707107
    outer loop
      vertex 19.95 2.8 14
      vertex 65.05 1.6 15.2
      vertex 19.95 1.6 15.2
    endloop
  endfacet
  facet normal 0 -0.707107 -0.707107
    outer loop
      vertex 65.05 1.6 15.2
      vertex 19.95 2.8 14
      vertex 65.05 2.8 14
    endloop
  endfacet
  facet normal 1 -0 0
    outer loop
      vertex 83.4 2.8 28.8
      vertex 83.4 35.2 23.35
      vertex 83.4 35.2 28.8
    endloop
  endfacet
  facet normal 1 0 0
    outer loop
      vertex 83.4 35.2 23.35
      vertex 83.4 2.8 28.8
      vertex 83.4 2.8 23.35
    endloop
  endfacet
  facet normal 0 0 -1
    outer loop
      vertex 19.5926 31.7747 14
      vertex 19.95 33.65 14
      vertex 19.9747 31.3926 14
    endloop
  endfacet
  facet normal 0 0 -1
    outer loop
      vertex 19.15 32.0847 14
      vertex 19.95 33.65 14
      vertex 19.5926 31.7747 14
    endloop
  endfacet
  facet normal 0 0 -1
    outer loop
      vertex 18.6603 32.313 14
      vertex 19.95 33.65 14
      vertex 19.15 32.0847 14
    endloop
  endfacet
  facet normal 0 0 -1
    outer loop
      vertex 18.1383 32.4529 14
      vertex 19.95 33.65 14
      vertex 18.6603 32.313 14
    endloop
  endfacet
  facet normal 0 0 -1
    outer loop
      vertex 17.6 32.5 14
      vertex 19.95 33.65 14
      vertex 18.1383 32.4529 14
    endloop
  endfacet
  facet normal 0 0 -1
    outer loop
      vertex 17.0617 32.4529 14
      vertex 19.95 33.65 14
      vertex 17.6 32.5 14
    endloop
  endfacet
  facet normal 0 0 -1
    outer loop
      vertex 16.5397 32.313 14
      vertex 19.95 33.65 14
      vertex 17.0617 32.4529 14
    endloop
  endfacet
  facet normal 0 0 -1
    outer loop
      vertex 14.5471 28.8617 14
      vertex 4.35 33.65 14
      vertex 14.5 29.4 14
    endloop
  endfacet
  facet normal 0 0 -1
    outer loop
      vertex 14.5 29.4 14
      vertex 4.35 33.65 14
      vertex 14.5471 29.9383 14
    endloop
  endfacet
  facet normal 0 0 -1
    outer loop
      vertex 16.5397 32.313 14
      vertex 4.35 33.65 14
      vertex 19.95 33.65 14
    endloop
  endfacet
  facet normal 0 0 -1
    outer loop
      vertex 16.05 32.0847 14
      vertex 4.35 33.65 14
      vertex 16.5397 32.313 14
    endloop
  endfacet
  facet normal 0 0 -1
    outer loop
      vertex 15.6074 31.7747 14
      vertex 4.35 33.65 14
      vertex 16.05 32.0847 14
    endloop
  endfacet
  facet normal 0 0 -1
    outer loop
      vertex 15.2253 31.3926 14
      vertex 4.35 33.65 14
      vertex 15.6074 31.7747 14
    endloop
  endfacet
  facet normal 0 0 -1
    outer loop
      vertex 14.9153 30.95 14
      vertex 4.35 33.65 14
      vertex 15.2253 31.3926 14
    endloop
  endfacet
  facet normal 0 0 -1
    outer loop
      vertex 14.687 30.4603 14
      vertex 4.35 33.65 14
      vertex 14.9153 30.95 14
    endloop
  endfacet
  facet normal 0 0 -1
    outer loop
      vertex 14.5471 29.9383 14
      vertex 4.35 33.65 14
      vertex 14.687 30.4603 14
    endloop
  endfacet
  facet normal -0 0 -1
    outer loop
      vertex 35.7812 16.5546 14
      vertex 20.2847 10.15 14
      vertex 35.4586 17.7584 14
    endloop
  endfacet
  facet normal 0 0 -1
    outer loop
      vertex 35.35 19 14
      vertex 20.6529 28.8617 14
      vertex 20.7 29.4 14
    endloop
  endfacet
  facet normal 0 0 -1
    outer loop
      vertex 19.9747 10.5926 14
      vertex 35.4586 17.7584 14
      vertex 20.2847 10.15 14
    endloop
  endfacet
  facet normal 0 0 -1
    outer loop
      vertex 35.35 19 14
      vertex 20.513 28.3397 14
      vertex 20.6529 28.8617 14
    endloop
  endfacet
  facet normal 0 0 -1
    outer loop
      vertex 19.5926 10.9747 14
      vertex 35.4586 17.7584 14
      vertex 19.9747 10.5926 14
    endloop
  endfacet
  facet normal 0 0 -1
    outer loop
      vertex 35.35 19 14
      vertex 20.2847 27.85 14
      vertex 20.513 28.3397 14
    endloop
  endfacet
  facet normal -0 0 -1
    outer loop
      vertex 35.4586 17.7584 14
      vertex 19.5926 10.9747 14
      vertex 35.35 19 14
    endloop
  endfacet
  facet normal 0 0 -1
    outer loop
      vertex 35.35 19 14
      vertex 19.9747 27.4074 14
      vertex 20.2847 27.85 14
    endloop
  endfacet
  facet normal 0 0 -1
    outer loop
      vertex 19.5926 27.0253 14
      vertex 35.35 19 14
      vertex 19.5926 10.9747 14
    endloop
  endfacet
  facet normal 0 0 -1
    outer loop
      vertex 35.35 19 14
      vertex 19.5926 27.0253 14
      vertex 19.9747 27.4074 14
    endloop
  endfacet
  facet normal 0 0 -1
    outer loop
      vertex 19.15 11.2847 14
      vertex 19.5926 27.0253 14
      vertex 19.5926 10.9747 14
    endloop
  endfacet
  facet normal 0 0 -1
    outer loop
      vertex 19.15 11.2847 14
      vertex 19.15 26.7153 14
      vertex 19.5926 27.0253 14
    endloop
  endfacet
  facet normal 0 0 -1
    outer loop
      vertex 18.6603 11.513 14
      vertex 19.15 26.7153 14
      vertex 19.15 11.2847 14
    endloop
  endfacet
  facet normal 0 0 -1
    outer loop
      vertex 18.6603 11.513 14
      vertex 18.6603 26.487 14
      vertex 19.15 26.7153 14
    endloop
  endfacet
  facet normal 0 0 -1
    outer loop
      vertex 18.1383 11.6529 14
      vertex 18.6603 26.487 14
      vertex 18.6603 11.513 14
    endloop
  endfacet
  facet normal 0 0 -1
    outer loop
      vertex 18.1383 11.6529 14
      vertex 18.1383 26.3471 14
      vertex 18.6603 26.487 14
    endloop
  endfacet
  facet normal 0 0 -1
    outer loop
      vertex 17.6 11.7 14
      vertex 18.1383 26.3471 14
      vertex 18.1383 11.6529 14
    endloop
  endfacet
  facet normal 0 0 -1
    outer loop
      vertex 17.6 11.7 14
      vertex 17.6 26.3 14
      vertex 18.1383 26.3471 14
    endloop
  endfacet
  facet normal 0 0 -1
    outer loop
      vertex 17.0617 11.6529 14
      vertex 17.6 26.3 14
      vertex 17.6 11.7 14
    endloop
  endfacet
  facet normal 0 0 -1
    outer loop
      vertex 17.0617 11.6529 14
      vertex 17.0617 26.3471 14
      vertex 17.6 26.3 14
    endloop
  endfacet
  facet normal 0 0 -1
    outer loop
      vertex 16.5397 11.513 14
      vertex 17.0617 26.3471 14
      vertex 17.0617 11.6529 14
    endloop
  endfacet
  facet normal 0 0 -1
    outer loop
      vertex 16.5397 11.513 14
      vertex 16.5397 26.487 14
      vertex 17.0617 26.3471 14
    endloop
  endfacet
  facet normal 0 0 -1
    outer loop
      vertex 16.05 11.2847 14
      vertex 16.5397 26.487 14
      vertex 16.5397 11.513 14
    endloop
  endfacet
  facet normal 0 0 -1
    outer loop
      vertex 16.05 11.2847 14
      vertex 16.05 26.7153 14
      vertex 16.5397 26.487 14
    endloop
  endfacet
  facet normal 0 0 -1
    outer loop
      vertex 15.6074 10.9747 14
      vertex 16.05 26.7153 14
      vertex 16.05 11.2847 14
    endloop
  endfacet
  facet normal 0 0 -1
    outer loop
      vertex 15.6074 10.9747 14
      vertex 15.6074 27.0253 14
      vertex 16.05 26.7153 14
    endloop
  endfacet
  facet normal 0 0 -1
    outer loop
      vertex 15.2253 10.5926 14
      vertex 15.6074 27.0253 14
      vertex 15.6074 10.9747 14
    endloop
  endfacet
  facet normal 0 0 -1
    outer loop
      vertex 15.2253 10.5926 14
      vertex 15.2253 27.4074 14
      vertex 15.6074 27.0253 14
    endloop
  endfacet
  facet normal 0 0 -1
    outer loop
      vertex 4.35 4.35 14
      vertex 15.2253 10.5926 14
      vertex 14.9153 10.15 14
    endloop
  endfacet
  facet normal -0 0 -1
    outer loop
      vertex 15.2253 10.5926 14
      vertex 4.35 4.35 14
      vertex 15.2253 27.4074 14
    endloop
  endfacet
  facet normal 0 0 -1
    outer loop
      vertex 4.35 4.35 14
      vertex 14.9153 10.15 14
      vertex 14.687 9.66026 14
    endloop
  endfacet
  facet normal 0 0 -1
    outer loop
      vertex 4.35 33.65 14
      vertex 15.2253 27.4074 14
      vertex 4.35 4.35 14
    endloop
  endfacet
  facet normal 0 0 -1
    outer loop
      vertex 4.35 4.35 14
      vertex 14.687 9.66026 14
      vertex 14.5471 9.13831 14
    endloop
  endfacet
  facet normal 0 0 -1
    outer loop
      vertex 15.2253 27.4074 14
      vertex 4.35 33.65 14
      vertex 14.9153 27.85 14
    endloop
  endfacet
  facet normal 0 0 -1
    outer loop
      vertex 4.35 4.35 14
      vertex 14.5471 9.13831 14
      vertex 14.5 8.6 14
    endloop
  endfacet
  facet normal 0 0 -1
    outer loop
      vertex 14.9153 27.85 14
      vertex 4.35 33.65 14
      vertex 14.687 28.3397 14
    endloop
  endfacet
  facet normal 0 0 -1
    outer loop
      vertex 47.0959 13.5228 14
      vertex 65.05 4.35 14
      vertex 65.05 2.8 14
    endloop
  endfacet
  facet normal 0 0 -1
    outer loop
      vertex 65.05 4.35 14
      vertex 49.65 19 14
      vertex 65.05 33.65 14
    endloop
  endfacet
  facet normal 0 0 -1
    outer loop
      vertex 49.5414 20.2416 14
      vertex 65.05 33.65 14
      vertex 49.65 19 14
    endloop
  endfacet
  facet normal 0 0 -1
    outer loop
      vertex 65.05 4.35 14
      vertex 49.5414 17.7584 14
      vertex 49.65 19 14
    endloop
  endfacet
  facet normal 0 0 -1
    outer loop
      vertex 65.05 4.35 14
      vertex 49.2188 16.5546 14
      vertex 49.5414 17.7584 14
    endloop
  endfacet
  facet normal 0 0 -1
    outer loop
      vertex 65.05 4.35 14
      vertex 48.6921 15.425 14
      vertex 49.2188 16.5546 14
    endloop
  endfacet
  facet normal 0 0 -1
    outer loop
      vertex 65.05 4.35 14
      vertex 47.9772 14.4041 14
      vertex 48.6921 15.425 14
    endloop
  endfacet
  facet normal 0 0 -1
    outer loop
      vertex 65.05 4.35 14
      vertex 47.0959 13.5228 14
      vertex 47.9772 14.4041 14
    endloop
  endfacet
  facet normal 0 0 -1
    outer loop
      vertex 65.05 2.8 14
      vertex 46.075 12.8079 14
      vertex 47.0959 13.5228 14
    endloop
  endfacet
  facet normal 0 0 -1
    outer loop
      vertex 65.05 2.8 14
      vertex 44.9454 12.2812 14
      vertex 46.075 12.8079 14
    endloop
  endfacet
  facet normal 0 0 -1
    outer loop
      vertex 65.05 2.8 14
      vertex 43.7416 11.9586 14
      vertex 44.9454 12.2812 14
    endloop
  endfacet
  facet normal 0 0 -1
    outer loop
      vertex 65.05 2.8 14
      vertex 42.5 11.85 14
      vertex 43.7416 11.9586 14
    endloop
  endfacet
  facet normal 0 0 -1
    outer loop
      vertex 19.95 2.8 14
      vertex 42.5 11.85 14
      vertex 65.05 2.8 14
    endloop
  endfacet
  facet normal -0 0 -1
    outer loop
      vertex 42.5 11.85 14
      vertex 19.95 2.8 14
      vertex 41.2584 11.9586 14
    endloop
  endfacet
  facet normal -0 0 -1
    outer loop
      vertex 36.3079 15.425 14
      vertex 20.513 9.66026 14
      vertex 35.7812 16.5546 14
    endloop
  endfacet
  facet normal 0 0 -1
    outer loop
      vertex 20.513 9.66026 14
      vertex 36.3079 15.425 14
      vertex 20.6529 9.13831 14
    endloop
  endfacet
  facet normal -0 0 -1
    outer loop
      vertex 37.0228 14.4041 14
      vertex 20.6529 9.13831 14
      vertex 36.3079 15.425 14
    endloop
  endfacet
  facet normal 0 0 -1
    outer loop
      vertex 20.6529 9.13831 14
      vertex 37.0228 14.4041 14
      vertex 20.7 8.6 14
    endloop
  endfacet
  facet normal 0 0 -1
    outer loop
      vertex 20.6529 8.06169 14
      vertex 37.0228 14.4041 14
      vertex 37.9041 13.5228 14
    endloop
  endfacet
  facet normal 0 0 -1
    outer loop
      vertex 19.95 4.35 14
      vertex 37.9041 13.5228 14
      vertex 38.925 12.8079 14
    endloop
  endfacet
  facet normal 0 0 -1
    outer loop
      vertex 19.95 2.8 14
      vertex 38.925 12.8079 14
      vertex 40.0546 12.2812 14
    endloop
  endfacet
  facet normal -0 0 -1
    outer loop
      vertex 41.2584 11.9586 14
      vertex 19.95 2.8 14
      vertex 40.0546 12.2812 14
    endloop
  endfacet
  facet normal 0 0 -1
    outer loop
      vertex 37.0228 14.4041 14
      vertex 20.6529 8.06169 14
      vertex 20.7 8.6 14
    endloop
  endfacet
  facet normal 0 0 -1
    outer loop
      vertex 38.925 12.8079 14
      vertex 19.95 2.8 14
      vertex 19.95 4.35 14
    endloop
  endfacet
  facet normal 0 0 -1
    outer loop
      vertex 37.9041 13.5228 14
      vertex 20.513 7.53974 14
      vertex 20.6529 8.06169 14
    endloop
  endfacet
  facet normal 0 0 -1
    outer loop
      vertex 37.9041 13.5228 14
      vertex 19.95 4.35 14
      vertex 20.513 7.53974 14
    endloop
  endfacet
  facet normal 0 0 -1
    outer loop
      vertex 20.513 7.53974 14
      vertex 19.95 4.35 14
      vertex 20.2847 7.05 14
    endloop
  endfacet
  facet normal 0 0 -1
    outer loop
      vertex 20.2847 7.05 14
      vertex 19.95 4.35 14
      vertex 19.9747 6.60736 14
    endloop
  endfacet
  facet normal 0 0 -1
    outer loop
      vertex 19.95 4.35 14
      vertex 19.5926 6.22526 14
      vertex 19.9747 6.60736 14
    endloop
  endfacet
  facet normal 0 0 -1
    outer loop
      vertex 19.95 4.35 14
      vertex 19.15 5.91532 14
      vertex 19.5926 6.22526 14
    endloop
  endfacet
  facet normal 0 0 -1
    outer loop
      vertex 19.95 4.35 14
      vertex 18.6603 5.68695 14
      vertex 19.15 5.91532 14
    endloop
  endfacet
  facet normal 0 0 -1
    outer loop
      vertex 19.95 4.35 14
      vertex 18.1383 5.5471 14
      vertex 18.6603 5.68695 14
    endloop
  endfacet
  facet normal 0 0 -1
    outer loop
      vertex 19.95 4.35 14
      vertex 17.6 5.5 14
      vertex 18.1383 5.5471 14
    endloop
  endfacet
  facet normal 0 0 -1
    outer loop
      vertex 19.95 4.35 14
      vertex 17.0617 5.5471 14
      vertex 17.6 5.5 14
    endloop
  endfacet
  facet normal 0 0 -1
    outer loop
      vertex 19.95 4.35 14
      vertex 16.5397 5.68695 14
      vertex 17.0617 5.5471 14
    endloop
  endfacet
  facet normal 0 0 -1
    outer loop
      vertex 14.687 28.3397 14
      vertex 4.35 33.65 14
      vertex 14.5471 28.8617 14
    endloop
  endfacet
  facet normal -0 0 -1
    outer loop
      vertex 14.5471 8.06169 14
      vertex 4.35 4.35 14
      vertex 14.5 8.6 14
    endloop
  endfacet
  facet normal -0 0 -1
    outer loop
      vertex 14.687 7.53974 14
      vertex 4.35 4.35 14
      vertex 14.5471 8.06169 14
    endloop
  endfacet
  facet normal -0 0 -1
    outer loop
      vertex 14.9153 7.05 14
      vertex 4.35 4.35 14
      vertex 14.687 7.53974 14
    endloop
  endfacet
  facet normal -0 0 -1
    outer loop
      vertex 15.2253 6.60736 14
      vertex 4.35 4.35 14
      vertex 14.9153 7.05 14
    endloop
  endfacet
  facet normal -0 0 -1
    outer loop
      vertex 15.6074 6.22526 14
      vertex 4.35 4.35 14
      vertex 15.2253 6.60736 14
    endloop
  endfacet
  facet normal -0 0 -1
    outer loop
      vertex 16.05 5.91532 14
      vertex 4.35 4.35 14
      vertex 15.6074 6.22526 14
    endloop
  endfacet
  facet normal -0 0 -1
    outer loop
      vertex 16.5397 5.68695 14
      vertex 4.35 4.35 14
      vertex 16.05 5.91532 14
    endloop
  endfacet
  facet normal 0 0 -1
    outer loop
      vertex 4.35 4.35 14
      vertex 16.5397 5.68695 14
      vertex 19.95 4.35 14
    endloop
  endfacet
  facet normal 0 0 -1
    outer loop
      vertex 49.2188 21.4454 14
      vertex 65.05 33.65 14
      vertex 49.5414 20.2416 14
    endloop
  endfacet
  facet normal 0 0 -1
    outer loop
      vertex 48.6921 22.575 14
      vertex 65.05 33.65 14
      vertex 49.2188 21.4454 14
    endloop
  endfacet
  facet normal 0 0 -1
    outer loop
      vertex 47.9772 23.5959 14
      vertex 65.05 33.65 14
      vertex 48.6921 22.575 14
    endloop
  endfacet
  facet normal 0 0 -1
    outer loop
      vertex 47.0959 24.4772 14
      vertex 65.05 33.65 14
      vertex 47.9772 23.5959 14
    endloop
  endfacet
  facet normal -0 0 -1
    outer loop
      vertex 65.05 33.65 14
      vertex 47.0959 24.4772 14
      vertex 65.05 35.2 14
    endloop
  endfacet
  facet normal 0 0 -1
    outer loop
      vertex 46.075 25.1921 14
      vertex 65.05 35.2 14
      vertex 47.0959 24.4772 14
    endloop
  endfacet
  facet normal 0 0 -1
    outer loop
      vertex 44.9454 25.7188 14
      vertex 65.05 35.2 14
      vertex 46.075 25.1921 14
    endloop
  endfacet
  facet normal 0 0 -1
    outer loop
      vertex 43.7416 26.0414 14
      vertex 65.05 35.2 14
      vertex 44.9454 25.7188 14
    endloop
  endfacet
  facet normal 0 0 -1
    outer loop
      vertex 42.5 26.15 14
      vertex 65.05 35.2 14
      vertex 43.7416 26.0414 14
    endloop
  endfacet
  facet normal 0 0 -1
    outer loop
      vertex 19.95 35.2 14
      vertex 42.5 26.15 14
      vertex 41.2584 26.0414 14
    endloop
  endfacet
  facet normal 0 0 -1
    outer loop
      vertex 19.95 35.2 14
      vertex 41.2584 26.0414 14
      vertex 40.0546 25.7188 14
    endloop
  endfacet
  facet normal 0 0 -1
    outer loop
      vertex 20.2847 10.15 14
      vertex 35.7812 16.5546 14
      vertex 20.513 9.66026 14
    endloop
  endfacet
  facet normal 0 0 -1
    outer loop
      vertex 35.35 19 14
      vertex 20.7 29.4 14
      vertex 35.4586 20.2416 14
    endloop
  endfacet
  facet normal 0 0 -1
    outer loop
      vertex 35.4586 20.2416 14
      vertex 20.7 29.4 14
      vertex 35.7812 21.4454 14
    endloop
  endfacet
  facet normal 0 0 -1
    outer loop
      vertex 35.7812 21.4454 14
      vertex 20.7 29.4 14
      vertex 36.3079 22.575 14
    endloop
  endfacet
  facet normal 0 0 -1
    outer loop
      vertex 36.3079 22.575 14
      vertex 20.7 29.4 14
      vertex 37.0228 23.5959 14
    endloop
  endfacet
  facet normal 0 0 -1
    outer loop
      vertex 20.6529 29.9383 14
      vertex 37.0228 23.5959 14
      vertex 20.7 29.4 14
    endloop
  endfacet
  facet normal 0 0 -1
    outer loop
      vertex 37.0228 23.5959 14
      vertex 20.6529 29.9383 14
      vertex 37.9041 24.4772 14
    endloop
  endfacet
  facet normal 0 0 -1
    outer loop
      vertex 20.513 30.4603 14
      vertex 37.9041 24.4772 14
      vertex 20.6529 29.9383 14
    endloop
  endfacet
  facet normal 0 0 -1
    outer loop
      vertex 19.95 33.65 14
      vertex 37.9041 24.4772 14
      vertex 20.513 30.4603 14
    endloop
  endfacet
  facet normal 0 0 -1
    outer loop
      vertex 37.9041 24.4772 14
      vertex 19.95 33.65 14
      vertex 38.925 25.1921 14
    endloop
  endfacet
  facet normal 0 0 -1
    outer loop
      vertex 19.95 35.2 14
      vertex 38.925 25.1921 14
      vertex 19.95 33.65 14
    endloop
  endfacet
  facet normal 0 0 -1
    outer loop
      vertex 19.95 33.65 14
      vertex 20.513 30.4603 14
      vertex 20.2847 30.95 14
    endloop
  endfacet
  facet normal 0 0 -1
    outer loop
      vertex 19.95 33.65 14
      vertex 20.2847 30.95 14
      vertex 19.9747 31.3926 14
    endloop
  endfacet
  facet normal 0 0 -1
    outer loop
      vertex 38.925 25.1921 14
      vertex 19.95 35.2 14
      vertex 40.0546 25.7188 14
    endloop
  endfacet
  facet normal 0 0 -1
    outer loop
      vertex 42.5 26.15 14
      vertex 19.95 35.2 14
      vertex 65.05 35.2 14
    endloop
  endfacet
  facet normal 0 0 -1
    outer loop
      vertex 79.4529 28.8617 14
      vertex 80.65 33.65 14
      vertex 79.4529 9.13831 14
    endloop
  endfacet
  facet normal 0 0 -1
    outer loop
      vertex 80.65 33.65 14
      vertex 79.4529 28.8617 14
      vertex 79.5 29.4 14
    endloop
  endfacet
  facet normal 0 0 -1
    outer loop
      vertex 79.313 9.66026 14
      vertex 79.4529 28.8617 14
      vertex 79.4529 9.13831 14
    endloop
  endfacet
  facet normal 0 0 -1
    outer loop
      vertex 79.313 9.66026 14
      vertex 79.313 28.3397 14
      vertex 79.4529 28.8617 14
    endloop
  endfacet
  facet normal 0 0 -1
    outer loop
      vertex 79.0847 10.15 14
      vertex 79.313 28.3397 14
      vertex 79.313 9.66026 14
    endloop
  endfacet
  facet normal 0 0 -1
    outer loop
      vertex 79.0847 10.15 14
      vertex 79.0847 27.85 14
      vertex 79.313 28.3397 14
    endloop
  endfacet
  facet normal 0 0 -1
    outer loop
      vertex 78.7747 10.5926 14
      vertex 79.0847 27.85 14
      vertex 79.0847 10.15 14
    endloop
  endfacet
  facet normal 0 0 -1
    outer loop
      vertex 78.7747 10.5926 14
      vertex 78.7747 27.4074 14
      vertex 79.0847 27.85 14
    endloop
  endfacet
  facet normal 0 0 -1
    outer loop
      vertex 78.3926 10.9747 14
      vertex 78.7747 27.4074 14
      vertex 78.7747 10.5926 14
    endloop
  endfacet
  facet normal 0 0 -1
    outer loop
      vertex 78.3926 10.9747 14
      vertex 78.3926 27.0253 14
      vertex 78.7747 27.4074 14
    endloop
  endfacet
  facet normal 0 0 -1
    outer loop
      vertex 77.95 11.2847 14
      vertex 78.3926 27.0253 14
      vertex 78.3926 10.9747 14
    endloop
  endfacet
  facet normal 0 0 -1
    outer loop
      vertex 77.95 11.2847 14
      vertex 77.95 26.7153 14
      vertex 78.3926 27.0253 14
    endloop
  endfacet
  facet normal 0 0 -1
    outer loop
      vertex 77.4603 11.513 14
      vertex 77.95 26.7153 14
      vertex 77.95 11.2847 14
    endloop
  endfacet
  facet normal 0 0 -1
    outer loop
      vertex 77.4603 11.513 14
      vertex 77.4603 26.487 14
      vertex 77.95 26.7153 14
    endloop
  endfacet
  facet normal 0 0 -1
    outer loop
      vertex 76.9383 11.6529 14
      vertex 77.4603 26.487 14
      vertex 77.4603 11.513 14
    endloop
  endfacet
  facet normal 0 0 -1
    outer loop
      vertex 76.9383 11.6529 14
      vertex 76.9383 26.3471 14
      vertex 77.4603 26.487 14
    endloop
  endfacet
  facet normal 0 0 -1
    outer loop
      vertex 76.4 11.7 14
      vertex 76.9383 26.3471 14
      vertex 76.9383 11.6529 14
    endloop
  endfacet
  facet normal 0 0 -1
    outer loop
      vertex 76.4 11.7 14
      vertex 76.4 26.3 14
      vertex 76.9383 26.3471 14
    endloop
  endfacet
  facet normal 0 0 -1
    outer loop
      vertex 75.8617 11.6529 14
      vertex 76.4 26.3 14
      vertex 76.4 11.7 14
    endloop
  endfacet
  facet normal 0 0 -1
    outer loop
      vertex 75.8617 11.6529 14
      vertex 75.8617 26.3471 14
      vertex 76.4 26.3 14
    endloop
  endfacet
  facet normal 0 0 -1
    outer loop
      vertex 75.3397 11.513 14
      vertex 75.8617 26.3471 14
      vertex 75.8617 11.6529 14
    endloop
  endfacet
  facet normal 0 0 -1
    outer loop
      vertex 75.3397 11.513 14
      vertex 75.3397 26.487 14
      vertex 75.8617 26.3471 14
    endloop
  endfacet
  facet normal 0 0 -1
    outer loop
      vertex 74.85 11.2847 14
      vertex 75.3397 26.487 14
      vertex 75.3397 11.513 14
    endloop
  endfacet
  facet normal 0 0 -1
    outer loop
      vertex 74.85 11.2847 14
      vertex 74.85 26.7153 14
      vertex 75.3397 26.487 14
    endloop
  endfacet
  facet normal 0 0 -1
    outer loop
      vertex 74.4074 10.9747 14
      vertex 74.85 26.7153 14
      vertex 74.85 11.2847 14
    endloop
  endfacet
  facet normal 0 0 -1
    outer loop
      vertex 74.4074 10.9747 14
      vertex 74.4074 27.0253 14
      vertex 74.85 26.7153 14
    endloop
  endfacet
  facet normal 0 0 -1
    outer loop
      vertex 74.0253 10.5926 14
      vertex 74.4074 27.0253 14
      vertex 74.4074 10.9747 14
    endloop
  endfacet
  facet normal 0 0 -1
    outer loop
      vertex 74.0253 10.5926 14
      vertex 74.0253 27.4074 14
      vertex 74.4074 27.0253 14
    endloop
  endfacet
  facet normal 0 0 -1
    outer loop
      vertex 73.7153 10.15 14
      vertex 74.0253 27.4074 14
      vertex 74.0253 10.5926 14
    endloop
  endfacet
  facet normal 0 0 -1
    outer loop
      vertex 73.7153 10.15 14
      vertex 73.7153 27.85 14
      vertex 74.0253 27.4074 14
    endloop
  endfacet
  facet normal 0 0 -1
    outer loop
      vertex 65.05 4.35 14
      vertex 73.7153 10.15 14
      vertex 73.487 9.66026 14
    endloop
  endfacet
  facet normal -0 0 -1
    outer loop
      vertex 73.7153 10.15 14
      vertex 65.05 4.35 14
      vertex 73.7153 27.85 14
    endloop
  endfacet
  facet normal 0 0 -1
    outer loop
      vertex 65.05 4.35 14
      vertex 73.487 9.66026 14
      vertex 73.3471 9.13831 14
    endloop
  endfacet
  facet normal 0 0 -1
    outer loop
      vertex 65.05 33.65 14
      vertex 73.7153 27.85 14
      vertex 65.05 4.35 14
    endloop
  endfacet
  facet normal 0 0 -1
    outer loop
      vertex 65.05 4.35 14
      vertex 73.3471 9.13831 14
      vertex 73.3 8.6 14
    endloop
  endfacet
  facet normal 0 0 -1
    outer loop
      vertex 73.7153 27.85 14
      vertex 65.05 33.65 14
      vertex 73.487 28.3397 14
    endloop
  endfacet
  facet normal 0 0 -1
    outer loop
      vertex 79.4529 9.13831 14
      vertex 80.65 4.35 14
      vertex 79.5 8.6 14
    endloop
  endfacet
  facet normal 0 0 -1
    outer loop
      vertex 80.65 4.35 14
      vertex 79.4529 8.06169 14
      vertex 79.5 8.6 14
    endloop
  endfacet
  facet normal 0 0 -1
    outer loop
      vertex 80.65 4.35 14
      vertex 79.313 7.53974 14
      vertex 79.4529 8.06169 14
    endloop
  endfacet
  facet normal 0 0 -1
    outer loop
      vertex 80.65 4.35 14
      vertex 79.0847 7.05 14
      vertex 79.313 7.53974 14
    endloop
  endfacet
  facet normal 0 0 -1
    outer loop
      vertex 80.65 4.35 14
      vertex 78.7747 6.60736 14
      vertex 79.0847 7.05 14
    endloop
  endfacet
  facet normal 0 0 -1
    outer loop
      vertex 80.65 4.35 14
      vertex 78.3926 6.22526 14
      vertex 78.7747 6.60736 14
    endloop
  endfacet
  facet normal 0 0 -1
    outer loop
      vertex 80.65 4.35 14
      vertex 77.95 5.91532 14
      vertex 78.3926 6.22526 14
    endloop
  endfacet
  facet normal 0 0 -1
    outer loop
      vertex 80.65 4.35 14
      vertex 77.4603 5.68695 14
      vertex 77.95 5.91532 14
    endloop
  endfacet
  facet normal 0 0 -1
    outer loop
      vertex 80.65 4.35 14
      vertex 76.9383 5.5471 14
      vertex 77.4603 5.68695 14
    endloop
  endfacet
  facet normal 0 0 -1
    outer loop
      vertex 80.65 4.35 14
      vertex 76.4 5.5 14
      vertex 76.9383 5.5471 14
    endloop
  endfacet
  facet normal 0 0 -1
    outer loop
      vertex 80.65 4.35 14
      vertex 75.8617 5.5471 14
      vertex 76.4 5.5 14
    endloop
  endfacet
  facet normal 0 0 -1
    outer loop
      vertex 73.487 28.3397 14
      vertex 65.05 33.65 14
      vertex 73.3471 28.8617 14
    endloop
  endfacet
  facet normal -0 0 -1
    outer loop
      vertex 73.3471 8.06169 14
      vertex 65.05 4.35 14
      vertex 73.3 8.6 14
    endloop
  endfacet
  facet normal -0 0 -1
    outer loop
      vertex 73.487 7.53974 14
      vertex 65.05 4.35 14
      vertex 73.3471 8.06169 14
    endloop
  endfacet
  facet normal -0 0 -1
    outer loop
      vertex 73.7153 7.05 14
      vertex 65.05 4.35 14
      vertex 73.487 7.53974 14
    endloop
  endfacet
  facet normal -0 0 -1
    outer loop
      vertex 74.0253 6.60736 14
      vertex 65.05 4.35 14
      vertex 73.7153 7.05 14
    endloop
  endfacet
  facet normal -0 0 -1
    outer loop
      vertex 74.4074 6.22526 14
      vertex 65.05 4.35 14
      vertex 74.0253 6.60736 14
    endloop
  endfacet
  facet normal -0 0 -1
    outer loop
      vertex 74.85 5.91532 14
      vertex 65.05 4.35 14
      vertex 74.4074 6.22526 14
    endloop
  endfacet
  facet normal -0 0 -1
    outer loop
      vertex 75.3397 5.68695 14
      vertex 65.05 4.35 14
      vertex 74.85 5.91532 14
    endloop
  endfacet
  facet normal -0 0 -1
    outer loop
      vertex 75.8617 5.5471 14
      vertex 65.05 4.35 14
      vertex 75.3397 5.68695 14
    endloop
  endfacet
  facet normal 0 0 -1
    outer loop
      vertex 65.05 4.35 14
      vertex 75.8617 5.5471 14
      vertex 80.65 4.35 14
    endloop
  endfacet
  facet normal 0 0 -1
    outer loop
      vertex 80.65 4.35 14
      vertex 79.4529 9.13831 14
      vertex 80.65 33.65 14
    endloop
  endfacet
  facet normal 0 0 -1
    outer loop
      vertex 79.4529 29.9383 14
      vertex 80.65 33.65 14
      vertex 79.5 29.4 14
    endloop
  endfacet
  facet normal 0 0 -1
    outer loop
      vertex 79.313 30.4603 14
      vertex 80.65 33.65 14
      vertex 79.4529 29.9383 14
    endloop
  endfacet
  facet normal 0 0 -1
    outer loop
      vertex 79.0847 30.95 14
      vertex 80.65 33.65 14
      vertex 79.313 30.4603 14
    endloop
  endfacet
  facet normal 0 0 -1
    outer loop
      vertex 78.7747 31.3926 14
      vertex 80.65 33.65 14
      vertex 79.0847 30.95 14
    endloop
  endfacet
  facet normal 0 0 -1
    outer loop
      vertex 78.3926 31.7747 14
      vertex 80.65 33.65 14
      vertex 78.7747 31.3926 14
    endloop
  endfacet
  facet normal 0 0 -1
    outer loop
      vertex 77.95 32.0847 14
      vertex 80.65 33.65 14
      vertex 78.3926 31.7747 14
    endloop
  endfacet
  facet normal 0 0 -1
    outer loop
      vertex 77.4603 32.313 14
      vertex 80.65 33.65 14
      vertex 77.95 32.0847 14
    endloop
  endfacet
  facet normal 0 0 -1
    outer loop
      vertex 76.9383 32.4529 14
      vertex 80.65 33.65 14
      vertex 77.4603 32.313 14
    endloop
  endfacet
  facet normal 0 0 -1
    outer loop
      vertex 76.4 32.5 14
      vertex 80.65 33.65 14
      vertex 76.9383 32.4529 14
    endloop
  endfacet
  facet normal 0 0 -1
    outer loop
      vertex 75.8617 32.4529 14
      vertex 80.65 33.65 14
      vertex 76.4 32.5 14
    endloop
  endfacet
  facet normal 0 0 -1
    outer loop
      vertex 73.3471 28.8617 14
      vertex 65.05 33.65 14
      vertex 73.3 29.4 14
    endloop
  endfacet
  facet normal 0 0 -1
    outer loop
      vertex 73.3 29.4 14
      vertex 65.05 33.65 14
      vertex 73.3471 29.9383 14
    endloop
  endfacet
  facet normal 0 0 -1
    outer loop
      vertex 75.8617 32.4529 14
      vertex 65.05 33.65 14
      vertex 80.65 33.65 14
    endloop
  endfacet
  facet normal 0 0 -1
    outer loop
      vertex 75.3397 32.313 14
      vertex 65.05 33.65 14
      vertex 75.8617 32.4529 14
    endloop
  endfacet
  facet normal 0 0 -1
    outer loop
      vertex 74.85 32.0847 14
      vertex 65.05 33.65 14
      vertex 75.3397 32.313 14
    endloop
  endfacet
  facet normal 0 0 -1
    outer loop
      vertex 74.4074 31.7747 14
      vertex 65.05 33.65 14
      vertex 74.85 32.0847 14
    endloop
  endfacet
  facet normal 0 0 -1
    outer loop
      vertex 74.0253 31.3926 14
      vertex 65.05 33.65 14
      vertex 74.4074 31.7747 14
    endloop
  endfacet
  facet normal 0 0 -1
    outer loop
      vertex 73.7153 30.95 14
      vertex 65.05 33.65 14
      vertex 74.0253 31.3926 14
    endloop
  endfacet
  facet normal 0 0 -1
    outer loop
      vertex 73.487 30.4603 14
      vertex 65.05 33.65 14
      vertex 73.7153 30.95 14
    endloop
  endfacet
  facet normal 0 0 -1
    outer loop
      vertex 73.3471 29.9383 14
      vertex 65.05 33.65 14
      vertex 73.487 30.4603 14
    endloop
  endfacet
  facet normal -0.57735 0.57735 0.57735
    outer loop
      vertex 2.8 36.4 28.8
      vertex 1.6 35.2 28.8
      vertex 2.8 35.2 30
    endloop
  endfacet
  facet normal -1 0 0
    outer loop
      vertex 1.6 2.8 23.35
      vertex 1.6 35.2 28.8
      vertex 1.6 35.2 23.35
    endloop
  endfacet
  facet normal -1 -0 0
    outer loop
      vertex 1.6 35.2 28.8
      vertex 1.6 2.8 23.35
      vertex 1.6 2.8 28.8
    endloop
  endfacet
  facet normal 0 -1 0
    outer loop
      vertex 19.95 1.6 15.2
      vertex 65.05 1.6 23.35
      vertex 19.95 1.6 23.35
    endloop
  endfacet
  facet normal 0 -1 -0
    outer loop
      vertex 65.05 1.6 23.35
      vertex 19.95 1.6 15.2
      vertex 65.05 1.6 15.2
    endloop
  endfacet
  facet normal 0 -1 0
    outer loop
      vertex 19.95 1.6 23.35
      vertex 2.8 1.6 28.8
      vertex 2.8 1.6 23.35
    endloop
  endfacet
  facet normal 0 -1 0
    outer loop
      vertex 2.8 1.6 28.8
      vertex 19.95 1.6 23.35
      vertex 82.2 1.6 28.8
    endloop
  endfacet
  facet normal 0 -1 0
    outer loop
      vertex 65.05 1.6 23.35
      vertex 82.2 1.6 28.8
      vertex 19.95 1.6 23.35
    endloop
  endfacet
  facet normal 0 -1 -0
    outer loop
      vertex 82.2 1.6 28.8
      vertex 65.05 1.6 23.35
      vertex 82.2 1.6 23.35
    endloop
  endfacet
  facet normal -0.707107 -0.707107 0
    outer loop
      vertex 2.8 1.6 23.35
      vertex 1.6 2.8 28.8
      vertex 1.6 2.8 23.35
    endloop
  endfacet
  facet normal -0.707107 -0.707107 0
    outer loop
      vertex 1.6 2.8 28.8
      vertex 2.8 1.6 23.35
      vertex 2.8 1.6 28.8
    endloop
  endfacet
  facet normal 0.707107 0 0.707107
    outer loop
      vertex 82.2 35.2 30
      vertex 83.4 2.8 28.8
      vertex 83.4 35.2 28.8
    endloop
  endfacet
  facet normal 0.707107 0 0.707107
    outer loop
      vertex 83.4 2.8 28.8
      vertex 82.2 35.2 30
      vertex 82.2 2.8 30
    endloop
  endfacet
  facet normal 0.57735 0.57735 0.57735
    outer loop
      vertex 82.2 36.4 28.8
      vertex 82.2 35.2 30
      vertex 83.4 35.2 28.8
    endloop
  endfacet
  facet normal -0.707107 0.707107 0
    outer loop
      vertex 2.8 36.4 23.35
      vertex 1.6 35.2 28.8
      vertex 2.8 36.4 28.8
    endloop
  endfacet
  facet normal -0.707107 0.707107 0
    outer loop
      vertex 1.6 35.2 28.8
      vertex 2.8 36.4 23.35
      vertex 1.6 35.2 23.35
    endloop
  endfacet
  facet normal 0 0.707107 0.707107
    outer loop
      vertex 82.2 36.4 28.8
      vertex 2.8 35.2 30
      vertex 82.2 35.2 30
    endloop
  endfacet
  facet normal 0 0.707107 0.707107
    outer loop
      vertex 2.8 35.2 30
      vertex 82.2 36.4 28.8
      vertex 2.8 36.4 28.8
    endloop
  endfacet
  facet normal 0.57735 -0.57735 0.57735
    outer loop
      vertex 82.2 2.8 30
      vertex 82.2 1.6 28.8
      vertex 83.4 2.8 28.8
    endloop
  endfacet
  facet normal 0.707107 -0.707107 0
    outer loop
      vertex 82.2 1.6 23.35
      vertex 83.4 2.8 28.8
      vertex 82.2 1.6 28.8
    endloop
  endfacet
  facet normal 0.707107 -0.707107 0
    outer loop
      vertex 83.4 2.8 28.8
      vertex 82.2 1.6 23.35
      vertex 83.4 2.8 23.35
    endloop
  endfacet
  facet normal 0 0.707107 -0.707107
    outer loop
      vertex 65.05 35.2 14
      vertex 19.95 36.4 15.2
      vertex 65.05 36.4 15.2
    endloop
  endfacet
  facet normal 0 0.707107 -0.707107
    outer loop
      vertex 19.95 36.4 15.2
      vertex 65.05 35.2 14
      vertex 19.95 35.2 14
    endloop
  endfacet
  facet normal -0.0871351 0.996197 0
    outer loop
      vertex 43.7416 11.9586 14
      vertex 42.5 11.85 18.42
      vertex 43.7416 11.9586 18.42
    endloop
  endfacet
  facet normal -0.0871351 0.996197 0
    outer loop
      vertex 42.5 11.85 18.42
      vertex 43.7416 11.9586 14
      vertex 42.5 11.85 14
    endloop
  endfacet
  facet normal -0.965917 -0.258851 0
    outer loop
      vertex 49.5414 20.2416 14
      vertex 49.2188 21.4454 18.42
      vertex 49.2188 21.4454 14
    endloop
  endfacet
  facet normal -0.965917 -0.258851 0
    outer loop
      vertex 49.2188 21.4454 18.42
      vertex 49.5414 20.2416 14
      vertex 49.5414 20.2416 18.42
    endloop
  endfacet
  facet normal -0.996197 -0.0871351 0
    outer loop
      vertex 49.65 19 14
      vertex 49.5414 20.2416 18.42
      vertex 49.5414 20.2416 14
    endloop
  endfacet
  facet normal -0.996197 -0.0871351 0
    outer loop
      vertex 49.5414 20.2416 18.42
      vertex 49.65 19 14
      vertex 49.65 19 18.42
    endloop
  endfacet
  facet normal -0.422591 -0.90632 0
    outer loop
      vertex 44.9454 25.7188 14
      vertex 46.075 25.1921 18.42
      vertex 44.9454 25.7188 18.42
    endloop
  endfacet
  facet normal -0.422591 -0.90632 -0
    outer loop
      vertex 46.075 25.1921 18.42
      vertex 44.9454 25.7188 14
      vertex 46.075 25.1921 14
    endloop
  endfacet
  facet normal -0.573608 -0.81913 0
    outer loop
      vertex 46.075 25.1921 14
      vertex 47.0959 24.4772 18.42
      vertex 46.075 25.1921 18.42
    endloop
  endfacet
  facet normal -0.573608 -0.81913 -0
    outer loop
      vertex 47.0959 24.4772 18.42
      vertex 46.075 25.1921 14
      vertex 47.0959 24.4772 14
    endloop
  endfacet
  facet normal 0.422591 0.90632 -0
    outer loop
      vertex 40.0546 12.2812 14
      vertex 38.925 12.8079 18.42
      vertex 40.0546 12.2812 18.42
    endloop
  endfacet
  facet normal 0.422591 0.90632 0
    outer loop
      vertex 38.925 12.8079 18.42
      vertex 40.0546 12.2812 14
      vertex 38.925 12.8079 14
    endloop
  endfacet
  facet normal 0.965917 0.258851 0
    outer loop
      vertex 35.7812 16.5546 18.42
      vertex 35.4586 17.7584 14
      vertex 35.4586 17.7584 18.42
    endloop
  endfacet
  facet normal 0.965917 0.258851 0
    outer loop
      vertex 35.4586 17.7584 14
      vertex 35.7812 16.5546 18.42
      vertex 35.7812 16.5546 14
    endloop
  endfacet
  facet normal 0.0871351 -0.996197 0
    outer loop
      vertex 41.2584 26.0414 14
      vertex 42.5 26.15 18.42
      vertex 41.2584 26.0414 18.42
    endloop
  endfacet
  facet normal 0.0871351 -0.996197 0
    outer loop
      vertex 42.5 26.15 18.42
      vertex 41.2584 26.0414 14
      vertex 42.5 26.15 14
    endloop
  endfacet
  facet normal -0.90632 0.422591 0
    outer loop
      vertex 48.6921 15.425 14
      vertex 49.2188 16.5546 18.42
      vertex 49.2188 16.5546 14
    endloop
  endfacet
  facet normal -0.90632 0.422591 0
    outer loop
      vertex 49.2188 16.5546 18.42
      vertex 48.6921 15.425 14
      vertex 48.6921 15.425 18.42
    endloop
  endfacet
  facet normal -0.707107 0.707107 0
    outer loop
      vertex 47.0959 13.5228 14
      vertex 47.9772 14.4041 18.42
      vertex 47.9772 14.4041 14
    endloop
  endfacet
  facet normal -0.707107 0.707107 0
    outer loop
      vertex 47.9772 14.4041 18.42
      vertex 47.0959 13.5228 14
      vertex 47.0959 13.5228 18.42
    endloop
  endfacet
  facet normal 0.573608 -0.81913 0
    outer loop
      vertex 37.9041 24.4772 14
      vertex 38.925 25.1921 18.42
      vertex 37.9041 24.4772 18.42
    endloop
  endfacet
  facet normal 0.573608 -0.81913 0
    outer loop
      vertex 38.925 25.1921 18.42
      vertex 37.9041 24.4772 14
      vertex 38.925 25.1921 14
    endloop
  endfacet
  facet normal 0.573608 0.81913 -0
    outer loop
      vertex 38.925 12.8079 14
      vertex 37.9041 13.5228 18.42
      vertex 38.925 12.8079 18.42
    endloop
  endfacet
  facet normal 0.573608 0.81913 0
    outer loop
      vertex 37.9041 13.5228 18.42
      vertex 38.925 12.8079 14
      vertex 37.9041 13.5228 14
    endloop
  endfacet
  facet normal -0.81913 0.573608 0
    outer loop
      vertex 47.9772 14.4041 14
      vertex 48.6921 15.425 18.42
      vertex 48.6921 15.425 14
    endloop
  endfacet
  facet normal -0.81913 0.573608 0
    outer loop
      vertex 48.6921 15.425 18.42
      vertex 47.9772 14.4041 14
      vertex 47.9772 14.4041 18.42
    endloop
  endfacet
  facet normal -0.258851 0.965917 0
    outer loop
      vertex 44.9454 12.2812 14
      vertex 43.7416 11.9586 18.42
      vertex 44.9454 12.2812 18.42
    endloop
  endfacet
  facet normal -0.258851 0.965917 0
    outer loop
      vertex 43.7416 11.9586 18.42
      vertex 44.9454 12.2812 14
      vertex 43.7416 11.9586 14
    endloop
  endfacet
  facet normal 0.996197 0.0871351 0
    outer loop
      vertex 35.4586 17.7584 18.42
      vertex 35.35 19 14
      vertex 35.35 19 18.42
    endloop
  endfacet
  facet normal 0.996197 0.0871351 0
    outer loop
      vertex 35.35 19 14
      vertex 35.4586 17.7584 18.42
      vertex 35.4586 17.7584 14
    endloop
  endfacet
  facet normal 0.707107 -0.707107 0
    outer loop
      vertex 37.0228 23.5959 18.42
      vertex 37.9041 24.4772 14
      vertex 37.9041 24.4772 18.42
    endloop
  endfacet
  facet normal 0.707107 -0.707107 0
    outer loop
      vertex 37.9041 24.4772 14
      vertex 37.0228 23.5959 18.42
      vertex 37.0228 23.5959 14
    endloop
  endfacet
  facet normal -0.707107 -0.707107 0
    outer loop
      vertex 47.9772 23.5959 14
      vertex 47.0959 24.4772 18.42
      vertex 47.0959 24.4772 14
    endloop
  endfacet
  facet normal -0.707107 -0.707107 0
    outer loop
      vertex 47.0959 24.4772 18.42
      vertex 47.9772 23.5959 14
      vertex 47.9772 23.5959 18.42
    endloop
  endfacet
  facet normal 0.422591 -0.90632 0
    outer loop
      vertex 38.925 25.1921 14
      vertex 40.0546 25.7188 18.42
      vertex 38.925 25.1921 18.42
    endloop
  endfacet
  facet normal 0.422591 -0.90632 0
    outer loop
      vertex 40.0546 25.7188 18.42
      vertex 38.925 25.1921 14
      vertex 40.0546 25.7188 14
    endloop
  endfacet
  facet normal 0.258851 -0.965917 0
    outer loop
      vertex 40.0546 25.7188 14
      vertex 41.2584 26.0414 18.42
      vertex 40.0546 25.7188 18.42
    endloop
  endfacet
  facet normal 0.258851 -0.965917 0
    outer loop
      vertex 41.2584 26.0414 18.42
      vertex 40.0546 25.7188 14
      vertex 41.2584 26.0414 14
    endloop
  endfacet
  facet normal 0 0 -1
    outer loop
      vertex 49.5414 17.7584 18.42
      vertex 49.5414 20.2416 18.42
      vertex 49.65 19 18.42
    endloop
  endfacet
  facet normal 0 0 -1
    outer loop
      vertex 49.2188 16.5546 18.42
      vertex 49.5414 20.2416 18.42
      vertex 49.5414 17.7584 18.42
    endloop
  endfacet
  facet normal 0 0 -1
    outer loop
      vertex 49.2188 16.5546 18.42
      vertex 49.2188 21.4454 18.42
      vertex 49.5414 20.2416 18.42
    endloop
  endfacet
  facet normal 0 0 -1
    outer loop
      vertex 48.6921 15.425 18.42
      vertex 49.2188 21.4454 18.42
      vertex 49.2188 16.5546 18.42
    endloop
  endfacet
  facet normal 0 0 -1
    outer loop
      vertex 48.6921 15.425 18.42
      vertex 48.6921 22.575 18.42
      vertex 49.2188 21.4454 18.42
    endloop
  endfacet
  facet normal 0 0 -1
    outer loop
      vertex 47.9772 14.4041 18.42
      vertex 48.6921 22.575 18.42
      vertex 48.6921 15.425 18.42
    endloop
  endfacet
  facet normal 0 0 -1
    outer loop
      vertex 47.9772 14.4041 18.42
      vertex 47.9772 23.5959 18.42
      vertex 48.6921 22.575 18.42
    endloop
  endfacet
  facet normal 0 0 -1
    outer loop
      vertex 47.0959 13.5228 18.42
      vertex 47.9772 23.5959 18.42
      vertex 47.9772 14.4041 18.42
    endloop
  endfacet
  facet normal 0 0 -1
    outer loop
      vertex 47.0959 13.5228 18.42
      vertex 47.0959 24.4772 18.42
      vertex 47.9772 23.5959 18.42
    endloop
  endfacet
  facet normal 0 0 -1
    outer loop
      vertex 46.075 12.8079 18.42
      vertex 47.0959 24.4772 18.42
      vertex 47.0959 13.5228 18.42
    endloop
  endfacet
  facet normal 0 0 -1
    outer loop
      vertex 46.075 12.8079 18.42
      vertex 46.075 25.1921 18.42
      vertex 47.0959 24.4772 18.42
    endloop
  endfacet
  facet normal 0 0 -1
    outer loop
      vertex 44.9454 12.2812 18.42
      vertex 46.075 25.1921 18.42
      vertex 46.075 12.8079 18.42
    endloop
  endfacet
  facet normal 0 0 -1
    outer loop
      vertex 44.9454 12.2812 18.42
      vertex 44.9454 25.7188 18.42
      vertex 46.075 25.1921 18.42
    endloop
  endfacet
  facet normal 0 0 -1
    outer loop
      vertex 43.7416 11.9586 18.42
      vertex 44.9454 25.7188 18.42
      vertex 44.9454 12.2812 18.42
    endloop
  endfacet
  facet normal 0 0 -1
    outer loop
      vertex 43.7416 11.9586 18.42
      vertex 43.7416 26.0414 18.42
      vertex 44.9454 25.7188 18.42
    endloop
  endfacet
  facet normal 0 0 -1
    outer loop
      vertex 42.5 11.85 18.42
      vertex 43.7416 26.0414 18.42
      vertex 43.7416 11.9586 18.42
    endloop
  endfacet
  facet normal 0 0 -1
    outer loop
      vertex 42.5 11.85 18.42
      vertex 42.5 26.15 18.42
      vertex 43.7416 26.0414 18.42
    endloop
  endfacet
  facet normal 0 0 -1
    outer loop
      vertex 41.2584 11.9586 18.42
      vertex 42.5 26.15 18.42
      vertex 42.5 11.85 18.42
    endloop
  endfacet
  facet normal 0 0 -1
    outer loop
      vertex 41.2584 11.9586 18.42
      vertex 41.2584 26.0414 18.42
      vertex 42.5 26.15 18.42
    endloop
  endfacet
  facet normal 0 0 -1
    outer loop
      vertex 40.0546 12.2812 18.42
      vertex 41.2584 26.0414 18.42
      vertex 41.2584 11.9586 18.42
    endloop
  endfacet
  facet normal 0 0 -1
    outer loop
      vertex 40.0546 12.2812 18.42
      vertex 40.0546 25.7188 18.42
      vertex 41.2584 26.0414 18.42
    endloop
  endfacet
  facet normal 0 0 -1
    outer loop
      vertex 38.925 12.8079 18.42
      vertex 40.0546 25.7188 18.42
      vertex 40.0546 12.2812 18.42
    endloop
  endfacet
  facet normal 0 0 -1
    outer loop
      vertex 38.925 12.8079 18.42
      vertex 38.925 25.1921 18.42
      vertex 40.0546 25.7188 18.42
    endloop
  endfacet
  facet normal 0 0 -1
    outer loop
      vertex 37.9041 13.5228 18.42
      vertex 38.925 25.1921 18.42
      vertex 38.925 12.8079 18.42
    endloop
  endfacet
  facet normal 0 0 -1
    outer loop
      vertex 37.9041 13.5228 18.42
      vertex 37.9041 24.4772 18.42
      vertex 38.925 25.1921 18.42
    endloop
  endfacet
  facet normal 0 0 -1
    outer loop
      vertex 37.0228 14.4041 18.42
      vertex 37.9041 24.4772 18.42
      vertex 37.9041 13.5228 18.42
    endloop
  endfacet
  facet normal 0 0 -1
    outer loop
      vertex 37.0228 14.4041 18.42
      vertex 37.0228 23.5959 18.42
      vertex 37.9041 24.4772 18.42
    endloop
  endfacet
  facet normal 0 0 -1
    outer loop
      vertex 36.3079 15.425 18.42
      vertex 37.0228 23.5959 18.42
      vertex 37.0228 14.4041 18.42
    endloop
  endfacet
  facet normal 0 0 -1
    outer loop
      vertex 36.3079 15.425 18.42
      vertex 36.3079 22.575 18.42
      vertex 37.0228 23.5959 18.42
    endloop
  endfacet
  facet normal 0 0 -1
    outer loop
      vertex 35.7812 16.5546 18.42
      vertex 36.3079 22.575 18.42
      vertex 36.3079 15.425 18.42
    endloop
  endfacet
  facet normal 0 0 -1
    outer loop
      vertex 35.7812 16.5546 18.42
      vertex 35.7812 21.4454 18.42
      vertex 36.3079 22.575 18.42
    endloop
  endfacet
  facet normal 0 0 -1
    outer loop
      vertex 35.4586 17.7584 18.42
      vertex 35.7812 21.4454 18.42
      vertex 35.7812 16.5546 18.42
    endloop
  endfacet
  facet normal 0 0 -1
    outer loop
      vertex 35.4586 17.7584 18.42
      vertex 35.4586 20.2416 18.42
      vertex 35.7812 21.4454 18.42
    endloop
  endfacet
  facet normal 0 -0 -1
    outer loop
      vertex 35.4586 20.2416 18.42
      vertex 35.4586 17.7584 18.42
      vertex 35.35 19 18.42
    endloop
  endfacet
  facet normal 0.707107 0.707107 0
    outer loop
      vertex 37.9041 13.5228 18.42
      vertex 37.0228 14.4041 14
      vertex 37.0228 14.4041 18.42
    endloop
  endfacet
  facet normal 0.707107 0.707107 0
    outer loop
      vertex 37.0228 14.4041 14
      vertex 37.9041 13.5228 18.42
      vertex 37.9041 13.5228 14
    endloop
  endfacet
  facet normal -0.0871351 -0.996197 0
    outer loop
      vertex 42.5 26.15 14
      vertex 43.7416 26.0414 18.42
      vertex 42.5 26.15 18.42
    endloop
  endfacet
  facet normal -0.0871351 -0.996197 -0
    outer loop
      vertex 43.7416 26.0414 18.42
      vertex 42.5 26.15 14
      vertex 43.7416 26.0414 14
    endloop
  endfacet
  facet normal -0.258851 -0.965917 0
    outer loop
      vertex 43.7416 26.0414 14
      vertex 44.9454 25.7188 18.42
      vertex 43.7416 26.0414 18.42
    endloop
  endfacet
  facet normal -0.258851 -0.965917 -0
    outer loop
      vertex 44.9454 25.7188 18.42
      vertex 43.7416 26.0414 14
      vertex 44.9454 25.7188 14
    endloop
  endfacet
  facet normal -0.996197 0.0871351 0
    outer loop
      vertex 49.5414 17.7584 14
      vertex 49.65 19 18.42
      vertex 49.65 19 14
    endloop
  endfacet
  facet normal -0.996197 0.0871351 0
    outer loop
      vertex 49.65 19 18.42
      vertex 49.5414 17.7584 14
      vertex 49.5414 17.7584 18.42
    endloop
  endfacet
  facet normal 0.965917 -0.258851 0
    outer loop
      vertex 35.4586 20.2416 18.42
      vertex 35.7812 21.4454 14
      vertex 35.7812 21.4454 18.42
    endloop
  endfacet
  facet normal 0.965917 -0.258851 0
    outer loop
      vertex 35.7812 21.4454 14
      vertex 35.4586 20.2416 18.42
      vertex 35.4586 20.2416 14
    endloop
  endfacet
  facet normal 0.90632 -0.422591 0
    outer loop
      vertex 35.7812 21.4454 18.42
      vertex 36.3079 22.575 14
      vertex 36.3079 22.575 18.42
    endloop
  endfacet
  facet normal 0.90632 -0.422591 0
    outer loop
      vertex 36.3079 22.575 14
      vertex 35.7812 21.4454 18.42
      vertex 35.7812 21.4454 14
    endloop
  endfacet
  facet normal -0.965917 0.258851 0
    outer loop
      vertex 49.2188 16.5546 14
      vertex 49.5414 17.7584 18.42
      vertex 49.5414 17.7584 14
    endloop
  endfacet
  facet normal -0.965917 0.258851 0
    outer loop
      vertex 49.5414 17.7584 18.42
      vertex 49.2188 16.5546 14
      vertex 49.2188 16.5546 18.42
    endloop
  endfacet
  facet normal 0.90632 0.422591 0
    outer loop
      vertex 36.3079 15.425 18.42
      vertex 35.7812 16.5546 14
      vertex 35.7812 16.5546 18.42
    endloop
  endfacet
  facet normal 0.90632 0.422591 0
    outer loop
      vertex 35.7812 16.5546 14
      vertex 36.3079 15.425 18.42
      vertex 36.3079 15.425 14
    endloop
  endfacet
  facet normal 0.0871351 0.996197 -0
    outer loop
      vertex 42.5 11.85 14
      vertex 41.2584 11.9586 18.42
      vertex 42.5 11.85 18.42
    endloop
  endfacet
  facet normal 0.0871351 0.996197 0
    outer loop
      vertex 41.2584 11.9586 18.42
      vertex 42.5 11.85 14
      vertex 41.2584 11.9586 14
    endloop
  endfacet
  facet normal 0.81913 0.573608 0
    outer loop
      vertex 37.0228 14.4041 18.42
      vertex 36.3079 15.425 14
      vertex 36.3079 15.425 18.42
    endloop
  endfacet
  facet normal 0.81913 0.573608 0
    outer loop
      vertex 36.3079 15.425 14
      vertex 37.0228 14.4041 18.42
      vertex 37.0228 14.4041 14
    endloop
  endfacet
  facet normal 0.996197 -0.0871351 0
    outer loop
      vertex 35.35 19 18.42
      vertex 35.4586 20.2416 14
      vertex 35.4586 20.2416 18.42
    endloop
  endfacet
  facet normal 0.996197 -0.0871351 0
    outer loop
      vertex 35.4586 20.2416 14
      vertex 35.35 19 18.42
      vertex 35.35 19 14
    endloop
  endfacet
  facet normal 0.81913 -0.573608 0
    outer loop
      vertex 36.3079 22.575 18.42
      vertex 37.0228 23.5959 14
      vertex 37.0228 23.5959 18.42
    endloop
  endfacet
  facet normal 0.81913 -0.573608 0
    outer loop
      vertex 37.0228 23.5959 14
      vertex 36.3079 22.575 18.42
      vertex 36.3079 22.575 14
    endloop
  endfacet
  facet normal -0.81913 -0.573608 0
    outer loop
      vertex 48.6921 22.575 14
      vertex 47.9772 23.5959 18.42
      vertex 47.9772 23.5959 14
    endloop
  endfacet
  facet normal -0.81913 -0.573608 0
    outer loop
      vertex 47.9772 23.5959 18.42
      vertex 48.6921 22.575 14
      vertex 48.6921 22.575 18.42
    endloop
  endfacet
  facet normal -0.422591 0.90632 0
    outer loop
      vertex 46.075 12.8079 14
      vertex 44.9454 12.2812 18.42
      vertex 46.075 12.8079 18.42
    endloop
  endfacet
  facet normal -0.422591 0.90632 0
    outer loop
      vertex 44.9454 12.2812 18.42
      vertex 46.075 12.8079 14
      vertex 44.9454 12.2812 14
    endloop
  endfacet
  facet normal -0.573608 0.81913 0
    outer loop
      vertex 47.0959 13.5228 14
      vertex 46.075 12.8079 18.42
      vertex 47.0959 13.5228 18.42
    endloop
  endfacet
  facet normal -0.573608 0.81913 0
    outer loop
      vertex 46.075 12.8079 18.42
      vertex 47.0959 13.5228 14
      vertex 46.075 12.8079 14
    endloop
  endfacet
  facet normal -0.90632 -0.422591 0
    outer loop
      vertex 49.2188 21.4454 14
      vertex 48.6921 22.575 18.42
      vertex 48.6921 22.575 14
    endloop
  endfacet
  facet normal -0.90632 -0.422591 0
    outer loop
      vertex 48.6921 22.575 18.42
      vertex 49.2188 21.4454 14
      vertex 49.2188 21.4454 18.42
    endloop
  endfacet
  facet normal 0.258851 0.965917 -0
    outer loop
      vertex 41.2584 11.9586 14
      vertex 40.0546 12.2812 18.42
      vertex 41.2584 11.9586 18.42
    endloop
  endfacet
  facet normal 0.258851 0.965917 0
    outer loop
      vertex 40.0546 12.2812 18.42
      vertex 41.2584 11.9586 14
      vertex 40.0546 12.2812 14
    endloop
  endfacet
  facet normal -1 0 0
    outer loop
      vertex 60.75 7.6 29.2
      vertex 60.75 31.4 30
      vertex 60.75 31.4 29.2
    endloop
  endfacet
  facet normal -1 -0 0
    outer loop
      vertex 60.75 31.4 30
      vertex 60.75 7.6 29.2
      vertex 60.75 7.6 30
    endloop
  endfacet
  facet normal -0 0 1
    outer loop
      vertex 12.25 31.4 29.2
      vertex 60.75 7.6 29.2
      vertex 60.75 31.4 29.2
    endloop
  endfacet
  facet normal 0 0 1
    outer loop
      vertex 60.75 7.6 29.2
      vertex 12.25 31.4 29.2
      vertex 12.25 7.6 29.2
    endloop
  endfacet
  facet normal 1 -0 0
    outer loop
      vertex 12.25 7.6 30
      vertex 12.25 31.4 29.2
      vertex 12.25 31.4 30
    endloop
  endfacet
  facet normal 1 0 0
    outer loop
      vertex 12.25 31.4 29.2
      vertex 12.25 7.6 30
      vertex 12.25 7.6 29.2
    endloop
  endfacet
  facet normal 0 -1 0
    outer loop
      vertex 12.25 31.4 29.2
      vertex 60.75 31.4 30
      vertex 12.25 31.4 30
    endloop
  endfacet
  facet normal 0 -1 -0
    outer loop
      vertex 60.75 31.4 30
      vertex 12.25 31.4 29.2
      vertex 60.75 31.4 29.2
    endloop
  endfacet
  facet normal 0 1 -0
    outer loop
      vertex 60.75 7.6 29.2
      vertex 12.25 7.6 30
      vertex 60.75 7.6 30
    endloop
  endfacet
  facet normal 0 1 0
    outer loop
      vertex 12.25 7.6 30
      vertex 60.75 7.6 29.2
      vertex 12.25 7.6 29.2
    endloop
  endfacet
endsolid OpenSCAD_Model
