solid OpenSCAD_Model
  facet normal -1 0 0
    outer loop
      vertex 0 0 1.2
      vertex 0 34.8 3.2
      vertex 0 34.8 1.2
    endloop
  endfacet
  facet normal -1 -0 0
    outer loop
      vertex 0 34.8 3.2
      vertex 0 0 1.2
      vertex 0 0 3.2
    endloop
  endfacet
  facet normal 0 0 1
    outer loop
      vertex 7.28582 28.326 3.2
      vertex 10.5 29.95 3.2
      vertex 7.34889 28.5118 3.2
    endloop
  endfacet
  facet normal 0 0 1
    outer loop
      vertex 10.5 5.85 3.2
      vertex 7.38717 6.09579 3.2
      vertex 7.4 5.9 3.2
    endloop
  endfacet
  facet normal 0 0 1
    outer loop
      vertex 7.19904 28.15 3.2
      vertex 10.5 29.95 3.2
      vertex 7.28582 28.326 3.2
    endloop
  endfacet
  facet normal 0 0 1
    outer loop
      vertex 10.5 5.85 3.2
      vertex 7.34889 6.28823 3.2
      vertex 7.38717 6.09579 3.2
    endloop
  endfacet
  facet normal 0 0 1
    outer loop
      vertex 7.09003 27.9869 3.2
      vertex 10.5 29.95 3.2
      vertex 7.19904 28.15 3.2
    endloop
  endfacet
  facet normal 0 0 1
    outer loop
      vertex 10.5 5.85 3.2
      vertex 7.28582 6.47402 3.2
      vertex 7.34889 6.28823 3.2
    endloop
  endfacet
  facet normal 0 0 1
    outer loop
      vertex 6.96066 27.8393 3.2
      vertex 10.5 29.95 3.2
      vertex 7.09003 27.9869 3.2
    endloop
  endfacet
  facet normal 0 0 1
    outer loop
      vertex 10.5 5.85 3.2
      vertex 7.19904 6.65 3.2
      vertex 7.28582 6.47402 3.2
    endloop
  endfacet
  facet normal 0 0 1
    outer loop
      vertex 6.81314 27.71 3.2
      vertex 10.5 29.95 3.2
      vertex 6.96066 27.8393 3.2
    endloop
  endfacet
  facet normal 0 0 1
    outer loop
      vertex 10.5 5.85 3.2
      vertex 7.09003 6.81314 3.2
      vertex 7.19904 6.65 3.2
    endloop
  endfacet
  facet normal 0 0 1
    outer loop
      vertex 10.5 29.95 3.2
      vertex 6.81314 27.71 3.2
      vertex 10.5 5.85 3.2
    endloop
  endfacet
  facet normal 0 0 1
    outer loop
      vertex 10.5 5.85 3.2
      vertex 6.96066 6.96066 3.2
      vertex 7.09003 6.81314 3.2
    endloop
  endfacet
  facet normal -0 0 1
    outer loop
      vertex 6.65 27.601 3.2
      vertex 10.5 5.85 3.2
      vertex 6.81314 27.71 3.2
    endloop
  endfacet
  facet normal 0 0 1
    outer loop
      vertex 10.5 5.85 3.2
      vertex 6.81314 7.09003 3.2
      vertex 6.96066 6.96066 3.2
    endloop
  endfacet
  facet normal -0 0 1
    outer loop
      vertex 6.65 7.19904 3.2
      vertex 10.5 5.85 3.2
      vertex 6.65 27.601 3.2
    endloop
  endfacet
  facet normal 0 0 1
    outer loop
      vertex 10.5 5.85 3.2
      vertex 6.65 7.19904 3.2
      vertex 6.81314 7.09003 3.2
    endloop
  endfacet
  facet normal -0 0 1
    outer loop
      vertex 6.47402 27.5142 3.2
      vertex 6.65 7.19904 3.2
      vertex 6.65 27.601 3.2
    endloop
  endfacet
  facet normal 0 0 1
    outer loop
      vertex 6.47402 27.5142 3.2
      vertex 6.47402 7.28582 3.2
      vertex 6.65 7.19904 3.2
    endloop
  endfacet
  facet normal -0 0 1
    outer loop
      vertex 6.28823 27.4511 3.2
      vertex 6.47402 7.28582 3.2
      vertex 6.47402 27.5142 3.2
    endloop
  endfacet
  facet normal 0 0 1
    outer loop
      vertex 6.28823 27.4511 3.2
      vertex 6.28823 7.34889 3.2
      vertex 6.47402 7.28582 3.2
    endloop
  endfacet
  facet normal -0 0 1
    outer loop
      vertex 6.09579 27.4128 3.2
      vertex 6.28823 7.34889 3.2
      vertex 6.28823 27.4511 3.2
    endloop
  endfacet
  facet normal 0 0 1
    outer loop
      vertex 6.09579 27.4128 3.2
      vertex 6.09579 7.38717 3.2
      vertex 6.28823 7.34889 3.2
    endloop
  endfacet
  facet normal -0 0 1
    outer loop
      vertex 5.9 27.4 3.2
      vertex 6.09579 7.38717 3.2
      vertex 6.09579 27.4128 3.2
    endloop
  endfacet
  facet normal 0 0 1
    outer loop
      vertex 5.9 27.4 3.2
      vertex 5.9 7.4 3.2
      vertex 6.09579 7.38717 3.2
    endloop
  endfacet
  facet normal 0 0 1
    outer loop
      vertex 5.70421 27.4128 3.2
      vertex 5.9 7.4 3.2
      vertex 5.9 27.4 3.2
    endloop
  endfacet
  facet normal 0 0 1
    outer loop
      vertex 5.70421 27.4128 3.2
      vertex 5.70421 7.38717 3.2
      vertex 5.9 7.4 3.2
    endloop
  endfacet
  facet normal 0 0 1
    outer loop
      vertex 5.51177 27.4511 3.2
      vertex 5.70421 7.38717 3.2
      vertex 5.70421 27.4128 3.2
    endloop
  endfacet
  facet normal 0 0 1
    outer loop
      vertex 5.51177 27.4511 3.2
      vertex 5.51177 7.34889 3.2
      vertex 5.70421 7.38717 3.2
    endloop
  endfacet
  facet normal 0 0 1
    outer loop
      vertex 5.32597 27.5142 3.2
      vertex 5.51177 7.34889 3.2
      vertex 5.51177 27.4511 3.2
    endloop
  endfacet
  facet normal 0 0 1
    outer loop
      vertex 5.32597 27.5142 3.2
      vertex 5.32597 7.28582 3.2
      vertex 5.51177 7.34889 3.2
    endloop
  endfacet
  facet normal 0 0 1
    outer loop
      vertex 5.15 27.601 3.2
      vertex 5.32597 7.28582 3.2
      vertex 5.32597 27.5142 3.2
    endloop
  endfacet
  facet normal 0 0 1
    outer loop
      vertex 5.15 27.601 3.2
      vertex 5.15 7.19904 3.2
      vertex 5.32597 7.28582 3.2
    endloop
  endfacet
  facet normal 0 0 1
    outer loop
      vertex 4.98686 27.71 3.2
      vertex 5.15 7.19904 3.2
      vertex 5.15 27.601 3.2
    endloop
  endfacet
  facet normal 0 0 1
    outer loop
      vertex 4.98686 27.71 3.2
      vertex 4.98686 7.09003 3.2
      vertex 5.15 7.19904 3.2
    endloop
  endfacet
  facet normal 0 0 1
    outer loop
      vertex 4.83934 27.8393 3.2
      vertex 4.98686 7.09003 3.2
      vertex 4.98686 27.71 3.2
    endloop
  endfacet
  facet normal 0 0 1
    outer loop
      vertex 4.83934 27.8393 3.2
      vertex 4.83934 6.96066 3.2
      vertex 4.98686 7.09003 3.2
    endloop
  endfacet
  facet normal 0 0 1
    outer loop
      vertex 4.70997 27.9869 3.2
      vertex 4.83934 6.96066 3.2
      vertex 4.83934 27.8393 3.2
    endloop
  endfacet
  facet normal 0 0 1
    outer loop
      vertex 4.70997 27.9869 3.2
      vertex 4.70997 6.81314 3.2
      vertex 4.83934 6.96066 3.2
    endloop
  endfacet
  facet normal 0 0 1
    outer loop
      vertex 4.60096 28.15 3.2
      vertex 4.70997 6.81314 3.2
      vertex 4.70997 27.9869 3.2
    endloop
  endfacet
  facet normal 0 0 1
    outer loop
      vertex 4.60096 28.15 3.2
      vertex 4.60096 6.65 3.2
      vertex 4.70997 6.81314 3.2
    endloop
  endfacet
  facet normal 0 0 1
    outer loop
      vertex 4.51418 28.326 3.2
      vertex 4.60096 6.65 3.2
      vertex 4.60096 28.15 3.2
    endloop
  endfacet
  facet normal 0 0 1
    outer loop
      vertex 4.51418 28.326 3.2
      vertex 4.51418 6.47402 3.2
      vertex 4.60096 6.65 3.2
    endloop
  endfacet
  facet normal 0 0 1
    outer loop
      vertex 0 34.8 3.2
      vertex 4.51418 28.326 3.2
      vertex 4.45111 28.5118 3.2
    endloop
  endfacet
  facet normal 0 0 1
    outer loop
      vertex 4.51418 28.326 3.2
      vertex 0 34.8 3.2
      vertex 4.51418 6.47402 3.2
    endloop
  endfacet
  facet normal 0 0 1
    outer loop
      vertex 0 34.8 3.2
      vertex 4.45111 28.5118 3.2
      vertex 4.41283 28.7042 3.2
    endloop
  endfacet
  facet normal 0 0 1
    outer loop
      vertex 0 0 3.2
      vertex 4.51418 6.47402 3.2
      vertex 0 34.8 3.2
    endloop
  endfacet
  facet normal 0 0 1
    outer loop
      vertex 0 34.8 3.2
      vertex 4.41283 28.7042 3.2
      vertex 4.4 28.9 3.2
    endloop
  endfacet
  facet normal 0 0 1
    outer loop
      vertex 4.51418 6.47402 3.2
      vertex 0 0 3.2
      vertex 4.45111 6.28823 3.2
    endloop
  endfacet
  facet normal 0 0 1
    outer loop
      vertex 71.8898 26.1945 3.2
      vertex 64.8131 27.71 3.2
      vertex 72.072 25.825 3.2
    endloop
  endfacet
  facet normal 0 0 1
    outer loop
      vertex 71.65 17.4 3.2
      vertex 65.3872 6.09579 3.2
      vertex 65.4 5.9 3.2
    endloop
  endfacet
  facet normal -0 0 1
    outer loop
      vertex 64.65 27.601 3.2
      vertex 72.072 25.825 3.2
      vertex 64.8131 27.71 3.2
    endloop
  endfacet
  facet normal 0 0 1
    outer loop
      vertex 71.65 17.4 3.2
      vertex 65.3489 6.28823 3.2
      vertex 65.3872 6.09579 3.2
    endloop
  endfacet
  facet normal 0 0 1
    outer loop
      vertex 72.072 25.825 3.2
      vertex 64.65 27.601 3.2
      vertex 72.072 18.975 3.2
    endloop
  endfacet
  facet normal 0 0 1
    outer loop
      vertex 71.65 17.4 3.2
      vertex 65.2858 6.47402 3.2
      vertex 65.3489 6.28823 3.2
    endloop
  endfacet
  facet normal -0 0 1
    outer loop
      vertex 64.474 27.5142 3.2
      vertex 72.072 18.975 3.2
      vertex 64.65 27.601 3.2
    endloop
  endfacet
  facet normal 0 0 1
    outer loop
      vertex 71.65 17.4 3.2
      vertex 65.199 6.65 3.2
      vertex 65.2858 6.47402 3.2
    endloop
  endfacet
  facet normal 0 0 1
    outer loop
      vertex 72.072 18.975 3.2
      vertex 64.474 27.5142 3.2
      vertex 71.8898 18.6055 3.2
    endloop
  endfacet
  facet normal 0 0 1
    outer loop
      vertex 71.65 17.4 3.2
      vertex 65.09 6.81314 3.2
      vertex 65.199 6.65 3.2
    endloop
  endfacet
  facet normal -0 0 1
    outer loop
      vertex 64.2882 27.4511 3.2
      vertex 71.8898 18.6055 3.2
      vertex 64.474 27.5142 3.2
    endloop
  endfacet
  facet normal 0 0 1
    outer loop
      vertex 71.65 17.4 3.2
      vertex 64.9607 6.96066 3.2
      vertex 65.09 6.81314 3.2
    endloop
  endfacet
  facet normal -0 0 1
    outer loop
      vertex 64.0958 27.4128 3.2
      vertex 71.8898 18.6055 3.2
      vertex 64.2882 27.4511 3.2
    endloop
  endfacet
  facet normal 0 0 1
    outer loop
      vertex 71.65 17.4 3.2
      vertex 64.8131 7.09003 3.2
      vertex 64.9607 6.96066 3.2
    endloop
  endfacet
  facet normal 0 0 1
    outer loop
      vertex 71.8898 18.6055 3.2
      vertex 64.0958 27.4128 3.2
      vertex 71.7573 18.2153 3.2
    endloop
  endfacet
  facet normal 0 0 1
    outer loop
      vertex 71.65 17.4 3.2
      vertex 64.65 7.19904 3.2
      vertex 64.8131 7.09003 3.2
    endloop
  endfacet
  facet normal -0 0 1
    outer loop
      vertex 63.9 27.4 3.2
      vertex 71.7573 18.2153 3.2
      vertex 64.0958 27.4128 3.2
    endloop
  endfacet
  facet normal 0 0 1
    outer loop
      vertex 71.65 17.4 3.2
      vertex 64.474 7.28582 3.2
      vertex 64.65 7.19904 3.2
    endloop
  endfacet
  facet normal 0 0 1
    outer loop
      vertex 71.7573 18.2153 3.2
      vertex 63.9 27.4 3.2
      vertex 71.6769 17.8112 3.2
    endloop
  endfacet
  facet normal 0 0 1
    outer loop
      vertex 71.65 17.4 3.2
      vertex 64.2882 7.34889 3.2
      vertex 64.474 7.28582 3.2
    endloop
  endfacet
  facet normal 0 0 1
    outer loop
      vertex 63.7042 27.4128 3.2
      vertex 71.6769 17.8112 3.2
      vertex 63.9 27.4 3.2
    endloop
  endfacet
  facet normal 0 0 1
    outer loop
      vertex 71.65 17.4 3.2
      vertex 64.0958 7.38717 3.2
      vertex 64.2882 7.34889 3.2
    endloop
  endfacet
  facet normal 0 0 1
    outer loop
      vertex 71.6769 17.8112 3.2
      vertex 63.7042 27.4128 3.2
      vertex 71.65 17.4 3.2
    endloop
  endfacet
  facet normal 0 0 1
    outer loop
      vertex 71.65 17.4 3.2
      vertex 63.9 7.4 3.2
      vertex 64.0958 7.38717 3.2
    endloop
  endfacet
  facet normal 0 0 1
    outer loop
      vertex 63.5118 27.4511 3.2
      vertex 71.65 17.4 3.2
      vertex 63.7042 27.4128 3.2
    endloop
  endfacet
  facet normal 0 0 1
    outer loop
      vertex 71.65 17.4 3.2
      vertex 63.7042 7.38717 3.2
      vertex 63.9 7.4 3.2
    endloop
  endfacet
  facet normal 0 0 1
    outer loop
      vertex 63.5118 7.34889 3.2
      vertex 71.65 17.4 3.2
      vertex 63.5118 27.4511 3.2
    endloop
  endfacet
  facet normal 0 0 1
    outer loop
      vertex 71.65 17.4 3.2
      vertex 63.5118 7.34889 3.2
      vertex 63.7042 7.38717 3.2
    endloop
  endfacet
  facet normal 0 0 1
    outer loop
      vertex 63.326 27.5142 3.2
      vertex 63.5118 7.34889 3.2
      vertex 63.5118 27.4511 3.2
    endloop
  endfacet
  facet normal 0 0 1
    outer loop
      vertex 63.326 27.5142 3.2
      vertex 63.326 7.28582 3.2
      vertex 63.5118 7.34889 3.2
    endloop
  endfacet
  facet normal 0 0 1
    outer loop
      vertex 63.15 27.601 3.2
      vertex 63.326 7.28582 3.2
      vertex 63.326 27.5142 3.2
    endloop
  endfacet
  facet normal 0 0 1
    outer loop
      vertex 63.15 27.601 3.2
      vertex 63.15 7.19904 3.2
      vertex 63.326 7.28582 3.2
    endloop
  endfacet
  facet normal 0 0 1
    outer loop
      vertex 59.3 5.85 3.2
      vertex 63.15 27.601 3.2
      vertex 62.9869 27.71 3.2
    endloop
  endfacet
  facet normal 0 0 1
    outer loop
      vertex 63.15 27.601 3.2
      vertex 59.3 5.85 3.2
      vertex 63.15 7.19904 3.2
    endloop
  endfacet
  facet normal 0 0 1
    outer loop
      vertex 59.3 29.95 3.2
      vertex 62.9869 27.71 3.2
      vertex 62.8393 27.8393 3.2
    endloop
  endfacet
  facet normal 0 0 1
    outer loop
      vertex 63.15 7.19904 3.2
      vertex 59.3 5.85 3.2
      vertex 62.9869 7.09003 3.2
    endloop
  endfacet
  facet normal 0 0 1
    outer loop
      vertex 59.3 29.95 3.2
      vertex 62.8393 27.8393 3.2
      vertex 62.71 27.9869 3.2
    endloop
  endfacet
  facet normal 0 0 1
    outer loop
      vertex 62.9869 7.09003 3.2
      vertex 59.3 5.85 3.2
      vertex 62.8393 6.96066 3.2
    endloop
  endfacet
  facet normal 0 0 1
    outer loop
      vertex 59.3 29.95 3.2
      vertex 62.71 27.9869 3.2
      vertex 62.601 28.15 3.2
    endloop
  endfacet
  facet normal 0 0 1
    outer loop
      vertex 62.8393 6.96066 3.2
      vertex 59.3 5.85 3.2
      vertex 62.71 6.81314 3.2
    endloop
  endfacet
  facet normal 0 0 1
    outer loop
      vertex 59.3 29.95 3.2
      vertex 62.601 28.15 3.2
      vertex 62.5142 28.326 3.2
    endloop
  endfacet
  facet normal 0 0 1
    outer loop
      vertex 62.71 6.81314 3.2
      vertex 59.3 5.85 3.2
      vertex 62.601 6.65 3.2
    endloop
  endfacet
  facet normal 0 0 1
    outer loop
      vertex 59.3 29.95 3.2
      vertex 62.5142 28.326 3.2
      vertex 62.4511 28.5118 3.2
    endloop
  endfacet
  facet normal 0 0 1
    outer loop
      vertex 62.601 6.65 3.2
      vertex 59.3 5.85 3.2
      vertex 62.5142 6.47402 3.2
    endloop
  endfacet
  facet normal 0 0 1
    outer loop
      vertex 59.3 29.95 3.2
      vertex 62.4511 28.5118 3.2
      vertex 62.4128 28.7042 3.2
    endloop
  endfacet
  facet normal 0 0 1
    outer loop
      vertex 62.5142 6.47402 3.2
      vertex 59.3 5.85 3.2
      vertex 62.4511 6.28823 3.2
    endloop
  endfacet
  facet normal 0 0 1
    outer loop
      vertex 59.3 29.95 3.2
      vertex 62.4128 28.7042 3.2
      vertex 62.4 28.9 3.2
    endloop
  endfacet
  facet normal 0 0 1
    outer loop
      vertex 62.4511 6.28823 3.2
      vertex 59.3 5.85 3.2
      vertex 62.4128 6.09579 3.2
    endloop
  endfacet
  facet normal -0 0 1
    outer loop
      vertex 77.923 7.81116 3.2
      vertex 79.8 0 3.2
      vertex 77.923 16.9888 3.2
    endloop
  endfacet
  facet normal 0 0 1
    outer loop
      vertex 79.8 0 3.2
      vertex 77.923 7.81116 3.2
      vertex 77.95 7.4 3.2
    endloop
  endfacet
  facet normal -0 0 1
    outer loop
      vertex 77.8427 16.5847 3.2
      vertex 77.923 7.81116 3.2
      vertex 77.923 16.9888 3.2
    endloop
  endfacet
  facet normal 0 0 1
    outer loop
      vertex 77.8427 16.5847 3.2
      vertex 77.8427 8.21528 3.2
      vertex 77.923 7.81116 3.2
    endloop
  endfacet
  facet normal -0 0 1
    outer loop
      vertex 77.7102 16.1945 3.2
      vertex 77.8427 8.21528 3.2
      vertex 77.8427 16.5847 3.2
    endloop
  endfacet
  facet normal 0 0 1
    outer loop
      vertex 77.7102 16.1945 3.2
      vertex 77.7102 8.60545 3.2
      vertex 77.8427 8.21528 3.2
    endloop
  endfacet
  facet normal -0 0 1
    outer loop
      vertex 77.528 15.825 3.2
      vertex 77.7102 8.60545 3.2
      vertex 77.7102 16.1945 3.2
    endloop
  endfacet
  facet normal 0 0 1
    outer loop
      vertex 77.528 15.825 3.2
      vertex 77.528 8.975 3.2
      vertex 77.7102 8.60545 3.2
    endloop
  endfacet
  facet normal -0 0 1
    outer loop
      vertex 77.2991 15.4824 3.2
      vertex 77.528 8.975 3.2
      vertex 77.528 15.825 3.2
    endloop
  endfacet
  facet normal 0 0 1
    outer loop
      vertex 77.2991 15.4824 3.2
      vertex 77.2991 9.3176 3.2
      vertex 77.528 8.975 3.2
    endloop
  endfacet
  facet normal -0 0 1
    outer loop
      vertex 77.0274 15.1726 3.2
      vertex 77.2991 9.3176 3.2
      vertex 77.2991 15.4824 3.2
    endloop
  endfacet
  facet normal 0 0 1
    outer loop
      vertex 77.0274 15.1726 3.2
      vertex 77.0274 9.62739 3.2
      vertex 77.2991 9.3176 3.2
    endloop
  endfacet
  facet normal -0 0 1
    outer loop
      vertex 76.7176 14.9009 3.2
      vertex 77.0274 9.62739 3.2
      vertex 77.0274 15.1726 3.2
    endloop
  endfacet
  facet normal 0 0 1
    outer loop
      vertex 76.7176 14.9009 3.2
      vertex 76.7176 9.89906 3.2
      vertex 77.0274 9.62739 3.2
    endloop
  endfacet
  facet normal -0 0 1
    outer loop
      vertex 76.375 14.672 3.2
      vertex 76.7176 9.89906 3.2
      vertex 76.7176 14.9009 3.2
    endloop
  endfacet
  facet normal 0 0 1
    outer loop
      vertex 76.375 14.672 3.2
      vertex 76.375 10.128 3.2
      vertex 76.7176 9.89906 3.2
    endloop
  endfacet
  facet normal -0 0 1
    outer loop
      vertex 76.0055 14.4898 3.2
      vertex 76.375 10.128 3.2
      vertex 76.375 14.672 3.2
    endloop
  endfacet
  facet normal 0 0 1
    outer loop
      vertex 76.0055 14.4898 3.2
      vertex 76.0055 10.3102 3.2
      vertex 76.375 10.128 3.2
    endloop
  endfacet
  facet normal -0 0 1
    outer loop
      vertex 75.6153 14.3573 3.2
      vertex 76.0055 10.3102 3.2
      vertex 76.0055 14.4898 3.2
    endloop
  endfacet
  facet normal 0 0 1
    outer loop
      vertex 75.6153 14.3573 3.2
      vertex 75.6153 10.4427 3.2
      vertex 76.0055 10.3102 3.2
    endloop
  endfacet
  facet normal -0 0 1
    outer loop
      vertex 75.2112 14.2769 3.2
      vertex 75.6153 10.4427 3.2
      vertex 75.6153 14.3573 3.2
    endloop
  endfacet
  facet normal 0 0 1
    outer loop
      vertex 75.2112 14.2769 3.2
      vertex 75.2112 10.5231 3.2
      vertex 75.6153 10.4427 3.2
    endloop
  endfacet
  facet normal -0 0 1
    outer loop
      vertex 74.8 14.25 3.2
      vertex 75.2112 10.5231 3.2
      vertex 75.2112 14.2769 3.2
    endloop
  endfacet
  facet normal 0 0 1
    outer loop
      vertex 74.8 14.25 3.2
      vertex 74.8 10.55 3.2
      vertex 75.2112 10.5231 3.2
    endloop
  endfacet
  facet normal 0 0 1
    outer loop
      vertex 74.3888 14.2769 3.2
      vertex 74.8 10.55 3.2
      vertex 74.8 14.25 3.2
    endloop
  endfacet
  facet normal 0 0 1
    outer loop
      vertex 74.3888 14.2769 3.2
      vertex 74.3888 10.5231 3.2
      vertex 74.8 10.55 3.2
    endloop
  endfacet
  facet normal 0 0 1
    outer loop
      vertex 73.9847 14.3573 3.2
      vertex 74.3888 10.5231 3.2
      vertex 74.3888 14.2769 3.2
    endloop
  endfacet
  facet normal 0 0 1
    outer loop
      vertex 73.9847 14.3573 3.2
      vertex 73.9847 10.4427 3.2
      vertex 74.3888 10.5231 3.2
    endloop
  endfacet
  facet normal 0 0 1
    outer loop
      vertex 73.5945 14.4898 3.2
      vertex 73.9847 10.4427 3.2
      vertex 73.9847 14.3573 3.2
    endloop
  endfacet
  facet normal 0 0 1
    outer loop
      vertex 73.5945 14.4898 3.2
      vertex 73.5945 10.3102 3.2
      vertex 73.9847 10.4427 3.2
    endloop
  endfacet
  facet normal 0 0 1
    outer loop
      vertex 73.225 14.672 3.2
      vertex 73.5945 10.3102 3.2
      vertex 73.5945 14.4898 3.2
    endloop
  endfacet
  facet normal 0 0 1
    outer loop
      vertex 73.225 14.672 3.2
      vertex 73.225 10.128 3.2
      vertex 73.5945 10.3102 3.2
    endloop
  endfacet
  facet normal 0 0 1
    outer loop
      vertex 72.8824 14.9009 3.2
      vertex 73.225 10.128 3.2
      vertex 73.225 14.672 3.2
    endloop
  endfacet
  facet normal 0 0 1
    outer loop
      vertex 72.8824 14.9009 3.2
      vertex 72.8824 9.89906 3.2
      vertex 73.225 10.128 3.2
    endloop
  endfacet
  facet normal 0 0 1
    outer loop
      vertex 72.5726 15.1726 3.2
      vertex 72.8824 9.89906 3.2
      vertex 72.8824 14.9009 3.2
    endloop
  endfacet
  facet normal 0 0 1
    outer loop
      vertex 72.5726 15.1726 3.2
      vertex 72.5726 9.62739 3.2
      vertex 72.8824 9.89906 3.2
    endloop
  endfacet
  facet normal 0 0 1
    outer loop
      vertex 72.3009 15.4824 3.2
      vertex 72.5726 9.62739 3.2
      vertex 72.5726 15.1726 3.2
    endloop
  endfacet
  facet normal 0 0 1
    outer loop
      vertex 72.3009 15.4824 3.2
      vertex 72.3009 9.3176 3.2
      vertex 72.5726 9.62739 3.2
    endloop
  endfacet
  facet normal 0 0 1
    outer loop
      vertex 72.072 15.825 3.2
      vertex 72.3009 9.3176 3.2
      vertex 72.3009 15.4824 3.2
    endloop
  endfacet
  facet normal 0 0 1
    outer loop
      vertex 72.072 15.825 3.2
      vertex 72.072 8.975 3.2
      vertex 72.3009 9.3176 3.2
    endloop
  endfacet
  facet normal 0 0 1
    outer loop
      vertex 65.4 5.9 3.2
      vertex 72.072 15.825 3.2
      vertex 71.8898 16.1945 3.2
    endloop
  endfacet
  facet normal 0 0 1
    outer loop
      vertex 72.072 15.825 3.2
      vertex 65.4 5.9 3.2
      vertex 72.072 8.975 3.2
    endloop
  endfacet
  facet normal 0 0 1
    outer loop
      vertex 65.4 5.9 3.2
      vertex 71.8898 16.1945 3.2
      vertex 71.7573 16.5847 3.2
    endloop
  endfacet
  facet normal 0 0 1
    outer loop
      vertex 72.072 8.975 3.2
      vertex 65.4 5.9 3.2
      vertex 71.8898 8.60545 3.2
    endloop
  endfacet
  facet normal 0 0 1
    outer loop
      vertex 65.4 5.9 3.2
      vertex 71.7573 16.5847 3.2
      vertex 71.6769 16.9888 3.2
    endloop
  endfacet
  facet normal 0 0 1
    outer loop
      vertex 71.8898 8.60545 3.2
      vertex 65.4 5.9 3.2
      vertex 71.7573 8.21528 3.2
    endloop
  endfacet
  facet normal 0 0 1
    outer loop
      vertex 65.4 5.9 3.2
      vertex 71.6769 16.9888 3.2
      vertex 71.65 17.4 3.2
    endloop
  endfacet
  facet normal 0 0 1
    outer loop
      vertex 71.7573 8.21528 3.2
      vertex 65.4 5.9 3.2
      vertex 71.6769 7.81116 3.2
    endloop
  endfacet
  facet normal 0 0 1
    outer loop
      vertex 77.923 17.8112 3.2
      vertex 79.8 34.8 3.2
      vertex 77.923 26.9888 3.2
    endloop
  endfacet
  facet normal 0 0 1
    outer loop
      vertex 79.8 34.8 3.2
      vertex 77.923 17.8112 3.2
      vertex 77.95 17.4 3.2
    endloop
  endfacet
  facet normal -0 0 1
    outer loop
      vertex 77.8427 26.5847 3.2
      vertex 77.923 17.8112 3.2
      vertex 77.923 26.9888 3.2
    endloop
  endfacet
  facet normal 0 0 1
    outer loop
      vertex 77.8427 26.5847 3.2
      vertex 77.8427 18.2153 3.2
      vertex 77.923 17.8112 3.2
    endloop
  endfacet
  facet normal -0 0 1
    outer loop
      vertex 77.7102 26.1945 3.2
      vertex 77.8427 18.2153 3.2
      vertex 77.8427 26.5847 3.2
    endloop
  endfacet
  facet normal 0 0 1
    outer loop
      vertex 77.7102 26.1945 3.2
      vertex 77.7102 18.6055 3.2
      vertex 77.8427 18.2153 3.2
    endloop
  endfacet
  facet normal -0 0 1
    outer loop
      vertex 77.528 25.825 3.2
      vertex 77.7102 18.6055 3.2
      vertex 77.7102 26.1945 3.2
    endloop
  endfacet
  facet normal 0 0 1
    outer loop
      vertex 77.528 25.825 3.2
      vertex 77.528 18.975 3.2
      vertex 77.7102 18.6055 3.2
    endloop
  endfacet
  facet normal -0 0 1
    outer loop
      vertex 77.2991 25.4824 3.2
      vertex 77.528 18.975 3.2
      vertex 77.528 25.825 3.2
    endloop
  endfacet
  facet normal 0 0 1
    outer loop
      vertex 77.2991 25.4824 3.2
      vertex 77.2991 19.3176 3.2
      vertex 77.528 18.975 3.2
    endloop
  endfacet
  facet normal -0 0 1
    outer loop
      vertex 77.0274 25.1726 3.2
      vertex 77.2991 19.3176 3.2
      vertex 77.2991 25.4824 3.2
    endloop
  endfacet
  facet normal 0 0 1
    outer loop
      vertex 77.0274 25.1726 3.2
      vertex 77.0274 19.6274 3.2
      vertex 77.2991 19.3176 3.2
    endloop
  endfacet
  facet normal -0 0 1
    outer loop
      vertex 76.7176 24.9009 3.2
      vertex 77.0274 19.6274 3.2
      vertex 77.0274 25.1726 3.2
    endloop
  endfacet
  facet normal 0 0 1
    outer loop
      vertex 76.7176 24.9009 3.2
      vertex 76.7176 19.8991 3.2
      vertex 77.0274 19.6274 3.2
    endloop
  endfacet
  facet normal -0 0 1
    outer loop
      vertex 76.375 24.672 3.2
      vertex 76.7176 19.8991 3.2
      vertex 76.7176 24.9009 3.2
    endloop
  endfacet
  facet normal 0 0 1
    outer loop
      vertex 76.375 24.672 3.2
      vertex 76.375 20.128 3.2
      vertex 76.7176 19.8991 3.2
    endloop
  endfacet
  facet normal -0 0 1
    outer loop
      vertex 76.0055 24.4898 3.2
      vertex 76.375 20.128 3.2
      vertex 76.375 24.672 3.2
    endloop
  endfacet
  facet normal 0 0 1
    outer loop
      vertex 76.0055 24.4898 3.2
      vertex 76.0055 20.3102 3.2
      vertex 76.375 20.128 3.2
    endloop
  endfacet
  facet normal -0 0 1
    outer loop
      vertex 75.6153 24.3573 3.2
      vertex 76.0055 20.3102 3.2
      vertex 76.0055 24.4898 3.2
    endloop
  endfacet
  facet normal 0 0 1
    outer loop
      vertex 75.6153 24.3573 3.2
      vertex 75.6153 20.4427 3.2
      vertex 76.0055 20.3102 3.2
    endloop
  endfacet
  facet normal -0 0 1
    outer loop
      vertex 75.2112 24.2769 3.2
      vertex 75.6153 20.4427 3.2
      vertex 75.6153 24.3573 3.2
    endloop
  endfacet
  facet normal 0 0 1
    outer loop
      vertex 75.2112 24.2769 3.2
      vertex 75.2112 20.5231 3.2
      vertex 75.6153 20.4427 3.2
    endloop
  endfacet
  facet normal -0 0 1
    outer loop
      vertex 74.8 24.25 3.2
      vertex 75.2112 20.5231 3.2
      vertex 75.2112 24.2769 3.2
    endloop
  endfacet
  facet normal 0 0 1
    outer loop
      vertex 74.8 24.25 3.2
      vertex 74.8 20.55 3.2
      vertex 75.2112 20.5231 3.2
    endloop
  endfacet
  facet normal 0 0 1
    outer loop
      vertex 74.3888 24.2769 3.2
      vertex 74.8 20.55 3.2
      vertex 74.8 24.25 3.2
    endloop
  endfacet
  facet normal 0 0 1
    outer loop
      vertex 74.3888 24.2769 3.2
      vertex 74.3888 20.5231 3.2
      vertex 74.8 20.55 3.2
    endloop
  endfacet
  facet normal 0 0 1
    outer loop
      vertex 73.9847 24.3573 3.2
      vertex 74.3888 20.5231 3.2
      vertex 74.3888 24.2769 3.2
    endloop
  endfacet
  facet normal 0 0 1
    outer loop
      vertex 73.9847 24.3573 3.2
      vertex 73.9847 20.4427 3.2
      vertex 74.3888 20.5231 3.2
    endloop
  endfacet
  facet normal 0 0 1
    outer loop
      vertex 73.5945 24.4898 3.2
      vertex 73.9847 20.4427 3.2
      vertex 73.9847 24.3573 3.2
    endloop
  endfacet
  facet normal 0 0 1
    outer loop
      vertex 73.5945 24.4898 3.2
      vertex 73.5945 20.3102 3.2
      vertex 73.9847 20.4427 3.2
    endloop
  endfacet
  facet normal 0 0 1
    outer loop
      vertex 73.225 24.672 3.2
      vertex 73.5945 20.3102 3.2
      vertex 73.5945 24.4898 3.2
    endloop
  endfacet
  facet normal 0 0 1
    outer loop
      vertex 73.225 24.672 3.2
      vertex 73.225 20.128 3.2
      vertex 73.5945 20.3102 3.2
    endloop
  endfacet
  facet normal 0 0 1
    outer loop
      vertex 72.8824 24.9009 3.2
      vertex 73.225 20.128 3.2
      vertex 73.225 24.672 3.2
    endloop
  endfacet
  facet normal 0 0 1
    outer loop
      vertex 72.8824 24.9009 3.2
      vertex 72.8824 19.8991 3.2
      vertex 73.225 20.128 3.2
    endloop
  endfacet
  facet normal 0 0 1
    outer loop
      vertex 72.5726 25.1726 3.2
      vertex 72.8824 19.8991 3.2
      vertex 72.8824 24.9009 3.2
    endloop
  endfacet
  facet normal 0 0 1
    outer loop
      vertex 72.5726 25.1726 3.2
      vertex 72.5726 19.6274 3.2
      vertex 72.8824 19.8991 3.2
    endloop
  endfacet
  facet normal 0 0 1
    outer loop
      vertex 72.3009 25.4824 3.2
      vertex 72.5726 19.6274 3.2
      vertex 72.5726 25.1726 3.2
    endloop
  endfacet
  facet normal 0 0 1
    outer loop
      vertex 72.3009 25.4824 3.2
      vertex 72.3009 19.3176 3.2
      vertex 72.5726 19.6274 3.2
    endloop
  endfacet
  facet normal 0 0 1
    outer loop
      vertex 72.072 25.825 3.2
      vertex 72.3009 19.3176 3.2
      vertex 72.3009 25.4824 3.2
    endloop
  endfacet
  facet normal 0 0 1
    outer loop
      vertex 72.072 25.825 3.2
      vertex 72.072 18.975 3.2
      vertex 72.3009 19.3176 3.2
    endloop
  endfacet
  facet normal 0 0 1
    outer loop
      vertex 71.65 27.4 3.2
      vertex 65.2858 28.326 3.2
      vertex 71.6769 26.9888 3.2
    endloop
  endfacet
  facet normal -0 0 1
    outer loop
      vertex 65.199 28.15 3.2
      vertex 71.6769 26.9888 3.2
      vertex 65.2858 28.326 3.2
    endloop
  endfacet
  facet normal -0 0 1
    outer loop
      vertex 65.2858 28.326 3.2
      vertex 71.65 27.4 3.2
      vertex 65.3489 28.5118 3.2
    endloop
  endfacet
  facet normal 0 0 1
    outer loop
      vertex 71.6769 26.9888 3.2
      vertex 65.199 28.15 3.2
      vertex 71.7573 26.5847 3.2
    endloop
  endfacet
  facet normal 0 0 1
    outer loop
      vertex 71.6769 27.8112 3.2
      vertex 65.3489 28.5118 3.2
      vertex 71.65 27.4 3.2
    endloop
  endfacet
  facet normal -0 0 1
    outer loop
      vertex 65.09 27.9869 3.2
      vertex 71.7573 26.5847 3.2
      vertex 65.199 28.15 3.2
    endloop
  endfacet
  facet normal -0 0 1
    outer loop
      vertex 65.3489 28.5118 3.2
      vertex 71.6769 27.8112 3.2
      vertex 65.3872 28.7042 3.2
    endloop
  endfacet
  facet normal -0 0 1
    outer loop
      vertex 64.9607 27.8393 3.2
      vertex 71.7573 26.5847 3.2
      vertex 65.09 27.9869 3.2
    endloop
  endfacet
  facet normal 0 0 1
    outer loop
      vertex 77.923 26.9888 3.2
      vertex 79.8 34.8 3.2
      vertex 77.95 27.4 3.2
    endloop
  endfacet
  facet normal 0 0 1
    outer loop
      vertex 79.8 34.8 3.2
      vertex 77.923 27.8112 3.2
      vertex 77.95 27.4 3.2
    endloop
  endfacet
  facet normal 0 0 1
    outer loop
      vertex 79.8 34.8 3.2
      vertex 77.8427 28.2153 3.2
      vertex 77.923 27.8112 3.2
    endloop
  endfacet
  facet normal 0 0 1
    outer loop
      vertex 79.8 34.8 3.2
      vertex 77.7102 28.6055 3.2
      vertex 77.8427 28.2153 3.2
    endloop
  endfacet
  facet normal 0 0 1
    outer loop
      vertex 79.8 34.8 3.2
      vertex 77.528 28.975 3.2
      vertex 77.7102 28.6055 3.2
    endloop
  endfacet
  facet normal 0 0 1
    outer loop
      vertex 79.8 34.8 3.2
      vertex 77.2991 29.3176 3.2
      vertex 77.528 28.975 3.2
    endloop
  endfacet
  facet normal 0 0 1
    outer loop
      vertex 79.8 34.8 3.2
      vertex 77.0274 29.6274 3.2
      vertex 77.2991 29.3176 3.2
    endloop
  endfacet
  facet normal 0 0 1
    outer loop
      vertex 79.8 34.8 3.2
      vertex 76.7176 29.8991 3.2
      vertex 77.0274 29.6274 3.2
    endloop
  endfacet
  facet normal 0 0 1
    outer loop
      vertex 79.8 34.8 3.2
      vertex 76.375 30.128 3.2
      vertex 76.7176 29.8991 3.2
    endloop
  endfacet
  facet normal 0 0 1
    outer loop
      vertex 79.8 34.8 3.2
      vertex 76.0055 30.3102 3.2
      vertex 76.375 30.128 3.2
    endloop
  endfacet
  facet normal 0 0 1
    outer loop
      vertex 79.8 34.8 3.2
      vertex 75.6153 30.4427 3.2
      vertex 76.0055 30.3102 3.2
    endloop
  endfacet
  facet normal 0 0 1
    outer loop
      vertex 79.8 34.8 3.2
      vertex 75.2112 30.5231 3.2
      vertex 75.6153 30.4427 3.2
    endloop
  endfacet
  facet normal 0 0 1
    outer loop
      vertex 79.8 34.8 3.2
      vertex 74.8 30.55 3.2
      vertex 75.2112 30.5231 3.2
    endloop
  endfacet
  facet normal 0 0 1
    outer loop
      vertex 79.8 34.8 3.2
      vertex 74.3888 30.5231 3.2
      vertex 74.8 30.55 3.2
    endloop
  endfacet
  facet normal 0 0 1
    outer loop
      vertex 79.8 34.8 3.2
      vertex 73.9847 30.4427 3.2
      vertex 74.3888 30.5231 3.2
    endloop
  endfacet
  facet normal 0 0 1
    outer loop
      vertex 79.8 34.8 3.2
      vertex 73.5945 30.3102 3.2
      vertex 73.9847 30.4427 3.2
    endloop
  endfacet
  facet normal 0 0 1
    outer loop
      vertex 64.474 30.2858 3.2
      vertex 73.5945 30.3102 3.2
      vertex 79.8 34.8 3.2
    endloop
  endfacet
  facet normal 0 0 1
    outer loop
      vertex 73.5945 30.3102 3.2
      vertex 64.474 30.2858 3.2
      vertex 73.225 30.128 3.2
    endloop
  endfacet
  facet normal 0 0 1
    outer loop
      vertex 71.7573 26.5847 3.2
      vertex 64.9607 27.8393 3.2
      vertex 71.8898 26.1945 3.2
    endloop
  endfacet
  facet normal -0 0 1
    outer loop
      vertex 64.8131 27.71 3.2
      vertex 71.8898 26.1945 3.2
      vertex 64.9607 27.8393 3.2
    endloop
  endfacet
  facet normal -0 0 1
    outer loop
      vertex 65.3872 28.7042 3.2
      vertex 71.6769 27.8112 3.2
      vertex 65.4 28.9 3.2
    endloop
  endfacet
  facet normal 0 0 1
    outer loop
      vertex 71.7573 28.2153 3.2
      vertex 65.4 28.9 3.2
      vertex 71.6769 27.8112 3.2
    endloop
  endfacet
  facet normal 0 0 1
    outer loop
      vertex 65.3872 29.0958 3.2
      vertex 71.7573 28.2153 3.2
      vertex 71.8898 28.6055 3.2
    endloop
  endfacet
  facet normal 0 0 1
    outer loop
      vertex 65.3489 29.2882 3.2
      vertex 71.8898 28.6055 3.2
      vertex 72.072 28.975 3.2
    endloop
  endfacet
  facet normal 0 0 1
    outer loop
      vertex 65.199 29.65 3.2
      vertex 72.072 28.975 3.2
      vertex 72.3009 29.3176 3.2
    endloop
  endfacet
  facet normal 0 0 1
    outer loop
      vertex 65.09 29.8131 3.2
      vertex 72.3009 29.3176 3.2
      vertex 72.5726 29.6274 3.2
    endloop
  endfacet
  facet normal 0 0 1
    outer loop
      vertex 64.9607 29.9607 3.2
      vertex 72.5726 29.6274 3.2
      vertex 72.8824 29.8991 3.2
    endloop
  endfacet
  facet normal -0 -0 1
    outer loop
      vertex 64.65 30.199 3.2
      vertex 73.225 30.128 3.2
      vertex 64.474 30.2858 3.2
    endloop
  endfacet
  facet normal 0 0 1
    outer loop
      vertex 71.7573 28.2153 3.2
      vertex 65.3872 29.0958 3.2
      vertex 65.4 28.9 3.2
    endloop
  endfacet
  facet normal 0 0 1
    outer loop
      vertex 71.8898 28.6055 3.2
      vertex 65.3489 29.2882 3.2
      vertex 65.3872 29.0958 3.2
    endloop
  endfacet
  facet normal 0 0 1
    outer loop
      vertex 72.072 28.975 3.2
      vertex 65.2858 29.474 3.2
      vertex 65.3489 29.2882 3.2
    endloop
  endfacet
  facet normal 0 0 1
    outer loop
      vertex 72.072 28.975 3.2
      vertex 65.199 29.65 3.2
      vertex 65.2858 29.474 3.2
    endloop
  endfacet
  facet normal 0 0 1
    outer loop
      vertex 72.3009 29.3176 3.2
      vertex 65.09 29.8131 3.2
      vertex 65.199 29.65 3.2
    endloop
  endfacet
  facet normal 0 0 1
    outer loop
      vertex 72.5726 29.6274 3.2
      vertex 64.9607 29.9607 3.2
      vertex 65.09 29.8131 3.2
    endloop
  endfacet
  facet normal 0 0 1
    outer loop
      vertex 72.8824 29.8991 3.2
      vertex 64.8131 30.09 3.2
      vertex 64.9607 29.9607 3.2
    endloop
  endfacet
  facet normal 0 0 1
    outer loop
      vertex 73.225 30.128 3.2
      vertex 64.8131 30.09 3.2
      vertex 72.8824 29.8991 3.2
    endloop
  endfacet
  facet normal 0 -0 1
    outer loop
      vertex 64.8131 30.09 3.2
      vertex 73.225 30.128 3.2
      vertex 64.65 30.199 3.2
    endloop
  endfacet
  facet normal 0 0 1
    outer loop
      vertex 79.8 34.8 3.2
      vertex 64.2882 30.3489 3.2
      vertex 64.474 30.2858 3.2
    endloop
  endfacet
  facet normal 0 0 1
    outer loop
      vertex 79.8 34.8 3.2
      vertex 64.0958 30.3872 3.2
      vertex 64.2882 30.3489 3.2
    endloop
  endfacet
  facet normal 0 0 1
    outer loop
      vertex 79.8 34.8 3.2
      vertex 63.9 30.4 3.2
      vertex 64.0958 30.3872 3.2
    endloop
  endfacet
  facet normal 0 0 1
    outer loop
      vertex 79.8 34.8 3.2
      vertex 63.7042 30.3872 3.2
      vertex 63.9 30.4 3.2
    endloop
  endfacet
  facet normal 0 0 1
    outer loop
      vertex 59.3 29.95 3.2
      vertex 63.7042 30.3872 3.2
      vertex 79.8 34.8 3.2
    endloop
  endfacet
  facet normal 0 0 1
    outer loop
      vertex 62.9869 27.71 3.2
      vertex 59.3 29.95 3.2
      vertex 59.3 5.85 3.2
    endloop
  endfacet
  facet normal 0 0 1
    outer loop
      vertex 62.4128 29.0958 3.2
      vertex 59.3 29.95 3.2
      vertex 62.4 28.9 3.2
    endloop
  endfacet
  facet normal 0 0 1
    outer loop
      vertex 62.4511 29.2882 3.2
      vertex 59.3 29.95 3.2
      vertex 62.4128 29.0958 3.2
    endloop
  endfacet
  facet normal 0 0 1
    outer loop
      vertex 62.5142 29.474 3.2
      vertex 59.3 29.95 3.2
      vertex 62.4511 29.2882 3.2
    endloop
  endfacet
  facet normal 0 0 1
    outer loop
      vertex 62.601 29.65 3.2
      vertex 59.3 29.95 3.2
      vertex 62.5142 29.474 3.2
    endloop
  endfacet
  facet normal 0 0 1
    outer loop
      vertex 62.71 29.8131 3.2
      vertex 59.3 29.95 3.2
      vertex 62.601 29.65 3.2
    endloop
  endfacet
  facet normal 0 0 1
    outer loop
      vertex 62.8393 29.9607 3.2
      vertex 59.3 29.95 3.2
      vertex 62.71 29.8131 3.2
    endloop
  endfacet
  facet normal 0 0 1
    outer loop
      vertex 62.9869 30.09 3.2
      vertex 59.3 29.95 3.2
      vertex 62.8393 29.9607 3.2
    endloop
  endfacet
  facet normal 0 0 1
    outer loop
      vertex 63.15 30.199 3.2
      vertex 59.3 29.95 3.2
      vertex 62.9869 30.09 3.2
    endloop
  endfacet
  facet normal 0 0 1
    outer loop
      vertex 63.326 30.2858 3.2
      vertex 59.3 29.95 3.2
      vertex 63.15 30.199 3.2
    endloop
  endfacet
  facet normal 0 0 1
    outer loop
      vertex 63.5118 30.3489 3.2
      vertex 59.3 29.95 3.2
      vertex 63.326 30.2858 3.2
    endloop
  endfacet
  facet normal 0 0 1
    outer loop
      vertex 63.7042 30.3872 3.2
      vertex 59.3 29.95 3.2
      vertex 63.5118 30.3489 3.2
    endloop
  endfacet
  facet normal -0 0 1
    outer loop
      vertex 0 34.8 3.2
      vertex 59.3 29.95 3.2
      vertex 79.8 34.8 3.2
    endloop
  endfacet
  facet normal 0 0 1
    outer loop
      vertex 7.38717 28.7042 3.2
      vertex 10.5 29.95 3.2
      vertex 7.4 28.9 3.2
    endloop
  endfacet
  facet normal 0 0 1
    outer loop
      vertex 10.5 29.95 3.2
      vertex 7.38717 29.0958 3.2
      vertex 7.4 28.9 3.2
    endloop
  endfacet
  facet normal 0 0 1
    outer loop
      vertex 10.5 29.95 3.2
      vertex 7.34889 29.2882 3.2
      vertex 7.38717 29.0958 3.2
    endloop
  endfacet
  facet normal 0 0 1
    outer loop
      vertex 10.5 29.95 3.2
      vertex 7.28582 29.474 3.2
      vertex 7.34889 29.2882 3.2
    endloop
  endfacet
  facet normal 0 0 1
    outer loop
      vertex 10.5 29.95 3.2
      vertex 7.19904 29.65 3.2
      vertex 7.28582 29.474 3.2
    endloop
  endfacet
  facet normal 0 0 1
    outer loop
      vertex 10.5 29.95 3.2
      vertex 7.09003 29.8131 3.2
      vertex 7.19904 29.65 3.2
    endloop
  endfacet
  facet normal 0 0 1
    outer loop
      vertex 59.3 29.95 3.2
      vertex 0 34.8 3.2
      vertex 10.5 29.95 3.2
    endloop
  endfacet
  facet normal 0 0 1
    outer loop
      vertex 10.5 29.95 3.2
      vertex 6.96066 29.9607 3.2
      vertex 7.09003 29.8131 3.2
    endloop
  endfacet
  facet normal 0 0 1
    outer loop
      vertex 10.5 29.95 3.2
      vertex 6.81314 30.09 3.2
      vertex 6.96066 29.9607 3.2
    endloop
  endfacet
  facet normal 0 0 1
    outer loop
      vertex 10.5 29.95 3.2
      vertex 6.65 30.199 3.2
      vertex 6.81314 30.09 3.2
    endloop
  endfacet
  facet normal -0 -0 1
    outer loop
      vertex 6.28823 30.3489 3.2
      vertex 10.5 29.95 3.2
      vertex 0 34.8 3.2
    endloop
  endfacet
  facet normal 0 0 1
    outer loop
      vertex 10.5 29.95 3.2
      vertex 6.47402 30.2858 3.2
      vertex 6.65 30.199 3.2
    endloop
  endfacet
  facet normal 0 0 1
    outer loop
      vertex 10.5 29.95 3.2
      vertex 6.28823 30.3489 3.2
      vertex 6.47402 30.2858 3.2
    endloop
  endfacet
  facet normal 0 0 1
    outer loop
      vertex 6.28823 30.3489 3.2
      vertex 0 34.8 3.2
      vertex 6.09579 30.3872 3.2
    endloop
  endfacet
  facet normal 0 0 1
    outer loop
      vertex 4.45111 6.28823 3.2
      vertex 0 0 3.2
      vertex 4.41283 6.09579 3.2
    endloop
  endfacet
  facet normal 0 0 1
    outer loop
      vertex 4.41283 29.0958 3.2
      vertex 0 34.8 3.2
      vertex 4.4 28.9 3.2
    endloop
  endfacet
  facet normal 0 0 1
    outer loop
      vertex 4.45111 29.2882 3.2
      vertex 0 34.8 3.2
      vertex 4.41283 29.0958 3.2
    endloop
  endfacet
  facet normal 0 0 1
    outer loop
      vertex 4.51418 29.474 3.2
      vertex 0 34.8 3.2
      vertex 4.45111 29.2882 3.2
    endloop
  endfacet
  facet normal 0 0 1
    outer loop
      vertex 4.60096 29.65 3.2
      vertex 0 34.8 3.2
      vertex 4.51418 29.474 3.2
    endloop
  endfacet
  facet normal 0 0 1
    outer loop
      vertex 4.70997 29.8131 3.2
      vertex 0 34.8 3.2
      vertex 4.60096 29.65 3.2
    endloop
  endfacet
  facet normal 0 0 1
    outer loop
      vertex 4.83934 29.9607 3.2
      vertex 0 34.8 3.2
      vertex 4.70997 29.8131 3.2
    endloop
  endfacet
  facet normal 0 0 1
    outer loop
      vertex 4.98686 30.09 3.2
      vertex 0 34.8 3.2
      vertex 4.83934 29.9607 3.2
    endloop
  endfacet
  facet normal 0 0 1
    outer loop
      vertex 5.15 30.199 3.2
      vertex 0 34.8 3.2
      vertex 4.98686 30.09 3.2
    endloop
  endfacet
  facet normal 0 0 1
    outer loop
      vertex 5.32597 30.2858 3.2
      vertex 0 34.8 3.2
      vertex 5.15 30.199 3.2
    endloop
  endfacet
  facet normal 0 0 1
    outer loop
      vertex 5.51177 30.3489 3.2
      vertex 0 34.8 3.2
      vertex 5.32597 30.2858 3.2
    endloop
  endfacet
  facet normal 0 0 1
    outer loop
      vertex 5.70421 30.3872 3.2
      vertex 0 34.8 3.2
      vertex 5.51177 30.3489 3.2
    endloop
  endfacet
  facet normal 0 0 1
    outer loop
      vertex 5.9 30.4 3.2
      vertex 0 34.8 3.2
      vertex 5.70421 30.3872 3.2
    endloop
  endfacet
  facet normal 0 0 1
    outer loop
      vertex 6.09579 30.3872 3.2
      vertex 0 34.8 3.2
      vertex 5.9 30.4 3.2
    endloop
  endfacet
  facet normal 0 0 1
    outer loop
      vertex 79.8 34.8 3.2
      vertex 77.95 17.4 3.2
      vertex 79.8 0 3.2
    endloop
  endfacet
  facet normal -0 0 1
    outer loop
      vertex 77.923 16.9888 3.2
      vertex 79.8 0 3.2
      vertex 77.95 17.4 3.2
    endloop
  endfacet
  facet normal -0 0 1
    outer loop
      vertex 77.923 6.98884 3.2
      vertex 79.8 0 3.2
      vertex 77.95 7.4 3.2
    endloop
  endfacet
  facet normal -0 0 1
    outer loop
      vertex 77.8427 6.58472 3.2
      vertex 79.8 0 3.2
      vertex 77.923 6.98884 3.2
    endloop
  endfacet
  facet normal -0 0 1
    outer loop
      vertex 77.7102 6.19455 3.2
      vertex 79.8 0 3.2
      vertex 77.8427 6.58472 3.2
    endloop
  endfacet
  facet normal -0 0 1
    outer loop
      vertex 77.528 5.825 3.2
      vertex 79.8 0 3.2
      vertex 77.7102 6.19455 3.2
    endloop
  endfacet
  facet normal -0 0 1
    outer loop
      vertex 77.2991 5.4824 3.2
      vertex 79.8 0 3.2
      vertex 77.528 5.825 3.2
    endloop
  endfacet
  facet normal -0 0 1
    outer loop
      vertex 77.0274 5.17261 3.2
      vertex 79.8 0 3.2
      vertex 77.2991 5.4824 3.2
    endloop
  endfacet
  facet normal -0 0 1
    outer loop
      vertex 76.7176 4.90094 3.2
      vertex 79.8 0 3.2
      vertex 77.0274 5.17261 3.2
    endloop
  endfacet
  facet normal -0 0 1
    outer loop
      vertex 76.375 4.67202 3.2
      vertex 79.8 0 3.2
      vertex 76.7176 4.90094 3.2
    endloop
  endfacet
  facet normal -0 0 1
    outer loop
      vertex 76.0055 4.48978 3.2
      vertex 79.8 0 3.2
      vertex 76.375 4.67202 3.2
    endloop
  endfacet
  facet normal -0 0 1
    outer loop
      vertex 75.6153 4.35733 3.2
      vertex 79.8 0 3.2
      vertex 76.0055 4.48978 3.2
    endloop
  endfacet
  facet normal -0 0 1
    outer loop
      vertex 75.2112 4.27695 3.2
      vertex 79.8 0 3.2
      vertex 75.6153 4.35733 3.2
    endloop
  endfacet
  facet normal -0 0 1
    outer loop
      vertex 74.8 4.25 3.2
      vertex 79.8 0 3.2
      vertex 75.2112 4.27695 3.2
    endloop
  endfacet
  facet normal 0 0 1
    outer loop
      vertex 74.3888 4.27695 3.2
      vertex 79.8 0 3.2
      vertex 74.8 4.25 3.2
    endloop
  endfacet
  facet normal 0 0 1
    outer loop
      vertex 73.9847 4.35733 3.2
      vertex 79.8 0 3.2
      vertex 74.3888 4.27695 3.2
    endloop
  endfacet
  facet normal 0 0 1
    outer loop
      vertex 73.5945 4.48978 3.2
      vertex 79.8 0 3.2
      vertex 73.9847 4.35733 3.2
    endloop
  endfacet
  facet normal -0 0 1
    outer loop
      vertex 64.474 4.51418 3.2
      vertex 73.5945 4.48978 3.2
      vertex 73.225 4.67202 3.2
    endloop
  endfacet
  facet normal -0 0 1
    outer loop
      vertex 64.8131 4.70997 3.2
      vertex 73.225 4.67202 3.2
      vertex 72.8824 4.90094 3.2
    endloop
  endfacet
  facet normal 0 0 1
    outer loop
      vertex 71.6769 7.81116 3.2
      vertex 65.4 5.9 3.2
      vertex 71.65 7.4 3.2
    endloop
  endfacet
  facet normal 0 0 1
    outer loop
      vertex 71.65 7.4 3.2
      vertex 65.4 5.9 3.2
      vertex 71.6769 6.98884 3.2
    endloop
  endfacet
  facet normal 0 0 1
    outer loop
      vertex 71.6769 6.98884 3.2
      vertex 65.4 5.9 3.2
      vertex 71.7573 6.58472 3.2
    endloop
  endfacet
  facet normal 0 0 1
    outer loop
      vertex 65.3872 5.70421 3.2
      vertex 71.7573 6.58472 3.2
      vertex 65.4 5.9 3.2
    endloop
  endfacet
  facet normal 0 0 1
    outer loop
      vertex 71.7573 6.58472 3.2
      vertex 65.3872 5.70421 3.2
      vertex 71.8898 6.19455 3.2
    endloop
  endfacet
  facet normal 0 0 1
    outer loop
      vertex 65.3489 5.51177 3.2
      vertex 71.8898 6.19455 3.2
      vertex 65.3872 5.70421 3.2
    endloop
  endfacet
  facet normal 0 0 1
    outer loop
      vertex 71.8898 6.19455 3.2
      vertex 65.3489 5.51177 3.2
      vertex 72.072 5.825 3.2
    endloop
  endfacet
  facet normal 0 0 1
    outer loop
      vertex 65.2858 5.32597 3.2
      vertex 72.072 5.825 3.2
      vertex 65.3489 5.51177 3.2
    endloop
  endfacet
  facet normal 0 0 1
    outer loop
      vertex 65.199 5.15 3.2
      vertex 72.072 5.825 3.2
      vertex 65.2858 5.32597 3.2
    endloop
  endfacet
  facet normal 0 0 1
    outer loop
      vertex 72.072 5.825 3.2
      vertex 65.199 5.15 3.2
      vertex 72.3009 5.4824 3.2
    endloop
  endfacet
  facet normal 0 0 1
    outer loop
      vertex 65.09 4.98686 3.2
      vertex 72.3009 5.4824 3.2
      vertex 65.199 5.15 3.2
    endloop
  endfacet
  facet normal 0 0 1
    outer loop
      vertex 72.3009 5.4824 3.2
      vertex 65.09 4.98686 3.2
      vertex 72.5726 5.17261 3.2
    endloop
  endfacet
  facet normal 0 0 1
    outer loop
      vertex 64.9607 4.83934 3.2
      vertex 72.5726 5.17261 3.2
      vertex 65.09 4.98686 3.2
    endloop
  endfacet
  facet normal 0 0 1
    outer loop
      vertex 72.5726 5.17261 3.2
      vertex 64.9607 4.83934 3.2
      vertex 72.8824 4.90094 3.2
    endloop
  endfacet
  facet normal 0 0 1
    outer loop
      vertex 64.8131 4.70997 3.2
      vertex 72.8824 4.90094 3.2
      vertex 64.9607 4.83934 3.2
    endloop
  endfacet
  facet normal 0 0 1
    outer loop
      vertex 73.225 4.67202 3.2
      vertex 64.8131 4.70997 3.2
      vertex 64.65 4.60096 3.2
    endloop
  endfacet
  facet normal 0 0 1
    outer loop
      vertex 73.225 4.67202 3.2
      vertex 64.65 4.60096 3.2
      vertex 64.474 4.51418 3.2
    endloop
  endfacet
  facet normal 0 0 1
    outer loop
      vertex 73.5945 4.48978 3.2
      vertex 64.474 4.51418 3.2
      vertex 79.8 0 3.2
    endloop
  endfacet
  facet normal -0 0 1
    outer loop
      vertex 64.2882 4.45111 3.2
      vertex 79.8 0 3.2
      vertex 64.474 4.51418 3.2
    endloop
  endfacet
  facet normal -0 0 1
    outer loop
      vertex 64.0958 4.41283 3.2
      vertex 79.8 0 3.2
      vertex 64.2882 4.45111 3.2
    endloop
  endfacet
  facet normal -0 0 1
    outer loop
      vertex 63.9 4.4 3.2
      vertex 79.8 0 3.2
      vertex 64.0958 4.41283 3.2
    endloop
  endfacet
  facet normal 0 0 1
    outer loop
      vertex 63.7042 4.41283 3.2
      vertex 79.8 0 3.2
      vertex 63.9 4.4 3.2
    endloop
  endfacet
  facet normal 0 0 1
    outer loop
      vertex 63.5118 4.45111 3.2
      vertex 79.8 0 3.2
      vertex 63.7042 4.41283 3.2
    endloop
  endfacet
  facet normal 0 0 1
    outer loop
      vertex 62.4128 6.09579 3.2
      vertex 59.3 5.85 3.2
      vertex 62.4 5.9 3.2
    endloop
  endfacet
  facet normal 0 0 1
    outer loop
      vertex 62.4 5.9 3.2
      vertex 59.3 5.85 3.2
      vertex 62.4128 5.70421 3.2
    endloop
  endfacet
  facet normal 0 0 1
    outer loop
      vertex 59.3 5.85 3.2
      vertex 62.4511 5.51177 3.2
      vertex 62.4128 5.70421 3.2
    endloop
  endfacet
  facet normal 0 0 1
    outer loop
      vertex 59.3 5.85 3.2
      vertex 62.5142 5.32597 3.2
      vertex 62.4511 5.51177 3.2
    endloop
  endfacet
  facet normal 0 0 1
    outer loop
      vertex 59.3 5.85 3.2
      vertex 62.601 5.15 3.2
      vertex 62.5142 5.32597 3.2
    endloop
  endfacet
  facet normal 0 0 1
    outer loop
      vertex 59.3 5.85 3.2
      vertex 62.71 4.98686 3.2
      vertex 62.601 5.15 3.2
    endloop
  endfacet
  facet normal 0 0 1
    outer loop
      vertex 59.3 5.85 3.2
      vertex 62.8393 4.83934 3.2
      vertex 62.71 4.98686 3.2
    endloop
  endfacet
  facet normal 0 0 1
    outer loop
      vertex 59.3 5.85 3.2
      vertex 62.9869 4.70997 3.2
      vertex 62.8393 4.83934 3.2
    endloop
  endfacet
  facet normal 0 0 1
    outer loop
      vertex 59.3 5.85 3.2
      vertex 63.15 4.60096 3.2
      vertex 62.9869 4.70997 3.2
    endloop
  endfacet
  facet normal 0 0 1
    outer loop
      vertex 59.3 5.85 3.2
      vertex 63.326 4.51418 3.2
      vertex 63.15 4.60096 3.2
    endloop
  endfacet
  facet normal 0 0 1
    outer loop
      vertex 0 0 3.2
      vertex 63.326 4.51418 3.2
      vertex 59.3 5.85 3.2
    endloop
  endfacet
  facet normal 0 0 1
    outer loop
      vertex 0 0 3.2
      vertex 59.3 5.85 3.2
      vertex 10.5 5.85 3.2
    endloop
  endfacet
  facet normal 0 0 1
    outer loop
      vertex 63.326 4.51418 3.2
      vertex 0 0 3.2
      vertex 63.5118 4.45111 3.2
    endloop
  endfacet
  facet normal 0 0 1
    outer loop
      vertex 7.34889 28.5118 3.2
      vertex 10.5 29.95 3.2
      vertex 7.38717 28.7042 3.2
    endloop
  endfacet
  facet normal 0 0 1
    outer loop
      vertex 7.38717 5.70421 3.2
      vertex 10.5 5.85 3.2
      vertex 7.4 5.9 3.2
    endloop
  endfacet
  facet normal 0 0 1
    outer loop
      vertex 7.34889 5.51177 3.2
      vertex 10.5 5.85 3.2
      vertex 7.38717 5.70421 3.2
    endloop
  endfacet
  facet normal 0 0 1
    outer loop
      vertex 7.28582 5.32597 3.2
      vertex 10.5 5.85 3.2
      vertex 7.34889 5.51177 3.2
    endloop
  endfacet
  facet normal 0 0 1
    outer loop
      vertex 7.19904 5.15 3.2
      vertex 10.5 5.85 3.2
      vertex 7.28582 5.32597 3.2
    endloop
  endfacet
  facet normal 0 0 1
    outer loop
      vertex 7.09003 4.98686 3.2
      vertex 10.5 5.85 3.2
      vertex 7.19904 5.15 3.2
    endloop
  endfacet
  facet normal 0 0 1
    outer loop
      vertex 6.96066 4.83934 3.2
      vertex 10.5 5.85 3.2
      vertex 7.09003 4.98686 3.2
    endloop
  endfacet
  facet normal 0 0 1
    outer loop
      vertex 6.81314 4.70997 3.2
      vertex 10.5 5.85 3.2
      vertex 6.96066 4.83934 3.2
    endloop
  endfacet
  facet normal 0 0 1
    outer loop
      vertex 6.65 4.60096 3.2
      vertex 10.5 5.85 3.2
      vertex 6.81314 4.70997 3.2
    endloop
  endfacet
  facet normal 0 0 1
    outer loop
      vertex 6.47402 4.51418 3.2
      vertex 10.5 5.85 3.2
      vertex 6.65 4.60096 3.2
    endloop
  endfacet
  facet normal 0 0 1
    outer loop
      vertex 10.5 5.85 3.2
      vertex 6.47402 4.51418 3.2
      vertex 0 0 3.2
    endloop
  endfacet
  facet normal 0 0 1
    outer loop
      vertex 0 0 3.2
      vertex 6.47402 4.51418 3.2
      vertex 6.28823 4.45111 3.2
    endloop
  endfacet
  facet normal 0 0 1
    outer loop
      vertex 0 0 3.2
      vertex 6.28823 4.45111 3.2
      vertex 6.09579 4.41283 3.2
    endloop
  endfacet
  facet normal 0 0 1
    outer loop
      vertex 0 0 3.2
      vertex 6.09579 4.41283 3.2
      vertex 5.9 4.4 3.2
    endloop
  endfacet
  facet normal 0 0 1
    outer loop
      vertex 4.41283 6.09579 3.2
      vertex 0 0 3.2
      vertex 4.4 5.9 3.2
    endloop
  endfacet
  facet normal 0 0 1
    outer loop
      vertex 63.5118 4.45111 3.2
      vertex 0 0 3.2
      vertex 79.8 0 3.2
    endloop
  endfacet
  facet normal 0 0 1
    outer loop
      vertex 5.70421 4.41283 3.2
      vertex 0 0 3.2
      vertex 5.9 4.4 3.2
    endloop
  endfacet
  facet normal 0 0 1
    outer loop
      vertex 5.51177 4.45111 3.2
      vertex 0 0 3.2
      vertex 5.70421 4.41283 3.2
    endloop
  endfacet
  facet normal 0 0 1
    outer loop
      vertex 5.32597 4.51418 3.2
      vertex 0 0 3.2
      vertex 5.51177 4.45111 3.2
    endloop
  endfacet
  facet normal 0 0 1
    outer loop
      vertex 5.15 4.60096 3.2
      vertex 0 0 3.2
      vertex 5.32597 4.51418 3.2
    endloop
  endfacet
  facet normal 0 0 1
    outer loop
      vertex 4.98686 4.70997 3.2
      vertex 0 0 3.2
      vertex 5.15 4.60096 3.2
    endloop
  endfacet
  facet normal 0 0 1
    outer loop
      vertex 4.83934 4.83934 3.2
      vertex 0 0 3.2
      vertex 4.98686 4.70997 3.2
    endloop
  endfacet
  facet normal 0 0 1
    outer loop
      vertex 4.70997 4.98686 3.2
      vertex 0 0 3.2
      vertex 4.83934 4.83934 3.2
    endloop
  endfacet
  facet normal 0 0 1
    outer loop
      vertex 4.60096 5.15 3.2
      vertex 0 0 3.2
      vertex 4.70997 4.98686 3.2
    endloop
  endfacet
  facet normal 0 0 1
    outer loop
      vertex 4.51418 5.32597 3.2
      vertex 0 0 3.2
      vertex 4.60096 5.15 3.2
    endloop
  endfacet
  facet normal 0 0 1
    outer loop
      vertex 4.45111 5.51177 3.2
      vertex 0 0 3.2
      vertex 4.51418 5.32597 3.2
    endloop
  endfacet
  facet normal 0 0 1
    outer loop
      vertex 4.41283 5.70421 3.2
      vertex 0 0 3.2
      vertex 4.45111 5.51177 3.2
    endloop
  endfacet
  facet normal 0 0 1
    outer loop
      vertex 4.4 5.9 3.2
      vertex 0 0 3.2
      vertex 4.41283 5.70421 3.2
    endloop
  endfacet
  facet normal 1 -0 0
    outer loop
      vertex 79.8 0 3.2
      vertex 79.8 34.8 1.2
      vertex 79.8 34.8 3.2
    endloop
  endfacet
  facet normal 1 0 0
    outer loop
      vertex 79.8 34.8 1.2
      vertex 79.8 0 3.2
      vertex 79.8 0 1.2
    endloop
  endfacet
  facet normal 0 1 -0
    outer loop
      vertex 79.8 34.8 1.2
      vertex 0 34.8 3.2
      vertex 79.8 34.8 3.2
    endloop
  endfacet
  facet normal 0 1 0
    outer loop
      vertex 0 34.8 3.2
      vertex 79.8 34.8 1.2
      vertex 0 34.8 1.2
    endloop
  endfacet
  facet normal 0 0 -1
    outer loop
      vertex 77.923 26.9888 1.2
      vertex 79.8 34.8 1.2
      vertex 77.923 17.8112 1.2
    endloop
  endfacet
  facet normal 0 0 -1
    outer loop
      vertex 79.8 34.8 1.2
      vertex 77.923 26.9888 1.2
      vertex 77.95 27.4 1.2
    endloop
  endfacet
  facet normal 0 0 -1
    outer loop
      vertex 77.8427 18.2153 1.2
      vertex 77.923 26.9888 1.2
      vertex 77.923 17.8112 1.2
    endloop
  endfacet
  facet normal 0 0 -1
    outer loop
      vertex 77.8427 18.2153 1.2
      vertex 77.8427 26.5847 1.2
      vertex 77.923 26.9888 1.2
    endloop
  endfacet
  facet normal 0 0 -1
    outer loop
      vertex 77.7102 18.6055 1.2
      vertex 77.8427 26.5847 1.2
      vertex 77.8427 18.2153 1.2
    endloop
  endfacet
  facet normal 0 0 -1
    outer loop
      vertex 77.7102 18.6055 1.2
      vertex 77.7102 26.1945 1.2
      vertex 77.8427 26.5847 1.2
    endloop
  endfacet
  facet normal 0 0 -1
    outer loop
      vertex 77.528 18.975 1.2
      vertex 77.7102 26.1945 1.2
      vertex 77.7102 18.6055 1.2
    endloop
  endfacet
  facet normal 0 0 -1
    outer loop
      vertex 77.528 18.975 1.2
      vertex 77.528 25.825 1.2
      vertex 77.7102 26.1945 1.2
    endloop
  endfacet
  facet normal 0 0 -1
    outer loop
      vertex 77.2991 19.3176 1.2
      vertex 77.528 25.825 1.2
      vertex 77.528 18.975 1.2
    endloop
  endfacet
  facet normal 0 0 -1
    outer loop
      vertex 77.2991 19.3176 1.2
      vertex 77.2991 25.4824 1.2
      vertex 77.528 25.825 1.2
    endloop
  endfacet
  facet normal 0 0 -1
    outer loop
      vertex 77.0274 19.6274 1.2
      vertex 77.2991 25.4824 1.2
      vertex 77.2991 19.3176 1.2
    endloop
  endfacet
  facet normal 0 0 -1
    outer loop
      vertex 77.0274 19.6274 1.2
      vertex 77.0274 25.1726 1.2
      vertex 77.2991 25.4824 1.2
    endloop
  endfacet
  facet normal 0 0 -1
    outer loop
      vertex 76.7176 19.8991 1.2
      vertex 77.0274 25.1726 1.2
      vertex 77.0274 19.6274 1.2
    endloop
  endfacet
  facet normal 0 0 -1
    outer loop
      vertex 76.7176 19.8991 1.2
      vertex 76.7176 24.9009 1.2
      vertex 77.0274 25.1726 1.2
    endloop
  endfacet
  facet normal 0 0 -1
    outer loop
      vertex 76.375 20.128 1.2
      vertex 76.7176 24.9009 1.2
      vertex 76.7176 19.8991 1.2
    endloop
  endfacet
  facet normal 0 0 -1
    outer loop
      vertex 76.375 20.128 1.2
      vertex 76.375 24.672 1.2
      vertex 76.7176 24.9009 1.2
    endloop
  endfacet
  facet normal 0 0 -1
    outer loop
      vertex 76.0055 20.3102 1.2
      vertex 76.375 24.672 1.2
      vertex 76.375 20.128 1.2
    endloop
  endfacet
  facet normal 0 0 -1
    outer loop
      vertex 76.0055 20.3102 1.2
      vertex 76.0055 24.4898 1.2
      vertex 76.375 24.672 1.2
    endloop
  endfacet
  facet normal 0 0 -1
    outer loop
      vertex 75.6153 20.4427 1.2
      vertex 76.0055 24.4898 1.2
      vertex 76.0055 20.3102 1.2
    endloop
  endfacet
  facet normal 0 0 -1
    outer loop
      vertex 75.6153 20.4427 1.2
      vertex 75.6153 24.3573 1.2
      vertex 76.0055 24.4898 1.2
    endloop
  endfacet
  facet normal 0 0 -1
    outer loop
      vertex 75.2112 20.5231 1.2
      vertex 75.6153 24.3573 1.2
      vertex 75.6153 20.4427 1.2
    endloop
  endfacet
  facet normal 0 0 -1
    outer loop
      vertex 75.2112 20.5231 1.2
      vertex 75.2112 24.2769 1.2
      vertex 75.6153 24.3573 1.2
    endloop
  endfacet
  facet normal 0 0 -1
    outer loop
      vertex 74.8 20.55 1.2
      vertex 75.2112 24.2769 1.2
      vertex 75.2112 20.5231 1.2
    endloop
  endfacet
  facet normal 0 0 -1
    outer loop
      vertex 74.8 20.55 1.2
      vertex 74.8 24.25 1.2
      vertex 75.2112 24.2769 1.2
    endloop
  endfacet
  facet normal 0 0 -1
    outer loop
      vertex 74.3888 20.5231 1.2
      vertex 74.8 24.25 1.2
      vertex 74.8 20.55 1.2
    endloop
  endfacet
  facet normal 0 0 -1
    outer loop
      vertex 74.3888 20.5231 1.2
      vertex 74.3888 24.2769 1.2
      vertex 74.8 24.25 1.2
    endloop
  endfacet
  facet normal 0 0 -1
    outer loop
      vertex 73.9847 20.4427 1.2
      vertex 74.3888 24.2769 1.2
      vertex 74.3888 20.5231 1.2
    endloop
  endfacet
  facet normal 0 0 -1
    outer loop
      vertex 73.9847 20.4427 1.2
      vertex 73.9847 24.3573 1.2
      vertex 74.3888 24.2769 1.2
    endloop
  endfacet
  facet normal 0 0 -1
    outer loop
      vertex 73.5945 20.3102 1.2
      vertex 73.9847 24.3573 1.2
      vertex 73.9847 20.4427 1.2
    endloop
  endfacet
  facet normal 0 0 -1
    outer loop
      vertex 73.5945 20.3102 1.2
      vertex 73.5945 24.4898 1.2
      vertex 73.9847 24.3573 1.2
    endloop
  endfacet
  facet normal 0 0 -1
    outer loop
      vertex 73.225 20.128 1.2
      vertex 73.5945 24.4898 1.2
      vertex 73.5945 20.3102 1.2
    endloop
  endfacet
  facet normal 0 0 -1
    outer loop
      vertex 73.225 20.128 1.2
      vertex 73.225 24.672 1.2
      vertex 73.5945 24.4898 1.2
    endloop
  endfacet
  facet normal 0 0 -1
    outer loop
      vertex 72.8824 19.8991 1.2
      vertex 73.225 24.672 1.2
      vertex 73.225 20.128 1.2
    endloop
  endfacet
  facet normal 0 0 -1
    outer loop
      vertex 72.8824 19.8991 1.2
      vertex 72.8824 24.9009 1.2
      vertex 73.225 24.672 1.2
    endloop
  endfacet
  facet normal 0 0 -1
    outer loop
      vertex 72.5726 19.6274 1.2
      vertex 72.8824 24.9009 1.2
      vertex 72.8824 19.8991 1.2
    endloop
  endfacet
  facet normal 0 0 -1
    outer loop
      vertex 72.5726 19.6274 1.2
      vertex 72.5726 25.1726 1.2
      vertex 72.8824 24.9009 1.2
    endloop
  endfacet
  facet normal 0 0 -1
    outer loop
      vertex 72.3009 19.3176 1.2
      vertex 72.5726 25.1726 1.2
      vertex 72.5726 19.6274 1.2
    endloop
  endfacet
  facet normal 0 0 -1
    outer loop
      vertex 72.3009 19.3176 1.2
      vertex 72.3009 25.4824 1.2
      vertex 72.5726 25.1726 1.2
    endloop
  endfacet
  facet normal 0 0 -1
    outer loop
      vertex 72.072 18.975 1.2
      vertex 72.3009 25.4824 1.2
      vertex 72.3009 19.3176 1.2
    endloop
  endfacet
  facet normal 0 0 -1
    outer loop
      vertex 72.072 18.975 1.2
      vertex 72.072 25.825 1.2
      vertex 72.3009 25.4824 1.2
    endloop
  endfacet
  facet normal 0 0 -1
    outer loop
      vertex 71.8898 18.6055 1.2
      vertex 72.072 25.825 1.2
      vertex 72.072 18.975 1.2
    endloop
  endfacet
  facet normal 0 0 -1
    outer loop
      vertex 71.8898 18.6055 1.2
      vertex 71.8898 26.1945 1.2
      vertex 72.072 25.825 1.2
    endloop
  endfacet
  facet normal 0 0 -1
    outer loop
      vertex 71.7573 18.2153 1.2
      vertex 71.8898 26.1945 1.2
      vertex 71.8898 18.6055 1.2
    endloop
  endfacet
  facet normal 0 0 -1
    outer loop
      vertex 71.7573 18.2153 1.2
      vertex 71.7573 26.5847 1.2
      vertex 71.8898 26.1945 1.2
    endloop
  endfacet
  facet normal 0 0 -1
    outer loop
      vertex 67.65 32.65 1.2
      vertex 71.7573 18.2153 1.2
      vertex 71.6769 17.8112 1.2
    endloop
  endfacet
  facet normal 0 0 -1
    outer loop
      vertex 71.7573 18.2153 1.2
      vertex 67.65 32.65 1.2
      vertex 71.7573 26.5847 1.2
    endloop
  endfacet
  facet normal 0 0 -1
    outer loop
      vertex 67.65 32.65 1.2
      vertex 71.6769 17.8112 1.2
      vertex 71.65 17.4 1.2
    endloop
  endfacet
  facet normal 0 0 -1
    outer loop
      vertex 71.7573 26.5847 1.2
      vertex 67.65 32.65 1.2
      vertex 71.6769 26.9888 1.2
    endloop
  endfacet
  facet normal 0 0 -1
    outer loop
      vertex 77.923 16.9888 1.2
      vertex 79.8 0 1.2
      vertex 77.923 7.81116 1.2
    endloop
  endfacet
  facet normal 0 0 -1
    outer loop
      vertex 79.8 0 1.2
      vertex 77.923 16.9888 1.2
      vertex 77.95 17.4 1.2
    endloop
  endfacet
  facet normal 0 0 -1
    outer loop
      vertex 77.8427 8.21528 1.2
      vertex 77.923 16.9888 1.2
      vertex 77.923 7.81116 1.2
    endloop
  endfacet
  facet normal 0 0 -1
    outer loop
      vertex 77.8427 8.21528 1.2
      vertex 77.8427 16.5847 1.2
      vertex 77.923 16.9888 1.2
    endloop
  endfacet
  facet normal 0 0 -1
    outer loop
      vertex 77.7102 8.60545 1.2
      vertex 77.8427 16.5847 1.2
      vertex 77.8427 8.21528 1.2
    endloop
  endfacet
  facet normal 0 0 -1
    outer loop
      vertex 77.7102 8.60545 1.2
      vertex 77.7102 16.1945 1.2
      vertex 77.8427 16.5847 1.2
    endloop
  endfacet
  facet normal 0 0 -1
    outer loop
      vertex 77.528 8.975 1.2
      vertex 77.7102 16.1945 1.2
      vertex 77.7102 8.60545 1.2
    endloop
  endfacet
  facet normal 0 0 -1
    outer loop
      vertex 77.528 8.975 1.2
      vertex 77.528 15.825 1.2
      vertex 77.7102 16.1945 1.2
    endloop
  endfacet
  facet normal 0 0 -1
    outer loop
      vertex 77.2991 9.3176 1.2
      vertex 77.528 15.825 1.2
      vertex 77.528 8.975 1.2
    endloop
  endfacet
  facet normal 0 0 -1
    outer loop
      vertex 77.2991 9.3176 1.2
      vertex 77.2991 15.4824 1.2
      vertex 77.528 15.825 1.2
    endloop
  endfacet
  facet normal 0 0 -1
    outer loop
      vertex 77.0274 9.62739 1.2
      vertex 77.2991 15.4824 1.2
      vertex 77.2991 9.3176 1.2
    endloop
  endfacet
  facet normal 0 0 -1
    outer loop
      vertex 77.0274 9.62739 1.2
      vertex 77.0274 15.1726 1.2
      vertex 77.2991 15.4824 1.2
    endloop
  endfacet
  facet normal 0 0 -1
    outer loop
      vertex 76.7176 9.89906 1.2
      vertex 77.0274 15.1726 1.2
      vertex 77.0274 9.62739 1.2
    endloop
  endfacet
  facet normal 0 0 -1
    outer loop
      vertex 76.7176 9.89906 1.2
      vertex 76.7176 14.9009 1.2
      vertex 77.0274 15.1726 1.2
    endloop
  endfacet
  facet normal 0 0 -1
    outer loop
      vertex 76.375 10.128 1.2
      vertex 76.7176 14.9009 1.2
      vertex 76.7176 9.89906 1.2
    endloop
  endfacet
  facet normal 0 0 -1
    outer loop
      vertex 76.375 10.128 1.2
      vertex 76.375 14.672 1.2
      vertex 76.7176 14.9009 1.2
    endloop
  endfacet
  facet normal 0 0 -1
    outer loop
      vertex 76.0055 10.3102 1.2
      vertex 76.375 14.672 1.2
      vertex 76.375 10.128 1.2
    endloop
  endfacet
  facet normal 0 0 -1
    outer loop
      vertex 76.0055 10.3102 1.2
      vertex 76.0055 14.4898 1.2
      vertex 76.375 14.672 1.2
    endloop
  endfacet
  facet normal 0 0 -1
    outer loop
      vertex 75.6153 10.4427 1.2
      vertex 76.0055 14.4898 1.2
      vertex 76.0055 10.3102 1.2
    endloop
  endfacet
  facet normal 0 0 -1
    outer loop
      vertex 75.6153 10.4427 1.2
      vertex 75.6153 14.3573 1.2
      vertex 76.0055 14.4898 1.2
    endloop
  endfacet
  facet normal 0 0 -1
    outer loop
      vertex 75.2112 10.5231 1.2
      vertex 75.6153 14.3573 1.2
      vertex 75.6153 10.4427 1.2
    endloop
  endfacet
  facet normal 0 0 -1
    outer loop
      vertex 75.2112 10.5231 1.2
      vertex 75.2112 14.2769 1.2
      vertex 75.6153 14.3573 1.2
    endloop
  endfacet
  facet normal 0 0 -1
    outer loop
      vertex 74.8 10.55 1.2
      vertex 75.2112 14.2769 1.2
      vertex 75.2112 10.5231 1.2
    endloop
  endfacet
  facet normal 0 0 -1
    outer loop
      vertex 74.8 10.55 1.2
      vertex 74.8 14.25 1.2
      vertex 75.2112 14.2769 1.2
    endloop
  endfacet
  facet normal 0 0 -1
    outer loop
      vertex 74.3888 10.5231 1.2
      vertex 74.8 14.25 1.2
      vertex 74.8 10.55 1.2
    endloop
  endfacet
  facet normal 0 0 -1
    outer loop
      vertex 74.3888 10.5231 1.2
      vertex 74.3888 14.2769 1.2
      vertex 74.8 14.25 1.2
    endloop
  endfacet
  facet normal 0 0 -1
    outer loop
      vertex 73.9847 10.4427 1.2
      vertex 74.3888 14.2769 1.2
      vertex 74.3888 10.5231 1.2
    endloop
  endfacet
  facet normal 0 0 -1
    outer loop
      vertex 73.9847 10.4427 1.2
      vertex 73.9847 14.3573 1.2
      vertex 74.3888 14.2769 1.2
    endloop
  endfacet
  facet normal 0 0 -1
    outer loop
      vertex 73.5945 10.3102 1.2
      vertex 73.9847 14.3573 1.2
      vertex 73.9847 10.4427 1.2
    endloop
  endfacet
  facet normal 0 0 -1
    outer loop
      vertex 73.5945 10.3102 1.2
      vertex 73.5945 14.4898 1.2
      vertex 73.9847 14.3573 1.2
    endloop
  endfacet
  facet normal 0 0 -1
    outer loop
      vertex 73.225 10.128 1.2
      vertex 73.5945 14.4898 1.2
      vertex 73.5945 10.3102 1.2
    endloop
  endfacet
  facet normal 0 0 -1
    outer loop
      vertex 73.225 10.128 1.2
      vertex 73.225 14.672 1.2
      vertex 73.5945 14.4898 1.2
    endloop
  endfacet
  facet normal 0 0 -1
    outer loop
      vertex 72.8824 9.89906 1.2
      vertex 73.225 14.672 1.2
      vertex 73.225 10.128 1.2
    endloop
  endfacet
  facet normal 0 0 -1
    outer loop
      vertex 72.8824 9.89906 1.2
      vertex 72.8824 14.9009 1.2
      vertex 73.225 14.672 1.2
    endloop
  endfacet
  facet normal 0 0 -1
    outer loop
      vertex 72.5726 9.62739 1.2
      vertex 72.8824 14.9009 1.2
      vertex 72.8824 9.89906 1.2
    endloop
  endfacet
  facet normal 0 0 -1
    outer loop
      vertex 72.5726 9.62739 1.2
      vertex 72.5726 15.1726 1.2
      vertex 72.8824 14.9009 1.2
    endloop
  endfacet
  facet normal 0 0 -1
    outer loop
      vertex 72.3009 9.3176 1.2
      vertex 72.5726 15.1726 1.2
      vertex 72.5726 9.62739 1.2
    endloop
  endfacet
  facet normal 0 0 -1
    outer loop
      vertex 72.3009 9.3176 1.2
      vertex 72.3009 15.4824 1.2
      vertex 72.5726 15.1726 1.2
    endloop
  endfacet
  facet normal 0 0 -1
    outer loop
      vertex 72.072 8.975 1.2
      vertex 72.3009 15.4824 1.2
      vertex 72.3009 9.3176 1.2
    endloop
  endfacet
  facet normal 0 0 -1
    outer loop
      vertex 72.072 8.975 1.2
      vertex 72.072 15.825 1.2
      vertex 72.3009 15.4824 1.2
    endloop
  endfacet
  facet normal 0 0 -1
    outer loop
      vertex 71.8898 8.60545 1.2
      vertex 72.072 15.825 1.2
      vertex 72.072 8.975 1.2
    endloop
  endfacet
  facet normal 0 0 -1
    outer loop
      vertex 71.8898 8.60545 1.2
      vertex 71.8898 16.1945 1.2
      vertex 72.072 15.825 1.2
    endloop
  endfacet
  facet normal 0 0 -1
    outer loop
      vertex 71.7573 8.21528 1.2
      vertex 71.8898 16.1945 1.2
      vertex 71.8898 8.60545 1.2
    endloop
  endfacet
  facet normal 0 0 -1
    outer loop
      vertex 71.7573 8.21528 1.2
      vertex 71.7573 16.5847 1.2
      vertex 71.8898 16.1945 1.2
    endloop
  endfacet
  facet normal 0 0 -1
    outer loop
      vertex 67.65 2.15 1.2
      vertex 71.7573 8.21528 1.2
      vertex 71.6769 7.81116 1.2
    endloop
  endfacet
  facet normal -0 0 -1
    outer loop
      vertex 71.7573 8.21528 1.2
      vertex 67.65 2.15 1.2
      vertex 71.7573 16.5847 1.2
    endloop
  endfacet
  facet normal 0 0 -1
    outer loop
      vertex 67.65 2.15 1.2
      vertex 71.6769 7.81116 1.2
      vertex 71.65 7.4 1.2
    endloop
  endfacet
  facet normal -0 0 -1
    outer loop
      vertex 71.7573 16.5847 1.2
      vertex 67.65 2.15 1.2
      vertex 71.6769 16.9888 1.2
    endloop
  endfacet
  facet normal 0 0 -1
    outer loop
      vertex 77.923 7.81116 1.2
      vertex 79.8 0 1.2
      vertex 77.95 7.4 1.2
    endloop
  endfacet
  facet normal 0 0 -1
    outer loop
      vertex 79.8 0 1.2
      vertex 77.923 6.98884 1.2
      vertex 77.95 7.4 1.2
    endloop
  endfacet
  facet normal 0 0 -1
    outer loop
      vertex 79.8 0 1.2
      vertex 77.8427 6.58472 1.2
      vertex 77.923 6.98884 1.2
    endloop
  endfacet
  facet normal 0 0 -1
    outer loop
      vertex 79.8 0 1.2
      vertex 77.7102 6.19455 1.2
      vertex 77.8427 6.58472 1.2
    endloop
  endfacet
  facet normal 0 0 -1
    outer loop
      vertex 79.8 0 1.2
      vertex 77.528 5.825 1.2
      vertex 77.7102 6.19455 1.2
    endloop
  endfacet
  facet normal 0 0 -1
    outer loop
      vertex 79.8 0 1.2
      vertex 77.2991 5.4824 1.2
      vertex 77.528 5.825 1.2
    endloop
  endfacet
  facet normal 0 0 -1
    outer loop
      vertex 79.8 0 1.2
      vertex 77.0274 5.17261 1.2
      vertex 77.2991 5.4824 1.2
    endloop
  endfacet
  facet normal 0 0 -1
    outer loop
      vertex 79.8 0 1.2
      vertex 76.7176 4.90094 1.2
      vertex 77.0274 5.17261 1.2
    endloop
  endfacet
  facet normal 0 0 -1
    outer loop
      vertex 79.8 0 1.2
      vertex 76.375 4.67202 1.2
      vertex 76.7176 4.90094 1.2
    endloop
  endfacet
  facet normal 0 0 -1
    outer loop
      vertex 79.8 0 1.2
      vertex 76.0055 4.48978 1.2
      vertex 76.375 4.67202 1.2
    endloop
  endfacet
  facet normal 0 0 -1
    outer loop
      vertex 79.8 0 1.2
      vertex 75.6153 4.35733 1.2
      vertex 76.0055 4.48978 1.2
    endloop
  endfacet
  facet normal 0 0 -1
    outer loop
      vertex 79.8 0 1.2
      vertex 75.2112 4.27695 1.2
      vertex 75.6153 4.35733 1.2
    endloop
  endfacet
  facet normal 0 0 -1
    outer loop
      vertex 79.8 0 1.2
      vertex 74.8 4.25 1.2
      vertex 75.2112 4.27695 1.2
    endloop
  endfacet
  facet normal 0 0 -1
    outer loop
      vertex 79.8 0 1.2
      vertex 74.3888 4.27695 1.2
      vertex 74.8 4.25 1.2
    endloop
  endfacet
  facet normal 0 0 -1
    outer loop
      vertex 67.65 2.15 1.2
      vertex 74.3888 4.27695 1.2
      vertex 79.8 0 1.2
    endloop
  endfacet
  facet normal -0 0 -1
    outer loop
      vertex 74.3888 4.27695 1.2
      vertex 67.65 2.15 1.2
      vertex 73.9847 4.35733 1.2
    endloop
  endfacet
  facet normal -0 0 -1
    outer loop
      vertex 73.9847 4.35733 1.2
      vertex 67.65 2.15 1.2
      vertex 73.5945 4.48978 1.2
    endloop
  endfacet
  facet normal -0 0 -1
    outer loop
      vertex 73.5945 4.48978 1.2
      vertex 67.65 2.15 1.2
      vertex 73.225 4.67202 1.2
    endloop
  endfacet
  facet normal -0 0 -1
    outer loop
      vertex 71.6769 16.9888 1.2
      vertex 67.65 2.15 1.2
      vertex 71.65 17.4 1.2
    endloop
  endfacet
  facet normal 0 0 -1
    outer loop
      vertex 67.65 32.65 1.2
      vertex 71.65 17.4 1.2
      vertex 67.65 2.15 1.2
    endloop
  endfacet
  facet normal -0 0 -1
    outer loop
      vertex 71.6769 6.98884 1.2
      vertex 67.65 2.15 1.2
      vertex 71.65 7.4 1.2
    endloop
  endfacet
  facet normal -0 0 -1
    outer loop
      vertex 71.7573 6.58472 1.2
      vertex 67.65 2.15 1.2
      vertex 71.6769 6.98884 1.2
    endloop
  endfacet
  facet normal -0 0 -1
    outer loop
      vertex 71.8898 6.19455 1.2
      vertex 67.65 2.15 1.2
      vertex 71.7573 6.58472 1.2
    endloop
  endfacet
  facet normal -0 0 -1
    outer loop
      vertex 72.072 5.825 1.2
      vertex 67.65 2.15 1.2
      vertex 71.8898 6.19455 1.2
    endloop
  endfacet
  facet normal -0 0 -1
    outer loop
      vertex 72.3009 5.4824 1.2
      vertex 67.65 2.15 1.2
      vertex 72.072 5.825 1.2
    endloop
  endfacet
  facet normal -0 0 -1
    outer loop
      vertex 72.5726 5.17261 1.2
      vertex 67.65 2.15 1.2
      vertex 72.3009 5.4824 1.2
    endloop
  endfacet
  facet normal -0 0 -1
    outer loop
      vertex 72.8824 4.90094 1.2
      vertex 67.65 2.15 1.2
      vertex 72.5726 5.17261 1.2
    endloop
  endfacet
  facet normal -0 0 -1
    outer loop
      vertex 73.225 4.67202 1.2
      vertex 67.65 2.15 1.2
      vertex 72.8824 4.90094 1.2
    endloop
  endfacet
  facet normal 0 0 -1
    outer loop
      vertex 0 0 1.2
      vertex 67.65 2.15 1.2
      vertex 79.8 0 1.2
    endloop
  endfacet
  facet normal -0 0 -1
    outer loop
      vertex 2.15 2.15 1.2
      vertex 0 0 1.2
      vertex 2.15 32.65 1.2
    endloop
  endfacet
  facet normal -0 0 -1
    outer loop
      vertex 67.65 2.15 1.2
      vertex 0 0 1.2
      vertex 2.15 2.15 1.2
    endloop
  endfacet
  facet normal 0 0 -1
    outer loop
      vertex 79.8 0 1.2
      vertex 77.95 17.4 1.2
      vertex 79.8 34.8 1.2
    endloop
  endfacet
  facet normal 0 0 -1
    outer loop
      vertex 77.923 17.8112 1.2
      vertex 79.8 34.8 1.2
      vertex 77.95 17.4 1.2
    endloop
  endfacet
  facet normal 0 0 -1
    outer loop
      vertex 77.923 27.8112 1.2
      vertex 79.8 34.8 1.2
      vertex 77.95 27.4 1.2
    endloop
  endfacet
  facet normal 0 0 -1
    outer loop
      vertex 77.8427 28.2153 1.2
      vertex 79.8 34.8 1.2
      vertex 77.923 27.8112 1.2
    endloop
  endfacet
  facet normal 0 0 -1
    outer loop
      vertex 77.7102 28.6055 1.2
      vertex 79.8 34.8 1.2
      vertex 77.8427 28.2153 1.2
    endloop
  endfacet
  facet normal 0 0 -1
    outer loop
      vertex 77.528 28.975 1.2
      vertex 79.8 34.8 1.2
      vertex 77.7102 28.6055 1.2
    endloop
  endfacet
  facet normal 0 0 -1
    outer loop
      vertex 77.2991 29.3176 1.2
      vertex 79.8 34.8 1.2
      vertex 77.528 28.975 1.2
    endloop
  endfacet
  facet normal 0 0 -1
    outer loop
      vertex 77.0274 29.6274 1.2
      vertex 79.8 34.8 1.2
      vertex 77.2991 29.3176 1.2
    endloop
  endfacet
  facet normal 0 0 -1
    outer loop
      vertex 76.7176 29.8991 1.2
      vertex 79.8 34.8 1.2
      vertex 77.0274 29.6274 1.2
    endloop
  endfacet
  facet normal 0 0 -1
    outer loop
      vertex 76.375 30.128 1.2
      vertex 79.8 34.8 1.2
      vertex 76.7176 29.8991 1.2
    endloop
  endfacet
  facet normal 0 0 -1
    outer loop
      vertex 76.0055 30.3102 1.2
      vertex 79.8 34.8 1.2
      vertex 76.375 30.128 1.2
    endloop
  endfacet
  facet normal 0 0 -1
    outer loop
      vertex 75.6153 30.4427 1.2
      vertex 79.8 34.8 1.2
      vertex 76.0055 30.3102 1.2
    endloop
  endfacet
  facet normal 0 0 -1
    outer loop
      vertex 75.2112 30.5231 1.2
      vertex 79.8 34.8 1.2
      vertex 75.6153 30.4427 1.2
    endloop
  endfacet
  facet normal 0 0 -1
    outer loop
      vertex 74.8 30.55 1.2
      vertex 79.8 34.8 1.2
      vertex 75.2112 30.5231 1.2
    endloop
  endfacet
  facet normal 0 0 -1
    outer loop
      vertex 74.3888 30.5231 1.2
      vertex 79.8 34.8 1.2
      vertex 74.8 30.55 1.2
    endloop
  endfacet
  facet normal 0 0 -1
    outer loop
      vertex 67.65 32.65 1.2
      vertex 74.3888 30.5231 1.2
      vertex 73.9847 30.4427 1.2
    endloop
  endfacet
  facet normal 0 0 -1
    outer loop
      vertex 67.65 32.65 1.2
      vertex 73.9847 30.4427 1.2
      vertex 73.5945 30.3102 1.2
    endloop
  endfacet
  facet normal 0 0 -1
    outer loop
      vertex 67.65 32.65 1.2
      vertex 73.5945 30.3102 1.2
      vertex 73.225 30.128 1.2
    endloop
  endfacet
  facet normal 0 0 -1
    outer loop
      vertex 67.65 32.65 1.2
      vertex 73.225 30.128 1.2
      vertex 72.8824 29.8991 1.2
    endloop
  endfacet
  facet normal 0 0 -1
    outer loop
      vertex 71.6769 26.9888 1.2
      vertex 67.65 32.65 1.2
      vertex 71.65 27.4 1.2
    endloop
  endfacet
  facet normal 0 0 -1
    outer loop
      vertex 71.65 27.4 1.2
      vertex 67.65 32.65 1.2
      vertex 71.6769 27.8112 1.2
    endloop
  endfacet
  facet normal 0 0 -1
    outer loop
      vertex 67.65 32.65 1.2
      vertex 71.7573 28.2153 1.2
      vertex 71.6769 27.8112 1.2
    endloop
  endfacet
  facet normal 0 0 -1
    outer loop
      vertex 67.65 32.65 1.2
      vertex 71.8898 28.6055 1.2
      vertex 71.7573 28.2153 1.2
    endloop
  endfacet
  facet normal 0 0 -1
    outer loop
      vertex 67.65 32.65 1.2
      vertex 72.072 28.975 1.2
      vertex 71.8898 28.6055 1.2
    endloop
  endfacet
  facet normal 0 0 -1
    outer loop
      vertex 67.65 32.65 1.2
      vertex 72.3009 29.3176 1.2
      vertex 72.072 28.975 1.2
    endloop
  endfacet
  facet normal 0 0 -1
    outer loop
      vertex 67.65 32.65 1.2
      vertex 72.5726 29.6274 1.2
      vertex 72.3009 29.3176 1.2
    endloop
  endfacet
  facet normal 0 0 -1
    outer loop
      vertex 67.65 32.65 1.2
      vertex 72.8824 29.8991 1.2
      vertex 72.5726 29.6274 1.2
    endloop
  endfacet
  facet normal 0 0 -1
    outer loop
      vertex 74.3888 30.5231 1.2
      vertex 67.65 32.65 1.2
      vertex 79.8 34.8 1.2
    endloop
  endfacet
  facet normal 0 0 -1
    outer loop
      vertex 0 34.8 1.2
      vertex 67.65 32.65 1.2
      vertex 2.15 32.65 1.2
    endloop
  endfacet
  facet normal 0 0 -1
    outer loop
      vertex 67.65 32.65 1.2
      vertex 0 34.8 1.2
      vertex 79.8 34.8 1.2
    endloop
  endfacet
  facet normal 0 0 -1
    outer loop
      vertex 0 34.8 1.2
      vertex 2.15 32.65 1.2
      vertex 0 0 1.2
    endloop
  endfacet
  facet normal 0 -1 0
    outer loop
      vertex 0 0 1.2
      vertex 79.8 0 3.2
      vertex 0 0 3.2
    endloop
  endfacet
  facet normal 0 -1 -0
    outer loop
      vertex 79.8 0 3.2
      vertex 0 0 1.2
      vertex 79.8 0 1.2
    endloop
  endfacet
  facet normal -1 0 0
    outer loop
      vertex 2.15 2.15 1.90735e-07
      vertex 2.15 32.65 1.2
      vertex 2.15 32.65 1.90735e-07
    endloop
  endfacet
  facet normal -1 -0 0
    outer loop
      vertex 2.15 32.65 1.2
      vertex 2.15 2.15 1.90735e-07
      vertex 2.15 2.15 1.2
    endloop
  endfacet
  facet normal 1 -0 0
    outer loop
      vertex 67.65 2.15 1.2
      vertex 67.65 32.65 1.90735e-07
      vertex 67.65 32.65 1.2
    endloop
  endfacet
  facet normal 1 0 0
    outer loop
      vertex 67.65 32.65 1.90735e-07
      vertex 67.65 2.15 1.2
      vertex 67.65 2.15 1.90735e-07
    endloop
  endfacet
  facet normal 0 1 -0
    outer loop
      vertex 67.65 32.65 1.90735e-07
      vertex 2.15 32.65 1.2
      vertex 67.65 32.65 1.2
    endloop
  endfacet
  facet normal 0 1 0
    outer loop
      vertex 2.15 32.65 1.2
      vertex 67.65 32.65 1.90735e-07
      vertex 2.15 32.65 1.90735e-07
    endloop
  endfacet
  facet normal 0 0 -1
    outer loop
      vertex 67.65 2.15 1.90735e-07
      vertex 66.85 2.95 1.90735e-07
      vertex 67.65 32.65 1.90735e-07
    endloop
  endfacet
  facet normal 0 0 -1
    outer loop
      vertex 67.65 2.15 1.90735e-07
      vertex 2.95 2.95 1.90735e-07
      vertex 66.85 2.95 1.90735e-07
    endloop
  endfacet
  facet normal -0 0 -1
    outer loop
      vertex 2.95 2.95 1.90735e-07
      vertex 2.15 2.15 1.90735e-07
      vertex 2.95 31.85 1.90735e-07
    endloop
  endfacet
  facet normal 0 0 -1
    outer loop
      vertex 2.15 2.15 1.90735e-07
      vertex 2.95 2.95 1.90735e-07
      vertex 67.65 2.15 1.90735e-07
    endloop
  endfacet
  facet normal 0 0 -1
    outer loop
      vertex 66.85 31.85 1.90735e-07
      vertex 67.65 32.65 1.90735e-07
      vertex 66.85 2.95 1.90735e-07
    endloop
  endfacet
  facet normal 0 0 -1
    outer loop
      vertex 2.95 31.85 1.90735e-07
      vertex 67.65 32.65 1.90735e-07
      vertex 66.85 31.85 1.90735e-07
    endloop
  endfacet
  facet normal 0 0 -1
    outer loop
      vertex 2.95 31.85 1.90735e-07
      vertex 2.15 32.65 1.90735e-07
      vertex 67.65 32.65 1.90735e-07
    endloop
  endfacet
  facet normal 0 0 -1
    outer loop
      vertex 2.15 32.65 1.90735e-07
      vertex 2.95 31.85 1.90735e-07
      vertex 2.15 2.15 1.90735e-07
    endloop
  endfacet
  facet normal 0 -1 0
    outer loop
      vertex 2.15 2.15 1.90735e-07
      vertex 67.65 2.15 1.2
      vertex 2.15 2.15 1.2
    endloop
  endfacet
  facet normal 0 -1 -0
    outer loop
      vertex 67.65 2.15 1.2
      vertex 2.15 2.15 1.90735e-07
      vertex 67.65 2.15 1.90735e-07
    endloop
  endfacet
  facet normal -0.896913 -0.442207 0
    outer loop
      vertex 77.7102 8.60545 1.2
      vertex 77.528 8.975 3.2
      vertex 77.528 8.975 1.2
    endloop
  endfacet
  facet normal -0.896913 -0.442207 0
    outer loop
      vertex 77.528 8.975 3.2
      vertex 77.7102 8.60545 1.2
      vertex 77.7102 8.60545 3.2
    endloop
  endfacet
  facet normal 0.946889 -0.321559 0
    outer loop
      vertex 71.7573 8.21528 3.2
      vertex 71.8898 8.60545 1.2
      vertex 71.8898 8.60545 3.2
    endloop
  endfacet
  facet normal 0.946889 -0.321559 0
    outer loop
      vertex 71.8898 8.60545 1.2
      vertex 71.7573 8.21528 3.2
      vertex 71.7573 8.21528 1.2
    endloop
  endfacet
  facet normal -0.83149 -0.55554 0
    outer loop
      vertex 77.528 8.975 1.2
      vertex 77.2991 9.3176 3.2
      vertex 77.2991 9.3176 1.2
    endloop
  endfacet
  facet normal -0.83149 -0.55554 0
    outer loop
      vertex 77.2991 9.3176 3.2
      vertex 77.528 8.975 1.2
      vertex 77.528 8.975 3.2
    endloop
  endfacet
  facet normal -0.321537 -0.946897 0
    outer loop
      vertex 75.6153 10.4427 1.2
      vertex 76.0055 10.3102 3.2
      vertex 75.6153 10.4427 3.2
    endloop
  endfacet
  facet normal -0.321537 -0.946897 -0
    outer loop
      vertex 76.0055 10.3102 3.2
      vertex 75.6153 10.4427 1.2
      vertex 76.0055 10.3102 1.2
    endloop
  endfacet
  facet normal 0.321537 -0.946897 0
    outer loop
      vertex 73.5945 10.3102 1.2
      vertex 73.9847 10.4427 3.2
      vertex 73.5945 10.3102 3.2
    endloop
  endfacet
  facet normal 0.321537 -0.946897 0
    outer loop
      vertex 73.9847 10.4427 3.2
      vertex 73.5945 10.3102 1.2
      vertex 73.9847 10.4427 1.2
    endloop
  endfacet
  facet normal 0.896913 -0.442207 0
    outer loop
      vertex 71.8898 8.60545 3.2
      vertex 72.072 8.975 1.2
      vertex 72.072 8.975 3.2
    endloop
  endfacet
  facet normal 0.896913 -0.442207 0
    outer loop
      vertex 72.072 8.975 1.2
      vertex 71.8898 8.60545 3.2
      vertex 71.8898 8.60545 1.2
    endloop
  endfacet
  facet normal -0.0652788 -0.997867 0
    outer loop
      vertex 74.8 10.55 1.2
      vertex 75.2112 10.5231 3.2
      vertex 74.8 10.55 3.2
    endloop
  endfacet
  facet normal -0.0652788 -0.997867 -0
    outer loop
      vertex 75.2112 10.5231 3.2
      vertex 74.8 10.55 1.2
      vertex 75.2112 10.5231 1.2
    endloop
  endfacet
  facet normal -0.555607 -0.831445 0
    outer loop
      vertex 76.375 10.128 1.2
      vertex 76.7176 9.89906 3.2
      vertex 76.375 10.128 3.2
    endloop
  endfacet
  facet normal -0.555607 -0.831445 -0
    outer loop
      vertex 76.7176 9.89906 3.2
      vertex 76.375 10.128 1.2
      vertex 76.7176 9.89906 1.2
    endloop
  endfacet
  facet normal 0.980778 -0.195127 0
    outer loop
      vertex 71.6769 7.81116 3.2
      vertex 71.7573 8.21528 1.2
      vertex 71.7573 8.21528 3.2
    endloop
  endfacet
  facet normal 0.980778 -0.195127 0
    outer loop
      vertex 71.7573 8.21528 1.2
      vertex 71.6769 7.81116 3.2
      vertex 71.6769 7.81116 1.2
    endloop
  endfacet
  facet normal 0.751814 -0.659375 0
    outer loop
      vertex 72.3009 9.3176 3.2
      vertex 72.5726 9.62739 1.2
      vertex 72.5726 9.62739 3.2
    endloop
  endfacet
  facet normal 0.751814 -0.659375 0
    outer loop
      vertex 72.5726 9.62739 1.2
      vertex 72.3009 9.3176 3.2
      vertex 72.3009 9.3176 1.2
    endloop
  endfacet
  facet normal 0.442255 -0.896889 0
    outer loop
      vertex 73.225 10.128 1.2
      vertex 73.5945 10.3102 3.2
      vertex 73.225 10.128 3.2
    endloop
  endfacet
  facet normal 0.442255 -0.896889 0
    outer loop
      vertex 73.5945 10.3102 3.2
      vertex 73.225 10.128 1.2
      vertex 73.5945 10.3102 1.2
    endloop
  endfacet
  facet normal 0.195136 -0.980776 0
    outer loop
      vertex 73.9847 10.4427 1.2
      vertex 74.3888 10.5231 3.2
      vertex 73.9847 10.4427 3.2
    endloop
  endfacet
  facet normal 0.195136 -0.980776 0
    outer loop
      vertex 74.3888 10.5231 3.2
      vertex 73.9847 10.4427 1.2
      vertex 74.3888 10.5231 1.2
    endloop
  endfacet
  facet normal -0.997851 -0.0655267 0
    outer loop
      vertex 77.95 7.4 1.2
      vertex 77.923 7.81116 3.2
      vertex 77.923 7.81116 1.2
    endloop
  endfacet
  facet normal -0.997851 -0.0655267 0
    outer loop
      vertex 77.923 7.81116 3.2
      vertex 77.95 7.4 1.2
      vertex 77.95 7.4 3.2
    endloop
  endfacet
  facet normal -0.946889 0.321559 0
    outer loop
      vertex 77.7102 6.19455 1.2
      vertex 77.8427 6.58472 3.2
      vertex 77.8427 6.58472 1.2
    endloop
  endfacet
  facet normal -0.946889 0.321559 0
    outer loop
      vertex 77.8427 6.58472 3.2
      vertex 77.7102 6.19455 1.2
      vertex 77.7102 6.19455 3.2
    endloop
  endfacet
  facet normal 0.659322 0.751861 -0
    outer loop
      vertex 72.8824 4.90094 1.2
      vertex 72.5726 5.17261 3.2
      vertex 72.8824 4.90094 3.2
    endloop
  endfacet
  facet normal 0.659322 0.751861 0
    outer loop
      vertex 72.5726 5.17261 3.2
      vertex 72.8824 4.90094 1.2
      vertex 72.5726 5.17261 1.2
    endloop
  endfacet
  facet normal 0.896913 0.442207 0
    outer loop
      vertex 72.072 5.825 3.2
      vertex 71.8898 6.19455 1.2
      vertex 71.8898 6.19455 3.2
    endloop
  endfacet
  facet normal 0.896913 0.442207 0
    outer loop
      vertex 71.8898 6.19455 1.2
      vertex 72.072 5.825 3.2
      vertex 72.072 5.825 1.2
    endloop
  endfacet
  facet normal -0.555574 0.831467 0
    outer loop
      vertex 76.7176 4.90094 1.2
      vertex 76.375 4.67202 3.2
      vertex 76.7176 4.90094 3.2
    endloop
  endfacet
  facet normal -0.555574 0.831467 0
    outer loop
      vertex 76.375 4.67202 3.2
      vertex 76.7176 4.90094 1.2
      vertex 76.375 4.67202 1.2
    endloop
  endfacet
  facet normal -0.946889 -0.321559 0
    outer loop
      vertex 77.8427 8.21528 1.2
      vertex 77.7102 8.60545 3.2
      vertex 77.7102 8.60545 1.2
    endloop
  endfacet
  facet normal -0.946889 -0.321559 0
    outer loop
      vertex 77.7102 8.60545 3.2
      vertex 77.8427 8.21528 1.2
      vertex 77.8427 8.21528 3.2
    endloop
  endfacet
  facet normal -0.659322 -0.751861 0
    outer loop
      vertex 76.7176 9.89906 1.2
      vertex 77.0274 9.62739 3.2
      vertex 76.7176 9.89906 3.2
    endloop
  endfacet
  facet normal -0.659322 -0.751861 -0
    outer loop
      vertex 77.0274 9.62739 3.2
      vertex 76.7176 9.89906 1.2
      vertex 77.0274 9.62739 1.2
    endloop
  endfacet
  facet normal -0.751814 -0.659375 0
    outer loop
      vertex 77.2991 9.3176 1.2
      vertex 77.0274 9.62739 3.2
      vertex 77.0274 9.62739 1.2
    endloop
  endfacet
  facet normal -0.751814 -0.659375 0
    outer loop
      vertex 77.0274 9.62739 3.2
      vertex 77.2991 9.3176 1.2
      vertex 77.2991 9.3176 3.2
    endloop
  endfacet
  facet normal 0.0652788 -0.997867 0
    outer loop
      vertex 74.3888 10.5231 1.2
      vertex 74.8 10.55 3.2
      vertex 74.3888 10.5231 3.2
    endloop
  endfacet
  facet normal 0.0652788 -0.997867 0
    outer loop
      vertex 74.8 10.55 3.2
      vertex 74.3888 10.5231 1.2
      vertex 74.8 10.55 1.2
    endloop
  endfacet
  facet normal -0.195136 -0.980776 0
    outer loop
      vertex 75.2112 10.5231 1.2
      vertex 75.6153 10.4427 3.2
      vertex 75.2112 10.5231 3.2
    endloop
  endfacet
  facet normal -0.195136 -0.980776 -0
    outer loop
      vertex 75.6153 10.4427 3.2
      vertex 75.2112 10.5231 1.2
      vertex 75.6153 10.4427 1.2
    endloop
  endfacet
  facet normal -0.442255 -0.896889 0
    outer loop
      vertex 76.0055 10.3102 1.2
      vertex 76.375 10.128 3.2
      vertex 76.0055 10.3102 3.2
    endloop
  endfacet
  facet normal -0.442255 -0.896889 -0
    outer loop
      vertex 76.375 10.128 3.2
      vertex 76.0055 10.3102 1.2
      vertex 76.375 10.128 1.2
    endloop
  endfacet
  facet normal 0.997867 -0.0652851 0
    outer loop
      vertex 71.65 7.4 3.2
      vertex 71.6769 7.81116 1.2
      vertex 71.6769 7.81116 3.2
    endloop
  endfacet
  facet normal 0.997867 -0.0652851 0
    outer loop
      vertex 71.6769 7.81116 1.2
      vertex 71.65 7.4 3.2
      vertex 71.65 7.4 1.2
    endloop
  endfacet
  facet normal 0.83149 -0.55554 0
    outer loop
      vertex 72.072 8.975 3.2
      vertex 72.3009 9.3176 1.2
      vertex 72.3009 9.3176 3.2
    endloop
  endfacet
  facet normal 0.83149 -0.55554 0
    outer loop
      vertex 72.3009 9.3176 1.2
      vertex 72.072 8.975 3.2
      vertex 72.072 8.975 1.2
    endloop
  endfacet
  facet normal 0.555607 -0.831445 0
    outer loop
      vertex 72.8824 9.89906 1.2
      vertex 73.225 10.128 3.2
      vertex 72.8824 9.89906 3.2
    endloop
  endfacet
  facet normal 0.555607 -0.831445 0
    outer loop
      vertex 73.225 10.128 3.2
      vertex 72.8824 9.89906 1.2
      vertex 73.225 10.128 1.2
    endloop
  endfacet
  facet normal 0.659322 -0.751861 0
    outer loop
      vertex 72.5726 9.62739 1.2
      vertex 72.8824 9.89906 3.2
      vertex 72.5726 9.62739 3.2
    endloop
  endfacet
  facet normal 0.659322 -0.751861 0
    outer loop
      vertex 72.8824 9.89906 3.2
      vertex 72.5726 9.62739 1.2
      vertex 72.8824 9.89906 1.2
    endloop
  endfacet
  facet normal -0.997851 0.0655267 0
    outer loop
      vertex 77.923 6.98884 1.2
      vertex 77.95 7.4 3.2
      vertex 77.95 7.4 1.2
    endloop
  endfacet
  facet normal -0.997851 0.0655267 0
    outer loop
      vertex 77.95 7.4 3.2
      vertex 77.923 6.98884 1.2
      vertex 77.923 6.98884 3.2
    endloop
  endfacet
  facet normal -0.0653996 0.997859 0
    outer loop
      vertex 75.2112 4.27695 1.2
      vertex 74.8 4.25 3.2
      vertex 75.2112 4.27695 3.2
    endloop
  endfacet
  facet normal -0.0653996 0.997859 0
    outer loop
      vertex 74.8 4.25 3.2
      vertex 75.2112 4.27695 1.2
      vertex 74.8 4.25 1.2
    endloop
  endfacet
  facet normal 0.946889 0.321559 0
    outer loop
      vertex 71.8898 6.19455 3.2
      vertex 71.7573 6.58472 1.2
      vertex 71.7573 6.58472 3.2
    endloop
  endfacet
  facet normal 0.946889 0.321559 0
    outer loop
      vertex 71.7573 6.58472 1.2
      vertex 71.8898 6.19455 3.2
      vertex 71.8898 6.19455 1.2
    endloop
  endfacet
  facet normal 0.83149 0.55554 0
    outer loop
      vertex 72.3009 5.4824 3.2
      vertex 72.072 5.825 1.2
      vertex 72.072 5.825 3.2
    endloop
  endfacet
  facet normal 0.83149 0.55554 0
    outer loop
      vertex 72.072 5.825 1.2
      vertex 72.3009 5.4824 3.2
      vertex 72.3009 5.4824 1.2
    endloop
  endfacet
  facet normal -0.195089 0.980786 0
    outer loop
      vertex 75.6153 4.35733 1.2
      vertex 75.2112 4.27695 3.2
      vertex 75.6153 4.35733 3.2
    endloop
  endfacet
  facet normal -0.195089 0.980786 0
    outer loop
      vertex 75.2112 4.27695 3.2
      vertex 75.6153 4.35733 1.2
      vertex 75.2112 4.27695 1.2
    endloop
  endfacet
  facet normal -0.751814 0.659375 0
    outer loop
      vertex 77.0274 5.17261 1.2
      vertex 77.2991 5.4824 3.2
      vertex 77.2991 5.4824 1.2
    endloop
  endfacet
  facet normal -0.751814 0.659375 0
    outer loop
      vertex 77.2991 5.4824 3.2
      vertex 77.0274 5.17261 1.2
      vertex 77.0274 5.17261 3.2
    endloop
  endfacet
  facet normal -0.980824 -0.194893 0
    outer loop
      vertex 77.923 7.81116 1.2
      vertex 77.8427 8.21528 3.2
      vertex 77.8427 8.21528 1.2
    endloop
  endfacet
  facet normal -0.980824 -0.194893 0
    outer loop
      vertex 77.8427 8.21528 3.2
      vertex 77.923 7.81116 1.2
      vertex 77.923 7.81116 3.2
    endloop
  endfacet
  facet normal -0.980824 0.194893 0
    outer loop
      vertex 77.8427 6.58472 1.2
      vertex 77.923 6.98884 3.2
      vertex 77.923 6.98884 1.2
    endloop
  endfacet
  facet normal -0.980824 0.194893 0
    outer loop
      vertex 77.923 6.98884 3.2
      vertex 77.8427 6.58472 1.2
      vertex 77.8427 6.58472 3.2
    endloop
  endfacet
  facet normal 0.195089 0.980786 -0
    outer loop
      vertex 74.3888 4.27695 1.2
      vertex 73.9847 4.35733 3.2
      vertex 74.3888 4.27695 3.2
    endloop
  endfacet
  facet normal 0.195089 0.980786 0
    outer loop
      vertex 73.9847 4.35733 3.2
      vertex 74.3888 4.27695 1.2
      vertex 73.9847 4.35733 1.2
    endloop
  endfacet
  facet normal 0.751814 0.659375 0
    outer loop
      vertex 72.5726 5.17261 3.2
      vertex 72.3009 5.4824 1.2
      vertex 72.3009 5.4824 3.2
    endloop
  endfacet
  facet normal 0.751814 0.659375 0
    outer loop
      vertex 72.3009 5.4824 1.2
      vertex 72.5726 5.17261 3.2
      vertex 72.5726 5.17261 1.2
    endloop
  endfacet
  facet normal -0.442333 0.896851 0
    outer loop
      vertex 76.375 4.67202 1.2
      vertex 76.0055 4.48978 3.2
      vertex 76.375 4.67202 3.2
    endloop
  endfacet
  facet normal -0.442333 0.896851 0
    outer loop
      vertex 76.0055 4.48978 3.2
      vertex 76.375 4.67202 1.2
      vertex 76.0055 4.48978 1.2
    endloop
  endfacet
  facet normal -0.321428 0.946934 0
    outer loop
      vertex 76.0055 4.48978 1.2
      vertex 75.6153 4.35733 3.2
      vertex 76.0055 4.48978 3.2
    endloop
  endfacet
  facet normal -0.321428 0.946934 0
    outer loop
      vertex 75.6153 4.35733 3.2
      vertex 76.0055 4.48978 1.2
      vertex 75.6153 4.35733 1.2
    endloop
  endfacet
  facet normal -0.659322 0.751861 0
    outer loop
      vertex 77.0274 5.17261 1.2
      vertex 76.7176 4.90094 3.2
      vertex 77.0274 5.17261 3.2
    endloop
  endfacet
  facet normal -0.659322 0.751861 0
    outer loop
      vertex 76.7176 4.90094 3.2
      vertex 77.0274 5.17261 1.2
      vertex 76.7176 4.90094 1.2
    endloop
  endfacet
  facet normal -0.896913 0.442207 0
    outer loop
      vertex 77.528 5.825 1.2
      vertex 77.7102 6.19455 3.2
      vertex 77.7102 6.19455 1.2
    endloop
  endfacet
  facet normal -0.896913 0.442207 0
    outer loop
      vertex 77.7102 6.19455 3.2
      vertex 77.528 5.825 1.2
      vertex 77.528 5.825 3.2
    endloop
  endfacet
  facet normal -0.83149 0.55554 0
    outer loop
      vertex 77.2991 5.4824 1.2
      vertex 77.528 5.825 3.2
      vertex 77.528 5.825 1.2
    endloop
  endfacet
  facet normal -0.83149 0.55554 0
    outer loop
      vertex 77.528 5.825 3.2
      vertex 77.2991 5.4824 1.2
      vertex 77.2991 5.4824 3.2
    endloop
  endfacet
  facet normal 0.0653996 0.997859 -0
    outer loop
      vertex 74.8 4.25 1.2
      vertex 74.3888 4.27695 3.2
      vertex 74.8 4.25 3.2
    endloop
  endfacet
  facet normal 0.0653996 0.997859 0
    outer loop
      vertex 74.3888 4.27695 3.2
      vertex 74.8 4.25 1.2
      vertex 74.3888 4.27695 1.2
    endloop
  endfacet
  facet normal 0.442333 0.896851 -0
    outer loop
      vertex 73.5945 4.48978 1.2
      vertex 73.225 4.67202 3.2
      vertex 73.5945 4.48978 3.2
    endloop
  endfacet
  facet normal 0.442333 0.896851 0
    outer loop
      vertex 73.225 4.67202 3.2
      vertex 73.5945 4.48978 1.2
      vertex 73.225 4.67202 1.2
    endloop
  endfacet
  facet normal 0.980778 0.195127 0
    outer loop
      vertex 71.7573 6.58472 3.2
      vertex 71.6769 6.98884 1.2
      vertex 71.6769 6.98884 3.2
    endloop
  endfacet
  facet normal 0.980778 0.195127 0
    outer loop
      vertex 71.6769 6.98884 1.2
      vertex 71.7573 6.58472 3.2
      vertex 71.7573 6.58472 1.2
    endloop
  endfacet
  facet normal 0.997867 0.0652851 0
    outer loop
      vertex 71.6769 6.98884 3.2
      vertex 71.65 7.4 1.2
      vertex 71.65 7.4 3.2
    endloop
  endfacet
  facet normal 0.997867 0.0652851 0
    outer loop
      vertex 71.65 7.4 1.2
      vertex 71.6769 6.98884 3.2
      vertex 71.6769 6.98884 1.2
    endloop
  endfacet
  facet normal 0.555574 0.831467 -0
    outer loop
      vertex 73.225 4.67202 1.2
      vertex 72.8824 4.90094 3.2
      vertex 73.225 4.67202 3.2
    endloop
  endfacet
  facet normal 0.555574 0.831467 0
    outer loop
      vertex 72.8824 4.90094 3.2
      vertex 73.225 4.67202 1.2
      vertex 72.8824 4.90094 1.2
    endloop
  endfacet
  facet normal 0.321428 0.946934 -0
    outer loop
      vertex 73.9847 4.35733 1.2
      vertex 73.5945 4.48978 3.2
      vertex 73.9847 4.35733 3.2
    endloop
  endfacet
  facet normal 0.321428 0.946934 0
    outer loop
      vertex 73.5945 4.48978 3.2
      vertex 73.9847 4.35733 1.2
      vertex 73.5945 4.48978 1.2
    endloop
  endfacet
  facet normal -0.946897 -0.321537 0
    outer loop
      vertex 77.8427 18.2153 1.2
      vertex 77.7102 18.6055 3.2
      vertex 77.7102 18.6055 1.2
    endloop
  endfacet
  facet normal -0.946897 -0.321537 0
    outer loop
      vertex 77.7102 18.6055 3.2
      vertex 77.8427 18.2153 1.2
      vertex 77.8427 18.2153 3.2
    endloop
  endfacet
  facet normal -0.997851 -0.0655204 0
    outer loop
      vertex 77.95 17.4 1.2
      vertex 77.923 17.8112 3.2
      vertex 77.923 17.8112 1.2
    endloop
  endfacet
  facet normal -0.997851 -0.0655204 0
    outer loop
      vertex 77.923 17.8112 3.2
      vertex 77.95 17.4 1.2
      vertex 77.95 17.4 3.2
    endloop
  endfacet
  facet normal 0.997867 -0.0652788 0
    outer loop
      vertex 71.65 17.4 3.2
      vertex 71.6769 17.8112 1.2
      vertex 71.6769 17.8112 3.2
    endloop
  endfacet
  facet normal 0.997867 -0.0652788 0
    outer loop
      vertex 71.6769 17.8112 1.2
      vertex 71.65 17.4 3.2
      vertex 71.65 17.4 1.2
    endloop
  endfacet
  facet normal 0.0652788 -0.997867 0
    outer loop
      vertex 74.3888 20.5231 1.2
      vertex 74.8 20.55 3.2
      vertex 74.3888 20.5231 3.2
    endloop
  endfacet
  facet normal 0.0652788 -0.997867 0
    outer loop
      vertex 74.8 20.55 3.2
      vertex 74.3888 20.5231 1.2
      vertex 74.8 20.55 1.2
    endloop
  endfacet
  facet normal -0.659363 -0.751825 0
    outer loop
      vertex 76.7176 19.8991 1.2
      vertex 77.0274 19.6274 3.2
      vertex 76.7176 19.8991 3.2
    endloop
  endfacet
  facet normal -0.659363 -0.751825 -0
    outer loop
      vertex 77.0274 19.6274 3.2
      vertex 76.7176 19.8991 1.2
      vertex 77.0274 19.6274 1.2
    endloop
  endfacet
  facet normal 0.659363 -0.751825 0
    outer loop
      vertex 72.5726 19.6274 1.2
      vertex 72.8824 19.8991 3.2
      vertex 72.5726 19.6274 3.2
    endloop
  endfacet
  facet normal 0.659363 -0.751825 0
    outer loop
      vertex 72.8824 19.8991 3.2
      vertex 72.5726 19.6274 1.2
      vertex 72.8824 19.8991 1.2
    endloop
  endfacet
  facet normal 0.321537 -0.946897 0
    outer loop
      vertex 73.5945 20.3102 1.2
      vertex 73.9847 20.4427 3.2
      vertex 73.5945 20.3102 3.2
    endloop
  endfacet
  facet normal 0.321537 -0.946897 0
    outer loop
      vertex 73.9847 20.4427 3.2
      vertex 73.5945 20.3102 1.2
      vertex 73.9847 20.4427 1.2
    endloop
  endfacet
  facet normal -0.997851 0.0655204 0
    outer loop
      vertex 77.923 16.9888 1.2
      vertex 77.95 17.4 3.2
      vertex 77.95 17.4 1.2
    endloop
  endfacet
  facet normal -0.997851 0.0655204 0
    outer loop
      vertex 77.95 17.4 3.2
      vertex 77.923 16.9888 1.2
      vertex 77.923 16.9888 3.2
    endloop
  endfacet
  facet normal 0.83149 0.55554 0
    outer loop
      vertex 72.3009 15.4824 3.2
      vertex 72.072 15.825 1.2
      vertex 72.072 15.825 3.2
    endloop
  endfacet
  facet normal 0.83149 0.55554 0
    outer loop
      vertex 72.072 15.825 1.2
      vertex 72.3009 15.4824 3.2
      vertex 72.3009 15.4824 1.2
    endloop
  endfacet
  facet normal -0.896889 -0.442255 0
    outer loop
      vertex 77.7102 18.6055 1.2
      vertex 77.528 18.975 3.2
      vertex 77.528 18.975 1.2
    endloop
  endfacet
  facet normal -0.896889 -0.442255 0
    outer loop
      vertex 77.528 18.975 3.2
      vertex 77.7102 18.6055 1.2
      vertex 77.7102 18.6055 3.2
    endloop
  endfacet
  facet normal -0.83149 -0.55554 0
    outer loop
      vertex 77.528 18.975 1.2
      vertex 77.2991 19.3176 3.2
      vertex 77.2991 19.3176 1.2
    endloop
  endfacet
  facet normal -0.83149 -0.55554 0
    outer loop
      vertex 77.2991 19.3176 3.2
      vertex 77.528 18.975 1.2
      vertex 77.528 18.975 3.2
    endloop
  endfacet
  facet normal -0.321537 -0.946897 0
    outer loop
      vertex 75.6153 20.4427 1.2
      vertex 76.0055 20.3102 3.2
      vertex 75.6153 20.4427 3.2
    endloop
  endfacet
  facet normal -0.321537 -0.946897 -0
    outer loop
      vertex 76.0055 20.3102 3.2
      vertex 75.6153 20.4427 1.2
      vertex 76.0055 20.3102 1.2
    endloop
  endfacet
  facet normal -0.195136 -0.980776 0
    outer loop
      vertex 75.2112 20.5231 1.2
      vertex 75.6153 20.4427 3.2
      vertex 75.2112 20.5231 3.2
    endloop
  endfacet
  facet normal -0.195136 -0.980776 -0
    outer loop
      vertex 75.6153 20.4427 3.2
      vertex 75.2112 20.5231 1.2
      vertex 75.6153 20.4427 1.2
    endloop
  endfacet
  facet normal -0.55554 -0.83149 0
    outer loop
      vertex 76.375 20.128 1.2
      vertex 76.7176 19.8991 3.2
      vertex 76.375 20.128 3.2
    endloop
  endfacet
  facet normal -0.55554 -0.83149 -0
    outer loop
      vertex 76.7176 19.8991 3.2
      vertex 76.375 20.128 1.2
      vertex 76.7176 19.8991 1.2
    endloop
  endfacet
  facet normal 0.896889 -0.442255 0
    outer loop
      vertex 71.8898 18.6055 3.2
      vertex 72.072 18.975 1.2
      vertex 72.072 18.975 3.2
    endloop
  endfacet
  facet normal 0.896889 -0.442255 0
    outer loop
      vertex 72.072 18.975 1.2
      vertex 71.8898 18.6055 3.2
      vertex 71.8898 18.6055 1.2
    endloop
  endfacet
  facet normal 0.83149 -0.55554 0
    outer loop
      vertex 72.072 18.975 3.2
      vertex 72.3009 19.3176 1.2
      vertex 72.3009 19.3176 3.2
    endloop
  endfacet
  facet normal 0.83149 -0.55554 0
    outer loop
      vertex 72.3009 19.3176 1.2
      vertex 72.072 18.975 3.2
      vertex 72.072 18.975 1.2
    endloop
  endfacet
  facet normal 0.946897 -0.321537 0
    outer loop
      vertex 71.7573 18.2153 3.2
      vertex 71.8898 18.6055 1.2
      vertex 71.8898 18.6055 3.2
    endloop
  endfacet
  facet normal 0.946897 -0.321537 0
    outer loop
      vertex 71.8898 18.6055 1.2
      vertex 71.7573 18.2153 3.2
      vertex 71.7573 18.2153 1.2
    endloop
  endfacet
  facet normal 0.442255 -0.896889 0
    outer loop
      vertex 73.225 20.128 1.2
      vertex 73.5945 20.3102 3.2
      vertex 73.225 20.128 3.2
    endloop
  endfacet
  facet normal 0.442255 -0.896889 0
    outer loop
      vertex 73.5945 20.3102 3.2
      vertex 73.225 20.128 1.2
      vertex 73.5945 20.3102 1.2
    endloop
  endfacet
  facet normal 0.195136 -0.980776 0
    outer loop
      vertex 73.9847 20.4427 1.2
      vertex 74.3888 20.5231 3.2
      vertex 73.9847 20.4427 3.2
    endloop
  endfacet
  facet normal 0.195136 -0.980776 0
    outer loop
      vertex 74.3888 20.5231 3.2
      vertex 73.9847 20.4427 1.2
      vertex 74.3888 20.5231 1.2
    endloop
  endfacet
  facet normal -0.83149 0.55554 0
    outer loop
      vertex 77.2991 15.4824 1.2
      vertex 77.528 15.825 3.2
      vertex 77.528 15.825 1.2
    endloop
  endfacet
  facet normal -0.83149 0.55554 0
    outer loop
      vertex 77.528 15.825 3.2
      vertex 77.2991 15.4824 1.2
      vertex 77.2991 15.4824 3.2
    endloop
  endfacet
  facet normal -0.321537 0.946897 0
    outer loop
      vertex 76.0055 14.4898 1.2
      vertex 75.6153 14.3573 3.2
      vertex 76.0055 14.4898 3.2
    endloop
  endfacet
  facet normal -0.321537 0.946897 0
    outer loop
      vertex 75.6153 14.3573 3.2
      vertex 76.0055 14.4898 1.2
      vertex 75.6153 14.3573 1.2
    endloop
  endfacet
  facet normal -0.751825 0.659363 0
    outer loop
      vertex 77.0274 15.1726 1.2
      vertex 77.2991 15.4824 3.2
      vertex 77.2991 15.4824 1.2
    endloop
  endfacet
  facet normal -0.751825 0.659363 0
    outer loop
      vertex 77.2991 15.4824 3.2
      vertex 77.0274 15.1726 1.2
      vertex 77.0274 15.1726 3.2
    endloop
  endfacet
  facet normal -0.55554 0.83149 0
    outer loop
      vertex 76.7176 14.9009 1.2
      vertex 76.375 14.672 3.2
      vertex 76.7176 14.9009 3.2
    endloop
  endfacet
  facet normal -0.55554 0.83149 0
    outer loop
      vertex 76.375 14.672 3.2
      vertex 76.7176 14.9009 1.2
      vertex 76.375 14.672 1.2
    endloop
  endfacet
  facet normal 0.659363 0.751825 -0
    outer loop
      vertex 72.8824 14.9009 1.2
      vertex 72.5726 15.1726 3.2
      vertex 72.8824 14.9009 3.2
    endloop
  endfacet
  facet normal 0.659363 0.751825 0
    outer loop
      vertex 72.5726 15.1726 3.2
      vertex 72.8824 14.9009 1.2
      vertex 72.5726 15.1726 1.2
    endloop
  endfacet
  facet normal 0.321537 0.946897 -0
    outer loop
      vertex 73.9847 14.3573 1.2
      vertex 73.5945 14.4898 3.2
      vertex 73.9847 14.3573 3.2
    endloop
  endfacet
  facet normal 0.321537 0.946897 0
    outer loop
      vertex 73.5945 14.4898 3.2
      vertex 73.9847 14.3573 1.2
      vertex 73.5945 14.4898 1.2
    endloop
  endfacet
  facet normal 0.896889 0.442255 0
    outer loop
      vertex 72.072 15.825 3.2
      vertex 71.8898 16.1945 1.2
      vertex 71.8898 16.1945 3.2
    endloop
  endfacet
  facet normal 0.896889 0.442255 0
    outer loop
      vertex 71.8898 16.1945 1.2
      vertex 72.072 15.825 3.2
      vertex 72.072 15.825 1.2
    endloop
  endfacet
  facet normal -0.980823 -0.194902 0
    outer loop
      vertex 77.923 17.8112 1.2
      vertex 77.8427 18.2153 3.2
      vertex 77.8427 18.2153 1.2
    endloop
  endfacet
  facet normal -0.980823 -0.194902 0
    outer loop
      vertex 77.8427 18.2153 3.2
      vertex 77.923 17.8112 1.2
      vertex 77.923 17.8112 3.2
    endloop
  endfacet
  facet normal -0.751825 -0.659363 0
    outer loop
      vertex 77.2991 19.3176 1.2
      vertex 77.0274 19.6274 3.2
      vertex 77.0274 19.6274 1.2
    endloop
  endfacet
  facet normal -0.751825 -0.659363 0
    outer loop
      vertex 77.0274 19.6274 3.2
      vertex 77.2991 19.3176 1.2
      vertex 77.2991 19.3176 3.2
    endloop
  endfacet
  facet normal -0.0652788 -0.997867 0
    outer loop
      vertex 74.8 20.55 1.2
      vertex 75.2112 20.5231 3.2
      vertex 74.8 20.55 3.2
    endloop
  endfacet
  facet normal -0.0652788 -0.997867 -0
    outer loop
      vertex 75.2112 20.5231 3.2
      vertex 74.8 20.55 1.2
      vertex 75.2112 20.5231 1.2
    endloop
  endfacet
  facet normal -0.442255 -0.896889 0
    outer loop
      vertex 76.0055 20.3102 1.2
      vertex 76.375 20.128 3.2
      vertex 76.0055 20.3102 3.2
    endloop
  endfacet
  facet normal -0.442255 -0.896889 -0
    outer loop
      vertex 76.375 20.128 3.2
      vertex 76.0055 20.3102 1.2
      vertex 76.375 20.128 1.2
    endloop
  endfacet
  facet normal 0.751825 -0.659363 0
    outer loop
      vertex 72.3009 19.3176 3.2
      vertex 72.5726 19.6274 1.2
      vertex 72.5726 19.6274 3.2
    endloop
  endfacet
  facet normal 0.751825 -0.659363 0
    outer loop
      vertex 72.5726 19.6274 1.2
      vertex 72.3009 19.3176 3.2
      vertex 72.3009 19.3176 1.2
    endloop
  endfacet
  facet normal 0.980776 -0.195136 0
    outer loop
      vertex 71.6769 17.8112 3.2
      vertex 71.7573 18.2153 1.2
      vertex 71.7573 18.2153 3.2
    endloop
  endfacet
  facet normal 0.980776 -0.195136 0
    outer loop
      vertex 71.7573 18.2153 1.2
      vertex 71.6769 17.8112 3.2
      vertex 71.6769 17.8112 1.2
    endloop
  endfacet
  facet normal 0.55554 -0.83149 0
    outer loop
      vertex 72.8824 19.8991 1.2
      vertex 73.225 20.128 3.2
      vertex 72.8824 19.8991 3.2
    endloop
  endfacet
  facet normal 0.55554 -0.83149 0
    outer loop
      vertex 73.225 20.128 3.2
      vertex 72.8824 19.8991 1.2
      vertex 73.225 20.128 1.2
    endloop
  endfacet
  facet normal -0.0652788 0.997867 0
    outer loop
      vertex 75.2112 14.2769 1.2
      vertex 74.8 14.25 3.2
      vertex 75.2112 14.2769 3.2
    endloop
  endfacet
  facet normal -0.0652788 0.997867 0
    outer loop
      vertex 74.8 14.25 3.2
      vertex 75.2112 14.2769 1.2
      vertex 74.8 14.25 1.2
    endloop
  endfacet
  facet normal -0.195136 0.980776 0
    outer loop
      vertex 75.6153 14.3573 1.2
      vertex 75.2112 14.2769 3.2
      vertex 75.6153 14.3573 3.2
    endloop
  endfacet
  facet normal -0.195136 0.980776 0
    outer loop
      vertex 75.2112 14.2769 3.2
      vertex 75.6153 14.3573 1.2
      vertex 75.2112 14.2769 1.2
    endloop
  endfacet
  facet normal -0.659363 0.751825 0
    outer loop
      vertex 77.0274 15.1726 1.2
      vertex 76.7176 14.9009 3.2
      vertex 77.0274 15.1726 3.2
    endloop
  endfacet
  facet normal -0.659363 0.751825 0
    outer loop
      vertex 76.7176 14.9009 3.2
      vertex 77.0274 15.1726 1.2
      vertex 76.7176 14.9009 1.2
    endloop
  endfacet
  facet normal -0.946897 0.321537 0
    outer loop
      vertex 77.7102 16.1945 1.2
      vertex 77.8427 16.5847 3.2
      vertex 77.8427 16.5847 1.2
    endloop
  endfacet
  facet normal -0.946897 0.321537 0
    outer loop
      vertex 77.8427 16.5847 3.2
      vertex 77.7102 16.1945 1.2
      vertex 77.7102 16.1945 3.2
    endloop
  endfacet
  facet normal 0.195136 0.980776 -0
    outer loop
      vertex 74.3888 14.2769 1.2
      vertex 73.9847 14.3573 3.2
      vertex 74.3888 14.2769 3.2
    endloop
  endfacet
  facet normal 0.195136 0.980776 0
    outer loop
      vertex 73.9847 14.3573 3.2
      vertex 74.3888 14.2769 1.2
      vertex 73.9847 14.3573 1.2
    endloop
  endfacet
  facet normal 0.55554 0.83149 -0
    outer loop
      vertex 73.225 14.672 1.2
      vertex 72.8824 14.9009 3.2
      vertex 73.225 14.672 3.2
    endloop
  endfacet
  facet normal 0.55554 0.83149 0
    outer loop
      vertex 72.8824 14.9009 3.2
      vertex 73.225 14.672 1.2
      vertex 72.8824 14.9009 1.2
    endloop
  endfacet
  facet normal 0.0652788 0.997867 -0
    outer loop
      vertex 74.8 14.25 1.2
      vertex 74.3888 14.2769 3.2
      vertex 74.8 14.25 3.2
    endloop
  endfacet
  facet normal 0.0652788 0.997867 0
    outer loop
      vertex 74.3888 14.2769 3.2
      vertex 74.8 14.25 1.2
      vertex 74.3888 14.2769 1.2
    endloop
  endfacet
  facet normal 0.751825 0.659363 0
    outer loop
      vertex 72.5726 15.1726 3.2
      vertex 72.3009 15.4824 1.2
      vertex 72.3009 15.4824 3.2
    endloop
  endfacet
  facet normal 0.751825 0.659363 0
    outer loop
      vertex 72.3009 15.4824 1.2
      vertex 72.5726 15.1726 3.2
      vertex 72.5726 15.1726 1.2
    endloop
  endfacet
  facet normal 0.946897 0.321537 0
    outer loop
      vertex 71.8898 16.1945 3.2
      vertex 71.7573 16.5847 1.2
      vertex 71.7573 16.5847 3.2
    endloop
  endfacet
  facet normal 0.946897 0.321537 0
    outer loop
      vertex 71.7573 16.5847 1.2
      vertex 71.8898 16.1945 3.2
      vertex 71.8898 16.1945 1.2
    endloop
  endfacet
  facet normal 0.997867 0.0652788 0
    outer loop
      vertex 71.6769 16.9888 3.2
      vertex 71.65 17.4 1.2
      vertex 71.65 17.4 3.2
    endloop
  endfacet
  facet normal 0.997867 0.0652788 0
    outer loop
      vertex 71.65 17.4 1.2
      vertex 71.6769 16.9888 3.2
      vertex 71.6769 16.9888 1.2
    endloop
  endfacet
  facet normal -0.442255 0.896889 0
    outer loop
      vertex 76.375 14.672 1.2
      vertex 76.0055 14.4898 3.2
      vertex 76.375 14.672 3.2
    endloop
  endfacet
  facet normal -0.442255 0.896889 0
    outer loop
      vertex 76.0055 14.4898 3.2
      vertex 76.375 14.672 1.2
      vertex 76.0055 14.4898 1.2
    endloop
  endfacet
  facet normal -0.896889 0.442255 0
    outer loop
      vertex 77.528 15.825 1.2
      vertex 77.7102 16.1945 3.2
      vertex 77.7102 16.1945 1.2
    endloop
  endfacet
  facet normal -0.896889 0.442255 0
    outer loop
      vertex 77.7102 16.1945 3.2
      vertex 77.528 15.825 1.2
      vertex 77.528 15.825 3.2
    endloop
  endfacet
  facet normal 0.442255 0.896889 -0
    outer loop
      vertex 73.5945 14.4898 1.2
      vertex 73.225 14.672 3.2
      vertex 73.5945 14.4898 3.2
    endloop
  endfacet
  facet normal 0.442255 0.896889 0
    outer loop
      vertex 73.225 14.672 3.2
      vertex 73.5945 14.4898 1.2
      vertex 73.225 14.672 1.2
    endloop
  endfacet
  facet normal 0.980776 0.195136 0
    outer loop
      vertex 71.7573 16.5847 3.2
      vertex 71.6769 16.9888 1.2
      vertex 71.6769 16.9888 3.2
    endloop
  endfacet
  facet normal 0.980776 0.195136 0
    outer loop
      vertex 71.6769 16.9888 1.2
      vertex 71.7573 16.5847 3.2
      vertex 71.7573 16.5847 1.2
    endloop
  endfacet
  facet normal -0.980823 0.194902 0
    outer loop
      vertex 77.8427 16.5847 1.2
      vertex 77.923 16.9888 3.2
      vertex 77.923 16.9888 1.2
    endloop
  endfacet
  facet normal -0.980823 0.194902 0
    outer loop
      vertex 77.923 16.9888 3.2
      vertex 77.8427 16.5847 1.2
      vertex 77.8427 16.5847 3.2
    endloop
  endfacet
  facet normal -0.896889 -0.442255 0
    outer loop
      vertex 77.7102 28.6055 1.2
      vertex 77.528 28.975 3.2
      vertex 77.528 28.975 1.2
    endloop
  endfacet
  facet normal -0.896889 -0.442255 0
    outer loop
      vertex 77.528 28.975 3.2
      vertex 77.7102 28.6055 1.2
      vertex 77.7102 28.6055 3.2
    endloop
  endfacet
  facet normal 0.946897 -0.321537 0
    outer loop
      vertex 71.7573 28.2153 3.2
      vertex 71.8898 28.6055 1.2
      vertex 71.8898 28.6055 3.2
    endloop
  endfacet
  facet normal 0.946897 -0.321537 0
    outer loop
      vertex 71.8898 28.6055 1.2
      vertex 71.7573 28.2153 3.2
      vertex 71.7573 28.2153 1.2
    endloop
  endfacet
  facet normal -0.83149 -0.55554 0
    outer loop
      vertex 77.528 28.975 1.2
      vertex 77.2991 29.3176 3.2
      vertex 77.2991 29.3176 1.2
    endloop
  endfacet
  facet normal -0.83149 -0.55554 0
    outer loop
      vertex 77.2991 29.3176 3.2
      vertex 77.528 28.975 1.2
      vertex 77.528 28.975 3.2
    endloop
  endfacet
  facet normal -0.321537 -0.946897 0
    outer loop
      vertex 75.6153 30.4427 1.2
      vertex 76.0055 30.3102 3.2
      vertex 75.6153 30.4427 3.2
    endloop
  endfacet
  facet normal -0.321537 -0.946897 -0
    outer loop
      vertex 76.0055 30.3102 3.2
      vertex 75.6153 30.4427 1.2
      vertex 76.0055 30.3102 1.2
    endloop
  endfacet
  facet normal 0.321537 -0.946897 0
    outer loop
      vertex 73.5945 30.3102 1.2
      vertex 73.9847 30.4427 3.2
      vertex 73.5945 30.3102 3.2
    endloop
  endfacet
  facet normal 0.321537 -0.946897 0
    outer loop
      vertex 73.9847 30.4427 3.2
      vertex 73.5945 30.3102 1.2
      vertex 73.9847 30.4427 1.2
    endloop
  endfacet
  facet normal 0.896889 -0.442255 0
    outer loop
      vertex 71.8898 28.6055 3.2
      vertex 72.072 28.975 1.2
      vertex 72.072 28.975 3.2
    endloop
  endfacet
  facet normal 0.896889 -0.442255 0
    outer loop
      vertex 72.072 28.975 1.2
      vertex 71.8898 28.6055 3.2
      vertex 71.8898 28.6055 1.2
    endloop
  endfacet
  facet normal -0.0652788 -0.997867 0
    outer loop
      vertex 74.8 30.55 1.2
      vertex 75.2112 30.5231 3.2
      vertex 74.8 30.55 3.2
    endloop
  endfacet
  facet normal -0.0652788 -0.997867 -0
    outer loop
      vertex 75.2112 30.5231 3.2
      vertex 74.8 30.55 1.2
      vertex 75.2112 30.5231 1.2
    endloop
  endfacet
  facet normal -0.55554 -0.83149 0
    outer loop
      vertex 76.375 30.128 1.2
      vertex 76.7176 29.8991 3.2
      vertex 76.375 30.128 3.2
    endloop
  endfacet
  facet normal -0.55554 -0.83149 -0
    outer loop
      vertex 76.7176 29.8991 3.2
      vertex 76.375 30.128 1.2
      vertex 76.7176 29.8991 1.2
    endloop
  endfacet
  facet normal 0.980776 -0.195136 0
    outer loop
      vertex 71.6769 27.8112 3.2
      vertex 71.7573 28.2153 1.2
      vertex 71.7573 28.2153 3.2
    endloop
  endfacet
  facet normal 0.980776 -0.195136 0
    outer loop
      vertex 71.7573 28.2153 1.2
      vertex 71.6769 27.8112 3.2
      vertex 71.6769 27.8112 1.2
    endloop
  endfacet
  facet normal 0.751825 -0.659363 0
    outer loop
      vertex 72.3009 29.3176 3.2
      vertex 72.5726 29.6274 1.2
      vertex 72.5726 29.6274 3.2
    endloop
  endfacet
  facet normal 0.751825 -0.659363 0
    outer loop
      vertex 72.5726 29.6274 1.2
      vertex 72.3009 29.3176 3.2
      vertex 72.3009 29.3176 1.2
    endloop
  endfacet
  facet normal 0.442255 -0.896889 0
    outer loop
      vertex 73.225 30.128 1.2
      vertex 73.5945 30.3102 3.2
      vertex 73.225 30.128 3.2
    endloop
  endfacet
  facet normal 0.442255 -0.896889 0
    outer loop
      vertex 73.5945 30.3102 3.2
      vertex 73.225 30.128 1.2
      vertex 73.5945 30.3102 1.2
    endloop
  endfacet
  facet normal 0.195136 -0.980776 0
    outer loop
      vertex 73.9847 30.4427 1.2
      vertex 74.3888 30.5231 3.2
      vertex 73.9847 30.4427 3.2
    endloop
  endfacet
  facet normal 0.195136 -0.980776 0
    outer loop
      vertex 74.3888 30.5231 3.2
      vertex 73.9847 30.4427 1.2
      vertex 74.3888 30.5231 1.2
    endloop
  endfacet
  facet normal -0.997851 -0.0655204 0
    outer loop
      vertex 77.95 27.4 1.2
      vertex 77.923 27.8112 3.2
      vertex 77.923 27.8112 1.2
    endloop
  endfacet
  facet normal -0.997851 -0.0655204 0
    outer loop
      vertex 77.923 27.8112 3.2
      vertex 77.95 27.4 1.2
      vertex 77.95 27.4 3.2
    endloop
  endfacet
  facet normal -0.946897 0.321537 0
    outer loop
      vertex 77.7102 26.1945 1.2
      vertex 77.8427 26.5847 3.2
      vertex 77.8427 26.5847 1.2
    endloop
  endfacet
  facet normal -0.946897 0.321537 0
    outer loop
      vertex 77.8427 26.5847 3.2
      vertex 77.7102 26.1945 1.2
      vertex 77.7102 26.1945 3.2
    endloop
  endfacet
  facet normal 0.659363 0.751825 -0
    outer loop
      vertex 72.8824 24.9009 1.2
      vertex 72.5726 25.1726 3.2
      vertex 72.8824 24.9009 3.2
    endloop
  endfacet
  facet normal 0.659363 0.751825 0
    outer loop
      vertex 72.5726 25.1726 3.2
      vertex 72.8824 24.9009 1.2
      vertex 72.5726 25.1726 1.2
    endloop
  endfacet
  facet normal 0.896889 0.442255 0
    outer loop
      vertex 72.072 25.825 3.2
      vertex 71.8898 26.1945 1.2
      vertex 71.8898 26.1945 3.2
    endloop
  endfacet
  facet normal 0.896889 0.442255 0
    outer loop
      vertex 71.8898 26.1945 1.2
      vertex 72.072 25.825 3.2
      vertex 72.072 25.825 1.2
    endloop
  endfacet
  facet normal -0.55554 0.83149 0
    outer loop
      vertex 76.7176 24.9009 1.2
      vertex 76.375 24.672 3.2
      vertex 76.7176 24.9009 3.2
    endloop
  endfacet
  facet normal -0.55554 0.83149 0
    outer loop
      vertex 76.375 24.672 3.2
      vertex 76.7176 24.9009 1.2
      vertex 76.375 24.672 1.2
    endloop
  endfacet
  facet normal -0.946897 -0.321537 0
    outer loop
      vertex 77.8427 28.2153 1.2
      vertex 77.7102 28.6055 3.2
      vertex 77.7102 28.6055 1.2
    endloop
  endfacet
  facet normal -0.946897 -0.321537 0
    outer loop
      vertex 77.7102 28.6055 3.2
      vertex 77.8427 28.2153 1.2
      vertex 77.8427 28.2153 3.2
    endloop
  endfacet
  facet normal -0.659363 -0.751825 0
    outer loop
      vertex 76.7176 29.8991 1.2
      vertex 77.0274 29.6274 3.2
      vertex 76.7176 29.8991 3.2
    endloop
  endfacet
  facet normal -0.659363 -0.751825 -0
    outer loop
      vertex 77.0274 29.6274 3.2
      vertex 76.7176 29.8991 1.2
      vertex 77.0274 29.6274 1.2
    endloop
  endfacet
  facet normal 0.0652788 -0.997867 0
    outer loop
      vertex 74.3888 30.5231 1.2
      vertex 74.8 30.55 3.2
      vertex 74.3888 30.5231 3.2
    endloop
  endfacet
  facet normal 0.0652788 -0.997867 0
    outer loop
      vertex 74.8 30.55 3.2
      vertex 74.3888 30.5231 1.2
      vertex 74.8 30.55 1.2
    endloop
  endfacet
  facet normal -0.195136 -0.980776 0
    outer loop
      vertex 75.2112 30.5231 1.2
      vertex 75.6153 30.4427 3.2
      vertex 75.2112 30.5231 3.2
    endloop
  endfacet
  facet normal -0.195136 -0.980776 -0
    outer loop
      vertex 75.6153 30.4427 3.2
      vertex 75.2112 30.5231 1.2
      vertex 75.6153 30.4427 1.2
    endloop
  endfacet
  facet normal -0.442255 -0.896889 0
    outer loop
      vertex 76.0055 30.3102 1.2
      vertex 76.375 30.128 3.2
      vertex 76.0055 30.3102 3.2
    endloop
  endfacet
  facet normal -0.442255 -0.896889 -0
    outer loop
      vertex 76.375 30.128 3.2
      vertex 76.0055 30.3102 1.2
      vertex 76.375 30.128 1.2
    endloop
  endfacet
  facet normal 0.997867 -0.0652788 0
    outer loop
      vertex 71.65 27.4 3.2
      vertex 71.6769 27.8112 1.2
      vertex 71.6769 27.8112 3.2
    endloop
  endfacet
  facet normal 0.997867 -0.0652788 0
    outer loop
      vertex 71.6769 27.8112 1.2
      vertex 71.65 27.4 3.2
      vertex 71.65 27.4 1.2
    endloop
  endfacet
  facet normal 0.83149 -0.55554 0
    outer loop
      vertex 72.072 28.975 3.2
      vertex 72.3009 29.3176 1.2
      vertex 72.3009 29.3176 3.2
    endloop
  endfacet
  facet normal 0.83149 -0.55554 0
    outer loop
      vertex 72.3009 29.3176 1.2
      vertex 72.072 28.975 3.2
      vertex 72.072 28.975 1.2
    endloop
  endfacet
  facet normal 0.55554 -0.83149 0
    outer loop
      vertex 72.8824 29.8991 1.2
      vertex 73.225 30.128 3.2
      vertex 72.8824 29.8991 3.2
    endloop
  endfacet
  facet normal 0.55554 -0.83149 0
    outer loop
      vertex 73.225 30.128 3.2
      vertex 72.8824 29.8991 1.2
      vertex 73.225 30.128 1.2
    endloop
  endfacet
  facet normal 0.659363 -0.751825 0
    outer loop
      vertex 72.5726 29.6274 1.2
      vertex 72.8824 29.8991 3.2
      vertex 72.5726 29.6274 3.2
    endloop
  endfacet
  facet normal 0.659363 -0.751825 0
    outer loop
      vertex 72.8824 29.8991 3.2
      vertex 72.5726 29.6274 1.2
      vertex 72.8824 29.8991 1.2
    endloop
  endfacet
  facet normal -0.997851 0.0655204 0
    outer loop
      vertex 77.923 26.9888 1.2
      vertex 77.95 27.4 3.2
      vertex 77.95 27.4 1.2
    endloop
  endfacet
  facet normal -0.997851 0.0655204 0
    outer loop
      vertex 77.95 27.4 3.2
      vertex 77.923 26.9888 1.2
      vertex 77.923 26.9888 3.2
    endloop
  endfacet
  facet normal -0.83149 0.55554 0
    outer loop
      vertex 77.2991 25.4824 1.2
      vertex 77.528 25.825 3.2
      vertex 77.528 25.825 1.2
    endloop
  endfacet
  facet normal -0.83149 0.55554 0
    outer loop
      vertex 77.528 25.825 3.2
      vertex 77.2991 25.4824 1.2
      vertex 77.2991 25.4824 3.2
    endloop
  endfacet
  facet normal -0.0652788 0.997867 0
    outer loop
      vertex 75.2112 24.2769 1.2
      vertex 74.8 24.25 3.2
      vertex 75.2112 24.2769 3.2
    endloop
  endfacet
  facet normal -0.0652788 0.997867 0
    outer loop
      vertex 74.8 24.25 3.2
      vertex 75.2112 24.2769 1.2
      vertex 74.8 24.25 1.2
    endloop
  endfacet
  facet normal 0.946897 0.321537 0
    outer loop
      vertex 71.8898 26.1945 3.2
      vertex 71.7573 26.5847 1.2
      vertex 71.7573 26.5847 3.2
    endloop
  endfacet
  facet normal 0.946897 0.321537 0
    outer loop
      vertex 71.7573 26.5847 1.2
      vertex 71.8898 26.1945 3.2
      vertex 71.8898 26.1945 1.2
    endloop
  endfacet
  facet normal 0.83149 0.55554 0
    outer loop
      vertex 72.3009 25.4824 3.2
      vertex 72.072 25.825 1.2
      vertex 72.072 25.825 3.2
    endloop
  endfacet
  facet normal 0.83149 0.55554 0
    outer loop
      vertex 72.072 25.825 1.2
      vertex 72.3009 25.4824 3.2
      vertex 72.3009 25.4824 1.2
    endloop
  endfacet
  facet normal -0.195136 0.980776 0
    outer loop
      vertex 75.6153 24.3573 1.2
      vertex 75.2112 24.2769 3.2
      vertex 75.6153 24.3573 3.2
    endloop
  endfacet
  facet normal -0.195136 0.980776 0
    outer loop
      vertex 75.2112 24.2769 3.2
      vertex 75.6153 24.3573 1.2
      vertex 75.2112 24.2769 1.2
    endloop
  endfacet
  facet normal -0.751825 0.659363 0
    outer loop
      vertex 77.0274 25.1726 1.2
      vertex 77.2991 25.4824 3.2
      vertex 77.2991 25.4824 1.2
    endloop
  endfacet
  facet normal -0.751825 0.659363 0
    outer loop
      vertex 77.2991 25.4824 3.2
      vertex 77.0274 25.1726 1.2
      vertex 77.0274 25.1726 3.2
    endloop
  endfacet
  facet normal -0.980823 -0.194902 0
    outer loop
      vertex 77.923 27.8112 1.2
      vertex 77.8427 28.2153 3.2
      vertex 77.8427 28.2153 1.2
    endloop
  endfacet
  facet normal -0.980823 -0.194902 0
    outer loop
      vertex 77.8427 28.2153 3.2
      vertex 77.923 27.8112 1.2
      vertex 77.923 27.8112 3.2
    endloop
  endfacet
  facet normal -0.751825 -0.659363 0
    outer loop
      vertex 77.2991 29.3176 1.2
      vertex 77.0274 29.6274 3.2
      vertex 77.0274 29.6274 1.2
    endloop
  endfacet
  facet normal -0.751825 -0.659363 0
    outer loop
      vertex 77.0274 29.6274 3.2
      vertex 77.2991 29.3176 1.2
      vertex 77.2991 29.3176 3.2
    endloop
  endfacet
  facet normal -0.980823 0.194902 0
    outer loop
      vertex 77.8427 26.5847 1.2
      vertex 77.923 26.9888 3.2
      vertex 77.923 26.9888 1.2
    endloop
  endfacet
  facet normal -0.980823 0.194902 0
    outer loop
      vertex 77.923 26.9888 3.2
      vertex 77.8427 26.5847 1.2
      vertex 77.8427 26.5847 3.2
    endloop
  endfacet
  facet normal 0.321537 0.946897 -0
    outer loop
      vertex 73.9847 24.3573 1.2
      vertex 73.5945 24.4898 3.2
      vertex 73.9847 24.3573 3.2
    endloop
  endfacet
  facet normal 0.321537 0.946897 0
    outer loop
      vertex 73.5945 24.4898 3.2
      vertex 73.9847 24.3573 1.2
      vertex 73.5945 24.4898 1.2
    endloop
  endfacet
  facet normal 0.195136 0.980776 -0
    outer loop
      vertex 74.3888 24.2769 1.2
      vertex 73.9847 24.3573 3.2
      vertex 74.3888 24.2769 3.2
    endloop
  endfacet
  facet normal 0.195136 0.980776 0
    outer loop
      vertex 73.9847 24.3573 3.2
      vertex 74.3888 24.2769 1.2
      vertex 73.9847 24.3573 1.2
    endloop
  endfacet
  facet normal 0.997867 0.0652788 0
    outer loop
      vertex 71.6769 26.9888 3.2
      vertex 71.65 27.4 1.2
      vertex 71.65 27.4 3.2
    endloop
  endfacet
  facet normal 0.997867 0.0652788 0
    outer loop
      vertex 71.65 27.4 1.2
      vertex 71.6769 26.9888 3.2
      vertex 71.6769 26.9888 1.2
    endloop
  endfacet
  facet normal 0.751825 0.659363 0
    outer loop
      vertex 72.5726 25.1726 3.2
      vertex 72.3009 25.4824 1.2
      vertex 72.3009 25.4824 3.2
    endloop
  endfacet
  facet normal 0.751825 0.659363 0
    outer loop
      vertex 72.3009 25.4824 1.2
      vertex 72.5726 25.1726 3.2
      vertex 72.5726 25.1726 1.2
    endloop
  endfacet
  facet normal -0.442255 0.896889 0
    outer loop
      vertex 76.375 24.672 1.2
      vertex 76.0055 24.4898 3.2
      vertex 76.375 24.672 3.2
    endloop
  endfacet
  facet normal -0.442255 0.896889 0
    outer loop
      vertex 76.0055 24.4898 3.2
      vertex 76.375 24.672 1.2
      vertex 76.0055 24.4898 1.2
    endloop
  endfacet
  facet normal -0.321537 0.946897 0
    outer loop
      vertex 76.0055 24.4898 1.2
      vertex 75.6153 24.3573 3.2
      vertex 76.0055 24.4898 3.2
    endloop
  endfacet
  facet normal -0.321537 0.946897 0
    outer loop
      vertex 75.6153 24.3573 3.2
      vertex 76.0055 24.4898 1.2
      vertex 75.6153 24.3573 1.2
    endloop
  endfacet
  facet normal -0.659363 0.751825 0
    outer loop
      vertex 77.0274 25.1726 1.2
      vertex 76.7176 24.9009 3.2
      vertex 77.0274 25.1726 3.2
    endloop
  endfacet
  facet normal -0.659363 0.751825 0
    outer loop
      vertex 76.7176 24.9009 3.2
      vertex 77.0274 25.1726 1.2
      vertex 76.7176 24.9009 1.2
    endloop
  endfacet
  facet normal -0.896889 0.442255 0
    outer loop
      vertex 77.528 25.825 1.2
      vertex 77.7102 26.1945 3.2
      vertex 77.7102 26.1945 1.2
    endloop
  endfacet
  facet normal -0.896889 0.442255 0
    outer loop
      vertex 77.7102 26.1945 3.2
      vertex 77.528 25.825 1.2
      vertex 77.528 25.825 3.2
    endloop
  endfacet
  facet normal 0.0652788 0.997867 -0
    outer loop
      vertex 74.8 24.25 1.2
      vertex 74.3888 24.2769 3.2
      vertex 74.8 24.25 3.2
    endloop
  endfacet
  facet normal 0.0652788 0.997867 0
    outer loop
      vertex 74.3888 24.2769 3.2
      vertex 74.8 24.25 1.2
      vertex 74.3888 24.2769 1.2
    endloop
  endfacet
  facet normal 0.442255 0.896889 -0
    outer loop
      vertex 73.5945 24.4898 1.2
      vertex 73.225 24.672 3.2
      vertex 73.5945 24.4898 3.2
    endloop
  endfacet
  facet normal 0.442255 0.896889 0
    outer loop
      vertex 73.225 24.672 3.2
      vertex 73.5945 24.4898 1.2
      vertex 73.225 24.672 1.2
    endloop
  endfacet
  facet normal 0.980776 0.195136 0
    outer loop
      vertex 71.7573 26.5847 3.2
      vertex 71.6769 26.9888 1.2
      vertex 71.6769 26.9888 3.2
    endloop
  endfacet
  facet normal 0.980776 0.195136 0
    outer loop
      vertex 71.6769 26.9888 1.2
      vertex 71.7573 26.5847 3.2
      vertex 71.7573 26.5847 1.2
    endloop
  endfacet
  facet normal 0.55554 0.83149 -0
    outer loop
      vertex 73.225 24.672 1.2
      vertex 72.8824 24.9009 3.2
      vertex 73.225 24.672 3.2
    endloop
  endfacet
  facet normal 0.55554 0.83149 0
    outer loop
      vertex 72.8824 24.9009 3.2
      vertex 73.225 24.672 1.2
      vertex 72.8824 24.9009 1.2
    endloop
  endfacet
  facet normal -0.99786 -0.0653892 0
    outer loop
      vertex 7.4 5.9 1.22
      vertex 7.38717 6.09579 3.2
      vertex 7.38717 6.09579 1.22
    endloop
  endfacet
  facet normal -0.99786 -0.0653892 0
    outer loop
      vertex 7.38717 6.09579 3.2
      vertex 7.4 5.9 1.22
      vertex 7.4 5.9 3.2
    endloop
  endfacet
  facet normal 0.0653892 -0.99786 0
    outer loop
      vertex 5.70421 7.38717 1.22
      vertex 5.9 7.4 3.2
      vertex 5.70421 7.38717 3.2
    endloop
  endfacet
  facet normal 0.0653892 -0.99786 0
    outer loop
      vertex 5.9 7.4 3.2
      vertex 5.70421 7.38717 1.22
      vertex 5.9 7.4 1.22
    endloop
  endfacet
  facet normal -0.0653892 0.99786 0
    outer loop
      vertex 6.09579 4.41283 1.22
      vertex 5.9 4.4 3.2
      vertex 6.09579 4.41283 3.2
    endloop
  endfacet
  facet normal -0.0653892 0.99786 0
    outer loop
      vertex 5.9 4.4 3.2
      vertex 6.09579 4.41283 1.22
      vertex 5.9 4.4 1.22
    endloop
  endfacet
  facet normal 0.659341 0.751844 -0
    outer loop
      vertex 4.98686 4.70997 1.22
      vertex 4.83934 4.83934 3.2
      vertex 4.98686 4.70997 3.2
    endloop
  endfacet
  facet normal 0.659341 0.751844 0
    outer loop
      vertex 4.83934 4.83934 3.2
      vertex 4.98686 4.70997 1.22
      vertex 4.83934 4.83934 1.22
    endloop
  endfacet
  facet normal -0.659341 -0.751844 0
    outer loop
      vertex 6.81314 7.09003 1.22
      vertex 6.96066 6.96066 3.2
      vertex 6.81314 7.09003 3.2
    endloop
  endfacet
  facet normal -0.659341 -0.751844 -0
    outer loop
      vertex 6.96066 6.96066 3.2
      vertex 6.81314 7.09003 1.22
      vertex 6.96066 6.96066 1.22
    endloop
  endfacet
  facet normal 0.751844 -0.659341 0
    outer loop
      vertex 4.70997 6.81314 3.2
      vertex 4.83934 6.96066 1.22
      vertex 4.83934 6.96066 3.2
    endloop
  endfacet
  facet normal 0.751844 -0.659341 0
    outer loop
      vertex 4.83934 6.96066 1.22
      vertex 4.70997 6.81314 3.2
      vertex 4.70997 6.81314 1.22
    endloop
  endfacet
  facet normal 0.442294 -0.89687 0
    outer loop
      vertex 5.15 7.19904 1.22
      vertex 5.32597 7.28582 3.2
      vertex 5.15 7.19904 3.2
    endloop
  endfacet
  facet normal 0.442294 -0.89687 0
    outer loop
      vertex 5.32597 7.28582 3.2
      vertex 5.15 7.19904 1.22
      vertex 5.32597 7.28582 1.22
    endloop
  endfacet
  facet normal -0.751844 0.659341 0
    outer loop
      vertex 6.96066 4.83934 1.22
      vertex 7.09003 4.98686 3.2
      vertex 7.09003 4.98686 1.22
    endloop
  endfacet
  facet normal -0.751844 0.659341 0
    outer loop
      vertex 7.09003 4.98686 3.2
      vertex 6.96066 4.83934 1.22
      vertex 6.96066 4.83934 3.2
    endloop
  endfacet
  facet normal 0.89687 0.442294 0
    outer loop
      vertex 4.60096 5.15 3.2
      vertex 4.51418 5.32597 1.22
      vertex 4.51418 5.32597 3.2
    endloop
  endfacet
  facet normal 0.89687 0.442294 0
    outer loop
      vertex 4.51418 5.32597 1.22
      vertex 4.60096 5.15 3.2
      vertex 4.60096 5.15 1.22
    endloop
  endfacet
  facet normal -0.89688 -0.442273 0
    outer loop
      vertex 7.28582 6.47402 1.22
      vertex 7.19904 6.65 3.2
      vertex 7.19904 6.65 1.22
    endloop
  endfacet
  facet normal -0.89688 -0.442273 0
    outer loop
      vertex 7.19904 6.65 3.2
      vertex 7.28582 6.47402 1.22
      vertex 7.28582 6.47402 3.2
    endloop
  endfacet
  facet normal -0.980784 -0.195097 0
    outer loop
      vertex 7.38717 6.09579 1.22
      vertex 7.34889 6.28823 3.2
      vertex 7.34889 6.28823 1.22
    endloop
  endfacet
  facet normal -0.980784 -0.195097 0
    outer loop
      vertex 7.34889 6.28823 3.2
      vertex 7.38717 6.09579 1.22
      vertex 7.38717 6.09579 3.2
    endloop
  endfacet
  facet normal -0.321452 -0.946926 0
    outer loop
      vertex 6.28823 7.34889 1.22
      vertex 6.47402 7.28582 3.2
      vertex 6.28823 7.34889 3.2
    endloop
  endfacet
  facet normal -0.321452 -0.946926 -0
    outer loop
      vertex 6.47402 7.28582 3.2
      vertex 6.28823 7.34889 1.22
      vertex 6.47402 7.28582 1.22
    endloop
  endfacet
  facet normal -0.555582 -0.831462 0
    outer loop
      vertex 6.65 7.19904 1.22
      vertex 6.81314 7.09003 3.2
      vertex 6.65 7.19904 3.2
    endloop
  endfacet
  facet normal -0.555582 -0.831462 -0
    outer loop
      vertex 6.81314 7.09003 3.2
      vertex 6.65 7.19904 1.22
      vertex 6.81314 7.09003 1.22
    endloop
  endfacet
  facet normal 0.946926 -0.321452 0
    outer loop
      vertex 4.45111 6.28823 3.2
      vertex 4.51418 6.47402 1.22
      vertex 4.51418 6.47402 3.2
    endloop
  endfacet
  facet normal 0.946926 -0.321452 0
    outer loop
      vertex 4.51418 6.47402 1.22
      vertex 4.45111 6.28823 3.2
      vertex 4.45111 6.28823 1.22
    endloop
  endfacet
  facet normal 0.831462 -0.555582 0
    outer loop
      vertex 4.60096 6.65 3.2
      vertex 4.70997 6.81314 1.22
      vertex 4.70997 6.81314 3.2
    endloop
  endfacet
  facet normal 0.831462 -0.555582 0
    outer loop
      vertex 4.70997 6.81314 1.22
      vertex 4.60096 6.65 3.2
      vertex 4.60096 6.65 1.22
    endloop
  endfacet
  facet normal 0.980784 -0.195097 0
    outer loop
      vertex 4.41283 6.09579 3.2
      vertex 4.45111 6.28823 1.22
      vertex 4.45111 6.28823 3.2
    endloop
  endfacet
  facet normal 0.980784 -0.195097 0
    outer loop
      vertex 4.45111 6.28823 1.22
      vertex 4.41283 6.09579 3.2
      vertex 4.41283 6.09579 1.22
    endloop
  endfacet
  facet normal 0.195097 -0.980784 0
    outer loop
      vertex 5.51177 7.34889 1.22
      vertex 5.70421 7.38717 3.2
      vertex 5.51177 7.34889 3.2
    endloop
  endfacet
  facet normal 0.195097 -0.980784 0
    outer loop
      vertex 5.70421 7.38717 3.2
      vertex 5.51177 7.34889 1.22
      vertex 5.70421 7.38717 1.22
    endloop
  endfacet
  facet normal -0.195097 0.980784 0
    outer loop
      vertex 6.28823 4.45111 1.22
      vertex 6.09579 4.41283 3.2
      vertex 6.28823 4.45111 3.2
    endloop
  endfacet
  facet normal -0.195097 0.980784 0
    outer loop
      vertex 6.09579 4.41283 3.2
      vertex 6.28823 4.45111 1.22
      vertex 6.09579 4.41283 1.22
    endloop
  endfacet
  facet normal 0.555582 0.831462 -0
    outer loop
      vertex 5.15 4.60096 1.22
      vertex 4.98686 4.70997 3.2
      vertex 5.15 4.60096 3.2
    endloop
  endfacet
  facet normal 0.555582 0.831462 0
    outer loop
      vertex 4.98686 4.70997 3.2
      vertex 5.15 4.60096 1.22
      vertex 4.98686 4.70997 1.22
    endloop
  endfacet
  facet normal 0.195097 0.980784 -0
    outer loop
      vertex 5.70421 4.41283 1.22
      vertex 5.51177 4.45111 3.2
      vertex 5.70421 4.41283 3.2
    endloop
  endfacet
  facet normal 0.195097 0.980784 0
    outer loop
      vertex 5.51177 4.45111 3.2
      vertex 5.70421 4.41283 1.22
      vertex 5.51177 4.45111 1.22
    endloop
  endfacet
  facet normal 0.980784 0.195097 0
    outer loop
      vertex 4.45111 5.51177 3.2
      vertex 4.41283 5.70421 1.22
      vertex 4.41283 5.70421 3.2
    endloop
  endfacet
  facet normal 0.980784 0.195097 0
    outer loop
      vertex 4.41283 5.70421 1.22
      vertex 4.45111 5.51177 3.2
      vertex 4.45111 5.51177 1.22
    endloop
  endfacet
  facet normal -0.946926 -0.321452 0
    outer loop
      vertex 7.34889 6.28823 1.22
      vertex 7.28582 6.47402 3.2
      vertex 7.28582 6.47402 1.22
    endloop
  endfacet
  facet normal -0.946926 -0.321452 0
    outer loop
      vertex 7.28582 6.47402 3.2
      vertex 7.34889 6.28823 1.22
      vertex 7.34889 6.28823 3.2
    endloop
  endfacet
  facet normal -0.751844 -0.659341 0
    outer loop
      vertex 7.09003 6.81314 1.22
      vertex 6.96066 6.96066 3.2
      vertex 6.96066 6.96066 1.22
    endloop
  endfacet
  facet normal -0.751844 -0.659341 0
    outer loop
      vertex 6.96066 6.96066 3.2
      vertex 7.09003 6.81314 1.22
      vertex 7.09003 6.81314 3.2
    endloop
  endfacet
  facet normal -0.831462 -0.555582 0
    outer loop
      vertex 7.19904 6.65 1.22
      vertex 7.09003 6.81314 3.2
      vertex 7.09003 6.81314 1.22
    endloop
  endfacet
  facet normal -0.831462 -0.555582 0
    outer loop
      vertex 7.09003 6.81314 3.2
      vertex 7.19904 6.65 1.22
      vertex 7.19904 6.65 3.2
    endloop
  endfacet
  facet normal -0.195097 -0.980784 0
    outer loop
      vertex 6.09579 7.38717 1.22
      vertex 6.28823 7.34889 3.2
      vertex 6.09579 7.38717 3.2
    endloop
  endfacet
  facet normal -0.195097 -0.980784 -0
    outer loop
      vertex 6.28823 7.34889 3.2
      vertex 6.09579 7.38717 1.22
      vertex 6.28823 7.34889 1.22
    endloop
  endfacet
  facet normal -0.0653892 -0.99786 0
    outer loop
      vertex 5.9 7.4 1.22
      vertex 6.09579 7.38717 3.2
      vertex 5.9 7.4 3.2
    endloop
  endfacet
  facet normal -0.0653892 -0.99786 -0
    outer loop
      vertex 6.09579 7.38717 3.2
      vertex 5.9 7.4 1.22
      vertex 6.09579 7.38717 1.22
    endloop
  endfacet
  facet normal -0.442273 -0.89688 0
    outer loop
      vertex 6.47402 7.28582 1.22
      vertex 6.65 7.19904 3.2
      vertex 6.47402 7.28582 3.2
    endloop
  endfacet
  facet normal -0.442273 -0.89688 -0
    outer loop
      vertex 6.65 7.19904 3.2
      vertex 6.47402 7.28582 1.22
      vertex 6.65 7.19904 1.22
    endloop
  endfacet
  facet normal 0.89688 -0.442273 0
    outer loop
      vertex 4.51418 6.47402 3.2
      vertex 4.60096 6.65 1.22
      vertex 4.60096 6.65 3.2
    endloop
  endfacet
  facet normal 0.89688 -0.442273 0
    outer loop
      vertex 4.60096 6.65 1.22
      vertex 4.51418 6.47402 3.2
      vertex 4.51418 6.47402 1.22
    endloop
  endfacet
  facet normal 0.99786 -0.0653892 0
    outer loop
      vertex 4.4 5.9 3.2
      vertex 4.41283 6.09579 1.22
      vertex 4.41283 6.09579 3.2
    endloop
  endfacet
  facet normal 0.99786 -0.0653892 0
    outer loop
      vertex 4.41283 6.09579 1.22
      vertex 4.4 5.9 3.2
      vertex 4.4 5.9 1.22
    endloop
  endfacet
  facet normal 0.555582 -0.831462 0
    outer loop
      vertex 4.98686 7.09003 1.22
      vertex 5.15 7.19904 3.2
      vertex 4.98686 7.09003 3.2
    endloop
  endfacet
  facet normal 0.555582 -0.831462 0
    outer loop
      vertex 5.15 7.19904 3.2
      vertex 4.98686 7.09003 1.22
      vertex 5.15 7.19904 1.22
    endloop
  endfacet
  facet normal 0.659341 -0.751844 0
    outer loop
      vertex 4.83934 6.96066 1.22
      vertex 4.98686 7.09003 3.2
      vertex 4.83934 6.96066 3.2
    endloop
  endfacet
  facet normal 0.659341 -0.751844 0
    outer loop
      vertex 4.98686 7.09003 3.2
      vertex 4.83934 6.96066 1.22
      vertex 4.98686 7.09003 1.22
    endloop
  endfacet
  facet normal 0.321437 -0.946931 0
    outer loop
      vertex 5.32597 7.28582 1.22
      vertex 5.51177 7.34889 3.2
      vertex 5.32597 7.28582 3.2
    endloop
  endfacet
  facet normal 0.321437 -0.946931 0
    outer loop
      vertex 5.51177 7.34889 3.2
      vertex 5.32597 7.28582 1.22
      vertex 5.51177 7.34889 1.22
    endloop
  endfacet
  facet normal -0.99786 0.0653892 0
    outer loop
      vertex 7.38717 5.70421 1.22
      vertex 7.4 5.9 3.2
      vertex 7.4 5.9 1.22
    endloop
  endfacet
  facet normal -0.99786 0.0653892 0
    outer loop
      vertex 7.4 5.9 3.2
      vertex 7.38717 5.70421 1.22
      vertex 7.38717 5.70421 3.2
    endloop
  endfacet
  facet normal -0.321452 0.946926 0
    outer loop
      vertex 6.47402 4.51418 1.22
      vertex 6.28823 4.45111 3.2
      vertex 6.47402 4.51418 3.2
    endloop
  endfacet
  facet normal -0.321452 0.946926 0
    outer loop
      vertex 6.28823 4.45111 3.2
      vertex 6.47402 4.51418 1.22
      vertex 6.28823 4.45111 1.22
    endloop
  endfacet
  facet normal -0.555582 0.831462 0
    outer loop
      vertex 6.81314 4.70997 1.22
      vertex 6.65 4.60096 3.2
      vertex 6.81314 4.70997 3.2
    endloop
  endfacet
  facet normal -0.555582 0.831462 0
    outer loop
      vertex 6.65 4.60096 3.2
      vertex 6.81314 4.70997 1.22
      vertex 6.65 4.60096 1.22
    endloop
  endfacet
  facet normal -0.831462 0.555582 0
    outer loop
      vertex 7.09003 4.98686 1.22
      vertex 7.19904 5.15 3.2
      vertex 7.19904 5.15 1.22
    endloop
  endfacet
  facet normal -0.831462 0.555582 0
    outer loop
      vertex 7.19904 5.15 3.2
      vertex 7.09003 4.98686 1.22
      vertex 7.09003 4.98686 3.2
    endloop
  endfacet
  facet normal -0.980784 0.195097 0
    outer loop
      vertex 7.34889 5.51177 1.22
      vertex 7.38717 5.70421 3.2
      vertex 7.38717 5.70421 1.22
    endloop
  endfacet
  facet normal -0.980784 0.195097 0
    outer loop
      vertex 7.38717 5.70421 3.2
      vertex 7.34889 5.51177 1.22
      vertex 7.34889 5.51177 3.2
    endloop
  endfacet
  facet normal 0.442294 0.89687 -0
    outer loop
      vertex 5.32597 4.51418 1.22
      vertex 5.15 4.60096 3.2
      vertex 5.32597 4.51418 3.2
    endloop
  endfacet
  facet normal 0.442294 0.89687 0
    outer loop
      vertex 5.15 4.60096 3.2
      vertex 5.32597 4.51418 1.22
      vertex 5.15 4.60096 1.22
    endloop
  endfacet
  facet normal 0.0653892 0.99786 -0
    outer loop
      vertex 5.9 4.4 1.22
      vertex 5.70421 4.41283 3.2
      vertex 5.9 4.4 3.2
    endloop
  endfacet
  facet normal 0.0653892 0.99786 0
    outer loop
      vertex 5.70421 4.41283 3.2
      vertex 5.9 4.4 1.22
      vertex 5.70421 4.41283 1.22
    endloop
  endfacet
  facet normal 0.831462 0.555582 0
    outer loop
      vertex 4.70997 4.98686 3.2
      vertex 4.60096 5.15 1.22
      vertex 4.60096 5.15 3.2
    endloop
  endfacet
  facet normal 0.831462 0.555582 0
    outer loop
      vertex 4.60096 5.15 1.22
      vertex 4.70997 4.98686 3.2
      vertex 4.70997 4.98686 1.22
    endloop
  endfacet
  facet normal 0.946931 0.321437 0
    outer loop
      vertex 4.51418 5.32597 3.2
      vertex 4.45111 5.51177 1.22
      vertex 4.45111 5.51177 3.2
    endloop
  endfacet
  facet normal 0.946931 0.321437 0
    outer loop
      vertex 4.45111 5.51177 1.22
      vertex 4.51418 5.32597 3.2
      vertex 4.51418 5.32597 1.22
    endloop
  endfacet
  facet normal 0.99786 0.0653892 0
    outer loop
      vertex 4.41283 5.70421 3.2
      vertex 4.4 5.9 1.22
      vertex 4.4 5.9 3.2
    endloop
  endfacet
  facet normal 0.99786 0.0653892 0
    outer loop
      vertex 4.4 5.9 1.22
      vertex 4.41283 5.70421 3.2
      vertex 4.41283 5.70421 1.22
    endloop
  endfacet
  facet normal -0.442273 0.89688 0
    outer loop
      vertex 6.65 4.60096 1.22
      vertex 6.47402 4.51418 3.2
      vertex 6.65 4.60096 3.2
    endloop
  endfacet
  facet normal -0.442273 0.89688 0
    outer loop
      vertex 6.47402 4.51418 3.2
      vertex 6.65 4.60096 1.22
      vertex 6.47402 4.51418 1.22
    endloop
  endfacet
  facet normal -0.659341 0.751844 0
    outer loop
      vertex 6.96066 4.83934 1.22
      vertex 6.81314 4.70997 3.2
      vertex 6.96066 4.83934 3.2
    endloop
  endfacet
  facet normal -0.659341 0.751844 0
    outer loop
      vertex 6.81314 4.70997 3.2
      vertex 6.96066 4.83934 1.22
      vertex 6.81314 4.70997 1.22
    endloop
  endfacet
  facet normal -0.89687 0.442294 0
    outer loop
      vertex 7.19904 5.15 1.22
      vertex 7.28582 5.32597 3.2
      vertex 7.28582 5.32597 1.22
    endloop
  endfacet
  facet normal -0.89687 0.442294 0
    outer loop
      vertex 7.28582 5.32597 3.2
      vertex 7.19904 5.15 1.22
      vertex 7.19904 5.15 3.2
    endloop
  endfacet
  facet normal 0.321437 0.946931 -0
    outer loop
      vertex 5.51177 4.45111 1.22
      vertex 5.32597 4.51418 3.2
      vertex 5.51177 4.45111 3.2
    endloop
  endfacet
  facet normal 0.321437 0.946931 0
    outer loop
      vertex 5.32597 4.51418 3.2
      vertex 5.51177 4.45111 1.22
      vertex 5.32597 4.51418 1.22
    endloop
  endfacet
  facet normal 0.751844 0.659341 0
    outer loop
      vertex 4.83934 4.83934 3.2
      vertex 4.70997 4.98686 1.22
      vertex 4.70997 4.98686 3.2
    endloop
  endfacet
  facet normal 0.751844 0.659341 0
    outer loop
      vertex 4.70997 4.98686 1.22
      vertex 4.83934 4.83934 3.2
      vertex 4.83934 4.83934 1.22
    endloop
  endfacet
  facet normal -0.946931 0.321437 0
    outer loop
      vertex 7.28582 5.32597 1.22
      vertex 7.34889 5.51177 3.2
      vertex 7.34889 5.51177 1.22
    endloop
  endfacet
  facet normal -0.946931 0.321437 0
    outer loop
      vertex 7.34889 5.51177 3.2
      vertex 7.28582 5.32597 1.22
      vertex 7.28582 5.32597 3.2
    endloop
  endfacet
  facet normal -0.99786 -0.0653858 0
    outer loop
      vertex 7.4 28.9 1.22
      vertex 7.38717 29.0958 3.2
      vertex 7.38717 29.0958 1.22
    endloop
  endfacet
  facet normal -0.99786 -0.0653858 0
    outer loop
      vertex 7.38717 29.0958 3.2
      vertex 7.4 28.9 1.22
      vertex 7.4 28.9 3.2
    endloop
  endfacet
  facet normal 0.0652369 -0.99787 0
    outer loop
      vertex 5.70421 30.3872 1.22
      vertex 5.9 30.4 3.2
      vertex 5.70421 30.3872 3.2
    endloop
  endfacet
  facet normal 0.0652369 -0.99787 0
    outer loop
      vertex 5.9 30.4 3.2
      vertex 5.70421 30.3872 1.22
      vertex 5.9 30.4 1.22
    endloop
  endfacet
  facet normal -0.65914 -0.752021 0
    outer loop
      vertex 6.81314 30.09 1.22
      vertex 6.96066 29.9607 3.2
      vertex 6.81314 30.09 3.2
    endloop
  endfacet
  facet normal -0.65914 -0.752021 -0
    outer loop
      vertex 6.96066 29.9607 3.2
      vertex 6.81314 30.09 1.22
      vertex 6.96066 29.9607 1.22
    endloop
  endfacet
  facet normal 0.752021 -0.659139 0
    outer loop
      vertex 4.70997 29.8131 3.2
      vertex 4.83934 29.9607 1.22
      vertex 4.83934 29.9607 3.2
    endloop
  endfacet
  facet normal 0.752021 -0.659139 0
    outer loop
      vertex 4.83934 29.9607 1.22
      vertex 4.70997 29.8131 3.2
      vertex 4.70997 29.8131 1.22
    endloop
  endfacet
  facet normal 0.442376 -0.89683 0
    outer loop
      vertex 5.15 30.199 1.22
      vertex 5.32597 30.2858 3.2
      vertex 5.15 30.199 3.2
    endloop
  endfacet
  facet normal 0.442376 -0.89683 0
    outer loop
      vertex 5.32597 30.2858 3.2
      vertex 5.15 30.199 1.22
      vertex 5.32597 30.2858 1.22
    endloop
  endfacet
  facet normal -0.752021 0.659139 0
    outer loop
      vertex 6.96066 27.8393 1.22
      vertex 7.09003 27.9869 3.2
      vertex 7.09003 27.9869 1.22
    endloop
  endfacet
  facet normal -0.752021 0.659139 0
    outer loop
      vertex 7.09003 27.9869 3.2
      vertex 6.96066 27.8393 1.22
      vertex 6.96066 27.8393 3.2
    endloop
  endfacet
  facet normal 0.65914 0.752021 -0
    outer loop
      vertex 4.98686 27.71 1.22
      vertex 4.83934 27.8393 3.2
      vertex 4.98686 27.71 3.2
    endloop
  endfacet
  facet normal 0.65914 0.752021 0
    outer loop
      vertex 4.83934 27.8393 3.2
      vertex 4.98686 27.71 1.22
      vertex 4.83934 27.8393 1.22
    endloop
  endfacet
  facet normal -0.946931 -0.321437 0
    outer loop
      vertex 7.34889 29.2882 1.22
      vertex 7.28582 29.474 3.2
      vertex 7.28582 29.474 1.22
    endloop
  endfacet
  facet normal -0.946931 -0.321437 0
    outer loop
      vertex 7.28582 29.474 3.2
      vertex 7.34889 29.2882 1.22
      vertex 7.34889 29.2882 3.2
    endloop
  endfacet
  facet normal -0.980776 -0.195136 0
    outer loop
      vertex 7.38717 29.0958 1.22
      vertex 7.34889 29.2882 3.2
      vertex 7.34889 29.2882 1.22
    endloop
  endfacet
  facet normal -0.980776 -0.195136 0
    outer loop
      vertex 7.34889 29.2882 3.2
      vertex 7.38717 29.0958 1.22
      vertex 7.38717 29.0958 3.2
    endloop
  endfacet
  facet normal -0.321589 -0.946879 0
    outer loop
      vertex 6.28823 30.3489 1.22
      vertex 6.47402 30.2858 3.2
      vertex 6.28823 30.3489 3.2
    endloop
  endfacet
  facet normal -0.321589 -0.946879 -0
    outer loop
      vertex 6.47402 30.2858 3.2
      vertex 6.28823 30.3489 1.22
      vertex 6.47402 30.2858 1.22
    endloop
  endfacet
  facet normal -0.0652369 -0.99787 0
    outer loop
      vertex 5.9 30.4 1.22
      vertex 6.09579 30.3872 3.2
      vertex 5.9 30.4 3.2
    endloop
  endfacet
  facet normal -0.0652369 -0.99787 -0
    outer loop
      vertex 6.09579 30.3872 3.2
      vertex 5.9 30.4 1.22
      vertex 6.09579 30.3872 1.22
    endloop
  endfacet
  facet normal -0.555547 -0.831485 0
    outer loop
      vertex 6.65 30.199 1.22
      vertex 6.81314 30.09 3.2
      vertex 6.65 30.199 3.2
    endloop
  endfacet
  facet normal -0.555547 -0.831485 -0
    outer loop
      vertex 6.81314 30.09 3.2
      vertex 6.65 30.199 1.22
      vertex 6.81314 30.09 1.22
    endloop
  endfacet
  facet normal 0.8969 -0.442233 0
    outer loop
      vertex 4.51418 29.474 3.2
      vertex 4.60096 29.65 1.22
      vertex 4.60096 29.65 3.2
    endloop
  endfacet
  facet normal 0.8969 -0.442233 0
    outer loop
      vertex 4.60096 29.65 1.22
      vertex 4.51418 29.474 3.2
      vertex 4.51418 29.474 1.22
    endloop
  endfacet
  facet normal 0.831399 -0.555676 0
    outer loop
      vertex 4.60096 29.65 3.2
      vertex 4.70997 29.8131 1.22
      vertex 4.70997 29.8131 3.2
    endloop
  endfacet
  facet normal 0.831399 -0.555676 0
    outer loop
      vertex 4.70997 29.8131 1.22
      vertex 4.60096 29.65 3.2
      vertex 4.60096 29.65 1.22
    endloop
  endfacet
  facet normal 0.980776 -0.195136 0
    outer loop
      vertex 4.41283 29.0958 3.2
      vertex 4.45111 29.2882 1.22
      vertex 4.45111 29.2882 3.2
    endloop
  endfacet
  facet normal 0.980776 -0.195136 0
    outer loop
      vertex 4.45111 29.2882 1.22
      vertex 4.41283 29.0958 3.2
      vertex 4.41283 29.0958 1.22
    endloop
  endfacet
  facet normal 0.99786 0.0653858 0
    outer loop
      vertex 4.41283 28.7042 3.2
      vertex 4.4 28.9 1.22
      vertex 4.4 28.9 3.2
    endloop
  endfacet
  facet normal 0.99786 0.0653858 0
    outer loop
      vertex 4.4 28.9 1.22
      vertex 4.41283 28.7042 3.2
      vertex 4.41283 28.7042 1.22
    endloop
  endfacet
  facet normal 0.65914 -0.752021 0
    outer loop
      vertex 4.83934 29.9607 1.22
      vertex 4.98686 30.09 3.2
      vertex 4.83934 29.9607 3.2
    endloop
  endfacet
  facet normal 0.65914 -0.752021 0
    outer loop
      vertex 4.98686 30.09 3.2
      vertex 4.83934 29.9607 1.22
      vertex 4.98686 30.09 1.22
    endloop
  endfacet
  facet normal 0.195195 -0.980764 0
    outer loop
      vertex 5.51177 30.3489 1.22
      vertex 5.70421 30.3872 3.2
      vertex 5.51177 30.3489 3.2
    endloop
  endfacet
  facet normal 0.195195 -0.980764 0
    outer loop
      vertex 5.70421 30.3872 3.2
      vertex 5.51177 30.3489 1.22
      vertex 5.70421 30.3872 1.22
    endloop
  endfacet
  facet normal -0.321589 0.946879 0
    outer loop
      vertex 6.47402 27.5142 1.22
      vertex 6.28823 27.4511 3.2
      vertex 6.47402 27.5142 3.2
    endloop
  endfacet
  facet normal -0.321589 0.946879 0
    outer loop
      vertex 6.28823 27.4511 3.2
      vertex 6.47402 27.5142 1.22
      vertex 6.28823 27.4511 1.22
    endloop
  endfacet
  facet normal -0.195195 0.980764 0
    outer loop
      vertex 6.28823 27.4511 1.22
      vertex 6.09579 27.4128 3.2
      vertex 6.28823 27.4511 3.2
    endloop
  endfacet
  facet normal -0.195195 0.980764 0
    outer loop
      vertex 6.09579 27.4128 3.2
      vertex 6.28823 27.4511 1.22
      vertex 6.09579 27.4128 1.22
    endloop
  endfacet
  facet normal -0.99786 0.0653858 0
    outer loop
      vertex 7.38717 28.7042 1.22
      vertex 7.4 28.9 3.2
      vertex 7.4 28.9 1.22
    endloop
  endfacet
  facet normal -0.99786 0.0653858 0
    outer loop
      vertex 7.4 28.9 3.2
      vertex 7.38717 28.7042 1.22
      vertex 7.38717 28.7042 3.2
    endloop
  endfacet
  facet normal 0.555547 0.831485 -0
    outer loop
      vertex 5.15 27.601 1.22
      vertex 4.98686 27.71 3.2
      vertex 5.15 27.601 3.2
    endloop
  endfacet
  facet normal 0.555547 0.831485 0
    outer loop
      vertex 4.98686 27.71 3.2
      vertex 5.15 27.601 1.22
      vertex 4.98686 27.71 1.22
    endloop
  endfacet
  facet normal 0.195195 0.980764 -0
    outer loop
      vertex 5.70421 27.4128 1.22
      vertex 5.51177 27.4511 3.2
      vertex 5.70421 27.4128 3.2
    endloop
  endfacet
  facet normal 0.195195 0.980764 0
    outer loop
      vertex 5.51177 27.4511 3.2
      vertex 5.70421 27.4128 1.22
      vertex 5.51177 27.4511 1.22
    endloop
  endfacet
  facet normal 0.980776 0.195136 0
    outer loop
      vertex 4.45111 28.5118 3.2
      vertex 4.41283 28.7042 1.22
      vertex 4.41283 28.7042 3.2
    endloop
  endfacet
  facet normal 0.980776 0.195136 0
    outer loop
      vertex 4.41283 28.7042 1.22
      vertex 4.45111 28.5118 3.2
      vertex 4.45111 28.5118 1.22
    endloop
  endfacet
  facet normal -0.8969 -0.442233 0
    outer loop
      vertex 7.28582 29.474 1.22
      vertex 7.19904 29.65 3.2
      vertex 7.19904 29.65 1.22
    endloop
  endfacet
  facet normal -0.8969 -0.442233 0
    outer loop
      vertex 7.19904 29.65 3.2
      vertex 7.28582 29.474 1.22
      vertex 7.28582 29.474 3.2
    endloop
  endfacet
  facet normal -0.831399 -0.555676 0
    outer loop
      vertex 7.19904 29.65 1.22
      vertex 7.09003 29.8131 3.2
      vertex 7.09003 29.8131 1.22
    endloop
  endfacet
  facet normal -0.831399 -0.555676 0
    outer loop
      vertex 7.09003 29.8131 3.2
      vertex 7.19904 29.65 1.22
      vertex 7.19904 29.65 3.2
    endloop
  endfacet
  facet normal -0.752021 -0.659139 0
    outer loop
      vertex 7.09003 29.8131 1.22
      vertex 6.96066 29.9607 3.2
      vertex 6.96066 29.9607 1.22
    endloop
  endfacet
  facet normal -0.752021 -0.659139 0
    outer loop
      vertex 6.96066 29.9607 3.2
      vertex 7.09003 29.8131 1.22
      vertex 7.09003 29.8131 3.2
    endloop
  endfacet
  facet normal -0.195195 -0.980764 0
    outer loop
      vertex 6.09579 30.3872 1.22
      vertex 6.28823 30.3489 3.2
      vertex 6.09579 30.3872 3.2
    endloop
  endfacet
  facet normal -0.195195 -0.980764 -0
    outer loop
      vertex 6.28823 30.3489 3.2
      vertex 6.09579 30.3872 1.22
      vertex 6.28823 30.3489 1.22
    endloop
  endfacet
  facet normal -0.442355 -0.89684 0
    outer loop
      vertex 6.47402 30.2858 1.22
      vertex 6.65 30.199 3.2
      vertex 6.47402 30.2858 3.2
    endloop
  endfacet
  facet normal -0.442355 -0.89684 -0
    outer loop
      vertex 6.65 30.199 3.2
      vertex 6.47402 30.2858 1.22
      vertex 6.65 30.199 1.22
    endloop
  endfacet
  facet normal 0.946931 -0.321437 0
    outer loop
      vertex 4.45111 29.2882 3.2
      vertex 4.51418 29.474 1.22
      vertex 4.51418 29.474 3.2
    endloop
  endfacet
  facet normal 0.946931 -0.321437 0
    outer loop
      vertex 4.51418 29.474 1.22
      vertex 4.45111 29.2882 3.2
      vertex 4.45111 29.2882 1.22
    endloop
  endfacet
  facet normal 0.99786 -0.0653858 0
    outer loop
      vertex 4.4 28.9 3.2
      vertex 4.41283 29.0958 1.22
      vertex 4.41283 29.0958 3.2
    endloop
  endfacet
  facet normal 0.99786 -0.0653858 0
    outer loop
      vertex 4.41283 29.0958 1.22
      vertex 4.4 28.9 3.2
      vertex 4.4 28.9 1.22
    endloop
  endfacet
  facet normal 0.555547 -0.831485 0
    outer loop
      vertex 4.98686 30.09 1.22
      vertex 5.15 30.199 3.2
      vertex 4.98686 30.09 3.2
    endloop
  endfacet
  facet normal 0.555547 -0.831485 0
    outer loop
      vertex 5.15 30.199 3.2
      vertex 4.98686 30.09 1.22
      vertex 5.15 30.199 1.22
    endloop
  endfacet
  facet normal 0.321574 -0.946885 0
    outer loop
      vertex 5.32597 30.2858 1.22
      vertex 5.51177 30.3489 3.2
      vertex 5.32597 30.2858 3.2
    endloop
  endfacet
  facet normal 0.321574 -0.946885 0
    outer loop
      vertex 5.51177 30.3489 3.2
      vertex 5.32597 30.2858 1.22
      vertex 5.51177 30.3489 1.22
    endloop
  endfacet
  facet normal -0.555547 0.831485 0
    outer loop
      vertex 6.81314 27.71 1.22
      vertex 6.65 27.601 3.2
      vertex 6.81314 27.71 3.2
    endloop
  endfacet
  facet normal -0.555547 0.831485 0
    outer loop
      vertex 6.65 27.601 3.2
      vertex 6.81314 27.71 1.22
      vertex 6.65 27.601 1.22
    endloop
  endfacet
  facet normal -0.65914 0.752021 0
    outer loop
      vertex 6.96066 27.8393 1.22
      vertex 6.81314 27.71 3.2
      vertex 6.96066 27.8393 3.2
    endloop
  endfacet
  facet normal -0.65914 0.752021 0
    outer loop
      vertex 6.81314 27.71 3.2
      vertex 6.96066 27.8393 1.22
      vertex 6.81314 27.71 1.22
    endloop
  endfacet
  facet normal -0.831399 0.555676 0
    outer loop
      vertex 7.09003 27.9869 1.22
      vertex 7.19904 28.15 3.2
      vertex 7.19904 28.15 1.22
    endloop
  endfacet
  facet normal -0.831399 0.555676 0
    outer loop
      vertex 7.19904 28.15 3.2
      vertex 7.09003 27.9869 1.22
      vertex 7.09003 27.9869 3.2
    endloop
  endfacet
  facet normal -0.946931 0.321437 0
    outer loop
      vertex 7.28582 28.326 1.22
      vertex 7.34889 28.5118 3.2
      vertex 7.34889 28.5118 1.22
    endloop
  endfacet
  facet normal -0.946931 0.321437 0
    outer loop
      vertex 7.34889 28.5118 3.2
      vertex 7.28582 28.326 1.22
      vertex 7.28582 28.326 3.2
    endloop
  endfacet
  facet normal -0.980776 0.195136 0
    outer loop
      vertex 7.34889 28.5118 1.22
      vertex 7.38717 28.7042 3.2
      vertex 7.38717 28.7042 1.22
    endloop
  endfacet
  facet normal -0.980776 0.195136 0
    outer loop
      vertex 7.38717 28.7042 3.2
      vertex 7.34889 28.5118 1.22
      vertex 7.34889 28.5118 3.2
    endloop
  endfacet
  facet normal 0.0652369 0.99787 -0
    outer loop
      vertex 5.9 27.4 1.22
      vertex 5.70421 27.4128 3.2
      vertex 5.9 27.4 3.2
    endloop
  endfacet
  facet normal 0.0652369 0.99787 0
    outer loop
      vertex 5.70421 27.4128 3.2
      vertex 5.9 27.4 1.22
      vertex 5.70421 27.4128 1.22
    endloop
  endfacet
  facet normal 0.442376 0.89683 -0
    outer loop
      vertex 5.32597 27.5142 1.22
      vertex 5.15 27.601 3.2
      vertex 5.32597 27.5142 3.2
    endloop
  endfacet
  facet normal 0.442376 0.89683 0
    outer loop
      vertex 5.15 27.601 3.2
      vertex 5.32597 27.5142 1.22
      vertex 5.15 27.601 1.22
    endloop
  endfacet
  facet normal 0.321574 0.946885 -0
    outer loop
      vertex 5.51177 27.4511 1.22
      vertex 5.32597 27.5142 3.2
      vertex 5.51177 27.4511 3.2
    endloop
  endfacet
  facet normal 0.321574 0.946885 0
    outer loop
      vertex 5.32597 27.5142 3.2
      vertex 5.51177 27.4511 1.22
      vertex 5.32597 27.5142 1.22
    endloop
  endfacet
  facet normal -0.0652369 0.99787 0
    outer loop
      vertex 6.09579 27.4128 1.22
      vertex 5.9 27.4 3.2
      vertex 6.09579 27.4128 3.2
    endloop
  endfacet
  facet normal -0.0652369 0.99787 0
    outer loop
      vertex 5.9 27.4 3.2
      vertex 6.09579 27.4128 1.22
      vertex 5.9 27.4 1.22
    endloop
  endfacet
  facet normal 0.831399 0.555676 0
    outer loop
      vertex 4.70997 27.9869 3.2
      vertex 4.60096 28.15 1.22
      vertex 4.60096 28.15 3.2
    endloop
  endfacet
  facet normal 0.831399 0.555676 0
    outer loop
      vertex 4.60096 28.15 1.22
      vertex 4.70997 27.9869 3.2
      vertex 4.70997 27.9869 1.22
    endloop
  endfacet
  facet normal 0.946931 0.321437 0
    outer loop
      vertex 4.51418 28.326 3.2
      vertex 4.45111 28.5118 1.22
      vertex 4.45111 28.5118 3.2
    endloop
  endfacet
  facet normal 0.946931 0.321437 0
    outer loop
      vertex 4.45111 28.5118 1.22
      vertex 4.51418 28.326 3.2
      vertex 4.51418 28.326 1.22
    endloop
  endfacet
  facet normal 0.8969 0.442233 0
    outer loop
      vertex 4.60096 28.15 3.2
      vertex 4.51418 28.326 1.22
      vertex 4.51418 28.326 3.2
    endloop
  endfacet
  facet normal 0.8969 0.442233 0
    outer loop
      vertex 4.51418 28.326 1.22
      vertex 4.60096 28.15 3.2
      vertex 4.60096 28.15 1.22
    endloop
  endfacet
  facet normal -0.442355 0.89684 0
    outer loop
      vertex 6.65 27.601 1.22
      vertex 6.47402 27.5142 3.2
      vertex 6.65 27.601 3.2
    endloop
  endfacet
  facet normal -0.442355 0.89684 0
    outer loop
      vertex 6.47402 27.5142 3.2
      vertex 6.65 27.601 1.22
      vertex 6.47402 27.5142 1.22
    endloop
  endfacet
  facet normal -0.8969 0.442233 0
    outer loop
      vertex 7.19904 28.15 1.22
      vertex 7.28582 28.326 3.2
      vertex 7.28582 28.326 1.22
    endloop
  endfacet
  facet normal -0.8969 0.442233 0
    outer loop
      vertex 7.28582 28.326 3.2
      vertex 7.19904 28.15 1.22
      vertex 7.19904 28.15 3.2
    endloop
  endfacet
  facet normal 0.752021 0.659139 0
    outer loop
      vertex 4.83934 27.8393 3.2
      vertex 4.70997 27.9869 1.22
      vertex 4.70997 27.9869 3.2
    endloop
  endfacet
  facet normal 0.752021 0.659139 0
    outer loop
      vertex 4.70997 27.9869 1.22
      vertex 4.83934 27.8393 3.2
      vertex 4.83934 27.8393 1.22
    endloop
  endfacet
  facet normal -0.99787 -0.0652369 0
    outer loop
      vertex 65.4 5.9 1.22
      vertex 65.3872 6.09579 3.2
      vertex 65.3872 6.09579 1.22
    endloop
  endfacet
  facet normal -0.99787 -0.0652369 0
    outer loop
      vertex 65.3872 6.09579 3.2
      vertex 65.4 5.9 1.22
      vertex 65.4 5.9 3.2
    endloop
  endfacet
  facet normal 0.99787 0.0652369 0
    outer loop
      vertex 62.4128 5.70421 3.2
      vertex 62.4 5.9 1.22
      vertex 62.4 5.9 3.2
    endloop
  endfacet
  facet normal 0.99787 0.0652369 0
    outer loop
      vertex 62.4 5.9 1.22
      vertex 62.4128 5.70421 3.2
      vertex 62.4128 5.70421 1.22
    endloop
  endfacet
  facet normal 0.0653858 -0.99786 0
    outer loop
      vertex 63.7042 7.38717 1.22
      vertex 63.9 7.4 3.2
      vertex 63.7042 7.38717 3.2
    endloop
  endfacet
  facet normal 0.0653858 -0.99786 0
    outer loop
      vertex 63.9 7.4 3.2
      vertex 63.7042 7.38717 1.22
      vertex 63.9 7.4 1.22
    endloop
  endfacet
  facet normal -0.659139 -0.752021 0
    outer loop
      vertex 64.8131 7.09003 1.22
      vertex 64.9607 6.96066 3.2
      vertex 64.8131 7.09003 3.2
    endloop
  endfacet
  facet normal -0.659139 -0.752021 -0
    outer loop
      vertex 64.9607 6.96066 3.2
      vertex 64.8131 7.09003 1.22
      vertex 64.9607 6.96066 1.22
    endloop
  endfacet
  facet normal 0.752021 -0.65914 0
    outer loop
      vertex 62.71 6.81314 3.2
      vertex 62.8393 6.96066 1.22
      vertex 62.8393 6.96066 3.2
    endloop
  endfacet
  facet normal 0.752021 -0.65914 0
    outer loop
      vertex 62.8393 6.96066 1.22
      vertex 62.71 6.81314 3.2
      vertex 62.71 6.81314 1.22
    endloop
  endfacet
  facet normal 0.442233 -0.8969 0
    outer loop
      vertex 63.15 7.19904 1.22
      vertex 63.326 7.28582 3.2
      vertex 63.15 7.19904 3.2
    endloop
  endfacet
  facet normal 0.442233 -0.8969 0
    outer loop
      vertex 63.326 7.28582 3.2
      vertex 63.15 7.19904 1.22
      vertex 63.326 7.28582 1.22
    endloop
  endfacet
  facet normal -0.752021 0.65914 0
    outer loop
      vertex 64.9607 4.83934 1.22
      vertex 65.09 4.98686 3.2
      vertex 65.09 4.98686 1.22
    endloop
  endfacet
  facet normal -0.752021 0.65914 0
    outer loop
      vertex 65.09 4.98686 3.2
      vertex 64.9607 4.83934 1.22
      vertex 64.9607 4.83934 3.2
    endloop
  endfacet
  facet normal 0.946885 0.321574 0
    outer loop
      vertex 62.5142 5.32597 3.2
      vertex 62.4511 5.51177 1.22
      vertex 62.4511 5.51177 3.2
    endloop
  endfacet
  facet normal 0.946885 0.321574 0
    outer loop
      vertex 62.4511 5.51177 1.22
      vertex 62.5142 5.32597 3.2
      vertex 62.5142 5.32597 1.22
    endloop
  endfacet
  facet normal -0.89684 -0.442355 0
    outer loop
      vertex 65.2858 6.47402 1.22
      vertex 65.199 6.65 3.2
      vertex 65.199 6.65 1.22
    endloop
  endfacet
  facet normal -0.89684 -0.442355 0
    outer loop
      vertex 65.199 6.65 3.2
      vertex 65.2858 6.47402 1.22
      vertex 65.2858 6.47402 3.2
    endloop
  endfacet
  facet normal -0.980764 -0.195195 0
    outer loop
      vertex 65.3872 6.09579 1.22
      vertex 65.3489 6.28823 3.2
      vertex 65.3489 6.28823 1.22
    endloop
  endfacet
  facet normal -0.980764 -0.195195 0
    outer loop
      vertex 65.3489 6.28823 3.2
      vertex 65.3872 6.09579 1.22
      vertex 65.3872 6.09579 3.2
    endloop
  endfacet
  facet normal -0.321437 -0.946931 0
    outer loop
      vertex 64.2882 7.34889 1.22
      vertex 64.474 7.28582 3.2
      vertex 64.2882 7.34889 3.2
    endloop
  endfacet
  facet normal -0.321437 -0.946931 -0
    outer loop
      vertex 64.474 7.28582 3.2
      vertex 64.2882 7.34889 1.22
      vertex 64.474 7.28582 1.22
    endloop
  endfacet
  facet normal -0.555676 -0.831399 0
    outer loop
      vertex 64.65 7.19904 1.22
      vertex 64.8131 7.09003 3.2
      vertex 64.65 7.19904 3.2
    endloop
  endfacet
  facet normal -0.555676 -0.831399 -0
    outer loop
      vertex 64.8131 7.09003 3.2
      vertex 64.65 7.19904 1.22
      vertex 64.8131 7.09003 1.22
    endloop
  endfacet
  facet normal 0.89684 -0.442355 0
    outer loop
      vertex 62.5142 6.47402 3.2
      vertex 62.601 6.65 1.22
      vertex 62.601 6.65 3.2
    endloop
  endfacet
  facet normal 0.89684 -0.442355 0
    outer loop
      vertex 62.601 6.65 1.22
      vertex 62.5142 6.47402 3.2
      vertex 62.5142 6.47402 1.22
    endloop
  endfacet
  facet normal 0.831485 -0.555547 0
    outer loop
      vertex 62.601 6.65 3.2
      vertex 62.71 6.81314 1.22
      vertex 62.71 6.81314 3.2
    endloop
  endfacet
  facet normal 0.831485 -0.555547 0
    outer loop
      vertex 62.71 6.81314 1.22
      vertex 62.601 6.65 3.2
      vertex 62.601 6.65 1.22
    endloop
  endfacet
  facet normal 0.980764 -0.195195 0
    outer loop
      vertex 62.4128 6.09579 3.2
      vertex 62.4511 6.28823 1.22
      vertex 62.4511 6.28823 3.2
    endloop
  endfacet
  facet normal 0.980764 -0.195195 0
    outer loop
      vertex 62.4511 6.28823 1.22
      vertex 62.4128 6.09579 3.2
      vertex 62.4128 6.09579 1.22
    endloop
  endfacet
  facet normal 0.659139 -0.752021 0
    outer loop
      vertex 62.8393 6.96066 1.22
      vertex 62.9869 7.09003 3.2
      vertex 62.8393 6.96066 3.2
    endloop
  endfacet
  facet normal 0.659139 -0.752021 0
    outer loop
      vertex 62.9869 7.09003 3.2
      vertex 62.8393 6.96066 1.22
      vertex 62.9869 7.09003 1.22
    endloop
  endfacet
  facet normal 0.195136 -0.980776 0
    outer loop
      vertex 63.5118 7.34889 1.22
      vertex 63.7042 7.38717 3.2
      vertex 63.5118 7.34889 3.2
    endloop
  endfacet
  facet normal 0.195136 -0.980776 0
    outer loop
      vertex 63.7042 7.38717 3.2
      vertex 63.5118 7.34889 1.22
      vertex 63.7042 7.38717 1.22
    endloop
  endfacet
  facet normal -0.321437 0.946931 0
    outer loop
      vertex 64.474 4.51418 1.22
      vertex 64.2882 4.45111 3.2
      vertex 64.474 4.51418 3.2
    endloop
  endfacet
  facet normal -0.321437 0.946931 0
    outer loop
      vertex 64.2882 4.45111 3.2
      vertex 64.474 4.51418 1.22
      vertex 64.2882 4.45111 1.22
    endloop
  endfacet
  facet normal -0.195136 0.980776 0
    outer loop
      vertex 64.2882 4.45111 1.22
      vertex 64.0958 4.41283 3.2
      vertex 64.2882 4.45111 3.2
    endloop
  endfacet
  facet normal -0.195136 0.980776 0
    outer loop
      vertex 64.0958 4.41283 3.2
      vertex 64.2882 4.45111 1.22
      vertex 64.0958 4.41283 1.22
    endloop
  endfacet
  facet normal 0.555676 0.831399 -0
    outer loop
      vertex 63.15 4.60096 1.22
      vertex 62.9869 4.70997 3.2
      vertex 63.15 4.60096 3.2
    endloop
  endfacet
  facet normal 0.555676 0.831399 0
    outer loop
      vertex 62.9869 4.70997 3.2
      vertex 63.15 4.60096 1.22
      vertex 62.9869 4.70997 1.22
    endloop
  endfacet
  facet normal 0.195136 0.980776 -0
    outer loop
      vertex 63.7042 4.41283 1.22
      vertex 63.5118 4.45111 3.2
      vertex 63.7042 4.41283 3.2
    endloop
  endfacet
  facet normal 0.195136 0.980776 0
    outer loop
      vertex 63.5118 4.45111 3.2
      vertex 63.7042 4.41283 1.22
      vertex 63.5118 4.45111 1.22
    endloop
  endfacet
  facet normal 0.659139 0.752021 -0
    outer loop
      vertex 62.9869 4.70997 1.22
      vertex 62.8393 4.83934 3.2
      vertex 62.9869 4.70997 3.2
    endloop
  endfacet
  facet normal 0.659139 0.752021 0
    outer loop
      vertex 62.8393 4.83934 3.2
      vertex 62.9869 4.70997 1.22
      vertex 62.8393 4.83934 1.22
    endloop
  endfacet
  facet normal 0.980764 0.195195 0
    outer loop
      vertex 62.4511 5.51177 3.2
      vertex 62.4128 5.70421 1.22
      vertex 62.4128 5.70421 3.2
    endloop
  endfacet
  facet normal 0.980764 0.195195 0
    outer loop
      vertex 62.4128 5.70421 1.22
      vertex 62.4511 5.51177 3.2
      vertex 62.4511 5.51177 1.22
    endloop
  endfacet
  facet normal -0.946879 -0.321589 0
    outer loop
      vertex 65.3489 6.28823 1.22
      vertex 65.2858 6.47402 3.2
      vertex 65.2858 6.47402 1.22
    endloop
  endfacet
  facet normal -0.946879 -0.321589 0
    outer loop
      vertex 65.2858 6.47402 3.2
      vertex 65.3489 6.28823 1.22
      vertex 65.3489 6.28823 3.2
    endloop
  endfacet
  facet normal -0.752021 -0.65914 0
    outer loop
      vertex 65.09 6.81314 1.22
      vertex 64.9607 6.96066 3.2
      vertex 64.9607 6.96066 1.22
    endloop
  endfacet
  facet normal -0.752021 -0.65914 0
    outer loop
      vertex 64.9607 6.96066 3.2
      vertex 65.09 6.81314 1.22
      vertex 65.09 6.81314 3.2
    endloop
  endfacet
  facet normal -0.831485 -0.555547 0
    outer loop
      vertex 65.199 6.65 1.22
      vertex 65.09 6.81314 3.2
      vertex 65.09 6.81314 1.22
    endloop
  endfacet
  facet normal -0.831485 -0.555547 0
    outer loop
      vertex 65.09 6.81314 3.2
      vertex 65.199 6.65 1.22
      vertex 65.199 6.65 3.2
    endloop
  endfacet
  facet normal -0.195136 -0.980776 0
    outer loop
      vertex 64.0958 7.38717 1.22
      vertex 64.2882 7.34889 3.2
      vertex 64.0958 7.38717 3.2
    endloop
  endfacet
  facet normal -0.195136 -0.980776 -0
    outer loop
      vertex 64.2882 7.34889 3.2
      vertex 64.0958 7.38717 1.22
      vertex 64.2882 7.34889 1.22
    endloop
  endfacet
  facet normal -0.0653858 -0.99786 0
    outer loop
      vertex 63.9 7.4 1.22
      vertex 64.0958 7.38717 3.2
      vertex 63.9 7.4 3.2
    endloop
  endfacet
  facet normal -0.0653858 -0.99786 -0
    outer loop
      vertex 64.0958 7.38717 3.2
      vertex 63.9 7.4 1.22
      vertex 64.0958 7.38717 1.22
    endloop
  endfacet
  facet normal 0.946879 -0.321589 0
    outer loop
      vertex 62.4511 6.28823 3.2
      vertex 62.5142 6.47402 1.22
      vertex 62.5142 6.47402 3.2
    endloop
  endfacet
  facet normal 0.946879 -0.321589 0
    outer loop
      vertex 62.5142 6.47402 1.22
      vertex 62.4511 6.28823 3.2
      vertex 62.4511 6.28823 1.22
    endloop
  endfacet
  facet normal 0.99787 -0.0652369 0
    outer loop
      vertex 62.4 5.9 3.2
      vertex 62.4128 6.09579 1.22
      vertex 62.4128 6.09579 3.2
    endloop
  endfacet
  facet normal 0.99787 -0.0652369 0
    outer loop
      vertex 62.4128 6.09579 1.22
      vertex 62.4 5.9 3.2
      vertex 62.4 5.9 1.22
    endloop
  endfacet
  facet normal 0.321437 -0.946931 0
    outer loop
      vertex 63.326 7.28582 1.22
      vertex 63.5118 7.34889 3.2
      vertex 63.326 7.28582 3.2
    endloop
  endfacet
  facet normal 0.321437 -0.946931 0
    outer loop
      vertex 63.5118 7.34889 3.2
      vertex 63.326 7.28582 1.22
      vertex 63.5118 7.34889 1.22
    endloop
  endfacet
  facet normal -0.555676 0.831399 0
    outer loop
      vertex 64.8131 4.70997 1.22
      vertex 64.65 4.60096 3.2
      vertex 64.8131 4.70997 3.2
    endloop
  endfacet
  facet normal -0.555676 0.831399 0
    outer loop
      vertex 64.65 4.60096 3.2
      vertex 64.8131 4.70997 1.22
      vertex 64.65 4.60096 1.22
    endloop
  endfacet
  facet normal -0.831485 0.555547 0
    outer loop
      vertex 65.09 4.98686 1.22
      vertex 65.199 5.15 3.2
      vertex 65.199 5.15 1.22
    endloop
  endfacet
  facet normal -0.831485 0.555547 0
    outer loop
      vertex 65.199 5.15 3.2
      vertex 65.09 4.98686 1.22
      vertex 65.09 4.98686 3.2
    endloop
  endfacet
  facet normal -0.980764 0.195195 0
    outer loop
      vertex 65.3489 5.51177 1.22
      vertex 65.3872 5.70421 3.2
      vertex 65.3872 5.70421 1.22
    endloop
  endfacet
  facet normal -0.980764 0.195195 0
    outer loop
      vertex 65.3872 5.70421 3.2
      vertex 65.3489 5.51177 1.22
      vertex 65.3489 5.51177 3.2
    endloop
  endfacet
  facet normal 0.442233 0.8969 -0
    outer loop
      vertex 63.326 4.51418 1.22
      vertex 63.15 4.60096 3.2
      vertex 63.326 4.51418 3.2
    endloop
  endfacet
  facet normal 0.442233 0.8969 0
    outer loop
      vertex 63.15 4.60096 3.2
      vertex 63.326 4.51418 1.22
      vertex 63.15 4.60096 1.22
    endloop
  endfacet
  facet normal 0.0653858 0.99786 -0
    outer loop
      vertex 63.9 4.4 1.22
      vertex 63.7042 4.41283 3.2
      vertex 63.9 4.4 3.2
    endloop
  endfacet
  facet normal 0.0653858 0.99786 0
    outer loop
      vertex 63.7042 4.41283 3.2
      vertex 63.9 4.4 1.22
      vertex 63.7042 4.41283 1.22
    endloop
  endfacet
  facet normal 0.831485 0.555547 0
    outer loop
      vertex 62.71 4.98686 3.2
      vertex 62.601 5.15 1.22
      vertex 62.601 5.15 3.2
    endloop
  endfacet
  facet normal 0.831485 0.555547 0
    outer loop
      vertex 62.601 5.15 1.22
      vertex 62.71 4.98686 3.2
      vertex 62.71 4.98686 1.22
    endloop
  endfacet
  facet normal 0.89683 0.442376 0
    outer loop
      vertex 62.601 5.15 3.2
      vertex 62.5142 5.32597 1.22
      vertex 62.5142 5.32597 3.2
    endloop
  endfacet
  facet normal 0.89683 0.442376 0
    outer loop
      vertex 62.5142 5.32597 1.22
      vertex 62.601 5.15 3.2
      vertex 62.601 5.15 1.22
    endloop
  endfacet
  facet normal -0.442233 -0.8969 0
    outer loop
      vertex 64.474 7.28582 1.22
      vertex 64.65 7.19904 3.2
      vertex 64.474 7.28582 3.2
    endloop
  endfacet
  facet normal -0.442233 -0.8969 -0
    outer loop
      vertex 64.65 7.19904 3.2
      vertex 64.474 7.28582 1.22
      vertex 64.65 7.19904 1.22
    endloop
  endfacet
  facet normal 0.555676 -0.831399 0
    outer loop
      vertex 62.9869 7.09003 1.22
      vertex 63.15 7.19904 3.2
      vertex 62.9869 7.09003 3.2
    endloop
  endfacet
  facet normal 0.555676 -0.831399 0
    outer loop
      vertex 63.15 7.19904 3.2
      vertex 62.9869 7.09003 1.22
      vertex 63.15 7.19904 1.22
    endloop
  endfacet
  facet normal -0.442233 0.8969 0
    outer loop
      vertex 64.65 4.60096 1.22
      vertex 64.474 4.51418 3.2
      vertex 64.65 4.60096 3.2
    endloop
  endfacet
  facet normal -0.442233 0.8969 0
    outer loop
      vertex 64.474 4.51418 3.2
      vertex 64.65 4.60096 1.22
      vertex 64.474 4.51418 1.22
    endloop
  endfacet
  facet normal -0.659139 0.752021 0
    outer loop
      vertex 64.9607 4.83934 1.22
      vertex 64.8131 4.70997 3.2
      vertex 64.9607 4.83934 3.2
    endloop
  endfacet
  facet normal -0.659139 0.752021 0
    outer loop
      vertex 64.8131 4.70997 3.2
      vertex 64.9607 4.83934 1.22
      vertex 64.8131 4.70997 1.22
    endloop
  endfacet
  facet normal -0.89683 0.442376 0
    outer loop
      vertex 65.199 5.15 1.22
      vertex 65.2858 5.32597 3.2
      vertex 65.2858 5.32597 1.22
    endloop
  endfacet
  facet normal -0.89683 0.442376 0
    outer loop
      vertex 65.2858 5.32597 3.2
      vertex 65.199 5.15 1.22
      vertex 65.199 5.15 3.2
    endloop
  endfacet
  facet normal -0.99787 0.0652369 0
    outer loop
      vertex 65.3872 5.70421 1.22
      vertex 65.4 5.9 3.2
      vertex 65.4 5.9 1.22
    endloop
  endfacet
  facet normal -0.99787 0.0652369 0
    outer loop
      vertex 65.4 5.9 3.2
      vertex 65.3872 5.70421 1.22
      vertex 65.3872 5.70421 3.2
    endloop
  endfacet
  facet normal 0.321437 0.946931 -0
    outer loop
      vertex 63.5118 4.45111 1.22
      vertex 63.326 4.51418 3.2
      vertex 63.5118 4.45111 3.2
    endloop
  endfacet
  facet normal 0.321437 0.946931 0
    outer loop
      vertex 63.326 4.51418 3.2
      vertex 63.5118 4.45111 1.22
      vertex 63.326 4.51418 1.22
    endloop
  endfacet
  facet normal -0.0653858 0.99786 0
    outer loop
      vertex 64.0958 4.41283 1.22
      vertex 63.9 4.4 3.2
      vertex 64.0958 4.41283 3.2
    endloop
  endfacet
  facet normal -0.0653858 0.99786 0
    outer loop
      vertex 63.9 4.4 3.2
      vertex 64.0958 4.41283 1.22
      vertex 63.9 4.4 1.22
    endloop
  endfacet
  facet normal 0.752021 0.65914 0
    outer loop
      vertex 62.8393 4.83934 3.2
      vertex 62.71 4.98686 1.22
      vertex 62.71 4.98686 3.2
    endloop
  endfacet
  facet normal 0.752021 0.65914 0
    outer loop
      vertex 62.71 4.98686 1.22
      vertex 62.8393 4.83934 3.2
      vertex 62.8393 4.83934 1.22
    endloop
  endfacet
  facet normal -0.946885 0.321574 0
    outer loop
      vertex 65.2858 5.32597 1.22
      vertex 65.3489 5.51177 3.2
      vertex 65.3489 5.51177 1.22
    endloop
  endfacet
  facet normal -0.946885 0.321574 0
    outer loop
      vertex 65.3489 5.51177 3.2
      vertex 65.2858 5.32597 1.22
      vertex 65.2858 5.32597 3.2
    endloop
  endfacet
  facet normal -0.99787 -0.0652336 0
    outer loop
      vertex 65.4 28.9 1.22
      vertex 65.3872 29.0958 3.2
      vertex 65.3872 29.0958 1.22
    endloop
  endfacet
  facet normal -0.99787 -0.0652336 0
    outer loop
      vertex 65.3872 29.0958 3.2
      vertex 65.4 28.9 1.22
      vertex 65.4 28.9 3.2
    endloop
  endfacet
  facet normal 0.99787 0.0652336 0
    outer loop
      vertex 62.4128 28.7042 3.2
      vertex 62.4 28.9 1.22
      vertex 62.4 28.9 3.2
    endloop
  endfacet
  facet normal 0.99787 0.0652336 0
    outer loop
      vertex 62.4 28.9 1.22
      vertex 62.4128 28.7042 3.2
      vertex 62.4128 28.7042 1.22
    endloop
  endfacet
  facet normal 0.0652336 -0.99787 0
    outer loop
      vertex 63.7042 30.3872 1.22
      vertex 63.9 30.4 3.2
      vertex 63.7042 30.3872 3.2
    endloop
  endfacet
  facet normal 0.0652336 -0.99787 0
    outer loop
      vertex 63.9 30.4 3.2
      vertex 63.7042 30.3872 1.22
      vertex 63.9 30.4 1.22
    endloop
  endfacet
  facet normal -0.658937 -0.752198 0
    outer loop
      vertex 64.8131 30.09 1.22
      vertex 64.9607 29.9607 3.2
      vertex 64.8131 30.09 3.2
    endloop
  endfacet
  facet normal -0.658937 -0.752198 -0
    outer loop
      vertex 64.9607 29.9607 3.2
      vertex 64.8131 30.09 1.22
      vertex 64.9607 29.9607 1.22
    endloop
  endfacet
  facet normal 0.752198 -0.658937 0
    outer loop
      vertex 62.71 29.8131 3.2
      vertex 62.8393 29.9607 1.22
      vertex 62.8393 29.9607 3.2
    endloop
  endfacet
  facet normal 0.752198 -0.658937 0
    outer loop
      vertex 62.8393 29.9607 1.22
      vertex 62.71 29.8131 3.2
      vertex 62.71 29.8131 1.22
    endloop
  endfacet
  facet normal 0.442315 -0.89686 0
    outer loop
      vertex 63.15 30.199 1.22
      vertex 63.326 30.2858 3.2
      vertex 63.15 30.199 3.2
    endloop
  endfacet
  facet normal 0.442315 -0.89686 0
    outer loop
      vertex 63.326 30.2858 3.2
      vertex 63.15 30.199 1.22
      vertex 63.326 30.2858 1.22
    endloop
  endfacet
  facet normal 0.946885 0.321574 0
    outer loop
      vertex 62.5142 28.326 3.2
      vertex 62.4511 28.5118 1.22
      vertex 62.4511 28.5118 3.2
    endloop
  endfacet
  facet normal 0.946885 0.321574 0
    outer loop
      vertex 62.4511 28.5118 1.22
      vertex 62.5142 28.326 3.2
      vertex 62.5142 28.326 1.22
    endloop
  endfacet
  facet normal -0.89686 -0.442315 0
    outer loop
      vertex 65.2858 29.474 1.22
      vertex 65.199 29.65 3.2
      vertex 65.199 29.65 1.22
    endloop
  endfacet
  facet normal -0.89686 -0.442315 0
    outer loop
      vertex 65.199 29.65 3.2
      vertex 65.2858 29.474 1.22
      vertex 65.2858 29.474 3.2
    endloop
  endfacet
  facet normal -0.980757 -0.195234 0
    outer loop
      vertex 65.3872 29.0958 1.22
      vertex 65.3489 29.2882 3.2
      vertex 65.3489 29.2882 1.22
    endloop
  endfacet
  facet normal -0.980757 -0.195234 0
    outer loop
      vertex 65.3489 29.2882 3.2
      vertex 65.3872 29.0958 1.22
      vertex 65.3872 29.0958 3.2
    endloop
  endfacet
  facet normal -0.321574 -0.946885 0
    outer loop
      vertex 64.2882 30.3489 1.22
      vertex 64.474 30.2858 3.2
      vertex 64.2882 30.3489 3.2
    endloop
  endfacet
  facet normal -0.321574 -0.946885 -0
    outer loop
      vertex 64.474 30.2858 3.2
      vertex 64.2882 30.3489 1.22
      vertex 64.474 30.2858 1.22
    endloop
  endfacet
  facet normal -0.555641 -0.831422 0
    outer loop
      vertex 64.65 30.199 1.22
      vertex 64.8131 30.09 3.2
      vertex 64.65 30.199 3.2
    endloop
  endfacet
  facet normal -0.555641 -0.831422 -0
    outer loop
      vertex 64.8131 30.09 3.2
      vertex 64.65 30.199 1.22
      vertex 64.8131 30.09 1.22
    endloop
  endfacet
  facet normal 0.89686 -0.442315 0
    outer loop
      vertex 62.5142 29.474 3.2
      vertex 62.601 29.65 1.22
      vertex 62.601 29.65 3.2
    endloop
  endfacet
  facet normal 0.89686 -0.442315 0
    outer loop
      vertex 62.601 29.65 1.22
      vertex 62.5142 29.474 3.2
      vertex 62.5142 29.474 1.22
    endloop
  endfacet
  facet normal 0.831422 -0.555641 0
    outer loop
      vertex 62.601 29.65 3.2
      vertex 62.71 29.8131 1.22
      vertex 62.71 29.8131 3.2
    endloop
  endfacet
  facet normal 0.831422 -0.555641 0
    outer loop
      vertex 62.71 29.8131 1.22
      vertex 62.601 29.65 3.2
      vertex 62.601 29.65 1.22
    endloop
  endfacet
  facet normal 0.980757 -0.195234 0
    outer loop
      vertex 62.4128 29.0958 3.2
      vertex 62.4511 29.2882 1.22
      vertex 62.4511 29.2882 3.2
    endloop
  endfacet
  facet normal 0.980757 -0.195234 0
    outer loop
      vertex 62.4511 29.2882 1.22
      vertex 62.4128 29.0958 3.2
      vertex 62.4128 29.0958 1.22
    endloop
  endfacet
  facet normal 0.658937 -0.752198 0
    outer loop
      vertex 62.8393 29.9607 1.22
      vertex 62.9869 30.09 3.2
      vertex 62.8393 29.9607 3.2
    endloop
  endfacet
  facet normal 0.658937 -0.752198 0
    outer loop
      vertex 62.9869 30.09 3.2
      vertex 62.8393 29.9607 1.22
      vertex 62.9869 30.09 1.22
    endloop
  endfacet
  facet normal 0.195234 -0.980757 0
    outer loop
      vertex 63.5118 30.3489 1.22
      vertex 63.7042 30.3872 3.2
      vertex 63.5118 30.3489 3.2
    endloop
  endfacet
  facet normal 0.195234 -0.980757 0
    outer loop
      vertex 63.7042 30.3872 3.2
      vertex 63.5118 30.3489 1.22
      vertex 63.7042 30.3872 1.22
    endloop
  endfacet
  facet normal -0.321574 0.946885 0
    outer loop
      vertex 64.474 27.5142 1.22
      vertex 64.2882 27.4511 3.2
      vertex 64.474 27.5142 3.2
    endloop
  endfacet
  facet normal -0.321574 0.946885 0
    outer loop
      vertex 64.2882 27.4511 3.2
      vertex 64.474 27.5142 1.22
      vertex 64.2882 27.4511 1.22
    endloop
  endfacet
  facet normal -0.195234 0.980757 0
    outer loop
      vertex 64.2882 27.4511 1.22
      vertex 64.0958 27.4128 3.2
      vertex 64.2882 27.4511 3.2
    endloop
  endfacet
  facet normal -0.195234 0.980757 0
    outer loop
      vertex 64.0958 27.4128 3.2
      vertex 64.2882 27.4511 1.22
      vertex 64.0958 27.4128 1.22
    endloop
  endfacet
  facet normal 0.555641 0.831422 -0
    outer loop
      vertex 63.15 27.601 1.22
      vertex 62.9869 27.71 3.2
      vertex 63.15 27.601 3.2
    endloop
  endfacet
  facet normal 0.555641 0.831422 0
    outer loop
      vertex 62.9869 27.71 3.2
      vertex 63.15 27.601 1.22
      vertex 62.9869 27.71 1.22
    endloop
  endfacet
  facet normal 0.195234 0.980757 -0
    outer loop
      vertex 63.7042 27.4128 1.22
      vertex 63.5118 27.4511 3.2
      vertex 63.7042 27.4128 3.2
    endloop
  endfacet
  facet normal 0.195234 0.980757 0
    outer loop
      vertex 63.5118 27.4511 3.2
      vertex 63.7042 27.4128 1.22
      vertex 63.5118 27.4511 1.22
    endloop
  endfacet
  facet normal 0.658937 0.752198 -0
    outer loop
      vertex 62.9869 27.71 1.22
      vertex 62.8393 27.8393 3.2
      vertex 62.9869 27.71 3.2
    endloop
  endfacet
  facet normal 0.658937 0.752198 0
    outer loop
      vertex 62.8393 27.8393 3.2
      vertex 62.9869 27.71 1.22
      vertex 62.8393 27.8393 1.22
    endloop
  endfacet
  facet normal 0.980757 0.195234 0
    outer loop
      vertex 62.4511 28.5118 3.2
      vertex 62.4128 28.7042 1.22
      vertex 62.4128 28.7042 3.2
    endloop
  endfacet
  facet normal 0.980757 0.195234 0
    outer loop
      vertex 62.4128 28.7042 1.22
      vertex 62.4511 28.5118 3.2
      vertex 62.4511 28.5118 1.22
    endloop
  endfacet
  facet normal -0.946885 -0.321574 0
    outer loop
      vertex 65.3489 29.2882 1.22
      vertex 65.2858 29.474 3.2
      vertex 65.2858 29.474 1.22
    endloop
  endfacet
  facet normal -0.946885 -0.321574 0
    outer loop
      vertex 65.2858 29.474 3.2
      vertex 65.3489 29.2882 1.22
      vertex 65.3489 29.2882 3.2
    endloop
  endfacet
  facet normal -0.752198 -0.658937 0
    outer loop
      vertex 65.09 29.8131 1.22
      vertex 64.9607 29.9607 3.2
      vertex 64.9607 29.9607 1.22
    endloop
  endfacet
  facet normal -0.752198 -0.658937 0
    outer loop
      vertex 64.9607 29.9607 3.2
      vertex 65.09 29.8131 1.22
      vertex 65.09 29.8131 3.2
    endloop
  endfacet
  facet normal -0.831422 -0.555641 0
    outer loop
      vertex 65.199 29.65 1.22
      vertex 65.09 29.8131 3.2
      vertex 65.09 29.8131 1.22
    endloop
  endfacet
  facet normal -0.831422 -0.555641 0
    outer loop
      vertex 65.09 29.8131 3.2
      vertex 65.199 29.65 1.22
      vertex 65.199 29.65 3.2
    endloop
  endfacet
  facet normal -0.0652336 -0.99787 0
    outer loop
      vertex 63.9 30.4 1.22
      vertex 64.0958 30.3872 3.2
      vertex 63.9 30.4 3.2
    endloop
  endfacet
  facet normal -0.0652336 -0.99787 -0
    outer loop
      vertex 64.0958 30.3872 3.2
      vertex 63.9 30.4 1.22
      vertex 64.0958 30.3872 1.22
    endloop
  endfacet
  facet normal 0.946885 -0.321574 0
    outer loop
      vertex 62.4511 29.2882 3.2
      vertex 62.5142 29.474 1.22
      vertex 62.5142 29.474 3.2
    endloop
  endfacet
  facet normal 0.946885 -0.321574 0
    outer loop
      vertex 62.5142 29.474 1.22
      vertex 62.4511 29.2882 3.2
      vertex 62.4511 29.2882 1.22
    endloop
  endfacet
  facet normal 0.99787 -0.0652336 0
    outer loop
      vertex 62.4 28.9 3.2
      vertex 62.4128 29.0958 1.22
      vertex 62.4128 29.0958 3.2
    endloop
  endfacet
  facet normal 0.99787 -0.0652336 0
    outer loop
      vertex 62.4128 29.0958 1.22
      vertex 62.4 28.9 3.2
      vertex 62.4 28.9 1.22
    endloop
  endfacet
  facet normal 0.555641 -0.831422 0
    outer loop
      vertex 62.9869 30.09 1.22
      vertex 63.15 30.199 3.2
      vertex 62.9869 30.09 3.2
    endloop
  endfacet
  facet normal 0.555641 -0.831422 0
    outer loop
      vertex 63.15 30.199 3.2
      vertex 62.9869 30.09 1.22
      vertex 63.15 30.199 1.22
    endloop
  endfacet
  facet normal 0.321574 -0.946885 0
    outer loop
      vertex 63.326 30.2858 1.22
      vertex 63.5118 30.3489 3.2
      vertex 63.326 30.2858 3.2
    endloop
  endfacet
  facet normal 0.321574 -0.946885 0
    outer loop
      vertex 63.5118 30.3489 3.2
      vertex 63.326 30.2858 1.22
      vertex 63.5118 30.3489 1.22
    endloop
  endfacet
  facet normal -0.99787 0.0652336 0
    outer loop
      vertex 65.3872 28.7042 1.22
      vertex 65.4 28.9 3.2
      vertex 65.4 28.9 1.22
    endloop
  endfacet
  facet normal -0.99787 0.0652336 0
    outer loop
      vertex 65.4 28.9 3.2
      vertex 65.3872 28.7042 1.22
      vertex 65.3872 28.7042 3.2
    endloop
  endfacet
  facet normal -0.555641 0.831422 0
    outer loop
      vertex 64.8131 27.71 1.22
      vertex 64.65 27.601 3.2
      vertex 64.8131 27.71 3.2
    endloop
  endfacet
  facet normal -0.555641 0.831422 0
    outer loop
      vertex 64.65 27.601 3.2
      vertex 64.8131 27.71 1.22
      vertex 64.65 27.601 1.22
    endloop
  endfacet
  facet normal -0.752198 0.658937 0
    outer loop
      vertex 64.9607 27.8393 1.22
      vertex 65.09 27.9869 3.2
      vertex 65.09 27.9869 1.22
    endloop
  endfacet
  facet normal -0.752198 0.658937 0
    outer loop
      vertex 65.09 27.9869 3.2
      vertex 64.9607 27.8393 1.22
      vertex 64.9607 27.8393 3.2
    endloop
  endfacet
  facet normal -0.831422 0.555641 0
    outer loop
      vertex 65.09 27.9869 1.22
      vertex 65.199 28.15 3.2
      vertex 65.199 28.15 1.22
    endloop
  endfacet
  facet normal -0.831422 0.555641 0
    outer loop
      vertex 65.199 28.15 3.2
      vertex 65.09 27.9869 1.22
      vertex 65.09 27.9869 3.2
    endloop
  endfacet
  facet normal -0.980757 0.195234 0
    outer loop
      vertex 65.3489 28.5118 1.22
      vertex 65.3872 28.7042 3.2
      vertex 65.3872 28.7042 1.22
    endloop
  endfacet
  facet normal -0.980757 0.195234 0
    outer loop
      vertex 65.3872 28.7042 3.2
      vertex 65.3489 28.5118 1.22
      vertex 65.3489 28.5118 3.2
    endloop
  endfacet
  facet normal 0.442315 0.89686 -0
    outer loop
      vertex 63.326 27.5142 1.22
      vertex 63.15 27.601 3.2
      vertex 63.326 27.5142 3.2
    endloop
  endfacet
  facet normal 0.442315 0.89686 0
    outer loop
      vertex 63.15 27.601 3.2
      vertex 63.326 27.5142 1.22
      vertex 63.15 27.601 1.22
    endloop
  endfacet
  facet normal 0.321574 0.946885 -0
    outer loop
      vertex 63.5118 27.4511 1.22
      vertex 63.326 27.5142 3.2
      vertex 63.5118 27.4511 3.2
    endloop
  endfacet
  facet normal 0.321574 0.946885 0
    outer loop
      vertex 63.326 27.5142 3.2
      vertex 63.5118 27.4511 1.22
      vertex 63.326 27.5142 1.22
    endloop
  endfacet
  facet normal 0.0652336 0.99787 -0
    outer loop
      vertex 63.9 27.4 1.22
      vertex 63.7042 27.4128 3.2
      vertex 63.9 27.4 3.2
    endloop
  endfacet
  facet normal 0.0652336 0.99787 0
    outer loop
      vertex 63.7042 27.4128 3.2
      vertex 63.9 27.4 1.22
      vertex 63.7042 27.4128 1.22
    endloop
  endfacet
  facet normal 0.831422 0.555641 0
    outer loop
      vertex 62.71 27.9869 3.2
      vertex 62.601 28.15 1.22
      vertex 62.601 28.15 3.2
    endloop
  endfacet
  facet normal 0.831422 0.555641 0
    outer loop
      vertex 62.601 28.15 1.22
      vertex 62.71 27.9869 3.2
      vertex 62.71 27.9869 1.22
    endloop
  endfacet
  facet normal 0.89686 0.442315 0
    outer loop
      vertex 62.601 28.15 3.2
      vertex 62.5142 28.326 1.22
      vertex 62.5142 28.326 3.2
    endloop
  endfacet
  facet normal 0.89686 0.442315 0
    outer loop
      vertex 62.5142 28.326 1.22
      vertex 62.601 28.15 3.2
      vertex 62.601 28.15 1.22
    endloop
  endfacet
  facet normal -0.195234 -0.980757 0
    outer loop
      vertex 64.0958 30.3872 1.22
      vertex 64.2882 30.3489 3.2
      vertex 64.0958 30.3872 3.2
    endloop
  endfacet
  facet normal -0.195234 -0.980757 -0
    outer loop
      vertex 64.2882 30.3489 3.2
      vertex 64.0958 30.3872 1.22
      vertex 64.2882 30.3489 1.22
    endloop
  endfacet
  facet normal -0.442315 -0.89686 0
    outer loop
      vertex 64.474 30.2858 1.22
      vertex 64.65 30.199 3.2
      vertex 64.474 30.2858 3.2
    endloop
  endfacet
  facet normal -0.442315 -0.89686 -0
    outer loop
      vertex 64.65 30.199 3.2
      vertex 64.474 30.2858 1.22
      vertex 64.65 30.199 1.22
    endloop
  endfacet
  facet normal -0.442315 0.89686 0
    outer loop
      vertex 64.65 27.601 1.22
      vertex 64.474 27.5142 3.2
      vertex 64.65 27.601 3.2
    endloop
  endfacet
  facet normal -0.442315 0.89686 0
    outer loop
      vertex 64.474 27.5142 3.2
      vertex 64.65 27.601 1.22
      vertex 64.474 27.5142 1.22
    endloop
  endfacet
  facet normal -0.658937 0.752198 0
    outer loop
      vertex 64.9607 27.8393 1.22
      vertex 64.8131 27.71 3.2
      vertex 64.9607 27.8393 3.2
    endloop
  endfacet
  facet normal -0.658937 0.752198 0
    outer loop
      vertex 64.8131 27.71 3.2
      vertex 64.9607 27.8393 1.22
      vertex 64.8131 27.71 1.22
    endloop
  endfacet
  facet normal -0.89686 0.442315 0
    outer loop
      vertex 65.199 28.15 1.22
      vertex 65.2858 28.326 3.2
      vertex 65.2858 28.326 1.22
    endloop
  endfacet
  facet normal -0.89686 0.442315 0
    outer loop
      vertex 65.2858 28.326 3.2
      vertex 65.199 28.15 1.22
      vertex 65.199 28.15 3.2
    endloop
  endfacet
  facet normal -0.0652336 0.99787 0
    outer loop
      vertex 64.0958 27.4128 1.22
      vertex 63.9 27.4 3.2
      vertex 64.0958 27.4128 3.2
    endloop
  endfacet
  facet normal -0.0652336 0.99787 0
    outer loop
      vertex 63.9 27.4 3.2
      vertex 64.0958 27.4128 1.22
      vertex 63.9 27.4 1.22
    endloop
  endfacet
  facet normal 0.752198 0.658937 0
    outer loop
      vertex 62.8393 27.8393 3.2
      vertex 62.71 27.9869 1.22
      vertex 62.71 27.9869 3.2
    endloop
  endfacet
  facet normal 0.752198 0.658937 0
    outer loop
      vertex 62.71 27.9869 1.22
      vertex 62.8393 27.8393 3.2
      vertex 62.8393 27.8393 1.22
    endloop
  endfacet
  facet normal -0.946885 0.321574 0
    outer loop
      vertex 65.2858 28.326 1.22
      vertex 65.3489 28.5118 3.2
      vertex 65.3489 28.5118 1.22
    endloop
  endfacet
  facet normal -0.946885 0.321574 0
    outer loop
      vertex 65.3489 28.5118 3.2
      vertex 65.2858 28.326 1.22
      vertex 65.2858 28.326 3.2
    endloop
  endfacet
  facet normal 1 -0 0
    outer loop
      vertex 2.95 2.95 1.22
      vertex 2.95 31.85 1.90735e-07
      vertex 2.95 31.85 1.22
    endloop
  endfacet
  facet normal 1 0 0
    outer loop
      vertex 2.95 31.85 1.90735e-07
      vertex 2.95 2.95 1.22
      vertex 2.95 2.95 1.90735e-07
    endloop
  endfacet
  facet normal 0 0 -1
    outer loop
      vertex 7.34889 6.28823 1.22
      vertex 9.5 4.85 1.22
      vertex 7.38717 6.09579 1.22
    endloop
  endfacet
  facet normal 0 0 -1
    outer loop
      vertex 9.5 4.85 1.22
      vertex 7.38717 28.7042 1.22
      vertex 7.4 28.9 1.22
    endloop
  endfacet
  facet normal 0 0 -1
    outer loop
      vertex 7.28582 6.47402 1.22
      vertex 9.5 4.85 1.22
      vertex 7.34889 6.28823 1.22
    endloop
  endfacet
  facet normal 0 0 -1
    outer loop
      vertex 9.5 4.85 1.22
      vertex 7.34889 28.5118 1.22
      vertex 7.38717 28.7042 1.22
    endloop
  endfacet
  facet normal 0 0 -1
    outer loop
      vertex 7.19904 6.65 1.22
      vertex 9.5 4.85 1.22
      vertex 7.28582 6.47402 1.22
    endloop
  endfacet
  facet normal 0 0 -1
    outer loop
      vertex 9.5 4.85 1.22
      vertex 7.28582 28.326 1.22
      vertex 7.34889 28.5118 1.22
    endloop
  endfacet
  facet normal 0 0 -1
    outer loop
      vertex 7.09003 6.81314 1.22
      vertex 9.5 4.85 1.22
      vertex 7.19904 6.65 1.22
    endloop
  endfacet
  facet normal 0 0 -1
    outer loop
      vertex 9.5 4.85 1.22
      vertex 7.19904 28.15 1.22
      vertex 7.28582 28.326 1.22
    endloop
  endfacet
  facet normal 0 0 -1
    outer loop
      vertex 6.96066 6.96066 1.22
      vertex 9.5 4.85 1.22
      vertex 7.09003 6.81314 1.22
    endloop
  endfacet
  facet normal 0 0 -1
    outer loop
      vertex 9.5 4.85 1.22
      vertex 7.09003 27.9869 1.22
      vertex 7.19904 28.15 1.22
    endloop
  endfacet
  facet normal 0 0 -1
    outer loop
      vertex 6.96066 27.8393 1.22
      vertex 9.5 4.85 1.22
      vertex 6.96066 6.96066 1.22
    endloop
  endfacet
  facet normal 0 0 -1
    outer loop
      vertex 9.5 4.85 1.22
      vertex 6.96066 27.8393 1.22
      vertex 7.09003 27.9869 1.22
    endloop
  endfacet
  facet normal 0 0 -1
    outer loop
      vertex 6.81314 7.09003 1.22
      vertex 6.96066 27.8393 1.22
      vertex 6.96066 6.96066 1.22
    endloop
  endfacet
  facet normal 0 0 -1
    outer loop
      vertex 6.81314 7.09003 1.22
      vertex 6.81314 27.71 1.22
      vertex 6.96066 27.8393 1.22
    endloop
  endfacet
  facet normal 0 0 -1
    outer loop
      vertex 6.65 7.19904 1.22
      vertex 6.81314 27.71 1.22
      vertex 6.81314 7.09003 1.22
    endloop
  endfacet
  facet normal 0 0 -1
    outer loop
      vertex 6.65 7.19904 1.22
      vertex 6.65 27.601 1.22
      vertex 6.81314 27.71 1.22
    endloop
  endfacet
  facet normal 0 0 -1
    outer loop
      vertex 6.47402 7.28582 1.22
      vertex 6.65 27.601 1.22
      vertex 6.65 7.19904 1.22
    endloop
  endfacet
  facet normal 0 0 -1
    outer loop
      vertex 6.47402 7.28582 1.22
      vertex 6.47402 27.5142 1.22
      vertex 6.65 27.601 1.22
    endloop
  endfacet
  facet normal 0 0 -1
    outer loop
      vertex 6.28823 7.34889 1.22
      vertex 6.47402 27.5142 1.22
      vertex 6.47402 7.28582 1.22
    endloop
  endfacet
  facet normal 0 0 -1
    outer loop
      vertex 6.28823 7.34889 1.22
      vertex 6.28823 27.4511 1.22
      vertex 6.47402 27.5142 1.22
    endloop
  endfacet
  facet normal 0 0 -1
    outer loop
      vertex 6.09579 7.38717 1.22
      vertex 6.28823 27.4511 1.22
      vertex 6.28823 7.34889 1.22
    endloop
  endfacet
  facet normal 0 0 -1
    outer loop
      vertex 6.09579 7.38717 1.22
      vertex 6.09579 27.4128 1.22
      vertex 6.28823 27.4511 1.22
    endloop
  endfacet
  facet normal 0 0 -1
    outer loop
      vertex 5.9 7.4 1.22
      vertex 6.09579 27.4128 1.22
      vertex 6.09579 7.38717 1.22
    endloop
  endfacet
  facet normal 0 0 -1
    outer loop
      vertex 5.9 7.4 1.22
      vertex 5.9 27.4 1.22
      vertex 6.09579 27.4128 1.22
    endloop
  endfacet
  facet normal 0 0 -1
    outer loop
      vertex 5.70421 7.38717 1.22
      vertex 5.9 27.4 1.22
      vertex 5.9 7.4 1.22
    endloop
  endfacet
  facet normal 0 0 -1
    outer loop
      vertex 5.70421 7.38717 1.22
      vertex 5.70421 27.4128 1.22
      vertex 5.9 27.4 1.22
    endloop
  endfacet
  facet normal 0 0 -1
    outer loop
      vertex 5.51177 7.34889 1.22
      vertex 5.70421 27.4128 1.22
      vertex 5.70421 7.38717 1.22
    endloop
  endfacet
  facet normal 0 0 -1
    outer loop
      vertex 5.51177 7.34889 1.22
      vertex 5.51177 27.4511 1.22
      vertex 5.70421 27.4128 1.22
    endloop
  endfacet
  facet normal 0 0 -1
    outer loop
      vertex 5.32597 7.28582 1.22
      vertex 5.51177 27.4511 1.22
      vertex 5.51177 7.34889 1.22
    endloop
  endfacet
  facet normal 0 0 -1
    outer loop
      vertex 5.32597 7.28582 1.22
      vertex 5.32597 27.5142 1.22
      vertex 5.51177 27.4511 1.22
    endloop
  endfacet
  facet normal 0 0 -1
    outer loop
      vertex 5.15 7.19904 1.22
      vertex 5.32597 27.5142 1.22
      vertex 5.32597 7.28582 1.22
    endloop
  endfacet
  facet normal 0 0 -1
    outer loop
      vertex 5.15 7.19904 1.22
      vertex 5.15 27.601 1.22
      vertex 5.32597 27.5142 1.22
    endloop
  endfacet
  facet normal 0 0 -1
    outer loop
      vertex 4.98686 7.09003 1.22
      vertex 5.15 27.601 1.22
      vertex 5.15 7.19904 1.22
    endloop
  endfacet
  facet normal 0 0 -1
    outer loop
      vertex 4.98686 7.09003 1.22
      vertex 4.98686 27.71 1.22
      vertex 5.15 27.601 1.22
    endloop
  endfacet
  facet normal 0 0 -1
    outer loop
      vertex 4.83934 6.96066 1.22
      vertex 4.98686 27.71 1.22
      vertex 4.98686 7.09003 1.22
    endloop
  endfacet
  facet normal 0 0 -1
    outer loop
      vertex 4.83934 6.96066 1.22
      vertex 4.83934 27.8393 1.22
      vertex 4.98686 27.71 1.22
    endloop
  endfacet
  facet normal 0 0 -1
    outer loop
      vertex 4.70997 6.81314 1.22
      vertex 4.83934 27.8393 1.22
      vertex 4.83934 6.96066 1.22
    endloop
  endfacet
  facet normal 0 0 -1
    outer loop
      vertex 4.70997 6.81314 1.22
      vertex 4.70997 27.9869 1.22
      vertex 4.83934 27.8393 1.22
    endloop
  endfacet
  facet normal 0 0 -1
    outer loop
      vertex 4.60096 6.65 1.22
      vertex 4.70997 27.9869 1.22
      vertex 4.70997 6.81314 1.22
    endloop
  endfacet
  facet normal 0 0 -1
    outer loop
      vertex 4.60096 6.65 1.22
      vertex 4.60096 28.15 1.22
      vertex 4.70997 27.9869 1.22
    endloop
  endfacet
  facet normal 0 0 -1
    outer loop
      vertex 4.51418 6.47402 1.22
      vertex 4.60096 28.15 1.22
      vertex 4.60096 6.65 1.22
    endloop
  endfacet
  facet normal 0 0 -1
    outer loop
      vertex 4.51418 6.47402 1.22
      vertex 4.51418 28.326 1.22
      vertex 4.60096 28.15 1.22
    endloop
  endfacet
  facet normal 0 0 -1
    outer loop
      vertex 2.95 2.95 1.22
      vertex 4.51418 6.47402 1.22
      vertex 4.45111 6.28823 1.22
    endloop
  endfacet
  facet normal -0 0 -1
    outer loop
      vertex 4.51418 6.47402 1.22
      vertex 2.95 2.95 1.22
      vertex 4.51418 28.326 1.22
    endloop
  endfacet
  facet normal 0 0 -1
    outer loop
      vertex 2.95 2.95 1.22
      vertex 4.45111 6.28823 1.22
      vertex 4.41283 6.09579 1.22
    endloop
  endfacet
  facet normal 0 0 -1
    outer loop
      vertex 2.95 31.85 1.22
      vertex 4.51418 28.326 1.22
      vertex 2.95 2.95 1.22
    endloop
  endfacet
  facet normal 0 0 -1
    outer loop
      vertex 2.95 2.95 1.22
      vertex 4.41283 6.09579 1.22
      vertex 4.4 5.9 1.22
    endloop
  endfacet
  facet normal 0 0 -1
    outer loop
      vertex 4.51418 28.326 1.22
      vertex 2.95 31.85 1.22
      vertex 4.45111 28.5118 1.22
    endloop
  endfacet
  facet normal 0 0 -1
    outer loop
      vertex 65.2858 6.47402 1.22
      vertex 66.85 2.95 1.22
      vertex 65.3489 6.28823 1.22
    endloop
  endfacet
  facet normal 0 0 -1
    outer loop
      vertex 66.85 31.85 1.22
      vertex 65.3872 28.7042 1.22
      vertex 65.4 28.9 1.22
    endloop
  endfacet
  facet normal 0 0 -1
    outer loop
      vertex 66.85 2.95 1.22
      vertex 65.2858 6.47402 1.22
      vertex 66.85 31.85 1.22
    endloop
  endfacet
  facet normal 0 0 -1
    outer loop
      vertex 66.85 31.85 1.22
      vertex 65.3489 28.5118 1.22
      vertex 65.3872 28.7042 1.22
    endloop
  endfacet
  facet normal 0 0 -1
    outer loop
      vertex 65.2858 28.326 1.22
      vertex 66.85 31.85 1.22
      vertex 65.2858 6.47402 1.22
    endloop
  endfacet
  facet normal 0 0 -1
    outer loop
      vertex 66.85 31.85 1.22
      vertex 65.2858 28.326 1.22
      vertex 65.3489 28.5118 1.22
    endloop
  endfacet
  facet normal 0 0 -1
    outer loop
      vertex 65.199 6.65 1.22
      vertex 65.2858 28.326 1.22
      vertex 65.2858 6.47402 1.22
    endloop
  endfacet
  facet normal 0 0 -1
    outer loop
      vertex 65.199 6.65 1.22
      vertex 65.199 28.15 1.22
      vertex 65.2858 28.326 1.22
    endloop
  endfacet
  facet normal 0 0 -1
    outer loop
      vertex 65.09 6.81314 1.22
      vertex 65.199 28.15 1.22
      vertex 65.199 6.65 1.22
    endloop
  endfacet
  facet normal 0 0 -1
    outer loop
      vertex 65.09 6.81314 1.22
      vertex 65.09 27.9869 1.22
      vertex 65.199 28.15 1.22
    endloop
  endfacet
  facet normal 0 0 -1
    outer loop
      vertex 64.9607 6.96066 1.22
      vertex 65.09 27.9869 1.22
      vertex 65.09 6.81314 1.22
    endloop
  endfacet
  facet normal 0 0 -1
    outer loop
      vertex 64.9607 6.96066 1.22
      vertex 64.9607 27.8393 1.22
      vertex 65.09 27.9869 1.22
    endloop
  endfacet
  facet normal 0 0 -1
    outer loop
      vertex 64.8131 7.09003 1.22
      vertex 64.9607 27.8393 1.22
      vertex 64.9607 6.96066 1.22
    endloop
  endfacet
  facet normal 0 0 -1
    outer loop
      vertex 64.8131 7.09003 1.22
      vertex 64.8131 27.71 1.22
      vertex 64.9607 27.8393 1.22
    endloop
  endfacet
  facet normal 0 0 -1
    outer loop
      vertex 64.65 7.19904 1.22
      vertex 64.8131 27.71 1.22
      vertex 64.8131 7.09003 1.22
    endloop
  endfacet
  facet normal 0 0 -1
    outer loop
      vertex 64.65 7.19904 1.22
      vertex 64.65 27.601 1.22
      vertex 64.8131 27.71 1.22
    endloop
  endfacet
  facet normal 0 0 -1
    outer loop
      vertex 64.474 7.28582 1.22
      vertex 64.65 27.601 1.22
      vertex 64.65 7.19904 1.22
    endloop
  endfacet
  facet normal 0 0 -1
    outer loop
      vertex 64.474 7.28582 1.22
      vertex 64.474 27.5142 1.22
      vertex 64.65 27.601 1.22
    endloop
  endfacet
  facet normal 0 0 -1
    outer loop
      vertex 64.2882 7.34889 1.22
      vertex 64.474 27.5142 1.22
      vertex 64.474 7.28582 1.22
    endloop
  endfacet
  facet normal 0 0 -1
    outer loop
      vertex 64.2882 7.34889 1.22
      vertex 64.2882 27.4511 1.22
      vertex 64.474 27.5142 1.22
    endloop
  endfacet
  facet normal 0 0 -1
    outer loop
      vertex 64.0958 7.38717 1.22
      vertex 64.2882 27.4511 1.22
      vertex 64.2882 7.34889 1.22
    endloop
  endfacet
  facet normal 0 0 -1
    outer loop
      vertex 64.0958 7.38717 1.22
      vertex 64.0958 27.4128 1.22
      vertex 64.2882 27.4511 1.22
    endloop
  endfacet
  facet normal 0 0 -1
    outer loop
      vertex 63.9 7.4 1.22
      vertex 64.0958 27.4128 1.22
      vertex 64.0958 7.38717 1.22
    endloop
  endfacet
  facet normal 0 0 -1
    outer loop
      vertex 63.9 7.4 1.22
      vertex 63.9 27.4 1.22
      vertex 64.0958 27.4128 1.22
    endloop
  endfacet
  facet normal 0 0 -1
    outer loop
      vertex 63.7042 7.38717 1.22
      vertex 63.9 27.4 1.22
      vertex 63.9 7.4 1.22
    endloop
  endfacet
  facet normal 0 0 -1
    outer loop
      vertex 63.7042 7.38717 1.22
      vertex 63.7042 27.4128 1.22
      vertex 63.9 27.4 1.22
    endloop
  endfacet
  facet normal 0 0 -1
    outer loop
      vertex 63.5118 7.34889 1.22
      vertex 63.7042 27.4128 1.22
      vertex 63.7042 7.38717 1.22
    endloop
  endfacet
  facet normal 0 0 -1
    outer loop
      vertex 63.5118 7.34889 1.22
      vertex 63.5118 27.4511 1.22
      vertex 63.7042 27.4128 1.22
    endloop
  endfacet
  facet normal 0 0 -1
    outer loop
      vertex 63.326 7.28582 1.22
      vertex 63.5118 27.4511 1.22
      vertex 63.5118 7.34889 1.22
    endloop
  endfacet
  facet normal 0 0 -1
    outer loop
      vertex 63.326 7.28582 1.22
      vertex 63.326 27.5142 1.22
      vertex 63.5118 27.4511 1.22
    endloop
  endfacet
  facet normal 0 0 -1
    outer loop
      vertex 63.15 7.19904 1.22
      vertex 63.326 27.5142 1.22
      vertex 63.326 7.28582 1.22
    endloop
  endfacet
  facet normal 0 0 -1
    outer loop
      vertex 63.15 7.19904 1.22
      vertex 63.15 27.601 1.22
      vertex 63.326 27.5142 1.22
    endloop
  endfacet
  facet normal 0 0 -1
    outer loop
      vertex 62.9869 7.09003 1.22
      vertex 63.15 27.601 1.22
      vertex 63.15 7.19904 1.22
    endloop
  endfacet
  facet normal 0 0 -1
    outer loop
      vertex 62.9869 7.09003 1.22
      vertex 62.9869 27.71 1.22
      vertex 63.15 27.601 1.22
    endloop
  endfacet
  facet normal 0 0 -1
    outer loop
      vertex 62.8393 6.96066 1.22
      vertex 62.9869 27.71 1.22
      vertex 62.9869 7.09003 1.22
    endloop
  endfacet
  facet normal 0 0 -1
    outer loop
      vertex 62.8393 6.96066 1.22
      vertex 62.8393 27.8393 1.22
      vertex 62.9869 27.71 1.22
    endloop
  endfacet
  facet normal 0 0 -1
    outer loop
      vertex 60.3 4.85 1.22
      vertex 62.8393 6.96066 1.22
      vertex 62.71 6.81314 1.22
    endloop
  endfacet
  facet normal -0 0 -1
    outer loop
      vertex 62.8393 6.96066 1.22
      vertex 60.3 4.85 1.22
      vertex 62.8393 27.8393 1.22
    endloop
  endfacet
  facet normal 0 0 -1
    outer loop
      vertex 60.3 4.85 1.22
      vertex 62.71 6.81314 1.22
      vertex 62.601 6.65 1.22
    endloop
  endfacet
  facet normal -0 0 -1
    outer loop
      vertex 62.8393 27.8393 1.22
      vertex 60.3 4.85 1.22
      vertex 62.71 27.9869 1.22
    endloop
  endfacet
  facet normal 0 0 -1
    outer loop
      vertex 60.3 4.85 1.22
      vertex 62.601 6.65 1.22
      vertex 62.5142 6.47402 1.22
    endloop
  endfacet
  facet normal -0 0 -1
    outer loop
      vertex 62.71 27.9869 1.22
      vertex 60.3 4.85 1.22
      vertex 62.601 28.15 1.22
    endloop
  endfacet
  facet normal 0 0 -1
    outer loop
      vertex 60.3 4.85 1.22
      vertex 62.5142 6.47402 1.22
      vertex 62.4511 6.28823 1.22
    endloop
  endfacet
  facet normal 0 0 -1
    outer loop
      vertex 60.3 30.95 1.22
      vertex 62.601 28.15 1.22
      vertex 60.3 4.85 1.22
    endloop
  endfacet
  facet normal 0 0 -1
    outer loop
      vertex 60.3 4.85 1.22
      vertex 62.4511 6.28823 1.22
      vertex 62.4128 6.09579 1.22
    endloop
  endfacet
  facet normal 0 0 -1
    outer loop
      vertex 62.601 28.15 1.22
      vertex 60.3 30.95 1.22
      vertex 62.5142 28.326 1.22
    endloop
  endfacet
  facet normal 0 0 -1
    outer loop
      vertex 60.3 4.85 1.22
      vertex 62.4128 6.09579 1.22
      vertex 62.4 5.9 1.22
    endloop
  endfacet
  facet normal 0 0 -1
    outer loop
      vertex 62.5142 28.326 1.22
      vertex 60.3 30.95 1.22
      vertex 62.4511 28.5118 1.22
    endloop
  endfacet
  facet normal 0 0 -1
    outer loop
      vertex 65.3872 6.09579 1.22
      vertex 66.85 2.95 1.22
      vertex 65.4 5.9 1.22
    endloop
  endfacet
  facet normal 0 0 -1
    outer loop
      vertex 66.85 2.95 1.22
      vertex 65.3872 5.70421 1.22
      vertex 65.4 5.9 1.22
    endloop
  endfacet
  facet normal 0 0 -1
    outer loop
      vertex 66.85 2.95 1.22
      vertex 65.3489 5.51177 1.22
      vertex 65.3872 5.70421 1.22
    endloop
  endfacet
  facet normal 0 0 -1
    outer loop
      vertex 66.85 2.95 1.22
      vertex 65.2858 5.32597 1.22
      vertex 65.3489 5.51177 1.22
    endloop
  endfacet
  facet normal 0 0 -1
    outer loop
      vertex 66.85 2.95 1.22
      vertex 65.199 5.15 1.22
      vertex 65.2858 5.32597 1.22
    endloop
  endfacet
  facet normal 0 0 -1
    outer loop
      vertex 66.85 2.95 1.22
      vertex 65.09 4.98686 1.22
      vertex 65.199 5.15 1.22
    endloop
  endfacet
  facet normal 0 0 -1
    outer loop
      vertex 66.85 2.95 1.22
      vertex 64.9607 4.83934 1.22
      vertex 65.09 4.98686 1.22
    endloop
  endfacet
  facet normal 0 0 -1
    outer loop
      vertex 66.85 2.95 1.22
      vertex 64.8131 4.70997 1.22
      vertex 64.9607 4.83934 1.22
    endloop
  endfacet
  facet normal 0 0 -1
    outer loop
      vertex 66.85 2.95 1.22
      vertex 64.65 4.60096 1.22
      vertex 64.8131 4.70997 1.22
    endloop
  endfacet
  facet normal 0 0 -1
    outer loop
      vertex 66.85 2.95 1.22
      vertex 64.474 4.51418 1.22
      vertex 64.65 4.60096 1.22
    endloop
  endfacet
  facet normal 0 0 -1
    outer loop
      vertex 66.85 2.95 1.22
      vertex 64.2882 4.45111 1.22
      vertex 64.474 4.51418 1.22
    endloop
  endfacet
  facet normal 0 0 -1
    outer loop
      vertex 66.85 2.95 1.22
      vertex 64.0958 4.41283 1.22
      vertex 64.2882 4.45111 1.22
    endloop
  endfacet
  facet normal 0 0 -1
    outer loop
      vertex 66.85 2.95 1.22
      vertex 63.9 4.4 1.22
      vertex 64.0958 4.41283 1.22
    endloop
  endfacet
  facet normal 0 0 -1
    outer loop
      vertex 66.85 2.95 1.22
      vertex 63.7042 4.41283 1.22
      vertex 63.9 4.4 1.22
    endloop
  endfacet
  facet normal 0 0 -1
    outer loop
      vertex 66.85 2.95 1.22
      vertex 63.5118 4.45111 1.22
      vertex 63.7042 4.41283 1.22
    endloop
  endfacet
  facet normal 0 0 -1
    outer loop
      vertex 60.3 4.85 1.22
      vertex 63.5118 4.45111 1.22
      vertex 66.85 2.95 1.22
    endloop
  endfacet
  facet normal 0 0 -1
    outer loop
      vertex 62.4511 28.5118 1.22
      vertex 60.3 30.95 1.22
      vertex 62.4128 28.7042 1.22
    endloop
  endfacet
  facet normal -0 0 -1
    outer loop
      vertex 62.4128 5.70421 1.22
      vertex 60.3 4.85 1.22
      vertex 62.4 5.9 1.22
    endloop
  endfacet
  facet normal -0 0 -1
    outer loop
      vertex 62.4511 5.51177 1.22
      vertex 60.3 4.85 1.22
      vertex 62.4128 5.70421 1.22
    endloop
  endfacet
  facet normal -0 0 -1
    outer loop
      vertex 62.5142 5.32597 1.22
      vertex 60.3 4.85 1.22
      vertex 62.4511 5.51177 1.22
    endloop
  endfacet
  facet normal -0 0 -1
    outer loop
      vertex 62.601 5.15 1.22
      vertex 60.3 4.85 1.22
      vertex 62.5142 5.32597 1.22
    endloop
  endfacet
  facet normal -0 0 -1
    outer loop
      vertex 62.71 4.98686 1.22
      vertex 60.3 4.85 1.22
      vertex 62.601 5.15 1.22
    endloop
  endfacet
  facet normal 0 0 -1
    outer loop
      vertex 62.8393 4.83934 1.22
      vertex 60.3 4.85 1.22
      vertex 62.71 4.98686 1.22
    endloop
  endfacet
  facet normal 0 0 -1
    outer loop
      vertex 62.9869 4.70997 1.22
      vertex 60.3 4.85 1.22
      vertex 62.8393 4.83934 1.22
    endloop
  endfacet
  facet normal 0 0 -1
    outer loop
      vertex 63.15 4.60096 1.22
      vertex 60.3 4.85 1.22
      vertex 62.9869 4.70997 1.22
    endloop
  endfacet
  facet normal 0 0 -1
    outer loop
      vertex 63.326 4.51418 1.22
      vertex 60.3 4.85 1.22
      vertex 63.15 4.60096 1.22
    endloop
  endfacet
  facet normal 0 0 -1
    outer loop
      vertex 63.5118 4.45111 1.22
      vertex 60.3 4.85 1.22
      vertex 63.326 4.51418 1.22
    endloop
  endfacet
  facet normal 0 0 -1
    outer loop
      vertex 66.85 2.95 1.22
      vertex 9.5 4.85 1.22
      vertex 60.3 4.85 1.22
    endloop
  endfacet
  facet normal 0 0 -1
    outer loop
      vertex 7.38717 6.09579 1.22
      vertex 9.5 4.85 1.22
      vertex 7.4 5.9 1.22
    endloop
  endfacet
  facet normal 0 0 -1
    outer loop
      vertex 9.5 4.85 1.22
      vertex 7.38717 5.70421 1.22
      vertex 7.4 5.9 1.22
    endloop
  endfacet
  facet normal 0 0 -1
    outer loop
      vertex 9.5 4.85 1.22
      vertex 7.34889 5.51177 1.22
      vertex 7.38717 5.70421 1.22
    endloop
  endfacet
  facet normal 0 0 -1
    outer loop
      vertex 9.5 4.85 1.22
      vertex 7.28582 5.32597 1.22
      vertex 7.34889 5.51177 1.22
    endloop
  endfacet
  facet normal 0 0 -1
    outer loop
      vertex 9.5 4.85 1.22
      vertex 7.19904 5.15 1.22
      vertex 7.28582 5.32597 1.22
    endloop
  endfacet
  facet normal 0 0 -1
    outer loop
      vertex 9.5 4.85 1.22
      vertex 7.09003 4.98686 1.22
      vertex 7.19904 5.15 1.22
    endloop
  endfacet
  facet normal -0 0 -1
    outer loop
      vertex 9.5 4.85 1.22
      vertex 6.96066 4.83934 1.22
      vertex 7.09003 4.98686 1.22
    endloop
  endfacet
  facet normal 0 0 -1
    outer loop
      vertex 2.95 2.95 1.22
      vertex 9.5 4.85 1.22
      vertex 66.85 2.95 1.22
    endloop
  endfacet
  facet normal 0 0 -1
    outer loop
      vertex 9.5 4.85 1.22
      vertex 6.81314 4.70997 1.22
      vertex 6.96066 4.83934 1.22
    endloop
  endfacet
  facet normal 0 0 -1
    outer loop
      vertex 9.5 4.85 1.22
      vertex 6.65 4.60096 1.22
      vertex 6.81314 4.70997 1.22
    endloop
  endfacet
  facet normal 0 0 -1
    outer loop
      vertex 9.5 4.85 1.22
      vertex 6.47402 4.51418 1.22
      vertex 6.65 4.60096 1.22
    endloop
  endfacet
  facet normal 0 -0 -1
    outer loop
      vertex 6.28823 4.45111 1.22
      vertex 9.5 4.85 1.22
      vertex 2.95 2.95 1.22
    endloop
  endfacet
  facet normal 0 0 -1
    outer loop
      vertex 9.5 4.85 1.22
      vertex 6.28823 4.45111 1.22
      vertex 6.47402 4.51418 1.22
    endloop
  endfacet
  facet normal 0 0 -1
    outer loop
      vertex 6.28823 4.45111 1.22
      vertex 2.95 2.95 1.22
      vertex 6.09579 4.41283 1.22
    endloop
  endfacet
  facet normal 0 0 -1
    outer loop
      vertex 4.45111 28.5118 1.22
      vertex 2.95 31.85 1.22
      vertex 4.41283 28.7042 1.22
    endloop
  endfacet
  facet normal -0 0 -1
    outer loop
      vertex 4.41283 5.70421 1.22
      vertex 2.95 2.95 1.22
      vertex 4.4 5.9 1.22
    endloop
  endfacet
  facet normal -0 0 -1
    outer loop
      vertex 4.45111 5.51177 1.22
      vertex 2.95 2.95 1.22
      vertex 4.41283 5.70421 1.22
    endloop
  endfacet
  facet normal -0 0 -1
    outer loop
      vertex 4.51418 5.32597 1.22
      vertex 2.95 2.95 1.22
      vertex 4.45111 5.51177 1.22
    endloop
  endfacet
  facet normal -0 0 -1
    outer loop
      vertex 4.60096 5.15 1.22
      vertex 2.95 2.95 1.22
      vertex 4.51418 5.32597 1.22
    endloop
  endfacet
  facet normal -0 0 -1
    outer loop
      vertex 4.70997 4.98686 1.22
      vertex 2.95 2.95 1.22
      vertex 4.60096 5.15 1.22
    endloop
  endfacet
  facet normal -0 0 -1
    outer loop
      vertex 4.83934 4.83934 1.22
      vertex 2.95 2.95 1.22
      vertex 4.70997 4.98686 1.22
    endloop
  endfacet
  facet normal -0 0 -1
    outer loop
      vertex 4.98686 4.70997 1.22
      vertex 2.95 2.95 1.22
      vertex 4.83934 4.83934 1.22
    endloop
  endfacet
  facet normal -0 0 -1
    outer loop
      vertex 5.15 4.60096 1.22
      vertex 2.95 2.95 1.22
      vertex 4.98686 4.70997 1.22
    endloop
  endfacet
  facet normal -0 0 -1
    outer loop
      vertex 5.32597 4.51418 1.22
      vertex 2.95 2.95 1.22
      vertex 5.15 4.60096 1.22
    endloop
  endfacet
  facet normal -0 0 -1
    outer loop
      vertex 5.51177 4.45111 1.22
      vertex 2.95 2.95 1.22
      vertex 5.32597 4.51418 1.22
    endloop
  endfacet
  facet normal -0 0 -1
    outer loop
      vertex 5.70421 4.41283 1.22
      vertex 2.95 2.95 1.22
      vertex 5.51177 4.45111 1.22
    endloop
  endfacet
  facet normal -0 0 -1
    outer loop
      vertex 5.9 4.4 1.22
      vertex 2.95 2.95 1.22
      vertex 5.70421 4.41283 1.22
    endloop
  endfacet
  facet normal 0 0 -1
    outer loop
      vertex 6.09579 4.41283 1.22
      vertex 2.95 2.95 1.22
      vertex 5.9 4.4 1.22
    endloop
  endfacet
  facet normal 0 0 -1
    outer loop
      vertex 65.3489 6.28823 1.22
      vertex 66.85 2.95 1.22
      vertex 65.3872 6.09579 1.22
    endloop
  endfacet
  facet normal 0 0 -1
    outer loop
      vertex 65.3872 29.0958 1.22
      vertex 66.85 31.85 1.22
      vertex 65.4 28.9 1.22
    endloop
  endfacet
  facet normal 0 0 -1
    outer loop
      vertex 65.3489 29.2882 1.22
      vertex 66.85 31.85 1.22
      vertex 65.3872 29.0958 1.22
    endloop
  endfacet
  facet normal 0 0 -1
    outer loop
      vertex 65.2858 29.474 1.22
      vertex 66.85 31.85 1.22
      vertex 65.3489 29.2882 1.22
    endloop
  endfacet
  facet normal 0 0 -1
    outer loop
      vertex 65.199 29.65 1.22
      vertex 66.85 31.85 1.22
      vertex 65.2858 29.474 1.22
    endloop
  endfacet
  facet normal 0 0 -1
    outer loop
      vertex 65.09 29.8131 1.22
      vertex 66.85 31.85 1.22
      vertex 65.199 29.65 1.22
    endloop
  endfacet
  facet normal 0 0 -1
    outer loop
      vertex 64.9607 29.9607 1.22
      vertex 66.85 31.85 1.22
      vertex 65.09 29.8131 1.22
    endloop
  endfacet
  facet normal 0 0 -1
    outer loop
      vertex 64.8131 30.09 1.22
      vertex 66.85 31.85 1.22
      vertex 64.9607 29.9607 1.22
    endloop
  endfacet
  facet normal 0 0 -1
    outer loop
      vertex 64.65 30.199 1.22
      vertex 66.85 31.85 1.22
      vertex 64.8131 30.09 1.22
    endloop
  endfacet
  facet normal 0 0 -1
    outer loop
      vertex 64.474 30.2858 1.22
      vertex 66.85 31.85 1.22
      vertex 64.65 30.199 1.22
    endloop
  endfacet
  facet normal 0 0 -1
    outer loop
      vertex 64.2882 30.3489 1.22
      vertex 66.85 31.85 1.22
      vertex 64.474 30.2858 1.22
    endloop
  endfacet
  facet normal 0 0 -1
    outer loop
      vertex 64.0958 30.3872 1.22
      vertex 66.85 31.85 1.22
      vertex 64.2882 30.3489 1.22
    endloop
  endfacet
  facet normal 0 0 -1
    outer loop
      vertex 63.9 30.4 1.22
      vertex 66.85 31.85 1.22
      vertex 64.0958 30.3872 1.22
    endloop
  endfacet
  facet normal 0 0 -1
    outer loop
      vertex 63.7042 30.3872 1.22
      vertex 66.85 31.85 1.22
      vertex 63.9 30.4 1.22
    endloop
  endfacet
  facet normal 0 0 -1
    outer loop
      vertex 60.3 30.95 1.22
      vertex 63.7042 30.3872 1.22
      vertex 63.5118 30.3489 1.22
    endloop
  endfacet
  facet normal 0 0 -1
    outer loop
      vertex 60.3 30.95 1.22
      vertex 63.5118 30.3489 1.22
      vertex 63.326 30.2858 1.22
    endloop
  endfacet
  facet normal 0 0 -1
    outer loop
      vertex 62.4128 28.7042 1.22
      vertex 60.3 30.95 1.22
      vertex 62.4 28.9 1.22
    endloop
  endfacet
  facet normal 0 0 -1
    outer loop
      vertex 62.4 28.9 1.22
      vertex 60.3 30.95 1.22
      vertex 62.4128 29.0958 1.22
    endloop
  endfacet
  facet normal 0 0 -1
    outer loop
      vertex 60.3 30.95 1.22
      vertex 62.4511 29.2882 1.22
      vertex 62.4128 29.0958 1.22
    endloop
  endfacet
  facet normal 0 0 -1
    outer loop
      vertex 60.3 30.95 1.22
      vertex 62.5142 29.474 1.22
      vertex 62.4511 29.2882 1.22
    endloop
  endfacet
  facet normal 0 0 -1
    outer loop
      vertex 60.3 30.95 1.22
      vertex 62.601 29.65 1.22
      vertex 62.5142 29.474 1.22
    endloop
  endfacet
  facet normal 0 0 -1
    outer loop
      vertex 60.3 30.95 1.22
      vertex 62.71 29.8131 1.22
      vertex 62.601 29.65 1.22
    endloop
  endfacet
  facet normal 0 0 -1
    outer loop
      vertex 60.3 30.95 1.22
      vertex 62.8393 29.9607 1.22
      vertex 62.71 29.8131 1.22
    endloop
  endfacet
  facet normal 0 0 -1
    outer loop
      vertex 60.3 30.95 1.22
      vertex 62.9869 30.09 1.22
      vertex 62.8393 29.9607 1.22
    endloop
  endfacet
  facet normal 0 0 -1
    outer loop
      vertex 60.3 30.95 1.22
      vertex 63.15 30.199 1.22
      vertex 62.9869 30.09 1.22
    endloop
  endfacet
  facet normal 0 0 -1
    outer loop
      vertex 60.3 30.95 1.22
      vertex 63.326 30.2858 1.22
      vertex 63.15 30.199 1.22
    endloop
  endfacet
  facet normal 0 0 -1
    outer loop
      vertex 63.7042 30.3872 1.22
      vertex 60.3 30.95 1.22
      vertex 66.85 31.85 1.22
    endloop
  endfacet
  facet normal 0 0 -1
    outer loop
      vertex 9.5 30.95 1.22
      vertex 66.85 31.85 1.22
      vertex 60.3 30.95 1.22
    endloop
  endfacet
  facet normal 0 0 -1
    outer loop
      vertex 9.5 4.85 1.22
      vertex 7.4 28.9 1.22
      vertex 9.5 30.95 1.22
    endloop
  endfacet
  facet normal 0 0 -1
    outer loop
      vertex 7.38717 29.0958 1.22
      vertex 9.5 30.95 1.22
      vertex 7.4 28.9 1.22
    endloop
  endfacet
  facet normal 0 0 -1
    outer loop
      vertex 7.34889 29.2882 1.22
      vertex 9.5 30.95 1.22
      vertex 7.38717 29.0958 1.22
    endloop
  endfacet
  facet normal 0 0 -1
    outer loop
      vertex 7.28582 29.474 1.22
      vertex 9.5 30.95 1.22
      vertex 7.34889 29.2882 1.22
    endloop
  endfacet
  facet normal 0 0 -1
    outer loop
      vertex 7.19904 29.65 1.22
      vertex 9.5 30.95 1.22
      vertex 7.28582 29.474 1.22
    endloop
  endfacet
  facet normal 0 0 -1
    outer loop
      vertex 7.09003 29.8131 1.22
      vertex 9.5 30.95 1.22
      vertex 7.19904 29.65 1.22
    endloop
  endfacet
  facet normal 0 0 -1
    outer loop
      vertex 6.96066 29.9607 1.22
      vertex 9.5 30.95 1.22
      vertex 7.09003 29.8131 1.22
    endloop
  endfacet
  facet normal 0 0 -1
    outer loop
      vertex 6.81314 30.09 1.22
      vertex 9.5 30.95 1.22
      vertex 6.96066 29.9607 1.22
    endloop
  endfacet
  facet normal 0 0 -1
    outer loop
      vertex 6.65 30.199 1.22
      vertex 9.5 30.95 1.22
      vertex 6.81314 30.09 1.22
    endloop
  endfacet
  facet normal 0 0 -1
    outer loop
      vertex 6.47402 30.2858 1.22
      vertex 9.5 30.95 1.22
      vertex 6.65 30.199 1.22
    endloop
  endfacet
  facet normal 0 0 -1
    outer loop
      vertex 6.28823 30.3489 1.22
      vertex 9.5 30.95 1.22
      vertex 6.47402 30.2858 1.22
    endloop
  endfacet
  facet normal 0 0 -1
    outer loop
      vertex 6.09579 30.3872 1.22
      vertex 9.5 30.95 1.22
      vertex 6.28823 30.3489 1.22
    endloop
  endfacet
  facet normal 0 0 -1
    outer loop
      vertex 2.95 31.85 1.22
      vertex 6.09579 30.3872 1.22
      vertex 5.9 30.4 1.22
    endloop
  endfacet
  facet normal 0 0 -1
    outer loop
      vertex 2.95 31.85 1.22
      vertex 5.9 30.4 1.22
      vertex 5.70421 30.3872 1.22
    endloop
  endfacet
  facet normal 0 0 -1
    outer loop
      vertex 9.5 30.95 1.22
      vertex 2.95 31.85 1.22
      vertex 66.85 31.85 1.22
    endloop
  endfacet
  facet normal 0 0 -1
    outer loop
      vertex 6.09579 30.3872 1.22
      vertex 2.95 31.85 1.22
      vertex 9.5 30.95 1.22
    endloop
  endfacet
  facet normal 0 0 -1
    outer loop
      vertex 5.51177 30.3489 1.22
      vertex 2.95 31.85 1.22
      vertex 5.70421 30.3872 1.22
    endloop
  endfacet
  facet normal 0 0 -1
    outer loop
      vertex 5.32597 30.2858 1.22
      vertex 2.95 31.85 1.22
      vertex 5.51177 30.3489 1.22
    endloop
  endfacet
  facet normal 0 0 -1
    outer loop
      vertex 5.15 30.199 1.22
      vertex 2.95 31.85 1.22
      vertex 5.32597 30.2858 1.22
    endloop
  endfacet
  facet normal 0 0 -1
    outer loop
      vertex 4.98686 30.09 1.22
      vertex 2.95 31.85 1.22
      vertex 5.15 30.199 1.22
    endloop
  endfacet
  facet normal 0 0 -1
    outer loop
      vertex 4.83934 29.9607 1.22
      vertex 2.95 31.85 1.22
      vertex 4.98686 30.09 1.22
    endloop
  endfacet
  facet normal 0 0 -1
    outer loop
      vertex 4.70997 29.8131 1.22
      vertex 2.95 31.85 1.22
      vertex 4.83934 29.9607 1.22
    endloop
  endfacet
  facet normal 0 0 -1
    outer loop
      vertex 4.60096 29.65 1.22
      vertex 2.95 31.85 1.22
      vertex 4.70997 29.8131 1.22
    endloop
  endfacet
  facet normal 0 0 -1
    outer loop
      vertex 4.51418 29.474 1.22
      vertex 2.95 31.85 1.22
      vertex 4.60096 29.65 1.22
    endloop
  endfacet
  facet normal 0 0 -1
    outer loop
      vertex 4.45111 29.2882 1.22
      vertex 2.95 31.85 1.22
      vertex 4.51418 29.474 1.22
    endloop
  endfacet
  facet normal 0 0 -1
    outer loop
      vertex 4.41283 29.0958 1.22
      vertex 2.95 31.85 1.22
      vertex 4.45111 29.2882 1.22
    endloop
  endfacet
  facet normal 0 0 -1
    outer loop
      vertex 4.4 28.9 1.22
      vertex 2.95 31.85 1.22
      vertex 4.41283 29.0958 1.22
    endloop
  endfacet
  facet normal 0 0 -1
    outer loop
      vertex 4.41283 28.7042 1.22
      vertex 2.95 31.85 1.22
      vertex 4.4 28.9 1.22
    endloop
  endfacet
  facet normal -1 0 0
    outer loop
      vertex 66.85 2.95 1.90735e-07
      vertex 66.85 31.85 1.22
      vertex 66.85 31.85 1.90735e-07
    endloop
  endfacet
  facet normal -1 -0 0
    outer loop
      vertex 66.85 31.85 1.22
      vertex 66.85 2.95 1.90735e-07
      vertex 66.85 2.95 1.22
    endloop
  endfacet
  facet normal 0 -1 0
    outer loop
      vertex 2.95 31.85 1.90735e-07
      vertex 66.85 31.85 1.22
      vertex 2.95 31.85 1.22
    endloop
  endfacet
  facet normal 0 -1 -0
    outer loop
      vertex 66.85 31.85 1.22
      vertex 2.95 31.85 1.90735e-07
      vertex 66.85 31.85 1.90735e-07
    endloop
  endfacet
  facet normal 0 1 -0
    outer loop
      vertex 66.85 2.95 1.90735e-07
      vertex 2.95 2.95 1.22
      vertex 66.85 2.95 1.22
    endloop
  endfacet
  facet normal 0 1 0
    outer loop
      vertex 2.95 2.95 1.22
      vertex 66.85 2.95 1.90735e-07
      vertex 2.95 2.95 1.90735e-07
    endloop
  endfacet
  facet normal 1 -0 0
    outer loop
      vertex 10.5 5.85 3.2
      vertex 10.5 29.95 1.8
      vertex 10.5 29.95 3.2
    endloop
  endfacet
  facet normal 1 0 0
    outer loop
      vertex 10.5 29.95 1.8
      vertex 10.5 5.85 3.2
      vertex 10.5 5.85 1.8
    endloop
  endfacet
  facet normal -1 0 0
    outer loop
      vertex 59.3 5.85 1.8
      vertex 59.3 29.95 3.2
      vertex 59.3 29.95 1.8
    endloop
  endfacet
  facet normal -1 -0 0
    outer loop
      vertex 59.3 29.95 3.2
      vertex 59.3 5.85 1.8
      vertex 59.3 5.85 3.2
    endloop
  endfacet
  facet normal 0 -1 0
    outer loop
      vertex 10.5 29.95 1.8
      vertex 59.3 29.95 3.2
      vertex 10.5 29.95 3.2
    endloop
  endfacet
  facet normal 0 -1 -0
    outer loop
      vertex 59.3 29.95 3.2
      vertex 10.5 29.95 1.8
      vertex 59.3 29.95 1.8
    endloop
  endfacet
  facet normal 0 1 -0
    outer loop
      vertex 59.3 5.85 1.8
      vertex 10.5 5.85 3.2
      vertex 59.3 5.85 3.2
    endloop
  endfacet
  facet normal 0 1 0
    outer loop
      vertex 10.5 5.85 3.2
      vertex 59.3 5.85 1.8
      vertex 10.5 5.85 1.8
    endloop
  endfacet
  facet normal 1 -0 0
    outer loop
      vertex 9.5 4.85 1.8
      vertex 9.5 30.95 1.22
      vertex 9.5 30.95 1.8
    endloop
  endfacet
  facet normal 1 0 0
    outer loop
      vertex 9.5 30.95 1.22
      vertex 9.5 4.85 1.8
      vertex 9.5 4.85 1.22
    endloop
  endfacet
  facet normal 0 0 -1
    outer loop
      vertex 60.3 4.85 1.8
      vertex 59.3 5.85 1.8
      vertex 60.3 30.95 1.8
    endloop
  endfacet
  facet normal 0 0 -1
    outer loop
      vertex 60.3 4.85 1.8
      vertex 10.5 5.85 1.8
      vertex 59.3 5.85 1.8
    endloop
  endfacet
  facet normal -0 0 -1
    outer loop
      vertex 10.5 5.85 1.8
      vertex 9.5 4.85 1.8
      vertex 10.5 29.95 1.8
    endloop
  endfacet
  facet normal 0 0 -1
    outer loop
      vertex 9.5 4.85 1.8
      vertex 10.5 5.85 1.8
      vertex 60.3 4.85 1.8
    endloop
  endfacet
  facet normal 0 0 -1
    outer loop
      vertex 59.3 29.95 1.8
      vertex 60.3 30.95 1.8
      vertex 59.3 5.85 1.8
    endloop
  endfacet
  facet normal 0 0 -1
    outer loop
      vertex 10.5 29.95 1.8
      vertex 60.3 30.95 1.8
      vertex 59.3 29.95 1.8
    endloop
  endfacet
  facet normal 0 0 -1
    outer loop
      vertex 10.5 29.95 1.8
      vertex 9.5 30.95 1.8
      vertex 60.3 30.95 1.8
    endloop
  endfacet
  facet normal 0 0 -1
    outer loop
      vertex 9.5 30.95 1.8
      vertex 10.5 29.95 1.8
      vertex 9.5 4.85 1.8
    endloop
  endfacet
  facet normal -1 0 0
    outer loop
      vertex 60.3 4.85 1.22
      vertex 60.3 30.95 1.8
      vertex 60.3 30.95 1.22
    endloop
  endfacet
  facet normal -1 -0 0
    outer loop
      vertex 60.3 30.95 1.8
      vertex 60.3 4.85 1.22
      vertex 60.3 4.85 1.8
    endloop
  endfacet
  facet normal 0 -1 0
    outer loop
      vertex 9.5 30.95 1.22
      vertex 60.3 30.95 1.8
      vertex 9.5 30.95 1.8
    endloop
  endfacet
  facet normal 0 -1 -0
    outer loop
      vertex 60.3 30.95 1.8
      vertex 9.5 30.95 1.22
      vertex 60.3 30.95 1.22
    endloop
  endfacet
  facet normal 0 1 -0
    outer loop
      vertex 60.3 4.85 1.22
      vertex 9.5 4.85 1.8
      vertex 60.3 4.85 1.8
    endloop
  endfacet
  facet normal 0 1 0
    outer loop
      vertex 9.5 4.85 1.8
      vertex 60.3 4.85 1.22
      vertex 9.5 4.85 1.22
    endloop
  endfacet
endsolid OpenSCAD_Model
